ticker,symbol,yearReport,lengthReport,A1,A2,A3,B1,B2,B3,C1,C2,C3,D1,D2,D3
HPG,HPG,2025,4,1.1005575848549367,0.539120032728086,0.0881117646771918,0.4912406702935762,0.9655659200924009,-4.720208486869119,0.7520915932830604,0.3262418926034877,0.3456115244049469,0.08420627449618798,0.022629570995730645,0.015075705227778022
HPG,HPG,2025,3,1.1474534955714089,0.598224134271237,0.10933387335122022,0.48200301064185574,0.9305131507407234,-6.698530884080548,0.663813530598954,0.37704391250436214,0.3476934116236278,0.11020425817116093,0.022100490300709784,0.016298616827742432
HPG,HPG,2025,2,1.129431691463935,0.563636202807872,0.12366469045032218,0.4948508953695783,0.9796135256571864,-12.323708629340345,0.5996040649291168,0.3434905970476716,0.549906315357336,0.11875417596513899,0.022340826111008096,0.017605665658021973
HPG,HPG,2025,1,1.1502702900890622,0.5459392221137147,0.09649648449206115,0.4844181575884457,0.9395562794117316,-7.123789743643034,0.6892492587643886,0.28855848528843697,0.43828624939544675,0.08903924282566039,0.019517428647063757,0.014636818036858644
HPG,HPG,2024,4,1.1521966897511464,0.5381436129068747,0.09156030397668659,0.4892974861391774,0.9580870915245219,-6.843055940007479,0.6521883222449866,0.22173332705855775,0.5115203583451389,0.08145880800359417,0.017146303973051526,0.012515470512942791
HPG,HPG,2024,3,1.1717031206508428,0.5849846363668837,0.1232115756940846,0.4712094681268979,0.8911079902617803,-7.4983602461513135,0.7219507708682718,0.2691977253200671,0.49588811268911615,0.08898718408607886,0.018627030770180443,0.01429454679404702
HPG,HPG,2024,2,1.1484079641295708,0.5983908548689943,0.17718311250780755,0.4739990854447313,0.9011373789064517,-7.617617948976131,0.8480658343025128,0.2627396764949986,0.564928343767395,0.08392192978994313,0.020799473265497345,0.01606693531021905
HPG,HPG,2024,1,1.1855647086563637,0.6453564169146352,0.15670388044605815,0.4769512597272134,0.9118677151931733,-6.130770824018701,0.62311913018676,0.3923562559370949,0.43444220459358457,0.09299718531876232,0.019296969359593498,0.014208078628034266
HPG,HPG,2023,4,1.1566550005218463,0.6724335419073115,0.17153967262130618,0.45236445444083123,0.8260319442539836,-5.760670877569777,0.8638060857589112,0.31125515231611595,0.47745672899610175,0.08634794168717531,0.02180986338347464,0.015810682114958848
HPG,HPG,2023,3,1.2240499709403088,0.6969296352302325,0.15123368780788038,0.4244313974008471,0.7374123527311942,-3.5400531726675215,0.7364250213001345,0.439055797052096,0.39136010488220563,0.07022738794851188,0.01746447180607769,0.011529004303114682
HPG,HPG,2023,2,1.2361362052113791,0.7664391943856796,0.19295224378212994,0.4447432668921258,0.8009687057783447,-2.654619486173647,0.8152698743795395,0.4847597793399992,0.4278939914469636,0.04908482579791136,0.015492524189000004,0.008214920290332882
HPG,HPG,2023,1,1.2579342868317436,0.7484265340705193,0.11588511137630067,0.4502095728023664,0.8188748849214306,-1.5376402486248648,0.7201146579346339,0.5201501776613942,0.38013557155558214,0.014413222972676712,0.008674782949337715,0.0021847821809052965
HPG,HPG,2022,4,1.2906019699206819,0.7179153820797293,0.13343811019387622,0.4357434157478073,0.7722433869784551,1.2286425687455456,0.7476355176554612,0.38306250378997797,0.3646007171097921,-0.07739441090077517,-0.00672728696268723,-0.011734295248133927
HPG,HPG,2022,3,1.335597343768992,0.7182058416144416,0.16381425455240908,0.4664159102141929,0.8741188486362532,0.5536685440052476,0.7392399127136892,0.3520917007804146,0.4754752062959243,-0.05236165461984785,-0.002520358449426193,-0.009715221567685811
HPG,HPG,2022,2,1.2842132128057957,0.6612671192709227,0.21711666871808538,0.5184721695563052,1.0767231648450488,-7.104863526340192,0.5295651703120423,0.38270305522307,0.5341474489801973,0.10749205037066051,0.02456277608800552,0.01938621083569864
HPG,HPG,2022,1,1.3863772751999108,0.8311706019976667,0.2630868654560808,0.4675303888666511,0.8780414489223598,-15.94657782443926,0.8440316651554554,0.27527613992805217,0.6274794884765441,0.1862613608806141,0.05121971917916813,0.04415635191955485
HPG,HPG,2021,4,1.2817218619170545,0.7049398445509847,0.3059023255801481,0.4906742166993905,0.9633798892324863,-13.769288198309834,0.8289665219200025,0.17137344908777044,0.6453549112591483,0.16594226971469334,0.04863139057824138,0.04162683944502269
HPG,HPG,2021,3,1.3328363120148834,0.6929055401927288,0.18579582082866644,0.517154700467161,1.0710567151995,-17.26222413484324,0.5819761351481448,0.28071193202349864,0.5674221973067654,0.2676446720589914,0.0667295321440156,0.05926849601651692
HPG,HPG,2021,2,1.1888374376780872,0.613829072732423,0.21121514303556654,0.5370450406449588,1.1600373422786858,-18.258826915589562,0.5930031511901436,0.22626633060941473,0.5188491039671737,0.2774945294151237,0.06851368334607286,0.06097993355881512
HPG,HPG,2021,1,1.2415164315590244,0.7007954370299692,0.2721848410087247,0.5235251192249863,1.098746524420013,-13.372698517192626,0.8256510195803932,0.27856018151625617,0.46124786794301587,0.22470369837133905,0.059804464118379475,0.050406134997484184
HPG,HPG,2020,4,1.0928348481126609,0.585413001341306,0.2501384777093744,0.5496985645956431,1.2207346487848318,-9.051356941949015,0.7397932248898069,0.2375969262602921,0.3931882172782676,0.180801793157369,0.04556470991686741,0.035439666622070716
HPG,HPG,2020,3,1.2046764101557017,0.6183676652216885,0.1565253819799563,0.5319127259877626,1.1363537432420279,-8.899033015378889,0.9256863217060707,0.2361891029168244,0.4710513588353671,0.15333346200610698,0.040968659230463465,0.032221417025730094
HPG,HPG,2020,2,1.162684890499492,0.5410336058136379,0.22316151832743822,0.5332154166830045,1.142315825629776,-6.914936336155134,0.8012443675956397,0.20675677536931353,0.44203188042124636,0.1349297081202054,0.03212855110628586,0.024462526533488026
HPG,HPG,2020,1,1.152428135325533,0.4892049155445678,0.20789923417576842,0.5325936730317767,1.139466118241025,-6.523146555417063,0.7874919916631329,0.2606309729522159,0.4180512062043847,0.1198354691660666,0.029298892322458817,0.021517905009270834
HPG,HPG,2019,4,1.1286736532216626,0.40710539115015165,0.16908500655210043,0.5305287599359284,1.1300559324220243,-9.455852522589502,0.7771613978293842,0.19887701537789865,0.5753245120229684,0.10700080803010614,0.02510272866322419,0.018895367438297075
HPG,HPG,2019,3,1.2443934286738605,0.4691480150691738,0.16212373758609996,0.5274468685547783,1.1161641590262532,-9.126941332377132,0.6519180929654941,0.25545660822855615,1.0000412494146949,0.11893744484545256,0.02490354918593596,0.018413989033015225
HPG,HPG,2019,2,1.3077070760847582,0.6174228779332471,0.2637412828153927,0.5242266061635956,1.101840945615912,-12.513173382881005,0.8163250217922193,0.2636296705759937,1.1311000773439368,0.13113715284767416,0.028974662761915473,0.022038614511582105
HPG,HPG,2019,1,1.2826772819473764,0.7018003032403172,0.2793803969644017,0.5030871175171078,1.01242518608768,-12.722188731681895,0.9714164380272524,0.33343713621826754,1.0583904542188622,0.12099308161036558,0.02773667046356887,0.02131276618818108
HPG,HPG,2018,4,1.0705553006381832,0.4866530566960992,0.10352676348636734,0.48086968064688584,0.9262985857695526,-15.056740349284267,0.8334566433148962,0.2721465795691335,1.1254560923747525,0.1228259672069853,0.027897306197224452,0.022588700431850642
HPG,HPG,2018,3,1.48339354370829,0.7909915967738027,0.1852780680278376,0.44319319267906887,0.7959550545214905,-21.101486597088613,0.7352404733587719,0.3975237029051756,1.0842091227886235,0.16974653667586279,0.04264840500508744,0.03435559750528546
HPG,HPG,2018,2,1.6689948661267315,1.0164515926872424,0.2664965297104668,0.4099899791727028,0.694886467517662,-20.059430509418362,0.8737325802597501,0.43308993372542354,1.0909097755035695,0.15443389691249743,0.04369379096666372,0.0354773045791637
HPG,HPG,2018,1,1.8873231066958094,1.2301840579094192,0.3816338651034378,0.3675645823365718,0.5811891176091338,-23.101732774106136,0.8746995609235863,0.5521550602407919,0.9943227548217517,0.17096852948882008,0.05008421912778942,0.04083134333170195
HPG,HPG,2017,4,1.7859896089585192,1.1427607799383757,0.23026558404632064,0.3889785076110367,0.6366036423534203,-21.36542276196849,0.8020115150943271,0.514343078104765,0.9674977459024551,0.18835519454181257,0.05440594835787919,0.04527481334214782
HPG,HPG,2017,3,1.8606536850443547,1.1761774806561107,0.15737700985689385,0.3765877934992427,0.6040751040359766,-20.002719932927146,0.8612620316105506,0.3671014016847346,0.9996759357668509,0.17068547396127676,0.05417291332479103,0.04427595071744553
HPG,HPG,2017,2,1.5222692954530175,0.8079532563854193,0.11511036906143117,0.4216336669928456,0.7290079711255081,-14.905519665068434,0.748485776701938,0.2673757742157708,0.847117838560836,0.14497672261694908,0.04885890586851999,0.0387899289999905
HPG,HPG,2017,1,1.487903349571988,0.7516380667910474,0.1645047636361341,0.4206788707593987,0.7261583421112956,-27.77943035582869,0.7322375066350704,0.2434379478145165,0.8239343829994364,0.1885379819194633,0.06297500804678653,0.05238199427657489
HPG,HPG,2016,4,1.461617904756503,0.6257046475925033,0.3667074041016888,0.4024672366363648,0.6735483998748348,-36.978262333321844,0.7035907902389872,0.23988000891347286,0.7853526390720822,0.19595138468084589,0.06969003890989317,0.05868240544418024
HPG,HPG,2016,3,1.4746929265190984,0.5991259964494582,0.3501417628924085,0.36534851834970145,0.5756679514868184,-27.87277504954351,0.7339784986226995,0.2538026557096785,0.6766851031958295,0.19727243571614356,0.06761043916106216,0.05642040727093013
HPG,HPG,2016,2,1.4896145401064453,0.5572487240035242,0.3327697980689526,0.3667382604455054,0.5791258772454958,-36.37521198920403,0.6403798581777014,0.18383656395939518,0.6771887759665791,0.2522372126533961,0.08849406152554297,0.07335286668487163
HPG,HPG,2016,1,1.2601289924116037,0.580989304598717,0.3166985512562114,0.3929491182508885,0.6473083724360534,-15.947397080544228,0.9102148250769798,0.2387282352115455,0.6310189747952318,0.14282794515157007,0.05077525544417759,0.04007805886213506
HPG,HPG,2015,4,1.192777670607672,0.47157620541103445,0.2376109032791495,0.43287109514355004,0.763267559520912,-9.867664556904899,0.80696172484851,0.22581190705399826,0.8673849466423806,0.07946300408529737,0.029787243373265725,0.022184724196673587
HPG,HPG,2015,3,1.2931747822907735,0.5387072061653315,0.22590320285622173,0.428206989782408,0.7488846175637173,-18.678828412505254,0.75096406530864,0.2876158767905294,0.8211980726190556,0.1513977990356165,0.04985521794976392,0.04213325704985295
HPG,HPG,2015,2,1.35586393420687,0.5898623380455122,0.24357740990902715,0.42344571011404236,0.741880107593808,-28.145220953483282,0.9352263830764493,0.2532783790809745,0.91114177321077,0.1636590832837382,0.06355140263631627,0.05449524385490833
HPG,HPG,2015,1,1.4028481425082238,0.5122173042285283,0.17725871449164157,0.43024694965776267,0.7625568159743606,-13.780749470358193,0.6602653824263549,0.34135877710501134,0.629650782840768,0.11140823934035406,0.03635098710617917,0.029691656169966576
HPG,HPG,2014,4,1.2911642698326167,0.4556259068799066,0.22005388292644107,0.45831457948132476,0.8523985127914092,-9.457038040406097,0.7298492129700864,0.2612635424515764,0.7186758003211192,0.07529599418015513,0.029716751774769335,0.02243537381884406
HPG,HPG,2014,3,1.3637078494368045,0.4535778109777312,0.20763310083907827,0.44798781536425825,0.8219385586901095,-13.993203153145304,0.6101389403571936,0.08500286705311103,0.647057574050488,0.15319183741461775,0.05241512210035034,0.04181521756861542
HPG,HPG,2014,2,1.2537792933885132,0.3802616231272186,0.17591942058261742,0.47217315016178035,0.9049108783479012,-14.355953575354228,0.7396298433251876,0.16893021445184742,0.7375933035660877,0.14429310061623082,0.057393472199323954,0.047374585774260514
HPG,HPG,2014,1,1.2124261998364356,0.4696518469188531,0.23953385616768605,0.5194679362970335,1.0918830800935897,-9.862606706801474,0.7530704247521776,0.23239976884281188,0.7117613803027297,0.13969937857538028,0.05499233053461577,0.04200376254105383
HPG,HPG,2013,4,1.1158050683699177,0.3940171814949407,0.20592189864463437,0.5825828503330778,1.4084155714870936,-6.024457237851715,0.6754794718972016,0.25242288214369474,0.7031880853783229,0.07585243152710586,0.032632450894168066,0.021341573387717038
HPG,HPG,2013,3,1.1411524026276139,0.3690571656035785,0.19470291075125212,0.571521103951171,1.414025272957721,-8.526673489235085,0.442922457992754,0.34097273522865984,0.46346523822912444,0.12104744857253853,0.030069703968168545,0.022539219393165145
HPG,HPG,2013,2,1.2074788863567525,0.3700933254471515,0.15373417429647995,0.5478821384024093,1.2836397076113812,-8.715085630639267,0.464934963187128,0.3511503754378871,0.5061650277717042,0.12247665441319117,0.03200624428482603,0.02515769180105568
HPG,HPG,2013,1,1.5548631765569323,0.4845944732412766,0.15947645413393105,0.529386193022755,1.124884534142773,-8.030391578443364,0.4849583221642201,0.449942227194369,0.508483689871053,0.12213522644877016,0.03405400377163406,0.02503537250204759
VCB,VCB,2025,4,,,,0.9068212543751965,9.732061193725775,,,,,,,0.003535640550753208
VCB,VCB,2025,3,,,,0.9063186900227959,9.674487795306595,,,,,,,0.0037951423529500867
VCB,VCB,2025,2,,,,0.9036138644176417,9.374936124973475,,,,,,,0.003985040200003914
VCB,VCB,2025,1,,,,0.9028371210056292,9.291996391522485,,,,,,,0.004125486406939103
VCB,VCB,2024,4,,,,0.9059342927888223,9.630866759498211,,,,,,,0.0041085525606475385
VCB,VCB,2024,3,,,,0.9015210348474744,9.154452765127918,,,,,,,0.004436277678891195
VCB,VCB,2024,2,,,,0.9046499361862292,9.487669960589763,,,,,,,0.004263509343669759
VCB,VCB,2024,1,,,,0.9021182858573631,9.216412828066767,,,,,,,0.0048406874015348355
VCB,VCB,2023,4,,,,0.908361687008801,9.912466274843375,,,,,,,0.005089122566859728
VCB,VCB,2023,3,,,,0.9080211370104687,9.872063075119955,,,,,,,0.004201774728649692
VCB,VCB,2023,2,,,,0.9108117560168097,10.212240036797622,,,,,,,0.004358431671644501
VCB,VCB,2023,1,,,,0.9216551632419531,11.764083012749253,,,,,,,0.004869881185776482
VCB,VCB,2022,4,,,,0.9239392906891062,12.14739251132352,,,,,,,0.005475462220910068
VCB,VCB,2022,3,,,,0.9221723183931103,11.84889873825401,,,,,,,0.0036791993987271327
VCB,VCB,2022,2,,,,0.9232121129211348,12.022887307381527,,,,,,,0.003709809340032838
VCB,VCB,2022,1,,,,0.9199604611636777,11.493825108674848,,,,,,,0.005446888417821545
VCB,VCB,2021,4,,,,0.921421142534521,11.726069482994411,,,,,,,0.004626455121028257
VCB,VCB,2021,3,,,,0.9209326792516775,11.647450179614403,,,,,,,0.0033202212322318036
VCB,VCB,2021,2,,,,0.9195359613436408,11.427912104570558,,,,,,,0.0030399766272593545
VCB,VCB,2021,1,,,,0.9210239441747474,11.662065603942844,,,,,,,0.005400865047955017
VCB,VCB,2020,4,,,,0.9255317229528212,12.428536816642838,,,,,,,0.004273932062694158
VCB,VCB,2020,3,,,,0.9212702188294625,11.701673815577966,,,,,,,0.0033618583653037054
VCB,VCB,2020,2,,,,0.924461927145705,12.238357323847719,,,,,,,0.003892169910035341
VCB,VCB,2020,1,,,,0.9256539396109903,12.450611838308324,,,,,,,0.0036553034181709774
VCB,VCB,2019,4,,,,0.9299389902480565,13.273274158345398,,,,,,,0.0035951324690692964
VCB,VCB,2019,3,,,,0.92968328581,13.22136986233374,,,,,,,0.004364266619538945
VCB,VCB,2019,2,,,,0.9319493859837872,13.694944556440793,,,,,,,0.003887936826957594
VCB,VCB,2019,1,,,,0.9319950579613969,13.704813650636583,,,,,,,0.004389043798196249
VCB,VCB,2018,4,,,,0.9404565846365408,15.79446826984808,,,,,,,0.004920976037801774
VCB,VCB,2018,3,,,,0.9381712653569677,15.173709615334888,,,,,,,0.0029527889894900763
VCB,VCB,2018,2,,,,0.9400590512075064,15.683085939494346,,,,,,,0.0029985620426020852
VCB,VCB,2018,1,,,,0.9441523912551499,16.90586960613985,,,,,,,0.0034942252758828085
VCB,VCB,2017,4,,,,0.947778562495048,18.149223916043557,,,,,,,0.002634704700322214
VCB,VCB,2017,3,,,,0.9396251943334403,15.563200311117168,,,,,,,0.0023913835275707973
VCB,VCB,2017,2,,,,0.9386764255273623,15.306942454018154,,,,,,,0.0023781395954562165
VCB,VCB,2017,1,,,,0.9366555119209287,14.786693212386929,,,,,,,0.002781950765827524
VCB,VCB,2016,4,,,,0.9374565023535305,14.988872346931325,,,,,,,0.0022512466487520674
VCB,VCB,2016,3,,,,0.935550668443292,14.516064726289926,,,,,,,0.0022255215578537834
VCB,VCB,2016,2,,,,0.9284595355041317,12.97810326011727,,,,,,,0.0023389981692205535
VCB,VCB,2016,1,,,,0.9288146628217762,13.047836810779453,,,,,,,0.0027795783688064676
VCB,VCB,2015,4,,,,0.9315365851822872,13.655732905060415,,,,,,,0.0025181682095687945
VCB,VCB,2015,3,,,,0.9282567956532585,12.985033303612763,,,,,,,0.0019100210832985133
VCB,VCB,2015,2,,,,0.9205073589521127,11.618999771889346,,,,,,,0.0022976668938430316
VCB,VCB,2015,1,,,,0.9173063510024809,11.130486922171107,,,,,,,0.002102079358577703
VCB,VCB,2014,4,,,,0.9228073497361822,11.994606145890529,,,,,,,0.0023154528617031745
VCB,VCB,2014,3,,,,0.9181726177189186,11.256802168475351,,,,,,,0.0019647837678119185
VCB,VCB,2014,2,,,,0.9115278207375297,10.334380480260084,,,,,,,0.0021013135448807226
VCB,VCB,2014,1,,,,0.9011202355237103,9.145082361398313,,,,,,,0.002622292921209639
VCB,VCB,2013,4,,,,0.9075267445109972,9.848013620911708,,,,,,,0.0028745493949784966
VCB,VCB,2013,3,,,,0.905242562521078,9.586958633109122,,,,,,,0.0023725277121896906
VCB,VCB,2013,2,,,,0.9065930902446855,9.745702256166046,,,,,,,0.001986889738480497
VCB,VCB,2013,1,,,,0.8985952557606337,8.894154802706895,,,,,,,0.002657010974109979
SSI,SSI,2025,4,1.4429788308994353,,0.058907833707862324,0.6590502340709348,1.9329833891367167,-2.269459551790516,,0.6988132858937183,19.24972709847954,0.2275802053888809,0.01906911608613055,0.008715463792300064
SSI,SSI,2025,3,1.4179080131273547,,0.0036693319018960622,0.6896545271019084,2.2222155221460924,-3.6709976019292285,,0.36857256605730987,20.57122293932675,0.35329565368382376,0.02504071447481484,0.014651689063852717
SSI,SSI,2025,2,1.4148892499445433,,0.04343283447413567,0.689013647032518,2.2155751866853266,-2.935113283086966,,0.34599303069881243,13.620630249109604,0.323283617420642,0.019751111400733958,0.010519272149346684
SSI,SSI,2025,1,1.4452661510229556,,0.0020807895846110007,0.6703704547236077,2.033708641503923,-3.24890454372859,,0.4131637694302933,10.209191150458537,0.39086923095369347,0.0179983542764764,0.010042290364536004
SSI,SSI,2024,4,1.5221726733332586,,0.0051288222728712385,0.6350478159639673,1.7400849857669776,-2.367260359065806,,0.78182389681059,9.601333477936361,0.19734782405849605,0.013067036353858998,0.005963540630522327
SSI,SSI,2024,3,1.5312678124364978,,0.01575216437627406,0.6356246078791997,1.744422432534832,-3.6992781805469535,,0.5238427998954589,8.6448894200907,0.39149045457714465,0.020430693460739856,0.011997303886601722
SSI,SSI,2024,2,1.4622399042774927,,0.046136378190335725,0.6506736516878128,1.8626526594161068,-4.014839297334342,,0.4161010224302351,10.111945453611453,0.36776438355488883,0.01984196371669749,0.011931908079061231
SSI,SSI,2024,1,1.4960802872049106,,0.0037436095540918086,0.6332032230068896,1.7263053077993191,-3.4607445634096874,,0.3428459807397861,7.918383231127808,0.38741445089302523,0.020243732299464606,0.01167078776169256
SSI,SSI,2023,4,1.4313572587185308,,0.010751306454390428,0.6643494126512365,1.9792886939325771,-2.6370317706896684,,0.2946263664050884,7.596417508746731,0.25125440043380337,0.014984242394543327,0.00742810507336883
SSI,SSI,2023,3,1.5943084190472525,,0.012638625307827023,0.5892411990801851,1.4345187437510614,-3.467164775547483,,0.7086527941779939,7.008874655369727,0.36580958556565263,0.022378300813002117,0.012845374183824278
SSI,SSI,2023,2,1.6599070269157965,,0.005532127126742337,0.5613225845925882,1.2795794013495598,-2.649791968029698,,0.8943343157201828,6.743901030594123,0.3376348070919634,0.022633666730102895,0.011313616888908818
SSI,SSI,2023,1,1.657147187846372,,0.004801620784965549,0.564158026096771,1.294409579335359,-2.5759045174397124,,1.0805091430031435,5.712615343685989,0.33757990324466974,0.019154000902906743,0.009539123041986522
SSI,SSI,2022,4,1.6359189056116,,0.04759545568106984,0.5714066200350598,1.3332138263120212,-2.1517350675150966,,1.3335418299604493,4.792706288520259,0.17312147434616804,0.010325306461087272,0.004479030489330556
SSI,SSI,2022,3,1.8097168792656162,,0.02651161809497486,0.5122451280936462,1.0502101723588615,-2.7491929876765866,,0.6903357509996291,6.54301674777447,0.249516761073499,0.014364323749200296,0.007402448512614343
SSI,SSI,2022,2,1.3465855502512452,,0.008267695265571027,0.6679873767518308,2.0119336735354514,-2.8745096839924713,,0.3286254170645838,7.584219923861431,0.2585343228599904,0.01851700050571003,0.009733259857046392
SSI,SSI,2022,1,1.302324156158463,,0.02303314665337629,0.6991296387183832,2.323690627884722,-4.347209078151726,,0.16337023721309216,11.682542805389621,0.35179757866456174,0.022906208335962536,0.014102129973467685
SSI,SSI,2021,4,1.2757849541535191,,0.030544405980872245,0.720038846003145,2.5719241249135374,-5.336236908413252,,0.6543245720726264,12.824169176606713,0.4118101607304087,0.030359609479284136,0.019647366541453402
SSI,SSI,2021,3,1.1651499653681543,,0.008173444667159498,0.74628102473733,2.94136859083843,-3.932836902282007,,0.5285993590134457,10.246433266830234,0.390467663046156,0.02389935151989991,0.014338655571530894
SSI,SSI,2021,2,1.2372834377146216,,0.007990505696274831,0.7279911505503649,2.676350979107241,-4.194706235949868,,0.321748359757397,11.177049906429085,0.3345096166864686,0.022979551711465467,0.014097102484276234
SSI,SSI,2021,1,1.2587682882558804,,0.010698058987235175,0.6957413185852503,2.2866769662912323,-3.3876139947827806,,0.5015433069336543,11.053467228824866,0.28144559096521204,0.019989611785369205,0.011262669122949008
SSI,SSI,2020,4,1.124563598718343,,0.014066784520497776,0.723988612596595,2.6230389238921075,-3.2142784733546734,,0.2705889882084966,7.921925496470561,0.32428628596185327,0.01936542215618412,0.010650085276810304
SSI,SSI,2020,3,1.2111301963153651,,0.01221614608946637,0.647402558684645,1.8360954528470992,-3.2913730064519253,,0.14404124663046952,6.742565194216709,0.37367344387831597,0.022446492407246214,0.012758039333613047
SSI,SSI,2020,2,1.2484079102770174,,0.012609970583937678,0.6218712978173048,1.644602206147376,-4.1415056870211355,,0.24139762429012654,9.189584841272174,0.3935331197645028,0.03312913519473028,0.020149015218539658
SSI,SSI,2020,1,1.1941493567241988,,0.015558697350039986,0.662535184686857,1.9632718867952859,-1.0357400546870044,,0.09896569415381798,6.809228349753724,0.009500579024014548,0.008393632428363686,0.0003265073106572223
SSI,SSI,2019,4,1.3584089672835005,,0.06342545668404999,0.6523805725739312,1.8767091856874965,-2.182305171057324,,0.1104183628898718,6.146454838836476,0.2435088350432929,0.017947769939813788,0.00813619941493012
SSI,SSI,2019,3,1.5898153443053993,,0.023373336061980648,0.6213982991420011,1.6412982237897218,-2.561258683607719,,0.1009701229671898,6.329296443703257,0.3160464714530092,0.02122789112922831,0.010471300656714142
SSI,SSI,2019,2,1.5330139989598683,,0.016838755333326905,0.6516989601145406,1.8710795705027337,-2.2949197914260417,,0.14505247513808348,6.940785225396585,0.28492755346766624,0.017179336081093836,0.008066183671805352
SSI,SSI,2019,1,1.505082877732035,,0.013453328047037772,0.6256367583451818,1.671202427833581,-2.4921182365737207,,0.08410272586096335,6.321623463348913,0.27972344027249496,0.016424970372695576,0.007925847993016509
SSI,SSI,2018,4,1.6534025465199933,,0.04550163127055282,0.6157219856933575,1.602282625521296,-2.742399719107396,,0.06456880142090139,7.394958474731676,0.23688075143556034,0.017732419821858792,0.008730274728789884
SSI,SSI,2018,3,1.65609694309109,,0.017568618636129116,0.5937202687507456,1.4613583279804214,-4.407073356222283,,0.09823241377462853,7.1740438535596684,0.4322992037473268,0.02590798813281553,0.0161418775326777
SSI,SSI,2018,2,1.900760690839721,,0.08355577494099861,0.5531297703477006,1.2377861259141822,-3.921631299597477,,0.06102539250900501,7.863553020690092,0.33687866951667195,0.02467056609457951,0.014732236402483872
SSI,SSI,2018,1,1.8198731891242508,,0.06949385818035261,0.5683292205549063,1.3165802449855075,-5.390731503689968,,0.10753431911124776,21.392416670358877,0.4051830796839173,0.029971701701433533,0.019900675118487223
SSI,SSI,2017,4,1.84172308307253,,0.03698691070863868,0.5408187260704065,1.1777891581731412,-5.055398593585097,,0.15327988952521698,6.36999712637879,0.33806882587239834,0.028290881556154605,0.01848882714600044
SSI,SSI,2017,3,2.0173148285993436,,0.0714618728225501,0.4869539643224907,0.9491428262951835,-3.827588475417997,,0.07912338037672886,4.273737697207232,0.3425525313555342,0.01905082399649781,0.012477098759981826
SSI,SSI,2017,2,2.1362173114869587,,0.12218977103166447,0.46288179119059264,0.8617875610968962,-5.888408851807106,,0.13652681253497315,4.908694602504046,0.43721213808779213,0.027259907266678193,0.01852924428324675
SSI,SSI,2017,1,2.115953690898092,,0.05223394557250751,0.4355748361954764,0.7717140626039279,-5.769400630465781,,0.09127820008522401,3.8440177664011004,0.5391975888072291,0.029427271851122698,0.019644124342179006
SSI,SSI,2016,4,2.034421059340158,,0.05281881689979899,0.45928456435128007,0.8494016151032499,-2.7344607620788235,,0.1557466600153918,4.7848982486201015,0.16213734137430716,0.014409896667732694,0.007707503644738697
SSI,SSI,2016,3,1.9916375798142953,,0.07164639652596547,0.46544359911125416,0.8707099911953431,-6.899930423770521,,0.09409852751958361,5.523844434648211,0.501503114509941,0.03758426307350919,0.026241626256678235
SSI,SSI,2016,2,1.848649697874693,,0.09698959242344894,0.4758545539008436,0.907867381930516,-6.173453725975582,,0.34536456771047797,4.848321224896815,0.44122674825054,0.030443326694875567,0.021179672890775436
SSI,SSI,2016,1,2.242544911906035,,0.11283015263836889,0.45209820324489974,0.8251445896370686,-5.051339959029963,,0.07924034531966705,3.2583525696734674,0.4347549921360693,0.023039081313418835,0.015292131413123923
SSI,SSI,2015,4,1.8405446754665955,,0.3347142369206705,0.4978452433371538,1.003521228933837,-7.362102342196879,,8.782545844830953,3.1864557663256847,0.6072577067733445,0.026214662492883775,0.01906194520410955
SSI,SSI,2015,3,2.0131404534360735,,0.428834995039121,0.4530616787814477,0.8390970847083179,-7.116337178484176,,7.342406663852858,2.775853969323667,0.38943612166397085,0.018805660246218305,0.012416754784877488
SSI,SSI,2015,2,2.175114786213446,,0.6425875464039931,0.42650153978815686,0.7536111301469739,-16.561335286631245,,4.887370129841197,3.8923495211004235,0.6251378688531811,0.03973726059728003,0.030033064939331895
SSI,SSI,2015,1,2.0909599194436366,,0.7255926324103612,0.40437315957618214,0.6884651769845047,-8.567498393495635,,10.216275853292029,1.6887670689881462,0.48623808463904217,0.017593222930611458,0.011278033760342301
SSI,SSI,2014,4,2.0599578758191144,,0.6273155762964951,0.35230831310441807,0.551863865718384,,,8.098863069131344,1.9930663675733635,0.3605269733184618,0.01288759247027673,0.011241825480276196
SSI,SSI,2014,3,1.6945996786920838,,0.5180547386453065,0.4444745182261451,0.8120398565548107,,,5.894684345170543,2.9956371540419684,0.45059020690223267,0.02291853524101583,0.018437399959391573
SSI,SSI,2014,2,1.4988064922097792,,0.6229825167496529,0.5132844755769713,1.0710566589524988,,,3.4523075162059302,3.5963554509757487,0.5703150283982186,0.031430375138248645,0.0253405798251427
SSI,SSI,2014,1,1.5529624028232725,,0.6016842692030064,0.4298756324396244,0.7655343616562911,,,4.926367037587219,2.7748601976094065,0.46594634844580296,0.023865303857486777,0.018148286292015287
SSI,SSI,2013,4,1.8978560391231867,,0.7810892972790492,0.30887454655003477,0.45399053917311455,,,5.203354039495888,1.5110440113448123,0.32828131590346415,0.01155826526646776,0.008710214291610773
SSI,SSI,2013,3,1.6189862938327422,,0.8075418050549235,0.3768783732426061,0.6145773930748177,,,4.977055601232061,1.285735705804655,0.5322852195736855,0.014045278809262658,0.011173296863583274
SSI,SSI,2013,2,1.491431469740404,,0.7576537048201805,0.42776892167585634,0.7598072005357458,,,3.442224469903354,1.268785813446201,0.5366809694848392,0.01224567847596433,0.010618308690016846
SSI,SSI,2013,1,1.7258305697426766,,0.8539501937046431,0.35508070876545245,0.5591244379485258,,,5.223450061549323,1.1859301932174477,0.9600172157553355,0.022209241801079936,0.01894044778951801
VNM,VNM,2025,4,1.9579168955207298,1.585467021140585,0.09691425483130132,0.3531892350283998,0.5460472431127632,-39.641839768702305,1.4705297942663564,0.3538732812402678,1.3466412339871816,0.16597823950943819,0.06690717405471595,0.05303082573318229
VNM,VNM,2025,3,2.236107874798367,1.8697416109749352,0.2974678610459089,0.31834979638166944,0.46702809548329544,-42.418089050148836,1.554100505045172,0.348639638429373,1.31798984783341,0.14808579341325148,0.057492644737664605,0.04509035469998383
VNM,VNM,2025,2,1.9934191876621647,1.6239568378051972,0.13019037634143804,0.35446209814676477,0.5490957186699049,-37.33721988384106,1.3684900038950079,0.36755659384329353,1.3081641035470322,0.14879788188160112,0.057545942856083034,0.045015645489266544
VNM,VNM,2025,1,2.261717737372037,1.848578487009345,0.14945574737660353,0.3161262222389731,0.4622581425390466,-26.963552705663215,1.1009407250700853,0.4228401664255504,1.0507604516235376,0.12271619418038637,0.036835335191524946,0.02885227979171098
VNM,VNM,2024,4,2.0343755128660095,1.7242957280785738,0.12058496081475749,0.3428697634507521,0.5217683563782506,-40.98448485799264,1.6190587130371688,0.40277373903222263,1.2331774205413963,0.13870783749468327,0.0492193428393122,0.03899778277839856
VNM,VNM,2024,3,1.8428713856871266,1.5644188596569026,0.11880488831835155,0.3889379329775223,0.6364949715708917,-47.975006492222754,1.4899009435229418,0.3608216941224961,1.3106977245462492,0.1546695554574938,0.05209047426131437,0.041665650246154595
VNM,VNM,2024,2,2.423684309525491,1.9983357616737827,0.07781203335945006,0.29258811415628005,0.41360361624022535,-52.46078851342006,1.4634611344764492,0.38094036649146945,1.3546004466352486,0.16186356706403396,0.062238259332536995,0.04974660479214963
VNM,VNM,2024,1,2.2893310673997753,1.8442053996872811,0.11692228972638602,0.30561658218443455,0.44012655593917,-32.31925529440281,1.204609374564536,0.41584773767438804,1.1314893645464406,0.15638598677473126,0.05405666293765626,0.042726389704046436
VNM,VNM,2023,4,2.096769337340578,1.7370023245999995,0.16990956509489272,0.33503888148703903,0.5038473260455885,-30.63750479774676,1.4883546314736633,0.4180694045264704,1.2308226009539842,0.1505057298460528,0.05597318230673031,0.04462796742766212
VNM,VNM,2023,3,1.8471276117127344,1.5665460901011077,0.33704874974834254,0.38139621416794367,0.6165436146740432,-39.64024577722998,1.5867581346501118,0.37932069271209023,1.29700013915872,0.16200462885448116,0.05740472414388144,0.04608663911653402
VNM,VNM,2023,2,2.4306198400670826,1.9688314987133195,0.11515184102680953,0.28073521785733824,0.3903085829130115,-29.425345582368212,1.425191784675347,0.404242427847163,1.285360788090948,0.14670507203992555,0.055405859908278954,0.0437357498626975
VNM,VNM,2023,1,2.2484117827069015,1.7812182917003399,0.13959042618573425,0.2994950486823354,0.42754165851216164,-29.095668635738008,1.2657888857501534,0.47557699099862455,1.1702132505255332,0.1369573733176356,0.04860141618077277,0.03869348826016338
VNM,VNM,2022,4,2.0616350884822205,1.6984252775243132,0.15024039480590534,0.3231288157929092,0.47738598323022563,-44.12213322105819,1.6587743094044831,0.40484057864029177,1.2659322688023915,0.12404037391921562,0.04843935096445312,0.03855236892640964
VNM,VNM,2022,3,2.02395075096295,1.6828540059983257,0.1688637417658761,0.33897560113134795,0.5128034633993951,-58.26374314068866,1.6795129359966843,0.37029521972067947,1.3411581393597218,0.14446179516717406,0.056832635905058396,0.0453686831662938
VNM,VNM,2022,2,2.2152618760153397,1.7879905651435817,0.2708147064032715,0.3161398398716192,0.46228726032566425,-71.18916537343192,1.2449551714870146,0.4045477824944517,1.2171715067775168,0.1408056361567393,0.048526257298857185,0.03904498418838344
VNM,VNM,2022,1,2.0134352860086437,1.5755996621999757,0.09546037755356993,0.33999692597729325,0.5151444581992901,-106.63620465242745,1.0705180771037979,0.4341190342642366,1.1143546739124641,0.1645297097360337,0.05265576770988136,0.04308504378893984
VNM,VNM,2021,4,2.115598104924727,1.7160012124032593,0.13759634973557122,0.32779863763474915,0.4876494693217161,-115.64663973241873,1.3332949075537115,0.36803940133683494,1.2449465906435215,0.13986987188499955,0.050841198361274306,0.041487097400609636
VNM,VNM,2021,3,1.9388924971592802,1.5780683757511857,0.1154928786138174,0.34940703708047965,0.5370593550728308,-148.14531234387638,1.4430074745344048,0.37782371773749557,1.2401448115729503,0.18282800143301473,0.06935151256606302,0.05686294566800657
VNM,VNM,2021,2,1.933165670719456,1.5537881862402871,0.09174348004510202,0.3519786674776514,0.5431590748835611,-125.45330615611705,1.2885662272732399,0.4053438838230397,1.1884848977305442,0.18212679864438786,0.06638978977803393,0.053957572032258434
VNM,VNM,2021,1,1.986022585075032,1.5919873460782394,0.07245933006550752,0.33470842247348676,0.503100345442368,-245.37568707906073,1.1413578512352733,0.4033541679421372,0.9711894021429719,0.19688252811455623,0.06203214690459497,0.050869189652958224
VNM,VNM,2020,4,2.0872767258955633,1.7387949169116377,0.14854677821248827,0.30527774415357334,0.439424160640475,-104.32940439486696,1.5681118690736693,0.3596067290092789,1.0412151412368447,0.15502364225503015,0.055700937340050174,0.04617116764173056
VNM,VNM,2020,3,1.7364604072877585,1.4468718291024147,0.1285984783127614,0.3711557709033551,0.5902189345627492,-99.72698650897301,1.5772264084704175,0.38403923871344964,1.115294584948474,0.2016413161836503,0.07570526174640334,0.06226976691136144
VNM,VNM,2020,2,1.8027741786451594,1.4604994930698278,0.13048218006955847,0.34762539348281785,0.5328616258359256,-99.59717586410214,1.463701058702589,0.36622169918344183,1.0823806301042704,0.19906545945603582,0.07558999129846963,0.06219282713784252
VNM,VNM,2020,1,1.9873594851504868,1.5559684887496317,0.10362107556152751,0.3001051548829185,0.4287860626158999,-80.8415639805862,1.3139521870782505,0.33291035556227,0.9700820000799757,0.19619776363026342,0.07380172521961549,0.06026876354462395
VNM,VNM,2019,4,1.7116817136800018,1.365758702239975,0.1845338212426961,0.33486936422389924,0.5034640508374124,-74.92459267634777,1.512907360885159,0.31625584041823523,0.9560494866219319,0.15285072328132596,0.06007124968177102,0.04868997148864417
VNM,VNM,2019,3,1.8572818645417921,1.43747493336669,0.08750992262845532,0.30575207206567034,0.44040761198295153,-118.05914778289117,1.5118319631679438,0.3988343937787576,1.0659460820813609,0.18730356860673109,0.08183043292241864,0.0667484533069345
VNM,VNM,2019,2,2.0422512347100628,1.528385564651417,0.15499904635245254,0.28001349406512366,0.388914919594967,-141.00439177028875,1.364691743295992,0.36929308373997477,1.1050913345594184,0.1989031177296615,0.08896492794792775,0.0722576120666244
VNM,VNM,2019,1,2.4998592516124725,1.8907312396003484,0.13714412437494658,0.24492799501273765,0.32437700430552907,-169.52507709242562,1.3098079446961333,0.4185765422076032,1.007541993793687,0.21209471600825336,0.08778476451175755,0.07302863282902271
VNM,VNM,2018,4,1.9323820665823277,1.411844780560958,0.1431079468382728,0.29691984961380696,0.42231294604279845,-198.70554159914371,1.2352375762251027,0.3567788693904849,0.9729414905601594,0.17566353212152258,0.07209896245451554,0.06113232535581486
VNM,VNM,2018,3,2.487466658662747,1.9005614589399995,0.0854600173100842,0.23735142879037746,0.31121992192802356,-254.21500493020525,1.6716949255440743,0.3975660432404221,1.1818779227562417,0.18641575128703314,0.08951716960037016,0.07524940936365147
VNM,VNM,2018,2,2.349016277326416,1.7960023780013323,0.15158269148964781,0.2666262836485288,0.3635612753822056,-183.99931088085074,1.475935926469351,0.37578900434511014,1.2350232787775577,0.19542728127872658,0.08783105762463717,0.07400711119552307
VNM,VNM,2018,1,2.36615736878004,1.8454069075571193,0.0667377502678334,0.25581963782570355,0.3437602640820389,-372.27364999262153,1.5090152481469008,0.4270443187188657,1.1471473509272436,0.22136419738496244,0.09015380536649141,0.07594515910278347
VNM,VNM,2017,4,1.9917914424074152,1.5954128699687942,0.09448580039193037,0.3113670565131985,0.45215242671463374,-416.89849428812846,1.669386450252035,0.371786718803394,1.164106733253932,0.1400212094643712,0.06031144970782977,0.04988310445348122
VNM,VNM,2017,3,2.6644157562033652,2.1458646065445195,0.09428263218925255,0.23949760865041023,0.3149202571544806,-461.0201726462388,1.9103065299175326,0.3482528938012788,1.606658545090515,0.20289263925726544,0.10222970380947922,0.08536181719074207
VNM,VNM,2017,2,3.080558543774005,2.4571661353727547,0.08803214767853922,0.22537651012529375,0.2909497492281675,-856.9486240519301,1.6268342649626673,0.3223465078624049,1.6408111822747549,0.21851445238234826,0.10790306720114086,0.09127789259908367
VNM,VNM,2017,1,3.6450166675734823,2.935776460169218,0.40056973134760687,0.19470220552062936,0.24177665312805852,-260.5359209650903,1.5873421820231954,0.2994068109065427,1.4585670548179597,0.24358167708819173,0.11231556476228699,0.09446871321611792
VNM,VNM,2016,4,2.89180542297593,2.188988343416573,0.10149799460599518,0.2373392084251108,0.3111989118189844,-113.6061925304069,1.3941609618723028,0.24278272883597002,1.4190043767849903,0.15483972886737402,0.07569250450567973,0.06223181982085167
VNM,VNM,2016,3,2.7193912738735664,2.1025965018651718,0.12128100837402053,0.24955622774736452,0.3325448714142329,-308.3452327744115,1.8119575138635609,0.29696926964550646,1.500119702063855,0.2088881437261929,0.11045345360906729,0.09218066748775514
VNM,VNM,2016,2,3.0891079884129886,2.393173577066328,0.4843859994918858,0.22990333477477382,0.29853828117478626,-387.2494595717165,1.6096948176307746,0.2705102160846169,1.5129834822950987,0.22687075496516226,0.11312083472149537,0.09478298616451261
VNM,VNM,2016,1,3.125277041051134,2.423292317998141,0.2132201108662806,0.2131457928090376,0.27088346336732366,-316.9224436359804,1.3121059206292904,0.32621863794818134,1.2606044380695351,0.2092134985185641,0.0906409460265094,0.07436775417178527
VNM,VNM,2015,4,2.78664099394256,2.149204725172405,0.22628429477869175,0.2385260291673107,0.3132425247661151,-268.6993864998012,1.7458923107644608,0.2419655018475176,1.3511541326458798,0.17124526483220154,0.08349722364026103,0.06916675299437602
VNM,VNM,2015,3,2.4304702022152123,1.8370153412520809,0.22798776076460972,0.2597244731628283,0.3508483851580256,-327.4209705192694,1.6892307585892745,0.28289336131374165,1.3454649493774777,0.20120398266218975,0.09867886364756022,0.0817662084001761
VNM,VNM,2015,2,3.056600501022062,2.35787676754909,0.3413577497186465,0.2186105526439949,0.2797715702249493,-387.59018513445017,1.6106647446124764,0.2889362576954624,1.3106515244721029,0.2082094273248848,0.09658026075536896,0.08030595029730905
VNM,VNM,2015,1,3.1830587517630744,2.4301814180556454,0.2347985451895298,0.21262824552753473,0.2700480990329587,-235.28160577243608,1.4245676476598832,0.33752479303928334,1.083319887679245,0.17900201924550363,0.07085111325985466,0.057778184277330495
VNM,VNM,2014,4,2.846426023342567,2.180176905475423,0.28017637285043545,0.23165966605719077,0.3033443011961361,-240.8548603636067,1.59221999365286,0.29691888078923245,1.0500459927526113,0.18532068628309115,0.08482675957789652,0.06713072570817868
VNM,VNM,2014,3,2.488849576161916,1.7990704771176602,0.1302499567470264,0.23686333242281235,0.3124785241933669,-233.10891615800054,1.6064624299595893,0.2904270505798338,0.9867476286755892,0.15660842255186733,0.07238473730586666,0.05719592545494512
VNM,VNM,2014,2,2.9793201586785694,2.05526758817859,0.26379032544223185,0.21570145058326187,0.2759542007565031,-159.7321565235801,1.4197231262284473,0.2425241517599751,1.0465804976848512,0.1707659692803522,0.08352408016831106,0.06642595298673291
VNM,VNM,2014,1,3.351591921422593,2.410310823816227,0.29480163080831034,0.18928496008803708,0.23427843297199225,-164.36825865335413,1.3421071721408502,0.3371966533492829,0.8729939513310624,0.18158647996607996,0.07539547524032705,0.059930647371759425
VNM,VNM,2013,4,2.62669204401892,1.9754408291710288,0.5539598617378741,0.23199845887770754,0.302474368877472,,1.7053628924265538,0.333791349727439,0.9165340829500327,0.17984068772133552,0.08041715056306716,0.06426216645930202
VNM,VNM,2013,3,3.1427902007791486,2.2615448206853004,0.45502326138786764,0.182557736306073,0.22332798830478343,,1.5611223529953806,0.3202707765770694,0.9602832765025707,0.2105790304372806,0.09952837831700861,0.08182520461285095
VNM,VNM,2013,2,3.0094245276934664,2.0413521523566684,0.20245482954949504,0.19337697246513905,0.23973648887277965,,1.2736313543292352,0.29896363987240276,0.9587430268824079,0.22833618916412649,0.10639827727990295,0.08727523854422546
VNM,VNM,2013,1,3.2494772558898255,2.219450770413589,0.4465520637015631,0.18055620955921609,0.22033995701168688,,1.1201414196780604,0.34657643745265376,0.8173508988636744,0.22929100304431038,0.09072501037224628,0.07435281672479757
MWG,MWG,2025,4,1.520583467935604,0.9716141232183,0.09846326651077736,0.6048170476009912,1.530473528600795,-7.502226938017842,1.2485145227346153,0.2369421712384103,16.492406493297338,0.04869248524163157,0.034372299026256,0.0248514342904758
MWG,MWG,2025,3,1.5492549344231075,1.0410168264166428,0.11364546560131769,0.6039632019941034,1.5250178898404054,-6.598289518966517,1.3136196051542655,0.2889437970649848,15.288153458744144,0.04475667307838558,0.03188986726626772,0.022215705621779474
MWG,MWG,2025,2,1.4893253136042275,1.0159963347199237,0.11827086459848084,0.6294364643623227,1.6985925592467401,-6.405973030112567,1.2452463785902572,0.30234433577194453,12.633495293607464,0.044059821949658205,0.029670885438194766,0.020462968989460678
MWG,MWG,2025,1,1.589166646709054,1.0487454052515321,0.061804522284599185,0.5917797184249637,1.4496578076466462,-6.993507552051559,1.2448411206760452,0.2729360323522915,11.173796419936075,0.04283480143417077,0.031060516214556407,0.02129678425639118
MWG,MWG,2024,4,1.5558208046787054,1.0201447609155023,0.11573183953888903,0.6007600107220618,1.5047591094484065,-4.201130538457069,1.2346581477123963,0.2552761164003592,9.639671127353209,0.024647020272248053,0.019292797465638858,0.012097828438790956
MWG,MWG,2024,3,1.8246888396833125,1.1610504369351904,0.29136305908428306,0.5922937646972538,1.4527463978014472,-4.5168233470213,1.2269771826657772,0.2154023127488973,8.184618856687937,0.023597807121499087,0.02050434346550448,0.012044633511486259
MWG,MWG,2024,2,1.794593215150742,1.1536028926020347,0.17367585967132015,0.5980441728806272,1.4878355593611536,-7.236560019846004,1.2583101857363321,0.20861002287419103,6.877102961765123,0.034346445523847614,0.026706200090919698,0.017798499203342134
MWG,MWG,2024,1,1.7905071262585017,1.129811026976858,0.17729818844789283,0.590294104385453,1.4407752260924365,-5.517954547557781,1.1933637935069425,0.15444233909570568,5.428429193215629,0.02867812574217974,0.023183842398398484,0.014210314658632017
MWG,MWG,2023,4,1.6886790539931402,0.9725762370984937,0.1744269549467464,0.6113727755637021,1.5731599258145017,-1.6653550963430415,1.1455531148557376,0.16418233351980463,4.8339743341752675,0.0028744032102089073,0.009116282284103406,0.0015025988327918955
MWG,MWG,2023,3,1.690412927376253,0.9073718983599828,0.07979291985259826,0.6032017585040448,1.5201724590057026,-1.41519831892331,1.0662393283799647,0.10157491099241432,4.109163319898582,0.0012815736374473799,0.01057893619710724,0.0006618807556648909
MWG,MWG,2023,2,1.648965114576989,0.9080045580222257,0.11381981494312522,0.6086747491527544,1.555419048055122,-1.3375224858785537,1.0722826051222851,0.08879100710143147,3.5952353166432816,0.0005910079617176438,0.008662934628736376,0.0002933196692916027
MWG,MWG,2023,1,1.8017943080016536,0.9180192921919202,0.11557512710957633,0.5557519595391553,1.2509947347491757,-1.5374510311521172,1.0293331408991617,0.0707037826755668,2.9779249747104717,0.0007851199744311235,0.008433857630746418,0.0003946903308216746
MWG,MWG,2022,4,1.7165573326125998,0.7143360926181666,0.19465180413203603,0.5713634778982721,1.3329789890434744,-3.5850320985601747,0.8695509340260174,0.1004333586028474,3.1445255201620785,0.020237164564131674,0.02318378932958432,0.011086788995001012
MWG,MWG,2022,3,1.5662760442282027,0.6571395123472303,0.2207816276448036,0.6195709535312884,1.628611062384389,-4.262123692286471,0.8462408589156207,0.14518249946944528,3.394868810289282,0.02832624453998643,0.030228735887818874,0.01479682805069369
MWG,MWG,2022,2,1.3074026883844398,0.5263623576286492,0.07871859970992037,0.6216555015039089,1.6430938046541508,-5.651138347389392,0.9391092456810226,0.1093850925492363,3.600325060561049,0.03292787411741294,0.03492425429844428,0.019093684167460004
MWG,MWG,2022,1,1.2666752725712567,0.4472974645730834,0.08035562097796085,0.6503115810516725,1.8596886422703274,-10.991301914188387,0.8528073342972697,0.07196793053131686,3.8075537122728327,0.03963191897851379,0.03532859940118681,0.023171870062444914
MWG,MWG,2021,4,1.304739000460869,0.5550942861006977,0.12410581226784712,0.6764476872601749,2.090690316913667,-11.937218830526382,0.9631742172606942,0.08750050097789612,3.751055739243157,0.043259141558279604,0.03552278537258834,0.024821114397041363
MWG,MWG,2021,3,1.2769231067813864,0.46731815273896354,0.1172514527700984,0.6248098416417295,1.665315114809318,-6.90566247277517,0.8218014395988302,0.11456446858782113,2.8194443682003376,0.032293398405980604,0.02258378168088075,0.015676133745866887
MWG,MWG,2021,2,1.2791099194204032,0.6179770685772924,0.13366284406213647,0.6614699413586154,1.9539474397436913,-10.571199179394405,1.0732900207226832,0.08764427459878858,3.840285529207772,0.03833667145695006,0.03329605417171059,0.022502243639884734
MWG,MWG,2021,1,1.2830787543917124,0.5376397996966019,0.06929758192398464,0.6601513152334101,1.942486008697682,-12.967815785135963,1.0040125383455485,0.0564008550332878,3.9806138732001437,0.04342243215785759,0.039696416670231445,0.026834105518742487
MWG,MWG,2020,4,1.2673382803138695,0.5925734509848983,0.2488232847372752,0.6644568611428704,1.9802427294625402,-10.287061956608738,1.0498166553840687,0.06264190188854611,3.727736291445514,0.03465130823105291,0.032019276109064354,0.020422919789230665
MWG,MWG,2020,3,1.3487192278491926,0.6099433895519665,0.10626662675489394,0.6262911884823003,1.6758801750989425,-10.670946041920025,1.1083235602534993,0.057013786819272806,3.954183408801242,0.03698564739849341,0.034631559962842645,0.02335110575776878
MWG,MWG,2020,2,1.3469179135415548,0.5352884752015274,0.09439303280980112,0.6277895242973663,1.6866519490411112,-10.151718583696423,1.1014336349091296,0.048946063312303965,4.256481813023017,0.03402718374019404,0.03626549184517443,0.023324873392955085
MWG,MWG,2020,1,1.3466562851678037,0.38710256954998445,0.14634261178321042,0.6371360095670243,1.7558535053499869,-9.663399144489308,1.0806054786413148,0.04916079625509001,5.300197793842713,0.038568849671916684,0.046712574078356536,0.030705770000304538
MWG,MWG,2019,4,1.2309769189530197,0.3099588136370067,0.1117078916737795,0.7088432824441717,2.4345764315338303,-8.544985816442916,0.7652310341913386,0.07142915744104644,4.702449683547163,0.03384448228955248,0.032029936475363646,0.020620020386582064
MWG,MWG,2019,3,1.3381755309990115,0.46633632186603824,0.18539096570060457,0.6510497689405658,1.865738179808447,-8.859030418635975,1.1618886406584312,0.049608632925153905,5.614523740448757,0.034027898232274936,0.03961839217462513,0.02644335231450227
MWG,MWG,2019,2,1.3017317147236365,0.5126679658023016,0.15519699521747252,0.6816609039185784,2.1413043899082687,-11.434038818764675,1.3055155603482933,0.04922302483491725,6.769347610193761,0.040579436380334816,0.04667444637903056,0.032946906166628084
MWG,MWG,2019,1,1.333980751028785,0.4516327169313339,0.14777490840750526,0.6705459744712733,2.035324878471716,-11.057053453825601,1.2142075442680038,0.07670969140274245,6.88606316365253,0.04161583608437814,0.048495456977837324,0.03424154684932369
MWG,MWG,2018,4,1.3061705201571827,0.3109643255174975,0.2093904283037439,0.6807746494139616,2.1325832931632336,-9.29492257832484,0.9699200739853491,0.07415562585446257,6.311826802375178,0.03294494897187103,0.036592658033433735,0.024630471790714044
MWG,MWG,2018,3,1.2975655007167337,0.44796746508082225,0.31514629599310384,0.680473272738126,2.129628649751204,-8.964801638910803,1.2588245881385642,0.07199084025246685,6.276936884427985,0.030976079838804287,0.0377212951586224,0.02535128829732698
MWG,MWG,2018,2,1.2703440503071455,0.3253849194307591,0.18754197020835564,0.6912679837587863,2.2390550619754817,-10.191070125919971,1.2261673154774637,0.0657529096070686,6.379789712789338,0.03357218107780203,0.044103140481436064,0.030074998509079257
MWG,MWG,2018,1,1.2634156120174036,0.28296753927556384,0.15599057886137133,0.6928005609370808,2.2552142772473758,-10.24670497501349,1.275110673226106,0.07603499838972222,6.503283589651829,0.035471829059993285,0.04885184923282694,0.034129403718906694
MWG,MWG,2017,4,1.2006049645968209,0.41714097279759127,0.21709116988342908,0.7409895394978587,2.8608479289265345,-13.09206413518056,1.2733179622611543,0.14823619737044394,5.4043154385406575,0.03057142145713485,0.03483681315555687,0.02508423080895968
MWG,MWG,2017,3,1.1623280690472655,0.3676633513156437,0.25880429046313935,0.6846851434292779,2.1714331854696782,-16.78754698966402,1.5059191661674827,0.07015672688327002,5.454570855525153,0.034495847309447464,0.04598281163963069,0.033973879267581206
MWG,MWG,2017,2,1.1610263167853445,0.26431595650259615,0.15233420983792353,0.6806094749271464,2.130963261267372,-12.675762626023776,1.4574905839238808,0.06903395755761693,6.02650217599295,0.03267134189619606,0.04819573057126103,0.034908526710947047
MWG,MWG,2017,1,1.1699916433850484,0.20187596418436324,0.08506600458404735,0.688213927292492,2.2073273553117216,-11.791334217587258,1.3760628005559328,0.06398792186977718,6.768971009315691,0.03580925179238886,0.05465189941464114,0.039562576110883846
MWG,MWG,2016,4,1.1206690379561899,0.25304089678876257,0.09092306524290601,0.7405627539483717,2.854496666222701,-12.6697527026676,1.223660817945066,0.10193282162431547,6.601439721345407,0.025713864001609892,0.03350884978340993,0.024030935358046894
MWG,MWG,2016,3,1.2342548850784398,0.24609717356415275,0.0857429195069867,0.6574756790649674,1.9195007153657635,-20.941862347967817,1.405443361267191,0.07763415841402646,7.142456666475487,0.034829398076185625,0.0514614999680384,0.03808077880812497
MWG,MWG,2016,2,1.3448446986122313,0.2869536969298898,0.12173109370329156,0.6124610968953723,1.5803861031469661,-21.55195704319752,1.6270533818466868,0.06564753579374916,9.15746636651794,0.041594624144577506,0.06890550758160652,0.05214580381054932
MWG,MWG,2016,1,1.3388401570615607,0.219616331678937,0.08461184078615526,0.6357238905653635,1.745170419086827,-18.604022135960147,1.4183137396180074,0.05661537068467967,10.553322679494856,0.04342209271520422,0.06964876466053534,0.05248338799893065
MWG,MWG,2015,4,1.2915436405571044,0.24397170860531656,0.07190671287608646,0.6581841507629674,1.9255518789784056,-37.185875487811686,1.2898395634723452,0.08214582848367079,9.12240226409851,0.042864113839697085,0.060504042533966504,0.045698796332888376
MWG,MWG,2015,3,1.4764772318344137,0.3549020419497029,0.1760051373085091,0.5530291905114612,1.2372825669405192,-61.45179525458856,1.8831498842589387,0.06426411511276969,9.895486642510566,0.043330816686982486,0.07835098162660094,0.05982866167795157
MWG,MWG,2015,2,1.5619683894666823,0.37436092720265274,0.189563737179304,0.5186741571086665,1.077594658107242,-33.85362920662548,1.8365981914038625,0.06125135501914813,9.125005121412165,0.04151125432912906,0.0734837312560933,0.0553516622917066
MWG,MWG,2015,1,1.5546112718479115,0.32259573046319745,0.12026304320416391,0.5319271195433939,1.1434724064518478,-25.593479904796283,1.9545091301912085,0.061759037467317035,10.886363586763629,0.04240726019934002,0.08520225485382613,0.06358601608389784
MWG,MWG,2014,4,1.4755100330095887,0.30375032796081985,0.1107121938156477,0.5644489944451982,1.3038966139800887,-45.20216114816503,1.8397964821824466,0.06135062921601275,11.133750480511077,0.038385544115225705,0.07222647061193468,0.05449048783858654
MWG,MWG,2014,3,1.5605442034764176,0.47916206541742706,0.27044731172502484,0.5433776962584967,1.1946491036194378,-45.70145063036897,1.978486438480872,0.07560074087561879,12.475229371098525,0.04470578520247235,0.0815860465253885,0.061923505199072526
MWG,MWG,2014,2,1.6728538122175447,0.5293792168693063,0.27322891159402896,0.4964806897913141,0.990289096670864,-32.79329037903583,2.3335509906508496,0.08314250788762671,12.250791963054809,0.04102368196923741,0.08533729543395142,0.06402077763804617
MWG,MWG,2014,1,1.6319715919990114,0.38749783307282215,0.15939511246164112,0.5198815336627068,1.1128235159830118,-44.79794584785166,2.1793751785596234,0.06822823777118464,13.159966320868795,0.048357443541103086,0.10554545485321704,0.08080102274623753
FPT,FPT,2025,4,1.3982930530785016,1.3441255048544412,0.25365764570325183,0.5033300698926154,1.013409589309727,-17.898394859110265,5.851797997945262,0.7120138397215313,1.167075079976916,0.14774200375016022,0.042064324737378894,0.03392168682504339
FPT,FPT,2025,3,1.478064156758498,1.4192439708181852,0.27155166164755856,0.48233742585762485,0.9317602816018244,-15.447711664135891,5.006521983978239,0.760091738546735,1.0125953362051114,0.168650188787748,0.043611257392863034,0.03506895331115474
FPT,FPT,2025,2,1.3987978922402382,1.3415359254423755,0.26589119649666926,0.509355126327566,1.0381340021247694,-15.490744642598786,4.914080834791275,0.7534153284536647,0.9933296949024276,0.1648312000377816,0.041318518968090245,0.03371974572812832
FPT,FPT,2025,1,1.3584736702602935,1.2924635450786774,0.1991809955456247,0.48786694097029476,0.952617551959279,-20.848432798841294,4.357903423302078,0.7471494697989002,1.0327871978737906,0.1616349918467821,0.042934904776708326,0.03507620403194441
FPT,FPT,2024,4,1.3071449719609645,1.2500140163246367,0.26740702772639646,0.5037841354286484,1.0152519727756681,-22.938461422477303,5.6427042172725494,0.6463903771763878,1.1884221045698131,0.14203046118987547,0.042963189343434266,0.0347339810224546
FPT,FPT,2024,3,1.375705689963946,1.3048633690924574,0.25623911678635697,0.4767186488580795,0.9110178450230828,-23.577909340506913,4.441221266978241,0.7467323039736237,1.1013590461070157,0.15585898319190297,0.04494488384935458,0.03667563500220085
FPT,FPT,2024,2,1.302422474602004,1.2379677481394542,0.21803971073458903,0.4985705957947408,0.9942986821543711,-18.778258435326137,4.747400620477457,0.7210463621518167,1.075305553933795,0.1500609484146476,0.043180519063165716,0.035041272671750674
FPT,FPT,2024,1,1.2977960117173302,1.2290264953729153,0.2184210224844945,0.4884763900708367,0.954943976365982,-19.381438540374564,4.298543298311369,0.7134692713292423,1.0201741983245645,0.1532871824951668,0.043070189089204916,0.03482911023849708
FPT,FPT,2023,4,1.2373747383593718,1.179231325814754,0.27906692374121805,0.5035521274924217,1.0143101730881827,-12.783995357355897,5.251463972000189,0.6489902799726249,1.0767545405327987,0.13963125559549497,0.043791542214391486,0.03400300678632877
FPT,FPT,2023,3,1.196110332276239,1.1387300926165558,0.216445844817445,0.5426753877058119,1.1866306188583602,-10.144008958357022,4.358362366735495,0.7135228662901095,1.0377029030720024,0.15084346931779466,0.04338575444934649,0.033421025756046316
FPT,FPT,2023,2,1.2388053144397644,1.1691652391149148,0.199331578416038,0.5275404551661745,1.116583336996022,-11.444955723955271,3.6031074131802066,0.7214220450751723,1.020609200004031,0.14863249872103648,0.040157306128451704,0.03065841914751181
FPT,FPT,2023,1,1.2812500972960437,1.1842046451900399,0.14274844412579535,0.4666819115177371,0.8750535967115579,-15.330060956791865,3.1809702553002333,0.7956195718966415,0.9747922061886806,0.1549302930736089,0.04470984210930207,0.03566728477183308
FPT,FPT,2022,4,1.260847528011349,1.1743920761616928,0.2624976155066578,0.5093837913482543,1.0382530832971935,-13.702688221198963,3.677849295250866,0.6524976280339272,1.0838958231771898,0.12420173474135808,0.04153702333784257,0.03135958093454031
FPT,FPT,2022,3,1.2289931657271844,1.148969317277387,0.13022893332897056,0.5636308155514678,1.2916375299593263,-13.177233429275338,2.9562526070960415,0.7341452060742507,0.9792889994568466,0.15750891737517117,0.03980922429951957,0.03185361488803116
FPT,FPT,2022,2,1.2217132483061874,1.1458579036704417,0.1716182096417455,0.5841292487772767,1.4045932469639855,-11.509347776892954,2.7103480969499563,0.742323834757813,0.9493333064599188,0.15467165184400858,0.036141840467778075,0.02773885785780271
FPT,FPT,2022,1,1.215004500960122,1.1503337888578173,0.1601267713749217,0.5870707679767344,1.4217224707008809,-13.20032234655627,2.9640165417540483,0.7847065227978013,0.9209287200004729,0.15812106642632978,0.03461911160746424,0.027671261865462683
FPT,FPT,2021,4,1.1779575479615383,1.1235050521051473,0.18173622348431936,0.6010890958960224,1.5068254332284345,-13.751798447834213,4.071721212556225,0.6429637324369996,1.0293508042615094,0.1457218402377672,0.035355161672790396,0.0290486440224752
FPT,FPT,2021,3,1.1840134061480074,1.1038452080638275,0.21037216924483454,0.5787297210992707,1.3737729673439554,-14.637845167360451,2.637364114618292,0.7627148652960761,1.0334263307921505,0.15754590077959324,0.0364540609163488,0.028492456244345744
FPT,FPT,2021,2,1.1858639057142795,1.1067916586880506,0.19923767135605544,0.5730669587507583,1.3422876736687246,-13.36215355889564,2.632366688954392,0.7725319671389775,1.0420889854580753,0.14576592429884555,0.035418842478560995,0.026812537578842322
FPT,FPT,2021,1,1.2149723755373762,1.1383161734031106,0.22477701812000186,0.556366035981229,1.254110553081297,-14.99308957749776,2.664823568827755,0.7976292627438923,0.9060215677688114,0.1516811128606283,0.03365020138495653,0.025873441113548782
FPT,FPT,2020,4,1.1441407393937706,1.0813638129456156,0.20931254626993007,0.5544200172191888,1.244265987352304,-15.685609240011972,3.6978468924967696,0.7226535140290954,1.0419218538128083,0.14452883277750683,0.037027413335731736,0.03000252906010796
FPT,FPT,2020,3,1.211382179632496,1.1372392939560043,0.23214887132769008,0.518468599089797,1.0767077663258813,-17.15395613525658,3.3110871810343947,0.7852074454706597,1.0434240954825413,0.15207359063118764,0.03897696045534162,0.030421312063384064
FPT,FPT,2020,2,1.2344039429241929,1.1534676001742197,0.24602785331003893,0.5014668398494592,1.0058846229968583,-13.681661860956988,3.096336173815008,0.8314658476308179,0.9475978852621644,0.15533260749581654,0.03861740301099449,0.030190398042808073
FPT,FPT,2020,1,1.2360963580023459,1.1549254091088552,0.2457044830321645,0.48772818236424154,0.9520886482008889,-12.465791318227847,3.1162046278010886,0.9935362042878025,0.9043411422943447,0.14130961499776598,0.03608471767713911,0.027224092505852268
FPT,FPT,2019,4,1.1686032478742925,1.085739521574663,0.21223923154571142,0.49864996298096836,0.9946143934602705,-10.582559904165713,3.7402320851907835,0.8029932701809078,1.0839575313376777,0.11969059886871537,0.03796371333621679,0.028875414305281854
FPT,FPT,2019,3,1.1965324618784867,1.099736005086315,0.20970270028205515,0.49650776823156606,0.9861279616721472,-14.615825191755281,2.8983055676011924,0.917169009888531,0.9887877734230202,0.16323914447544546,0.04551181758201884,0.03593017514818347
FPT,FPT,2019,2,1.2644861151238496,1.152536243228159,0.21826202956015037,0.4796694013359865,0.9218550716939816,-17.281767325098336,2.687972285023292,0.9453532464958673,0.9872704707233075,0.14447392372150802,0.04118475902404655,0.03246560175877032
FPT,FPT,2019,1,1.331204800627597,1.2111259030136268,0.21073001319627316,0.45969842398261757,0.8508182178018083,-14.209476906414796,2.2194749825787934,1.0363562347546391,0.846945013349232,0.14010865344036438,0.03593495342312044,0.027616319791342974
FPT,FPT,2018,4,1.2730885548270734,1.1759928151429064,0.2720529934886105,0.5033693072647046,1.013568663048784,-15.897902217030675,3.126544997192752,0.9239920031386443,1.0673516763221644,0.13325263844697174,0.04001033421437254,0.0311657815294111
FPT,FPT,2018,3,1.3070021461407102,1.191090338857453,0.29806293717534377,0.4955708538499821,0.9824389760828743,-17.93666139720359,2.4153493239066735,0.9451184700964339,1.0775109630233963,0.1474909100447382,0.03962529029815825,0.031703571107996924
FPT,FPT,2018,2,1.408032181157595,1.3005257855051553,0.3411362263369986,0.4717533132109661,0.8930549400669887,-17.45189200091649,2.714791301094583,0.9918330383501369,1.0102414336486436,0.1386540748523882,0.0365745130750843,0.028875623183413125
FPT,FPT,2018,1,1.5100191904226126,1.3974649012534044,0.29229919548469974,0.4442492949764031,0.7993679377474482,-17.823992781346202,2.4442108303550274,1.2018340768144955,0.9153812315127398,0.13740269956945342,0.03307302694639138,0.026099337252907185
FPT,FPT,2017,4,1.4424053670626065,1.3520021976724093,0.3127454031737154,0.4711360561654986,0.8908454842838223,-28.55082981468494,9.586581964615174,0.49314245520483635,2.373610453333036,0.125422253753577,0.0803436289986189,0.06262655569759487
FPT,FPT,2017,3,1.3803766682201117,1.0988177507523562,0.3312978697751758,0.5610589669020623,1.2782103394213253,-11.357851827714157,1.8954053144874186,0.6756285699301303,2.2077859140793135,0.06869332399442596,0.03255814470621199,0.025056857774876682
FPT,FPT,2017,2,1.3719979326555538,1.084811799890992,0.31061662241417937,0.5667720646968064,1.3082537355310486,-8.824491793696517,1.7755184397313324,0.6852606343764635,2.0937797715053144,0.06740497321808275,0.03150614194843351,0.023905794391812635
FPT,FPT,2017,1,1.3659712358380427,1.0362002117790134,0.27204371004493066,0.5721858241600416,1.337463451360928,-6.698891382231371,1.5008414217832113,0.6280234323904499,2.1058655278782052,0.05737237986695989,0.027000381095698026,0.01929514835369625
FPT,FPT,2016,4,1.2638575798722813,1.0008217964121953,0.31654363763407123,0.6172828038303234,1.6128953964134205,-10.777302659827582,2.0915966423158094,0.549575488845673,2.706649409116446,0.06706092375495035,0.03693477924062298,0.027798682775388394
FPT,FPT,2016,3,1.3183112559452979,1.0001590739280153,0.32588386035770206,0.5846912985593418,1.4078474554737592,-8.230264248179052,1.6515865309144406,0.5924927008493932,2.1811423555377187,0.06842091931505352,0.03251701952625266,0.025284780263655115
FPT,FPT,2016,2,1.33787603121061,0.9790516361252266,0.29126940424197995,0.5695164363385841,1.322969061802602,-7.477606019596181,1.4713810933852027,0.5963299791350914,1.9970033915561924,0.07034522985066191,0.03164499851665858,0.024864940208871276
FPT,FPT,2016,1,1.3485892366199494,0.9494658281184054,0.2649000389533848,0.5690271211632857,1.3203316243453849,-9.82021582833387,1.3120192076906299,0.5853027212769014,1.930194484993291,0.052738163177038944,0.02537096304949347,0.018080600303974716
FPT,FPT,2015,4,1.297497049893912,0.9366150857908065,0.24212908433029603,0.6082763048769938,1.5528197871358975,-9.39014251708116,1.5516771406110943,0.5474895811523822,2.4125000177266163,0.07471702370094896,0.03799466641515468,0.030047155026343166
FPT,FPT,2015,3,1.2938193761494303,0.925191937918432,0.23186837543950772,0.5788274455910015,1.3743237528932266,-12.280538609173613,1.5878701700597564,0.5540228482229027,1.9941150925524294,0.054497869500483735,0.028437906321664277,0.021929421806386244
FPT,FPT,2015,2,1.3161707428977036,0.9201804679355944,0.2424055704033053,0.5605178710244044,1.2754053784415202,-11.740423778393973,1.5403579166529255,0.5773685894381576,2.1302506117305096,0.06330133873659034,0.03412807253462998,0.026150002629800856
FPT,FPT,2015,1,1.3779602268118982,0.9638725444456516,0.3373208145309266,0.5567204483138756,1.4750953269616807,-16.8008946520731,1.4175003885654682,0.5678052679885504,2.1643991300688175,0.06333969258634832,0.030900280566761223,0.02464862176398905
FPT,FPT,2014,4,1.2984811096097293,0.9423321633911275,0.32940762848168414,0.5915890635912959,1.694720560746891,-7.860078277851095,2.9157359636062714,0.328171499056272,3.995319850753311,0.0348026815115025,0.03189612509348228,0.02355002545037988
FPT,FPT,2014,3,1.3914158276440645,1.0156669251040826,0.38486507918846635,0.5508874943106594,1.4403071706536685,-13.184844438044161,2.9606088413741527,0.35107591242125064,4.02436916576765,0.037375788461967936,0.03251914575908801,0.02525458905472089
FPT,FPT,2014,2,1.4800349088659612,1.0616074684874908,0.27816987716657093,0.5001127830940968,1.1709829307901294,-14.661790036349489,2.5373627526493765,0.4163597905105,3.1754721573775964,0.05217004169953575,0.03896212492301311,0.03137710902143537
FPT,FPT,2014,1,1.5058460633512525,1.0864568492151134,0.37122240542550317,0.4992545956605934,1.1500021521720079,-17.37923870597285,2.6988472142767654,0.38178467940398464,3.440155840555317,0.04425685164107679,0.03537019506816293,0.02756772860775836
FPT,FPT,2013,4,1.4273902622537982,1.0519058346726036,0.2740481402887172,0.5314517599296589,1.2986857998524413,-21.368636895987592,2.8303649164088465,0.39251113505314705,3.6951520711762487,0.04796623810288594,0.040277115481315996,0.030720048914985393
FPT,FPT,2013,3,1.5273427141869267,1.1401934428642924,0.310625940627527,0.48762429880459,1.1095016426870798,-17.659858501213836,3.7297223969450526,0.33872888844828875,4.08236221481986,0.03875718783647648,0.03795866598587643,0.02960771956940823
FPT,FPT,2013,2,1.5724026420150423,1.1489558416415606,0.3007002999848834,0.4785093526611473,1.0627016724969465,-24.460644705108688,2.625524140874271,0.4172081490111677,3.3364486010759142,0.0625818183615565,0.047171441323753685,0.03763989209539662
FPT,FPT,2013,1,1.5762018512240958,1.096335310823204,0.30678815845343654,0.4640437199718444,0.9992586082783957,-17.14263281892235,2.459483379420297,0.3922494322403935,3.1372250822677934,0.05512470071904874,0.04338610452617405,0.033763458510910706
FPT,FPT,2007,2,2.0696338998724073,1.5017822796880518,0.4120088900551641,0.4502508713342975,0.9062787045449989,-28.027791899542745,5.867349658763609,0.26747566877864615,16.951093094131778,0.04227239376602349,0.08028226809021764,0.06633087701587391
FPT,FPT,2007,1,2.1632229376095196,1.5480802593218514,0.3751272696021787,0.4465475033145508,0.875711190357174,-22.511144221706385,6.27579077663896,0.2587779894456212,17.478192474337106,0.03168587553319701,0.06537687211464896,0.05423264760510743
GAS,GAS,2025,4,3.401728794686412,3.1800464982010936,0.33483260376984914,0.27667811876737153,0.382510367716069,-33.13092381705609,8.76189858498209,0.5686681752534452,2.7386146921446706,0.0317612740161887,0.01921511601560377,0.014833823893050128
GAS,GAS,2025,3,3.18047906966108,3.066483049898789,0.5277042883484203,0.2928399467708529,0.4141070263141143,-61.11483182122615,12.561101551286827,0.6419743003393892,2.171568203407139,0.07320845754313623,0.03472347041830862,0.027836046325773106
GAS,GAS,2025,2,4.4915598091027995,4.259026153257608,0.7186481900572432,0.2240760978489375,0.2887861776493035,-104.74226490647767,7.483142998801581,0.6574940736353566,1.7601337888441568,0.15985810156685099,0.06813696032182479,0.054252222481646385
GAS,GAS,2025,1,4.8606200612164,4.600036058685304,0.687727790402059,0.21572083377128976,0.2750561828750422,-63.832522384351314,6.97581837136713,0.659889496754258,1.4442502241943158,0.10760414309949894,0.04247042434247238,0.0336839335837479
GAS,GAS,2024,4,3.930605360529755,3.605950270209083,0.38201005871550137,0.24780301178845057,0.32943898429803065,-45.70958387413603,4.416933335662476,0.7656174481341613,1.3689833620208984,0.08227417701696274,0.031953101663981236,0.02507289686496883
GAS,GAS,2024,3,2.5786950824816093,2.483187480427412,0.4630759240430959,0.35053651503450733,0.5397324455479311,-47.527713998570576,8.45455512976667,0.77214970590448,1.3537086537808456,0.10209520698264997,0.03563007664569868,0.028066977948536954
GAS,GAS,2024,2,3.993843144822663,3.829845867995708,0.42819135722975266,0.25477297267399834,0.3418729639854396,-51.25142247415581,8.40325712814373,0.7728574677191169,1.598712565141935,0.11367186123208645,0.04543179895018362,0.03589553536571935
GAS,GAS,2024,1,4.043946915656396,3.8817983717960862,0.3696520339490864,0.260151699858142,0.35162843492140317,-30.248040700753375,7.364170237947773,0.8967267499129281,1.2168361146657884,0.10909739132516279,0.03572843596460873,0.027715384792320594
GAS,GAS,2023,4,4.155621468242997,3.8837881509539245,0.37863442104989564,0.2558939597026197,0.34389447987863697,-31.610019123545378,4.5486258577663525,0.7472243761363303,1.15556299213413,0.12299056542886612,0.03959623389327076,0.03163341149588135
GAS,GAS,2023,3,4.3525488181206615,4.1705802832339804,0.798794953771705,0.25954178249735504,0.3505150950619681,-29.49091819810741,7.461323674840303,0.7320326239286723,1.1314982591018665,0.10866145246247444,0.0367992766303676,0.028406227083605653
GAS,GAS,2023,2,5.020204447371613,4.827864499468754,0.9962507895011079,0.2356570015829804,0.3083131553125156,-65.12661797812335,8.163588208922668,0.7954533241161634,1.5890588448852674,0.1329318101342927,0.04602334498957826,0.03621686228469275
GAS,GAS,2023,1,5.4901704186427835,5.2815444413325014,1.2044810591071209,0.23248819091714254,0.3029115489375409,-69.73332613780563,7.4345931267374725,0.8530576427597218,1.3413101662465456,0.1610611664441539,0.05145362085024313,0.040614462892512304
GAS,GAS,2022,4,4.456430167998171,4.121280281093285,0.8447608928775004,0.25951005815723843,0.35045723580178456,-44.476120270355345,4.105556823908302,0.7342264776445464,1.347123392854319,0.15131049071638167,0.0515048774606942,0.04029511497728652
GAS,GAS,2022,3,3.7002488602695593,3.531036365494639,0.6587549018225793,0.319286557313824,0.46904694000735664,-58.02626084831267,7.602852881400955,0.7202096793731587,1.4246666664576164,0.1269681595879757,0.04598164060690803,0.036245949126729855
GAS,GAS,2022,2,3.549561399131522,3.4208109062685743,0.5321751738288499,0.31587700453564804,0.46172545964668965,-70.9845171248736,9.46816905127051,0.7461369349217296,1.5871973891950069,0.18591612724147638,0.07332298667029036,0.05806681175353413
GAS,GAS,2022,1,3.071527365122692,2.9545538554054556,0.4644741911327986,0.34590557239191466,0.5288312478931121,-54.445716115967564,9.895485581907327,0.7750030690754985,1.4849954674656354,0.1309653259142819,0.0524053219487285,0.04103964067452947
GAS,GAS,2021,4,3.1033434303250007,2.902593166910987,0.33815846156688145,0.3373872488125238,0.5091771146991785,-27.399010113260054,5.00813581116028,0.838612149724749,1.1148628478127098,0.10058205560791066,0.0336071987261145,0.02576491747636492
GAS,GAS,2021,3,3.445635389908821,3.27226862267413,0.4330646435346601,0.3144721538327486,0.4587299488867523,-37.2774775046425,6.307553898020896,0.7961511714531451,0.9918446754535255,0.13285583222721578,0.04328691900466997,0.03364647406347877
GAS,GAS,2021,2,2.5057436979090864,2.4031028923563236,0.2967944007819086,0.36058292285442345,0.5639244489122853,-43.08548655891615,9.198244968404998,0.6752076280804358,1.1744197137557595,0.10137521862764784,0.04012638929579908,0.03075629874271783
GAS,GAS,2021,1,3.7529442738238137,3.579511053295648,0.5479235856228284,0.24844312754793527,0.3305712936099607,-50.934489475762796,6.996574314893332,0.7648799349210432,0.9202610279580289,0.11709623510949266,0.03919860290278488,0.02998032398399015
GAS,GAS,2020,4,4.067844924055213,3.8891168190505843,0.551481599722652,0.21685827121648177,0.2769080783798041,-85.08703235854892,7.463340104350898,0.6537106829421765,0.7851225502420781,0.10829603178555755,0.03345855383251763,0.02664879691061178
GAS,GAS,2020,3,3.6588598538457253,3.48572977524072,0.6274770390599445,0.2254338160110227,0.2910452594897053,-156.90897850186363,6.925097737069219,0.6637822650192645,1.1329223762145126,0.1297633206328942,0.04249352754856664,0.03351622343697354
GAS,GAS,2020,2,4.192467056329546,4.047063788080616,1.1325341463289202,0.20283972468833392,0.2544528760029212,-87.34153244424856,8.12657477361615,0.6825170160638648,1.0654033694149,0.11722620477026019,0.03432192473926854,0.027223717646809593
GAS,GAS,2020,1,4.16497516131095,3.9824890996579794,0.48685007637880157,0.2060958310116123,0.25959786969531184,-87.65905537060127,6.967188299083106,0.6767831060834338,1.125772080246363,0.13751091593816703,0.045863550218004145,0.03591304152981626
GAS,GAS,2019,4,4.220243152006265,4.053340548807436,0.44938186630089877,0.2019112808444026,0.2529935281606674,-92.92945607613258,8.106728357595681,0.6099163353319433,1.0926051216748334,0.17889988815078942,0.06209803039132993,0.04976559680771779
GAS,GAS,2019,3,3.4416117552503604,3.2933692029976074,0.4805536291905262,0.24455262391973537,0.3237189401446173,-84.03016140661626,8.03594535558561,0.6150082588499426,1.1374505656439913,0.15386517048307577,0.059671567737970055,0.04682651105363314
GAS,GAS,2019,2,2.8146459078184725,2.714451369364206,0.46538088105032555,0.28831032020850916,0.4051067879654763,-71.3759543451322,10.000451829094146,0.5482265392215014,1.1713472242012832,0.15071623285905428,0.05929301599840756,0.04704743231373354
GAS,GAS,2019,1,3.132203601582546,3.010243178270852,0.5813583714504386,0.25933546343545627,0.3501388964001748,-65.82466406201931,8.977592615672231,0.617659685626751,1.0376879678719044,0.16436639792267027,0.06250020146862406,0.049406131754317045
GAS,GAS,2018,4,3.656888161537251,3.4763377975189753,0.5987578870703811,0.24152492164138223,0.3184348814255777,-41.93037128315444,7.062072840315633,0.5381454451836171,1.0255415223098607,0.1721299457942952,0.06669713630249258,0.05229881648551201
GAS,GAS,2018,3,3.3349815647254926,3.214791454474257,0.6249506492464264,0.2744751121804878,0.37831246975605964,-39.07109598079094,9.705824796064169,0.48697531608004346,0.9613157044164952,0.17723389048736557,0.06834876478942993,0.05353686129855595
GAS,GAS,2018,2,2.8433020599948904,2.6976890938409706,0.607786697234256,0.3382457040956028,0.5111348822198937,-36.683948023698846,6.546609667833594,0.619467411559855,1.009111983182122,0.15737160147135262,0.05902391003726274,0.04629474644407883
GAS,GAS,2018,1,3.3297214750853086,3.1617593231434475,1.1359928807023716,0.3079603632896173,0.4450039375685328,-27.52785903777182,6.533907936300788,0.5990768205279307,0.8938427196595443,0.1467503668089841,0.051915770597619176,0.04029233682919536
GAS,GAS,2017,4,3.496246164380696,3.3367316535868934,1.250720454684136,0.3014674514299677,0.4315725187711045,-77.65781819797046,6.692002048300513,0.5336749645356487,1.1021862212485565,0.2207198313271134,0.07946869550884234,0.06101638835541943
GAS,GAS,2017,3,3.19224220902326,3.0256718415064308,1.107892209022797,0.31707962792681105,0.46429955949949236,-39.832483304171966,6.20183488619701,0.5706043791226563,0.9676008032130203,0.13015055694786715,0.041544088438979526,0.032408395794061774
GAS,GAS,2017,2,3.258672099423603,3.1352999619741055,1.2770884874910213,0.3146912459970088,0.45919630262834094,-27.477106525137188,9.256446048109886,0.5788778183184172,1.007307232805014,0.11730863120695992,0.04091089799644399,0.031372836203280234
GAS,GAS,2017,1,3.515773723606334,3.374138988002118,1.3326272008793763,0.3036898392419785,0.43614161670623014,-44.641001449229705,8.510806674480664,0.6907659977272498,0.9877735529011528,0.1362929111289745,0.046685056151321236,0.03631630943193756
GAS,GAS,2016,4,3.5858001221533216,3.436886527762837,1.4635073396174474,0.2819074417366138,0.3925781412055995,-42.10560330607992,7.839687365096704,0.7675328661642673,0.9127138501146888,0.19636754959962904,0.07172806550942439,0.05405608081771488
GAS,GAS,2016,3,3.7267693258124965,3.5680756880951905,1.846204095590582,0.2736842519823475,0.3768116727873782,-16.415113103367652,8.168210560175867,0.7187506226625475,0.7660271752249039,0.07154937546887792,0.023311566538908847,0.016976711384125345
GAS,GAS,2016,2,3.1615790966369834,3.0309208906121192,1.4959143901192593,0.30630177986927626,0.4415490352729394,-19.18929108874515,8.815170383742755,0.7090820760563308,0.8358501876494683,0.10389322248485021,0.03480593588909943,0.027421291696738542
GAS,GAS,2016,1,3.651758634716624,3.501994439113371,1.8433153621055829,0.2695834563566516,0.36908180503683286,-28.625708349847326,7.925120765959957,0.6853344577047289,0.9818238524827272,0.10575501156737453,0.033851286059302516,0.024768337700450394
GAS,GAS,2015,4,3.7667450404620038,3.6204941498563503,1.9775400021344323,0.24381742920553603,0.3224319610400111,-27.197505563392934,11.642951287366929,0.4757287445476567,1.1630777490435267,0.06376037647281645,0.026540689530891025,0.019405840548129365
GAS,GAS,2015,3,5.819960227620517,5.607269081276173,3.5371910256947747,0.2003517683062194,0.2505498797663103,-86.19213379477918,10.248684561241674,0.3117474858162928,1.143276354059283,0.15199008753466767,0.05535044370989927,0.04354991274821614
GAS,GAS,2015,2,4.684168539841821,4.43649347667744,3.0227736430165217,0.21367698130269272,0.2717419892612187,-86.77961196967209,7.127035099864367,0.31845879295533647,1.1475856542837375,0.16994217574480078,0.06457748895768302,0.05071927162458588
GAS,GAS,2015,1,4.853033540143905,4.659958572705709,3.620092494581228,0.23778985367617803,0.32675374465920703,-51.64628910181337,8.777646186739082,0.31775761062607316,0.8305953904179483,0.17126076519359207,0.0648993236291896,0.0502187774639031
GAS,GAS,2014,4,3.149384418348103,2.9718207099804212,2.280148975757271,0.29907478935946263,0.4468187857753849,-102.22179242615633,6.60455574255015,0.26578731122650506,1.0002095207109725,0.2523319666855565,0.11411744720635507,0.08923989182950125
GAS,GAS,2014,3,3.0804166240330235,2.9142705786341163,2.1993820517932563,0.30254737282215177,0.4551644810388793,-38.459900318626794,8.74564060209684,0.29538403682937264,1.0406450754312382,0.15527953535174507,0.0737005148805678,0.05721547530731062
GAS,GAS,2014,2,3.715363551072956,3.5032742922838125,2.600451306992249,0.25171583736013836,0.3517939948438292,-43.229806490792626,8.444294856636962,0.30016912499354315,1.0114912623530854,0.17796283742152585,0.08488514554776774,0.06741110773567538
GAS,GAS,2014,1,3.4854701414573617,3.3067061517489518,2.45592836930391,0.2793826894427263,0.4052735238230063,-38.08334021736282,7.381376271766104,0.36022913132746615,0.8417799195875707,0.19891197197043842,0.07971894373742845,0.062059631404573545
GAS,GAS,2013,4,2.882721719208071,2.621242777652743,1.865958256517847,0.30431770788251816,0.4593018361504872,-28.081263129147658,4.974454238714415,0.3596744853788475,0.8310813344581327,0.13541441872935855,0.0586842792273011,0.04444443677554053
GAS,GAS,2013,3,3.5967029456932043,3.4039121141505904,2.534255674559753,0.27487710968219975,0.3988879287844286,-36.50113826178784,9.162849817117735,0.3341613774166755,0.869361669828059,0.1800369704000057,0.07956329854038938,0.06354193594936704
GAS,GAS,2013,2,2.7983513860025053,2.611959386960142,1.9230179699122716,0.3080839624244002,0.4683808106557982,-31.83988623190934,6.613274023414517,0.37827384588352847,0.7863477098773837,0.19073684083525733,0.07776961137600844,0.06115659452031658
GAS,GAS,2013,1,2.9010203315636156,2.7893223744700246,1.9337642528005732,0.3105466304419568,0.4748827688109806,-60.960712337148856,12.151952875968194,0.41027370098908655,0.7779372926372462,0.27254385673460374,0.11377148658328073,0.09095029200225449
VPB,VPB,2025,4,,,,0.8569410889213188,5.990127301122882,,,,,,,0.006442416857307789
VPB,VPB,2025,3,,,,0.8645968930686165,6.385354905532245,,,,,,,0.006249466137007136
VPB,VPB,2025,2,,,,0.8622430206225113,6.25916033088784,,,,,,,0.004469460731675438
VPB,VPB,2025,1,,,,0.8478794903106646,5.57373553403303,,,,,,,0.003958560276466104
VPB,VPB,2024,4,,,,0.8405849015555797,5.27293154637199,,,,,,,0.005454927628937584
VPB,VPB,2024,3,,,,0.8343900042058503,5.038282865745508,,,,,,,0.0048484511529147305
VPB,VPB,2024,2,,,,0.8402629160639412,5.260287062710436,,,,,,,0.004212390757731512
VPB,VPB,2024,1,,,,0.8261878050767703,4.75333623996685,,,,,,,0.0038205364181566038
VPB,VPB,2023,4,,,,0.8288533055279774,4.842940777120709,,,,,,,0.002581829757619357
VPB,VPB,2023,3,,,,0.8590236434619568,6.093388030142098,,,,,,,0.003111559074407822
VPB,VPB,2023,2,,,,0.8545966513072489,5.877420698976338,,,,,,,0.0033148918792915644
VPB,VPB,2023,1,,,,0.8449026592756603,5.447563803027012,,,,,,,0.0024345649652740245
VPB,VPB,2022,4,,,,0.8359670269363896,5.096335275299859,,,,,,,0.0018071551209817404
VPB,VPB,2022,3,,,,0.8282162576317054,4.821272643228696,,,,,,,0.0059446532299376525
VPB,VPB,2022,2,,,,0.8380275344444087,5.173888855552338,,,,,,,0.005464755645717752
VPB,VPB,2022,1,,,,0.8311792507881629,4.923442495479009,,,,,,,0.015812109399164533
VPB,VPB,2021,4,,,,0.8421340867027913,5.334489688836975,,,,,,,0.004147955840142171
VPB,VPB,2021,3,,,,0.8700076243983802,6.692758866601858,,,,,,,0.004507042361630294
VPB,VPB,2021,2,,,,0.8671623426408547,6.5279858127606,,,,,,,0.008890340954888347
VPB,VPB,2021,1,,,,0.8716413905953392,6.7906733692277665,,,,,,,0.007339540838310485
VPB,VPB,2020,4,,,,0.8740091650569893,6.937085268562028,,,,,,,0.006914189945783552
VPB,VPB,2020,3,,,,0.879856896495446,7.323407426894833,,,,,,,0.005439858312806845
VPB,VPB,2020,2,,,,0.8811565886984011,7.414433657261957,,,,,,,0.00738728386817479
VPB,VPB,2020,1,,,,0.8867682331910265,7.831443932929529,,,,,,,0.005884900053133845
VPB,VPB,2019,4,,,,0.8880806986093691,7.935009310947266,,,,,,,0.006665386473257572
VPB,VPB,2019,3,,,,0.8869706205394581,7.847257277468253,,,,,,,0.006371774629685797
VPB,VPB,2019,2,,,,0.8904363103785211,8.127111394795154,,,,,,,0.0058763363583379516
VPB,VPB,2019,1,,,,0.887668069180185,7.902188297680392,,,,,,,0.0044146876432232035
VPB,VPB,2018,4,,,,0.8925172853977008,8.303821583778726,,,,,,,0.007594676417388446
VPB,VPB,2018,3,,,,0.8920147897266792,8.260527413605118,,,,,,,0.004723415542792286
VPB,VPB,2018,2,,,,0.8874539150884349,7.88524910294095,,,,,,,0.004816247773838854
VPB,VPB,2018,1,,,,0.8887603579500263,7.989601023264318,,,,,,,0.007346623018423437
VPB,VPB,2017,4,,,,0.893093554762891,8.353972978730033,,,,,,,0.006976105700083801
VPB,VPB,2017,3,,,,0.8911774016829874,8.189267812618171,,,,,,,0.00746331378054128
VPB,VPB,2017,2,,,,0.9215046907559358,11.739614756987788,,,,,,,0.004297590766038601
VPB,VPB,2017,1,,,,0.9187344399027156,11.305335726510515,,,,,,,0.006688388843205628
VPB,VPB,2016,4,,,,0.9233751912695972,12.050603539101896,,,,,,,0.006394940882712974
VPB,VPB,2016,3,,,,0.9232923605702885,12.036511192816949,,,,,,,0.006645183322217596
VPB,VPB,2016,2,,,,0.9289187451514997,13.068406672495582,,,,,,,0.0019011099949457647
VPB,VPB,2016,1,,,,0.9301799008354146,13.322523341634364,,,,,,,0.004270002791796756
VPB,VPB,2015,4,,,,0.9309409496651135,13.480361301679105,,,,,,,0.002561729680722197
VPB,VPB,2015,3,,,,0.9346310460611473,14.297787502283839,,,,,,,0.005303578738875655
VPB,VPB,2015,2,,,,0.9334969693499426,14.036914586266768,,,,,,,0.0030765491302594374
VPB,VPB,2015,1,,,,0.9428582448197087,16.500346251959392,,,,,,,0.0019048377406109232
VPB,VPB,2014,4,,,,0.944987630525883,17.17773958302015,,,,,,,0.0011225830254875697
VPB,VPB,2014,3,,,,0.9406992274048145,15.863186704606074,,,,,,,0.0032307006122598114
VPB,VPB,2014,2,,,,0.9388233350819765,15.346101922031789,,,,,,,0.003081217539832344
VPB,VPB,2014,1,,,,0.939337702536582,15.484703709137351,,,,,,,0.0012088016513484357
VPB,VPB,2013,4,,,,0.9362822154603203,14.69420542827032,,,,,,,0.0048995018074971235
VPB,VPB,2013,3,,,,0.940568622114372,15.826128479209034,,,,,,,0.0015380176029222267
VPB,VPB,2013,2,,,,0.9400227873354615,15.672998886979778,,,,,,,0.0006221235655285151
VPB,VPB,2013,1,,,,0.9400649360990674,15.684724014859022,,,,,,,0.0011601217319917785
TCB,TCB,2025,4,,,,0.8494550051198851,5.642532359155087,,,,,,,0.005853868680531785
TCB,TCB,2025,3,,,,0.8411514822035121,5.295305828922942,,,,,,,0.005854902589883419
TCB,TCB,2025,2,,,,0.8440438036155887,5.412056867141932,,,,,,,0.006117321033357451
TCB,TCB,2025,1,,,,0.8443690093069492,5.425455467107374,,,,,,,0.0060790677087243575
TCB,TCB,2024,4,,,,0.8488559048732305,5.616202896720954,,,,,,,0.0034941929608438764
TCB,TCB,2024,3,,,,0.844272195576836,5.42146085411099,,,,,,,0.006248855075324711
TCB,TCB,2024,2,,,,0.8474615930940507,5.555725999004111,,,,,,,0.006902919465418454
TCB,TCB,2024,1,,,,0.8443265542661273,5.423703126026536,,,,,,,0.0070874255862022765
TCB,TCB,2023,4,,,,0.8450490261823225,5.453654180816226,,,,,,,0.0052757032364329805
TCB,TCB,2023,3,,,,0.8372798445260503,5.145520185175172,,,,,,,0.00597572313589835
TCB,TCB,2023,2,,,,0.8328055186640645,4.981058657018411,,,,,,,0.006148303631461611
TCB,TCB,2023,1,,,,0.8369557514687268,5.133304357609352,,,,,,,0.006270885111603335
TCB,TCB,2022,4,,,,0.8377400780928449,5.162951320611373,,,,,,,0.005110043918069715
TCB,TCB,2022,3,,,,0.8363021194180847,5.108814582358595,,,,,,,0.007995102145319193
TCB,TCB,2022,2,,,,0.8325016680387588,4.9702087076986405,,,,,,,0.009430642748968404
TCB,TCB,2022,1,,,,0.8397680084452244,5.2409509505356695,,,,,,,0.009125328728675504
TCB,TCB,2021,4,,,,0.8364030128895,5.112582008154953,,,,,,,0.008234394936170718
TCB,TCB,2021,3,,,,0.8368192733821012,5.128174697625796,,,,,,,0.008182729303118993
TCB,TCB,2021,2,,,,0.8336300149699853,5.010699585142062,,,,,,,0.009531273260410275
TCB,TCB,2021,1,,,,0.8291078490555422,4.8516438260819434,,,,,,,0.009671559101823638
TCB,TCB,2020,4,,,,0.8302677703017054,4.891632966688399,,,,,,,0.0091162972290724
TCB,TCB,2020,3,,,,0.8241218330427705,4.685754049524424,,,,,,,0.007921718984077807
TCB,TCB,2020,2,,,,0.8296644672930957,4.8707656829341435,,,,,,,0.00729800265194567
TCB,TCB,2020,1,,,,0.8351468238415299,5.066003842344657,,,,,,,0.0063951090884065195
TCB,TCB,2019,4,,,,0.8382255559123655,5.181446059912232,,,,,,,0.008128304355371508
TCB,TCB,2019,3,,,,0.8396338639519039,5.235730464317514,,,,,,,0.007026725817881885
TCB,TCB,2019,2,,,,0.8437158765213215,5.398602607490248,,,,,,,0.006745052537227804
TCB,TCB,2019,1,,,,0.8347960215418785,5.053122989731723,,,,,,,0.006415312860607774
TCB,TCB,2018,4,,,,0.8387080105070293,5.199935924552416,,,,,,,0.007054206069617567
TCB,TCB,2018,3,,,,0.8413030995725674,5.301320298673828,,,,,,,0.006605493349496399
TCB,TCB,2018,2,,,,0.8421149104910465,5.333720322230244,,,,,,,0.0069930571816946415
TCB,TCB,2018,1,,,,0.8622902151403258,6.261648117590164,,,,,,,0.007501405001691801
TCB,TCB,2017,4,,,,0.9000315265042018,9.003153644654093,,,,,,,0.009484778299965278
TCB,TCB,2017,3,,,,0.9167749931085107,11.015619311438726,,,,,,,0.0073070107727702645
TCB,TCB,2017,2,,,,0.9063832955340706,9.68185433043028,,,,,,,0.004841848108967032
TCB,TCB,2017,1,,,,0.9111804682394907,10.258784866107774,,,,,,,0.004555708467171136
TCB,TCB,2016,4,,,,0.9165889335566242,10.988816863753401,,,,,,,0.003648019889071277
TCB,TCB,2016,3,,,,0.9158652925166682,10.885701274924058,,,,,,,0.004589209527828831
TCB,TCB,2016,2,,,,0.9166075517884701,10.991493491873998,,,,,,,0.003724702822546806
TCB,TCB,2016,1,,,,0.9147925703661224,10.736065790234917,,,,,,,0.0023906237691786528
TCB,TCB,2015,4,,,,0.9139204227716841,10.617157428034506,,,,,,,0.0019570220834614197
TCB,TCB,2015,3,,,,0.9077680474829505,9.842229538783156,,,,,,,0.0023065981079121054
TCB,TCB,2015,2,,,,0.908795504665448,9.964371836408372,,,,,,,0.002840572133551581
TCB,TCB,2015,1,,,,0.9146045803550066,10.71022994157308,,,,,,,0.0017509547347637133
TCB,TCB,2014,4,,,,0.9147334150642615,10.727923673191015,,,,,,,0.00102275266844947
TCB,TCB,2014,3,,,,0.9132024862675453,10.521067332440037,,,,,,,0.000948039134226267
TCB,TCB,2014,2,,,,0.9143048362133889,10.669269954254267,,,,,,,0.0012559658993965422
TCB,TCB,2014,1,,,,0.9119701239317737,10.359779709617726,,,,,,,0.003199648668800042
TCB,TCB,2013,4,,,,0.9123954604383353,10.414933575401099,,,,,,,0.0006056766591756556
TCB,TCB,2013,3,,,,0.9165183545531856,10.978680998053559,,,,,,,0.00032245232371064014
TCB,TCB,2013,2,,,,0.9195819834086685,11.435024418493208,,,,,,,0.0005532151419076654
TCB,TCB,2013,1,,,,0.9222409300151527,11.860236113868995,,,,,,,0.0022596635942048414
MBB,MBB,2025,4,,,,0.9121019335642093,10.37681453698982,,,,,,,0.005510057410756887
MBB,MBB,2025,3,,,,0.8998233317682758,8.98236433344783,,,,,,,0.004365959884398352
MBB,MBB,2025,2,,,,0.9009000797931629,9.090825481118888,,,,,,,0.004656094606574348
MBB,MBB,2025,1,,,,0.8930981849569622,8.354378123490315,,,,,,,0.005769539106902115
MBB,MBB,2024,4,,,,0.8962974212722702,8.642961749538468,,,,,,,0.0056534514493573355
MBB,MBB,2024,3,,,,0.8930587637317907,8.350929864809055,,,,,,,0.005679756904383146
MBB,MBB,2024,2,,,,0.8945848350210575,8.486301142722278,,,,,,,0.00617231720886059
MBB,MBB,2024,1,,,,0.8874793252688513,7.887255630037328,,,,,,,0.00513432596351294
MBB,MBB,2023,4,,,,0.8976551283510585,8.770885281190766,,,,,,,0.005338979381041381
MBB,MBB,2023,3,,,,0.887528883134833,7.891171599183309,,,,,,,0.007134265067372884
MBB,MBB,2023,2,,,,0.8932459545575615,8.367326510724101,,,,,,,0.006179865687656163
MBB,MBB,2023,1,,,,0.8885754686779884,7.974684372780067,,,,,,,0.006842560579160821
MBB,MBB,2022,4,,,,0.8907210963430996,8.150897076526952,,,,,,,0.00494147155764072
MBB,MBB,2022,3,,,,0.884425414589865,7.652421260706578,,,,,,,0.007665757631202814
MBB,MBB,2022,2,,,,0.8922838159423111,8.283656014628553,,,,,,,0.007282402337276991
MBB,MBB,2022,1,,,,0.896672671506487,8.677981755453798,,,,,,,0.007282206797939419
MBB,MBB,2021,4,,,,0.897081431173832,8.716419606349406,,,,,,,0.006098086841423087
MBB,MBB,2021,3,,,,0.8940821532836541,8.441279548271577,,,,,,,0.005619587565243244
MBB,MBB,2021,2,,,,0.8931185073861155,8.356156763384265,,,,,,,0.005217498699292674
MBB,MBB,2021,1,,,,0.8948566849090712,8.510828140954008,,,,,,,0.007175414841159312
MBB,MBB,2020,4,,,,0.8987852515784195,8.879983061705513,,,,,,,0.004061170592244494
MBB,MBB,2020,3,,,,0.8870393696077834,7.852641814478611,,,,,,,0.005672867457875756
MBB,MBB,2020,2,,,,0.8913789727801572,8.206320595514688,,,,,,,0.005667601430213866
MBB,MBB,2020,1,,,,0.8918786626878729,8.248868214727839,,,,,,,0.004382616140175792
MBB,MBB,2019,4,,,,0.9030692141797964,9.31663977072149,,,,,,,0.004681815726756755
MBB,MBB,2019,3,,,,0.9051860274995964,9.546968697000263,,,,,,,0.005563455747739026
MBB,MBB,2019,2,,,,0.9116844531287499,10.323034679928316,,,,,,,0.004967780243784553
MBB,MBB,2019,1,,,,0.9057160606400114,9.606260268590045,,,,,,,0.005043034698243438
MBB,MBB,2018,4,,,,0.9056939098434227,9.603769049694352,,,,,,,0.0038319511200062776
MBB,MBB,2018,3,,,,0.9034241287859059,9.354553238076946,,,,,,,0.005121539854304677
MBB,MBB,2018,2,,,,0.9059704648114247,9.63495632510052,,,,,,,0.004476045878803997
MBB,MBB,2018,1,,,,0.901912207739277,9.19494859606935,,,,,,,0.004896153206772572
MBB,MBB,2017,4,,,,0.9056920643658845,9.603561548411768,,,,,,,0.000949993830083468
MBB,MBB,2017,3,,,,0.9025030663549343,9.256732828546856,,,,,,,0.00409209039362242
MBB,MBB,2017,2,,,,0.9011414949967375,9.115467556048904,,,,,,,0.004010639116218498
MBB,MBB,2017,1,,,,0.894799148391252,8.505626472674336,,,,,,,0.0035576966542369883
MBB,MBB,2016,4,,,,0.8962436524056763,8.637964550466771,,,,,,,0.0024991366140049986
MBB,MBB,2016,3,,,,0.8926921879150821,8.318986013885471,,,,,,,0.003063544234753262
MBB,MBB,2016,2,,,,0.8970333621316637,8.711883583872119,,,,,,,0.0033525257939895584
MBB,MBB,2016,1,,,,0.8950995439088558,8.748376418919207,,,,,,,0.003089449880212266
MBB,MBB,2015,4,,,,0.8951192455091553,8.757397674864404,,,,,,,0.0022031017427534684
MBB,MBB,2015,3,,,,0.8906588102612488,8.364304577281944,,,,,,,0.0027467075969471845
MBB,MBB,2015,2,,,,0.910142116412554,10.12868409622447,,,,,,,0.004002505441700044
MBB,MBB,2015,1,,,,0.9100899593355215,10.468975751268541,,,,,,,0.0031465831900520332
MBB,MBB,2014,4,,,,0.9144681442472931,10.691550372661615,,,,,,,0.002922779041499747
MBB,MBB,2014,3,,,,0.9077724753414712,9.842750075993985,,,,,,,0.003067889229353845
MBB,MBB,2014,2,,,,0.9107284828518741,10.201781172159615,,,,,,,0.003723611917142811
MBB,MBB,2014,1,,,,0.9107286957146554,10.20180788222411,,,,,,,0.0034822676923567807
MBB,MBB,2013,4,,,,0.9129793645269286,10.491527205744784,,,,,,,0.002630366377394817
MBB,MBB,2013,3,,,,0.908557100742451,9.93578624605393,,,,,,,0.0026256819590023076
MBB,MBB,2013,2,,,,0.9132533586721572,10.527823840702785,,,,,,,0.004191839713800468
MBB,MBB,2013,1,,,,0.9132684344175267,10.52982761563432,,,,,,,0.00368384810594146
MBB,MBB,2012,4,,,,0.9229527697353145,11.979051895371615,,,,,,,0.001543989280019643
MBB,MBB,2012,2,,,,0.9093226095107682,10.028107388233153,,,,,,,0.004766276365372116
MBB,MBB,2012,1,,,,0.9048315996907419,9.507689493050341,,,,,,,0.004723212061818774
MBB,MBB,2011,4,,,,0.9175305244114595,11.125698543170497,,,,,,,0.005002368716064906
MBB,MBB,2011,3,,,,0.9053072857024295,9.560474556231577,,,,,,,0.004488885170220681
MBB,MBB,2011,2,,,,0.9103200448905064,10.15076383322297,,,,,,,0.002068400930931741
ACB,ACB,2025,4,,,,0.9078620584895634,9.853292179169513,,,,,,,0.0027145144565547245
ACB,ACB,2025,3,,,,0.9036259771101208,9.376240090575449,,,,,,,0.00451277499185767
ACB,ACB,2025,2,,,,0.9065808681525882,9.704445440933581,,,,,,,0.005228647487328414
ACB,ACB,2025,1,,,,0.9023471335696273,9.24035480528375,,,,,,,0.004125121599997913
ACB,ACB,2024,4,,,,0.9034014732655069,9.352124755986814,,,,,,,0.005260803238008257
ACB,ACB,2024,3,,,,0.8985657590023697,8.858603861622646,,,,,,,0.0049786856690727625
ACB,ACB,2024,2,,,,0.9028261039314197,9.290829538153455,,,,,,,0.005805786232618884
ACB,ACB,2024,1,,,,0.8971663124459602,8.72443976079817,,,,,,,0.005369764761944172
ACB,ACB,2023,4,,,,0.9012847869393185,9.13015085511984,,,,,,,0.0055736076221352855
ACB,ACB,2023,3,,,,0.8969556438778892,8.704558673887666,,,,,,,0.006225932346467757
ACB,ACB,2023,2,,,,0.9003520976459454,9.035334175394313,,,,,,,0.006127576242424688
ACB,ACB,2023,1,,,,0.8976967301698564,8.774858630230705,,,,,,,0.006765166660642411
ACB,ACB,2022,4,,,,0.9038640424185106,9.401935188010718,,,,,,,0.0047222161240222365
ACB,ACB,2022,3,,,,0.9006712389732959,9.067577503872764,,,,,,,0.006392629241768466
ACB,ACB,2022,2,,,,0.9042440425322896,9.443214463572229,,,,,,,0.0072519434442177315
ACB,ACB,2022,1,,,,0.9088157182387742,9.966802399327864,,,,,,,0.006218896061396662
ACB,ACB,2021,4,,,,0.9149233306851593,10.754103775493721,,,,,,,0.004601427246110855
ACB,ACB,2021,3,,,,0.9113651988742213,10.282250169218893,,,,,,,0.004386765288219137
ACB,ACB,2021,2,,,,0.9143171026027459,10.670940530449975,,,,,,,0.00549197940589469
ACB,ACB,2021,1,,,,0.915621597469691,10.851373929967398,,,,,,,0.005524626498781802
ACB,ACB,2020,4,,,,0.9202570024368923,11.540286050930199,,,,,,,0.005735366349901918
ACB,ACB,2020,3,,,,0.9213872227760487,11.720578451912587,,,,,,,0.004954221726241453
ACB,ACB,2020,2,,,,0.9222895141607119,11.868276258986272,,,,,,,0.003835198581552061
ACB,ACB,2020,1,,,,0.9240767561459899,12.171196977869682,,,,,,,0.003967652711216446
ACB,ACB,2019,4,,,,0.927636343830069,12.819091695031371,,,,,,,0.004039589758444532
ACB,ACB,2019,3,,,,0.9291846142656097,13.121225064715937,,,,,,,0.004325292100973313
ACB,ACB,2019,2,,,,0.9320857433886837,13.724448884468446,,,,,,,0.004367558523578218
ACB,ACB,2019,1,,,,0.9333434487991662,14.002276325203738,,,,,,,0.004067535183398074
ACB,ACB,2018,4,,,,0.936180450730754,14.669179921361312,,,,,,,0.004145439421342834
ACB,ACB,2018,3,,,,0.9375953769779726,15.02445382366979,,,,,,,0.004186427266219053
ACB,ACB,2018,2,,,,0.9409008490641237,15.920716865882207,,,,,,,0.00425176966915577
ACB,ACB,2018,1,,,,0.9427148135795765,16.456519957199227,,,,,,,0.003816795802448397
ACB,ACB,2017,4,,,,0.9436161170501048,16.735564627371218,,,,,,,0.0020794459130972325
ACB,ACB,2017,3,,,,0.9429322209475204,16.52302291421571,,,,,,,0.0020231920652073495
ACB,ACB,2017,2,,,,0.9440106061247305,16.860525552888692,,,,,,,0.001888145030218284
ACB,ACB,2017,1,,,,0.9421315057920765,16.280560237267714,,,,,,,0.0019009794624478716
ACB,ACB,2016,4,,,,0.939820852349848,15.61705157097676,,,,,,,0.0014051513509169174
ACB,ACB,2016,3,,,,0.9400296814456142,15.674915593338394,,,,,,,0.0014585858500236939
ACB,ACB,2016,2,,,,0.9396411564159943,15.567580500581142,,,,,,,0.0015900709327731368
ACB,ACB,2016,1,,,,0.9375636492782565,15.016310825990509,,,,,,,0.0014784350847822788
ACB,ACB,2015,4,,,,0.9365247027796033,14.754160181839481,,,,,,,0.0008720670568955453
ACB,ACB,2015,3,,,,0.9346360771748737,14.298959376648579,,,,,,,0.0014716971527854736
ACB,ACB,2015,2,,,,0.934867070676154,14.353217034473047,,,,,,,0.001529797073954581
ACB,ACB,2015,1,,,,0.9323058979104387,13.772335685566393,,,,,,,0.0014986500783185795
ACB,ACB,2014,4,,,,0.9309764556183304,13.487810050298844,,,,,,,0.0006365577961791399
ACB,ACB,2014,3,,,,0.930274812144097,13.342019444488862,,,,,,,0.0014728062011611083
ACB,ACB,2014,2,,,,0.9307808092330985,13.446860602105867,,,,,,,0.0018232809201783363
ACB,ACB,2014,1,,,,0.9263988893233738,12.586751487944234,,,,,,,0.001441935793929959
ACB,ACB,2013,4,,,,0.9250189516221364,12.336703362168866,,,,,,,-0.0017580066742671871
ACB,ACB,2013,3,,,,0.9201696589579791,11.526565550729917,,,,,,,0.0024976902053315047
ACB,ACB,2013,2,,,,0.9263315528951267,12.574332557552285,,,,,,,0.0024274049481154344
ACB,ACB,2013,1,,,,0.9265318861339835,12.611347118883385,,,,,,,0.0017453814187932289
ACB,ACB,2008,3,,,,0.9336166752772935,14.064024047863775,,,,,,,0.0026967192996543154
VIC,VIC,2025,4,1.1156547014083138,0.7470933779069804,0.12411424199358745,0.8649478132299867,6.404545042302404,-2.3521299251093537,0.577778212778511,1.5755064705097808,0.840374708779813,0.021949835425051602,0.01724413465443992,0.0031934545065778483
VIC,VIC,2025,3,1.0586946109956834,0.7004358264522168,0.12932637956890847,0.8511735311835076,5.719234877722124,-1.445807750346233,0.232274883276251,6.8295345230086655,0.21111804981963952,0.07730497093619505,0.011997326059978702,0.002780972998780898
VIC,VIC,2025,2,1.0327375992148533,0.7411900224588617,0.14591246507265865,0.8343915459499269,5.038339079583714,-1.4960546746795889,0.2879094779606935,5.474259792489799,0.25125526450873453,0.049470268601926964,0.011887747533228632,0.00239662707278221
VIC,VIC,2025,1,0.8445085333599903,0.5610449745556968,0.073726239894347,0.8087473859495041,4.228686703000949,-2.2096740652832993,0.5190948470409201,2.137251330699506,0.464460762481456,0.026688633191760153,0.0163788501196997,0.002724826999942794
VIC,VIC,2024,4,0.7846549710143861,0.5331796875327781,0.08427278213209137,0.816120292472506,4.438337995237882,-1.787164084327618,0.41681826014746903,3.057750683734582,0.33973584049657607,0.01942829020282352,0.014781805291195252,0.0014433532949941306
VIC,VIC,2024,3,0.9013177716256312,0.6038696739022797,0.05748206779080617,0.7924671048930955,3.8185132264688897,-1.839010724879767,0.355741950810263,3.4601528110962962,0.3363962295414814,0.032059036674564466,0.013030959614256108,0.002545770477063235
VIC,VIC,2024,2,0.8469229215218677,0.561055560023935,0.06891451618057835,0.7752492754118181,3.449373864455088,-1.7341018995922928,0.2969799723814431,3.9757985862206433,0.22956923762060563,0.017125594719261984,0.013501504523724468,0.001003803762874957
VIC,VIC,2024,1,0.8875888302291403,0.6092562763959899,0.0675817162825952,0.7726738102417883,3.398965209699851,-1.5163601345665843,0.21584876416288643,8.176560049997926,0.12363391179981374,0.06141527139266542,0.010553526533765439,0.0019238825882646935
VIC,VIC,2023,4,0.8860515941242995,0.6209554047772484,0.07574823570144526,0.7789459349702095,3.5237801886395266,-1.242741446178738,0.2950769926272591,6.0303440250268965,0.17185944600106945,0.018035332946474837,0.009983962879034896,0.0007387341511228164
VIC,VIC,2023,3,0.8644134383220382,0.5979801854866146,0.0489655461819319,0.7650375928217735,3.2559999789305363,-1.8130492444198982,0.3941728985036787,3.170589097259013,0.3242694650722796,0.011830923335838692,0.015957649414859842,0.0009070666436334749
VIC,VIC,2023,2,0.8238325525958354,0.5516595287333955,0.054422294598046504,0.7701804574356432,3.351240059230247,-2.1380264328047,0.39723176644636843,3.0542120243973034,0.32927227243492946,0.008456984464838281,0.011399166549309886,0.0006675404883896947
VIC,VIC,2023,1,0.923379238406875,0.6081768762723522,0.05518951174895219,0.7716247846110492,3.3787588696824136,-2.2799943208577305,0.3464649914986389,3.829821877596589,0.28783408476072625,0.015120584394960652,0.01272586091253862,0.0009870523078565265
VIC,VIC,2022,4,0.9179599481629576,0.5682499966338072,0.08837992907953593,0.7640720649176179,3.238582428362358,-2.3387930100610705,0.2734951988803848,2.852877125924514,0.33494663388178814,0.009967024270927506,0.012019160369382232,0.0007138409813835173
VIC,VIC,2022,3,0.9409131016284035,0.6208841645051784,0.09237538542949411,0.7530011307267312,3.0486015298055618,-2.729479975870417,0.2508274399915777,4.5042345867541265,0.250817945043364,0.017616718685134928,0.014920245560613901,0.0009113974352625381
VIC,VIC,2022,2,0.9749353535644802,0.6498426069957117,0.15980889334801113,0.7503700601685501,3.005929740139344,-1.4224852388591405,0.21084065223449713,7.801800341847085,0.11803067815050229,0.041326035554816384,0.009920749817857432,0.0010456824615991509
VIC,VIC,2022,1,1.141841159363229,0.7746151042368115,0.10267365621620105,0.6951321860901535,2.280110114528893,-2.4050736038371205,0.33062253679502007,4.585353430347728,0.14345770230795615,0.028088953206746866,0.007477757890577487,0.0011601038441241272
VIC,VIC,2021,4,1.130886609387305,0.7634504773788217,0.13606064356887185,0.6275738957322246,1.6850964219226616,1.4870203759674485,0.4939838474699405,2.1575048872787272,0.26413551236649574,-0.26841130371950916,-0.008911391796744059,-0.021643697588911555
VIC,VIC,2021,3,1.2169630431312575,0.8258474737886982,0.14343474622599522,0.6210883727678453,1.6391378045184979,-2.2337106538071008,0.3175897168334677,2.7827464976180756,0.24403417570064445,0.008537114576422578,0.013840390983786342,0.0005928607883113994
VIC,VIC,2021,2,1.05220753609146,0.682534933836471,0.1462486329593922,0.6553569143255681,1.9015524801349213,-2.377513522330902,0.4581594075713161,1.732220749086905,0.29550445450272744,0.016066395035494216,0.014890006123145847,0.0014358940276050648
VIC,VIC,2021,1,1.0018789645021313,0.6069629412498717,0.1417781397355559,0.6670710658427623,2.0036440134930236,-2.0295103510923176,0.3117479354942304,2.557053038579495,0.18629605282714826,0.037249176530294525,0.01308056264935339,0.0020667708581683744
VIC,VIC,2020,4,0.9414862237794802,0.6079572167122917,0.16130484225452552,0.6800204804614143,2.1252000173073946,-2.552538124239359,0.5190830223954251,1.5567495068240642,0.2863868711939342,0.04329742043826043,0.016397509417312935,0.0036556487549484814
VIC,VIC,2020,3,0.9970667092169156,0.5943009335805601,0.16523500277614406,0.7103522495842394,2.452469416954211,-2.201357841914921,0.40109515501842163,1.6334994611251332,0.2975493132786471,0.03997188483798865,0.015377062297350641,0.0033383803870478414
VIC,VIC,2020,2,0.9646392558036131,0.524041502544819,0.13993041456247507,0.7104356989248711,2.453464381786984,-1.8764269194677954,0.23486992133167878,2.674209856827668,0.19548883475412335,0.03836716937143916,0.013500078105678886,0.002097948194212412
VIC,VIC,2020,1,1.000878116872435,0.542596240155679,0.05818349301290572,0.7047665668395782,2.3871502603725347,-2.309576787222445,0.15445997550276572,3.9325523021591064,0.13473221180321002,0.03288092268815549,0.014618133806485622,0.0012217463717054575
VIC,VIC,2019,4,1.0973647644465916,0.6322481465752985,0.10069182075909733,0.7048246332657918,2.3878165751563336,-3.995725967667932,0.3432664488711692,1.7832356638939086,0.35126945552725924,0.09402654693398221,0.02041964280082747,0.008785536221045973
VIC,VIC,2019,3,1.0998592456771834,0.5827894410020678,0.10931165198119464,0.648873263668729,1.847974524664361,-2.148571898794308,0.2595536075339056,2.0367685186640117,0.3973833195546377,0.022540661384766264,0.013325121430909031,0.0019924708776596764
VIC,VIC,2019,2,1.3021937630824512,0.9035259610250822,0.18753266734119212,0.6269567554504802,1.6806543600798394,-4.417785713652943,0.5282028204594238,1.8699767370383897,0.49594752606952297,0.06096256842161799,0.018764154922261248,0.007066463628017889
VIC,VIC,2019,1,1.2418060549675567,0.7896899223810292,0.060047797398568026,0.6741021296420616,2.068445948731378,-2.3770893305365193,0.30417472586075406,3.595481578518974,0.42855402947821924,0.04627074798930845,0.010595404146895407,0.003214483432855577
VIC,VIC,2018,4,1.1969006794587242,0.7079242732113664,0.12251638018055773,0.6573597159064503,1.9185126397075187,-7.467864025847653,0.5552823182650913,1.2800283739073284,0.7985164289645884,0.08697707316377899,0.021873868953643356,0.011355932624431053
VIC,VIC,2018,3,1.1716367914092087,0.7578651419560499,0.14508314629970284,0.6342308658278861,1.7339649701810176,-3.495610499607286,0.3717474830654237,2.3597605753381434,0.5471487919950974,0.06560812111202435,0.013744979381986233,0.005737327668173692
VIC,VIC,2018,2,1.037459060888571,0.5445340119812908,0.12009492037743967,0.6506634691895817,1.8625692185129383,-4.40595905766709,0.44221672281953056,1.0773517462714526,0.7938931670083563,0.022840757355634234,0.018464896331432643,0.0029574054457165446
VIC,VIC,2018,1,0.7750082200990713,0.372225892138232,0.060425848300785845,0.7340937062116701,2.7607233200581285,-3.6695775503745622,0.4306151019779765,0.9856061297987441,0.76581099555147,0.036280510248518506,0.016313758765737128,0.004615547838926973
VIC,VIC,2017,4,0.8048966300925217,0.41353813938725015,0.06894102186145537,0.7565513712880203,3.107642771662865,-8.193791425179228,0.49148641371410795,0.8731308549176892,0.9310426416442408,0.08062900804316207,0.021139779973001146,0.012454807479007606
VIC,VIC,2017,3,0.8792621984361766,0.42197167301732724,0.060705001280012084,0.7573993262315887,3.1220000936790826,-2.572907931603312,0.2859860183595415,1.2585164886719373,0.7340590200659215,0.04109057320967594,0.014254919487581418,0.004405497378260727
VIC,VIC,2017,2,0.8266990208309912,0.36016455388309726,0.08464823528951716,0.7762190184934178,3.468654991445672,-3.11151584936047,0.2634962583426929,1.0770368898469975,0.691627894618424,0.06214602742058232,0.014411792377618981,0.0064305440436421436
VIC,VIC,2017,1,0.8797315314202294,0.38300203035047514,0.13384865140968286,0.7695262621196378,3.3388891471838558,-2.6690825510836973,0.19712255259496916,1.1647321961945956,0.5713864821856091,0.04060952681866856,0.010645754949422406,0.0032842383994294813
VIC,VIC,2016,4,0.7263916617605215,0.39617399644323764,0.10246769719374753,0.7520582022171367,3.033204602621123,-1.8873774806499912,0.5149155228944131,0.8744346848869544,0.951044770802732,0.017185353623815517,0.01866520297116773,0.002282997519601721
VIC,VIC,2016,3,1.0026844413926288,0.5506598569777564,0.11522327115383499,0.7581040466807,3.134008801213845,-1.8919829897857563,0.19134489193651413,2.1696399575473206,0.4512609683495887,0.021235276904908312,0.006525900488078371,0.0013055467968491501
VIC,VIC,2016,2,1.0724090286972507,0.6079352766122567,0.06703117459925953,0.7196977046514235,2.5675769217530893,-3.3359051135666817,0.20229639881869443,2.4429968894265257,0.39977409521887625,0.17031176899936779,0.016782422500651498,0.00997960517263626
VIC,VIC,2016,1,1.0565751286307363,0.6647688117153403,0.07214674642006944,0.7248268599248545,2.634075621359395,-3.925460590998844,0.3917702201706808,1.1060155965564489,0.6981232392965987,0.08750006101300382,0.01950931681450052,0.008658743347817298
VIC,VIC,2015,4,1.0162233603515478,0.6029436635641188,0.11678433845620398,0.7435674230948736,2.8996605348234477,-2.14562148783569,0.36289506049759246,0.9453880978535493,0.7291874759710021,0.02929184233510937,0.012341101014124762,0.00288130381646372
VIC,VIC,2015,3,1.1142899599971512,0.6996644885032215,0.18158435318950333,0.7489158266685418,2.9827281295021812,-2.551153392641886,0.20038705564172768,1.5296850611647137,0.5382806201992661,0.042123944402529416,0.007323862281497344,0.0024254355428759942
VIC,VIC,2015,2,1.2444216446996084,0.7160635972553842,0.22216715340782273,0.7221154313192557,2.598616521771955,-1.9777420845222629,0.18573756555569165,1.3788762997125934,0.4771255832924816,0.055586311346010345,0.010456837010906451,0.003030538239408752
VIC,VIC,2015,1,1.338817659175155,0.7848139462665845,0.1856508950076157,0.7090281244851612,3.2699698461618683,-2.2790966770084675,0.2522103734784326,1.0657844497404494,0.24897010518969706,0.05666482345435475,0.01283143350132864,0.0037206689863834006
VIC,VIC,2014,4,1.6025549435146054,0.9974462764754122,0.38569767379446923,0.6985343670908459,3.0958081062733847,-1.9418849276544703,0.3263031097332682,0.47253009850489036,0.22964733696853562,0.05538340965612945,0.014122002162407958,0.0038030034204607753
VIC,VIC,2014,3,1.9571449131074539,1.228234197325783,0.2789304405942018,0.6703117110076259,3.011783727696694,-2.99338847729125,0.3547159392492605,0.5939133635618673,0.3519267327725131,0.1604354481054793,0.02895305033086695,0.014839704690847244
VIC,VIC,2014,2,1.6965355727607958,1.0997525067199065,0.2652943963273489,0.714070043010225,3.4259258733391,-3.246855292602208,0.31724315096216504,0.5669036469986385,0.49690798026776445,0.14934133010048756,0.02857976433780925,0.013658465335760992
VIC,VIC,2014,1,1.6977743130080585,0.9856432312730089,0.3439691652400419,0.7299846412956794,3.676137772477131,-4.021243224055879,0.22357214821191204,0.49969119575365983,0.3927156234710076,0.17300648209492256,0.02630163657863499,0.013642326853550936
VIC,VIC,2013,4,1.7355619505521116,0.9901472716230592,0.35278082601045885,0.7502653245856671,3.16772956172638,-3.8821300743060205,0.29075273469856916,0.9951475323919319,0.47849913054716076,0.1584391095756297,0.02481385832393001,0.014319844898758899
VIC,VIC,2013,3,1.1100628443469867,0.4928205053150381,0.2321551983790336,0.7287710382348394,2.7367181666655864,-13.460819910248896,0.30790761759250324,0.4143168974091202,0.7514497447314656,0.23751257860117606,0.04950020448094233,0.032666598201177365
VIC,VIC,2013,2,1.2206266437549547,0.44621017408323355,0.09239461925062462,0.7428851982535307,2.970874631771324,-14.541817008855118,0.05934608736793087,1.5344977200483152,0.16324730829981215,1.7579524377895446,0.09326584946589961,0.06448265952270096
VIC,VIC,2013,1,1.0594391442353133,0.3878481073684132,0.14105156092115081,0.8037807477080727,4.361323456544275,-2.0176937487012134,0.02308792969108081,3.6947969766639774,0.08619286004182516,0.26904044520431536,0.014592846437158047,0.004497291664477055
VIC,VIC,2008,2,10.9050630458269,10.862691165914116,1.4420550759929796,0.6423616933655322,1.9109727404863646,-6.338037341636329,1.0113086369677633,11.059000933118002,0.14649280786739863,0.5998970874663786,0.010299059554495794,0.0072331648778221295
VHM,VHM,2025,4,1.4509622905818442,1.0601505934828548,0.14470523803712113,0.6847489809149601,2.1720753921821485,-12.830839181355765,0.5143663325967329,2.0892863584702046,4.670411113207816,0.26015063343846667,0.04549220634357022,0.03407787198571371
VHM,VHM,2025,3,1.324516861453609,0.9430673637067392,0.14800208696490952,0.6942073168902275,2.2701894297484655,-3.00818891978356,0.11102165115017068,13.30137249929537,0.9061942233607004,0.27013694055020315,0.010568635463258189,0.005773585391489486
VHM,VHM,2025,2,1.3527603901664302,1.0715840566970847,0.1697313273225694,0.6474405121840698,1.8364007623079366,-4.6816869961528385,0.18342179144458812,11.291966818798732,1.0908917338177304,0.433486951567384,0.017568652663680365,0.012580777223579422
VHM,VHM,2025,1,1.0940341710395323,0.8594029089461555,0.09048621497986542,0.6021467614636201,1.5134896568362597,-2.0543619297331692,0.18912352933186366,9.509618951355138,1.0845224535263642,0.16894177743454752,0.013323153332538635,0.004723093847252166
VHM,VHM,2024,4,1.0249401348594065,0.8283599752768346,0.10332777748447447,0.6087552056917311,1.555944550694985,-6.4676851226345775,0.3590629478731597,5.195554108832316,2.2167330817338913,0.44649480544806686,0.03407352015570957,0.025650850599146388
VHM,VHM,2024,3,1.2277989607304924,0.9924267644242821,0.08363556303147297,0.5883892226311335,1.429479632171648,-8.184535040833348,0.4061727799202019,5.614981834546094,1.9203782073761042,0.26948599264739204,0.02352833080106799,0.017115280769798905
VHM,VHM,2024,2,1.1394011640500423,0.8818342017979668,0.07536673381071163,0.5806421923346365,1.3845985020934048,-7.043167038607781,0.33531194118900415,5.138249821218152,2.31281471197003,0.37764717309000867,0.029152338528429328,0.02171621874299081
VHM,VHM,2024,1,1.187560353547448,0.914000411657292,0.0443057185047842,0.5775614492046104,1.3672081965936755,-2.3285516364171888,0.10945376275425074,18.625365400262396,0.7483239675892792,0.11012262396207327,0.005344460284842023,0.0019467573672083153
VHM,VHM,2023,4,1.1225581638838251,0.8778164271078543,0.0659009656738029,0.5923435898188804,1.4530461806198633,-2.3050816362160407,0.1492063998136681,14.556627271782391,0.7414073156038727,0.10248257675471878,0.005223868799798398,0.001992463460855585
VHM,VHM,2023,3,1.0957860448853005,0.8146832667991433,0.014826907603257077,0.5663132118759578,1.305811538150851,-20.831594170932558,0.32205065207966893,3.72249313365421,2.715325134776341,0.327695501010234,0.03578204445941729,0.025713491572263013
VHM,VHM,2023,2,1.0270093127985807,0.7259767956888574,0.02755066264777835,0.5651178825200706,1.299473718981217,-19.611344813116105,0.3496809229591644,3.308843973188435,3.2304773996696206,0.29892704743695137,0.034036032730979965,0.02491284746093595
VHM,VHM,2023,1,1.0764334094576267,0.7566127187898894,0.009906487628966598,0.5751882134453901,1.3539836502899127,-23.07077879959648,0.37136997127080923,4.000152055270163,3.197470556175558,0.4069446150539086,0.04172706011596522,0.03157363849039944
VHM,VHM,2022,4,0.989675319689166,0.6376635949488567,0.057782354148054556,0.5891405906924021,1.4339225957737052,-29.207063816886464,0.244546805856272,2.4789122966419637,3.3737871774693513,0.28700012416119464,0.035740201641014206,0.024785147686943117
VHM,VHM,2022,3,1.0022520250732574,0.6967218540514721,0.08239828603985669,0.5897797641030054,1.4377149455179428,-27.153068886036465,0.1556489063701346,4.593886154836203,2.008997283404667,0.8186061148336575,0.05759116811103848,0.04266721650858297
VHM,VHM,2022,2,1.0489449419844246,0.7181175539692748,0.17221210868489417,0.5941505834452844,1.463968061083026,-3.360463076957806,0.04277532947347101,13.411409759584972,0.542665756080602,0.1673715941800755,0.006064602556152854,0.002344755570206239
VHM,VHM,2022,1,1.342642581998854,0.9207444663333254,0.0796386637624414,0.4184031708249555,0.7194041470591095,-13.36023596416436,0.1696195209307272,4.935357018386304,1.200761297106234,0.5294942897902054,0.027191514520116603,0.020195267633050247
VHM,VHM,2021,4,1.2148987576399528,0.8344076264954127,0.06424603327664125,0.42843294031995954,0.7495759824924018,-23.65589595709465,0.32604278181002455,1.6199949429739158,3.140358357826407,0.5119508973017947,0.06401303243693239,0.052019838633135494
VHM,VHM,2021,3,1.2603947927292292,0.8668518007113607,0.05540709096502664,0.4557323411028065,0.8373312903181147,-28.490453035463,0.21977070195082274,2.43600308403025,3.485946094470376,0.5413640914930263,0.0651702734195202,0.050970529133967366
VHM,VHM,2021,2,1.0717985301484014,0.693420541862047,0.08868614063795945,0.5283492192224527,1.1202127522219603,-22.99219437492143,0.3785258174921522,1.5290023744320924,4.629084139254283,0.3784490660757477,0.06679114945749479,0.05028371588258929
VHM,VHM,2021,1,1.0083246438477826,0.5619353753167803,0.08305671421617349,0.5445450474047876,1.1956068197347156,-12.913975438850203,0.16270839839534443,2.6421319744185494,2.2237764764425716,0.42180625161273977,0.0369722073655711,0.026371569685057494
VHM,VHM,2020,4,1.0069249103056241,0.5798692075449475,0.12318177969012331,0.5827368936512161,1.3965694181553523,-26.076241802524223,0.3285319349390524,1.5816251589054873,3.4429398210574043,0.5373536380925233,0.07183400524728369,0.053780993900398755
VHM,VHM,2020,3,1.19204579187624,0.7782718928101686,0.11435036582233618,0.6427458410238498,1.7991276654857884,-7.8929673610951605,0.3542806832588191,1.7695625140564057,9.34683315203849,0.23208672052746507,0.03895939659897724,0.02787302616060734
VHM,VHM,2020,2,1.133433541891108,0.6637313436605965,0.09510198430666465,0.662858586340608,1.9661143943896557,-7.673190463543689,0.16990186994972273,3.2742982283985045,5.7593340245081,0.20860750190425514,0.02339223498871618,0.015197579179292013
VHM,VHM,2020,1,1.167693206912101,0.6586713094721739,0.036659144169972034,0.6436648691618244,1.8063469286561462,-17.37197944193057,0.057914430557865465,8.138733229599106,10.491778584245974,1.1726955539493658,0.05291387053566276,0.03765909248841281
VHM,VHM,2019,4,1.1054785221115273,0.6091257286445494,0.059737275498901746,0.6715724891254194,2.0448119201009276,-15.807257105859058,0.06932350322977791,3.7983911694810084,50.3575907122062,0.48354454850663636,0.04680474603118516,0.034784477220999796
VHM,VHM,2019,3,1.5147863135225041,0.8458792835562063,0.12141156204600094,0.6073071307985757,1.5465193753927553,-11.638715380687175,0.08315038444950561,3.8670398544967437,28.85214519534268,0.5631390785883188,0.05160440112053555,0.03799067168920879
VHM,VHM,2019,2,1.7967077032417804,1.3151674684715144,0.24421155976174322,0.5755371407622613,1.3559187293696926,-20.677639495491206,0.42043471202893695,2.3894949203724236,74.41793858650709,0.40793676436271253,0.07585359546108142,0.06131638354012051
VHM,VHM,2019,1,1.7610395537687085,1.0864329844104461,0.04350941890208381,0.6049272488075077,1.5311793764100106,-7.778384490979409,0.12223381600786334,8.08251615266539,26.898380462651474,0.4591202903307117,0.029995880441034618,0.020915430469173064
VHM,VHM,2018,4,1.959821390100681,1.2949798594601027,0.08562524844375195,0.591548879079702,1.4482733643792158,-6.382131243847247,0.5006300500961778,2.546331997387797,41.16678216526319,0.1559669645267677,0.04537595400006087,0.021712784648154283
VHM,VHM,2018,3,1.6816894809653387,1.0819162403934923,0.09261712322601649,0.6651445590631591,1.9863633011375077,-8.141845827065115,0.10996897858652252,8.058731480055586,17.385166640095367,0.5872698306801909,0.04228976208506895,0.029229442856591754
VHM,VHM,2018,2,1.2979454156478276,0.6940119548159075,0.07701589525553369,0.6375793951462639,1.759225018134869,-9.302362665300524,0.10065776411167002,5.479491207426841,50.620154786903804,0.79930261663025,0.046389599307547,0.03398637898214826
VHM,VHM,2018,1,1.3245659985098321,0.7757415529718809,0.04333884961929433,0.5960869011164591,1.475780069435993,-17.212862407019593,0.2938988582733615,1.6728625498434324,3.8416002183378897,0.3783976294248042,0.054588652146097275,0.042097342331389016
VHM,VHM,2017,4,1.297986030765336,0.7934907877359436,0.045629405987739506,0.8026699437072791,4.0676517241579875,3.1804087596718045,0.16516846930307713,7.667539791995599,2.383014806498669,-0.2973872929727213,-0.014177501696600894,-0.018729463831376837
VHM,VHM,2017,1,0.6273646243736742,0.3704780352797559,0.11166918055599742,0.7387090588118849,2.8271514330076024,-7.056314434298366,0.27032289112096153,1.9486391496557598,1.0519116257617505,0.22742358425520692,0.02722485393453799,0.019454017200584112
VHM,VHM,2016,4,0.498509751812633,0.3035329599816136,0.10512278587812743,0.8109969435689635,4.290919728405981,-12.789761622782153,1.086024039862791,0.4925496517622701,3.073199856684345,0.21613321834680316,0.0823462517979962,0.060076184255697565
VHM,VHM,2016,3,0.5865394608674627,0.30939831987216504,0.02611753631678836,0.8697317883266857,6.6764698551922494,-7.8772759972896305,0.06063830103050526,8.260306237485858,0.1720989355607835,0.5728074408341627,0.018350660029112696,0.014848205200249345
VHM,VHM,2016,2,0.4980273324513463,0.11453411016626709,0.011970343297327561,0.7640814860536598,3.2387516913041012,4.130120333265978,0.04359447478095703,2.768586631132993,0.1364681191710804,-0.856033875330962,-0.010576603816636785,-0.013240551318812596
VHM,VHM,2016,1,0.5263784095631168,0.21985170858014969,0.04150421425146032,0.7477464398546252,2.964265160117842,-4.89720180647283,0.043215927155632786,5.38063259970068,0.13207360582676625,1.0383997162300804,0.016691605764278552,0.013283209209695775
BID,BID,2025,4,,,,0.9478786187002056,18.185984236452803,,,,,,,0.003465311767679138
BID,BID,2025,3,,,,0.9453162985699748,17.286984491706875,,,,,,,0.001981435239158811
BID,BID,2025,2,,,,0.9456027184302516,17.383271574293566,,,,,,,0.002305818011615028
BID,BID,2025,1,,,,0.9454130764964109,17.319405744385843,,,,,,,0.0020850947677347425
BID,BID,2024,4,,,,0.9475110328255844,18.051622728203046,,,,,,,0.002878312969696266
BID,BID,2024,3,,,,0.946257506860177,17.60724989810723,,,,,,,0.0020240310170732898
BID,BID,2024,2,,,,0.9465634828997104,17.713794503545213,,,,,,,0.002589442367958864
BID,BID,2024,1,,,,0.9445973585013232,17.049680898768763,,,,,,,0.002540258892067914
BID,BID,2023,4,,,,0.9465767214450665,17.718431871824055,,,,,,,0.0026906234728857827
BID,BID,2023,3,,,,0.9441650456227987,16.909927771129745,,,,,,,0.002216717000298328
BID,BID,2023,2,,,,0.946275704561373,17.613552617779206,,,,,,,0.0026119736183932984
BID,BID,2023,1,,,,0.9478616401552068,18.179736435454146,,,,,,,0.0026385374430636928
BID,BID,2022,4,,,,0.9508586634387607,19.34946686388582,,,,,,,0.0019603573278872324
BID,BID,2022,3,,,,0.9507430995779572,19.301724051489295,,,,,,,0.0026131554686270706
BID,BID,2022,2,,,,0.9525499490666285,20.074792973440243,,,,,,,0.0026270167235210593
BID,BID,2022,1,,,,0.951378736043018,19.567132949994004,,,,,,,0.0019687483198408563
BID,BID,2021,4,,,,0.950982044525436,19.400687672885752,,,,,,,0.0013028919078041836
BID,BID,2021,3,,,,0.9490013893367745,18.6083773066604,,,,,,,0.0012582815413741254
BID,BID,2021,2,,,,0.9485193867204166,18.42478801814485,,,,,,,0.0022767405618346935
BID,BID,2021,1,,,,0.9472294832644061,17.94997551398805,,,,,,,0.0017458214029950144
BID,BID,2020,4,,,,0.9473992747550743,18.011144719843372,,,,,,,0.0011179877698450189
BID,BID,2020,3,,,,0.9445153327127054,17.022997143014138,,,,,,,0.0014811664948458166
BID,BID,2020,2,,,,0.9449212211801146,17.155812845272532,,,,,,,0.0014164769753383828
BID,BID,2020,1,,,,0.9451819491248276,17.242166294404097,,,,,,,0.0009988997009006118
BID,BID,2019,4,,,,0.9478115335589276,18.161321805252307,,,,,,,0.0020265326916562992
BID,BID,2019,3,,,,0.9583435805258206,23.005903834818195,,,,,,,0.001314841380588129
BID,BID,2019,2,,,,0.9589115176366048,23.337720511451067,,,,,,,0.0012472181277996181
BID,BID,2019,1,,,,0.9578146737533179,22.704925123784026,,,,,,,0.0015076854851567795
BID,BID,2018,4,,,,0.9583461258705666,23.007370764425044,,,,,,,0.0013138290196538565
BID,BID,2018,3,,,,0.9576479079812372,22.61158451292042,,,,,,,0.0014272398204300428
BID,BID,2018,2,,,,0.9580530678909559,22.839645707591394,,,,,,,0.0015653552747958252
BID,BID,2018,1,,,,0.9585936283237048,23.150872426537468,,,,,,,0.0016472725079870946
BID,BID,2017,4,,,,0.9592350906731321,23.5309021045928,,,,,,,0.0022886034612513576
BID,BID,2017,3,,,,0.9586679564645966,23.194303365219255,,,,,,,0.001317151243953566
BID,BID,2017,2,,,,0.956205160580633,21.833740533314504,,,,,,,0.0008894067240987844
BID,BID,2017,1,,,,0.9554193461857354,21.43125469102086,,,,,,,0.0018016244082233563
BID,BID,2016,4,,,,0.9560740520442457,21.76558723347938,,,,,,,0.0015539820679104268
BID,BID,2016,3,,,,0.9516896875194009,19.699514216588597,,,,,,,0.0020932778115885383
BID,BID,2016,2,,,,0.9522591234927736,19.94641056388301,,,,,,,0.0010873627804530433
BID,BID,2016,1,,,,0.9490510402117427,18.627486098950346,,,,,,,0.001958824918283038
BID,BID,2015,4,,,,0.9502452749630941,19.74947515143508,,,,,,,0.0021898797997147133
BID,BID,2015,3,,,,0.9491445234035862,18.795550382181457,,,,,,,0.0025659683063415277
BID,BID,2015,2,,,,0.9509932515119514,19.55620146389265,,,,,,,0.0008712116387652758
BID,BID,2015,1,,,,0.9467667303595152,17.96130146130275,,,,,,,0.0028163998452148606
BID,BID,2014,4,,,,0.9481786684292159,18.481141707585085,,,,,,,0.002240582722877897
BID,BID,2014,3,,,,0.9459456368019961,17.678906026119844,,,,,,,0.002647775256749181
BID,BID,2014,2,,,,0.9422207109007649,16.45537623181428,,,,,,,0.0006987354848155375
BID,BID,2014,1,,,,0.9410244488505595,16.0988315068941,,,,,,,0.002699312003393197
BID,BID,2013,4,,,,0.9410745467474775,16.095911899489767,,,,,,,0.0017308647735042298
BID,BID,2013,3,,,,0.9408477528411233,16.03091817274956,,,,,,,0.0021249092116305524
BID,BID,2013,2,,,,0.9455810312383283,17.508759075342393,,,,,,,0.0015968947886169018
BID,BID,2013,1,,,,0.9426416142521703,16.56098950699875,,,,,,,0.002357652262448477
CTG,CTG,2025,4,,,,0.9350936783486559,14.406819775917638,,,,,,,0.004008234203766284
CTG,CTG,2025,3,,,,0.9384834812704802,15.255796339790795,,,,,,,0.0030824935665191774
CTG,CTG,2025,2,,,,0.9372262438085556,14.930224040604593,,,,,,,0.0037367038922624276
CTG,CTG,2025,1,,,,0.9376555918284163,15.039930914859417,,,,,,,0.0022265956075843726
CTG,CTG,2024,4,,,,0.9377439960775316,15.06270780317618,,,,,,,0.004141117968992724
CTG,CTG,2024,3,,,,0.9367716754701871,14.815696642862783,,,,,,,0.0023286988518271116
CTG,CTG,2024,2,,,,0.9370914359705244,14.896086890990755,,,,,,,0.0025026687092257415
CTG,CTG,2024,1,,,,0.9371478909806283,14.910365071310327,,,,,,,0.0024078204408237596
CTG,CTG,2023,4,,,,0.9372405133428665,14.933846072756806,,,,,,,0.003022213888306807
CTG,CTG,2023,3,,,,0.9353902193674466,14.477532816388374,,,,,,,0.002062830590426595
CTG,CTG,2023,2,,,,0.9365302478416317,14.755536550778135,,,,,,,0.002829763025542497
CTG,CTG,2023,1,,,,0.9380770204269087,15.149093711158422,,,,,,,0.002648739675103231
CTG,CTG,2022,4,,,,0.9401362991934347,15.704613756360503,,,,,,,0.002362181654511456
CTG,CTG,2022,3,,,,0.9393938278944646,15.499969644323834,,,,,,,0.0018960953356769506
CTG,CTG,2022,2,,,,0.9392203908657051,15.45288632558432,,,,,,,0.0027679950768448956
CTG,CTG,2022,1,,,,0.9409180497236245,15.925643031791706,,,,,,,0.0028237223157834344
CTG,CTG,2021,4,,,,0.9388474991403087,15.352560990014235,,,,,,,0.0019495701956157468
CTG,CTG,2021,3,,,,0.93396834024816,14.144250557356834,,,,,,,0.001703012608200986
CTG,CTG,2021,2,,,,0.9366961453406405,14.796826360433165,,,,,,,0.001559019346914574
CTG,CTG,2021,1,,,,0.931668033087426,13.634438977578833,,,,,,,0.004814899990785534
CTG,CTG,2020,4,,,,0.9363385533057107,14.70809417514704,,,,,,,0.0040469864653125106
CTG,CTG,2020,3,,,,0.9339342158585305,14.136428228243805,,,,,,,0.0018566767207672172
CTG,CTG,2020,2,,,,0.934638378724438,14.299498092069038,,,,,,,0.0029125273238894455
CTG,CTG,2020,1,,,,0.9355407233964452,14.513670842915618,,,,,,,0.0019668048625690895
CTG,CTG,2019,4,,,,0.937656157290246,15.040076397850033,,,,,,,0.0021387722785155645
CTG,CTG,2019,3,,,,0.9377158264123463,15.055443018645517,,,,,,,0.0020937660209663276
CTG,CTG,2019,2,,,,0.9387586261470299,15.328830283932314,,,,,,,0.0014937347561097556
CTG,CTG,2019,1,,,,0.9388497553344786,15.353164332698624,,,,,,,0.00221411065422355
CTG,CTG,2018,4,,,,0.9420529515251975,16.257134337650285,,,,,,,-0.0007287912805105817
CTG,CTG,2018,3,,,,0.9403717731380051,15.770580857861585,,,,,,,0.001597345360009486
CTG,CTG,2018,2,,,,0.9403197779472295,15.755969827253313,,,,,,,0.0015896072714900987
CTG,CTG,2018,1,,,,0.9406048025314239,15.836378067924826,,,,,,,0.002190600625373831
CTG,CTG,2017,4,,,,0.9418410038482329,16.194244505019988,,,,,,,0.0014485567494892907
CTG,CTG,2017,3,,,,0.9413719774520538,16.056689899138203,,,,,,,0.0018372615341711053
CTG,CTG,2017,2,,,,0.941754670328363,16.168758519139406,,,,,,,0.0018171346743774137
CTG,CTG,2017,1,,,,0.9407893072287836,15.888841410180582,,,,,,,0.0020651833648191557
CTG,CTG,2016,4,,,,0.9336225947794641,14.065367449624542,,,,,,,0.0016561795407503907
CTG,CTG,2016,3,,,,0.931945173735952,13.694035014064525,,,,,,,0.0019753587579942563
CTG,CTG,2016,2,,,,0.9300038625524499,13.286502605223406,,,,,,,0.001753744752704066
CTG,CTG,2016,1,,,,0.9267209783530764,12.646470402105617,,,,,,,0.00242963260599996
CTG,CTG,2015,4,,,,0.9280162480209154,12.947966034769273,,,,,,,0.0016099212118396036
CTG,CTG,2015,3,,,,0.9213268870526405,11.762857693241646,,,,,,,0.002007617740583634
CTG,CTG,2015,2,,,,0.9203854380623555,11.609871504909137,,,,,,,0.00260612302738686
CTG,CTG,2015,1,,,,0.9124615210877249,10.465813594700064,,,,,,,0.0019324350123319596
CTG,CTG,2014,4,,,,0.9164490417609419,11.013679081387572,,,,,,,0.002195390082695173
CTG,CTG,2014,3,,,,0.9117323735677848,10.369220263436775,,,,,,,0.002015163962421342
CTG,CTG,2014,2,,,,0.9103437060758591,10.195148729550883,,,,,,,0.00315307705333896
CTG,CTG,2014,1,,,,0.9008388373760982,9.120352523516218,,,,,,,0.002040070181528811
CTG,CTG,2013,4,,,,0.9058103454725556,9.654742398459222,,,,,,,0.0008716300029508314
CTG,CTG,2013,3,,,,0.9048099392911781,9.5448751098166,,,,,,,0.004143086256607852
CTG,CTG,2013,2,,,,0.9078033060825126,9.846375911211771,,,,,,,0.003973117599747626
CTG,CTG,2013,1,,,,0.9302467126688575,13.420440826030784,,,,,,,0.002085549244694007
CTG,CTG,2012,2,,,,0.9239378715452767,12.229740447447536,,,,,,,0.0014215336178134595
CTG,CTG,2010,2,,,,0.9542061905117389,20.837012713614573,,,,,,,0.0022528976989420976
CTG,CTG,2009,2,,,,0.9378838210183797,15.098865326147836,,,,,,,0.001760316244766159
PNJ,PNJ,2025,4,2.7066622799084894,0.3977695639670532,0.07589426406735454,0.3417571573657572,0.5191961617054102,-46.42583111274418,0.45363614844864447,0.01628829316624446,11.224218852944489,0.1266663229731136,0.07710900163471257,0.06043635082112526
PNJ,PNJ,2025,3,3.103754546181562,0.6279416609734195,0.11585416374389114,0.2966847967550096,0.42183759911082636,-27.00420743971573,0.5224729314194202,0.031943159415224506,9.40697807959806,0.06093101949697839,0.038110835588233326,0.02907237565519511
PNJ,PNJ,2025,2,3.037195614366917,0.37887284945110883,0.06695316931163613,0.3022303692713513,0.43313775200526566,-17.753827092392555,0.4328633444428895,0.021940063211687667,8.885451491240564,0.05763272759565131,0.033815615153506666,0.025475278701085118
PNJ,PNJ,2025,1,2.808788590824723,0.39515499763791845,0.045231917416709434,0.3265929308380879,0.48498589604137754,-30.611261183076707,0.5535450843952623,0.03161695873053132,11.04995708238182,0.07033950559175894,0.05069576691530902,0.03890668652238673
PNJ,PNJ,2024,4,2.6410147444348775,0.44060290278013026,0.188948963056038,0.3459156947575045,0.5288549075172497,-39.75031146406327,0.5191924097089647,0.046748573628819984,10.01108336308416,0.08517669212069759,0.051512678167333105,0.04247361983177926
PNJ,PNJ,2024,3,3.0562901190771505,0.6064800194230727,0.3153698219017227,0.2966120390081041,0.4216905256522034,-50.39101473232813,0.5418756361137513,0.039032112015016274,8.26876000916007,0.03027306518507529,0.02168477038352518,0.01442508918745016
PNJ,PNJ,2024,2,5.142735489134612,0.7949263790752722,0.6882292959196227,0.1737321189876264,0.21026125180463684,-155.33159833751105,0.8239923947223453,0.020575793739340285,11.034208832645236,0.04500609276399497,0.041389930538037044,0.03303584814109906
PNJ,PNJ,2024,1,4.641630850846787,0.8121364523295802,0.6685826477295512,0.19234780633360157,0.2381567311300476,-65.16346946234157,1.0974663566197822,0.01415129561049926,14.522321573886174,0.058584759839386887,0.07326592687535191,0.05689036008515465
PNJ,PNJ,2023,4,2.808891845681374,0.4367956493661328,0.1942254742185865,0.32040163850260456,0.4714573440063135,-36.147358186669535,0.7317644527165673,0.0222350875424808,11.0572273815618,0.0647481224671031,0.05677853573649068,0.04379548745405095
PNJ,PNJ,2023,3,3.2192688789909902,0.5271680930002687,0.13431258900233722,0.2771442877379983,0.38340194735508476,-11.851045659762914,0.588853938935276,0.04922506911590221,7.880922491431289,0.036622104964271915,0.026209053313061226,0.019404973965265464
PNJ,PNJ,2023,2,2.8172136960832006,0.45493492168415783,0.11630579626883093,0.31859823790573094,0.4675629791835704,-14.221988738965699,0.5382970635881688,0.05744950752646366,7.589680460538459,0.05066380800930269,0.03476295919331585,0.025019830135919716
PNJ,PNJ,2023,1,3.1562540267123693,0.4584188876351219,0.1517641748167832,0.2835467608391046,0.39576450400474483,-28.69936836056358,0.808033850632966,0.032507313122664104,11.063521622902604,0.07642075390066769,0.07616184061059096,0.05834336936372891
PNJ,PNJ,2022,4,2.53166659823507,0.30697004923886345,0.18621322130282592,0.3553237117523324,0.5511660940999685,-18.861748081115095,0.6502740878168316,0.03525591865343773,9.408061045993659,0.05618163554645562,0.04687528293875678,0.03501353152113524
PNJ,PNJ,2022,3,2.697780794957694,0.4519487939224982,0.28414806518441177,0.33257813982190965,0.49830273724202967,-20.14286429027593,0.6584486081551452,0.029911133399132164,8.334520707893395,0.034257346621160555,0.027829920665101683,0.02024120869141843
PNJ,PNJ,2022,2,3.2566589762462947,0.586401123610907,0.4390597094470989,0.2713207443679479,0.3723459152581555,-37.840548473737854,0.8315502069877351,0.02123178432339313,9.070377536087596,0.04549386465400964,0.04446193108415953,0.033307929609256694
PNJ,PNJ,2022,1,3.0355540174573425,0.7953349938670594,0.7370495213063476,0.2981517164411641,0.4248093547074552,-30.58427760730687,1.1253256590132226,0.012964366117914518,11.341944130614785,0.07109265044800746,0.08274667948840903,0.06319541249944131
PNJ,PNJ,2021,4,2.0393659356679823,0.11800724090655343,0.07911198720773958,0.4295331120036306,0.7529501204044717,-18.033208622078902,0.672539290354224,0.015498249374007057,7.801118736562911,0.06440112957843012,0.056150461141071174,0.04334815557426045
PNJ,PNJ,2021,3,2.190677093229485,0.1048106648693698,0.05337398410730871,0.39367385002764665,0.6492773733173094,5.976902932048867,0.09601712588476922,0.14886519059745085,0.965881072896769,-0.1819091794816938,-0.01808003079546154,-0.017398892952760234
PNJ,PNJ,2021,2,2.2828629664161437,0.12164065352757454,0.07245886871682286,0.37673530604384864,0.6044547520452893,-13.988445834291268,0.48587866360954995,0.02359243437945425,4.841824251224329,0.04997456545711577,0.03206816577039028,0.02426607476033926
PNJ,PNJ,2021,1,2.8731376174787493,0.16865788543026136,0.08988138155785155,0.29292044254298855,0.4142680119284842,-29.470832118324505,0.912146635059872,0.016767261489277138,7.828592335761875,0.0713768478190777,0.08247797516986428,0.06300379101237712
PNJ,PNJ,2020,4,2.2103532550928615,0.18544444053892717,0.13063660773565774,0.382101534176621,0.6183888701964207,-19.398113717708377,0.7128696343573737,0.01717676611586948,6.271838114498824,0.07313111468420792,0.0665536080039161,0.05036931417777215
PNJ,PNJ,2020,3,2.134102591981002,0.14476555942518848,0.07304726732028677,0.39398915870721707,0.6501354957062039,-7.2953490352940955,0.5039682217111637,0.03884101519492012,4.214925638063244,0.0515213190167959,0.03667956176208905,0.024976495761773933
PNJ,PNJ,2020,2,1.9873919681081897,0.12542393885178663,0.06659881353779958,0.4240405574069706,0.7362333630609402,-1.964730640890405,0.35323686814982974,0.04719775505883401,2.9259896564865007,0.011534705547282474,0.010651668062097523,0.003878851992437286
PNJ,PNJ,2020,1,2.0898307127742175,0.14973465772660438,0.08895714495163366,0.4057364458861196,0.6827550555260321,-13.672423292565384,0.5997159267193197,0.02780922773169801,5.340146857610608,0.08163789559237933,0.06580666083445585,0.04866391863485235
PNJ,PNJ,2019,4,1.8242308989865814,0.07759811071777319,0.023696873717585675,0.4681547243418304,0.8802460899224483,-12.73940477214036,0.6124707442442159,0.026039946096298592,5.759836577868844,0.07231318340014829,0.06073541418302892,0.04474293492713752
PNJ,PNJ,2019,3,1.8308630761105387,0.14425600086628415,0.027572557112217254,0.45967194437066033,0.8507275155928443,-10.245248939410951,0.5398304542511925,0.0838754299410597,4.373147060615968,0.052870455555476,0.038950462060678315,0.02727584349292087
PNJ,PNJ,2019,2,2.201607104888407,0.16478635432107952,0.050204023550118736,0.3729356370110882,0.5947326287743172,-10.83257845873756,0.47143753794432836,0.07420056316198238,3.6555786371807044,0.05711051794425149,0.035460270260418154,0.025917662993972947
PNJ,PNJ,2019,1,2.415895642094824,0.201354849188707,0.04529258787395884,0.3432838185870964,0.522727821093935,-23.625343619644898,0.8041503016014799,0.05506216219703627,6.607627569626993,0.08963041059872495,0.09220321266306088,0.06969045932852436
PNJ,PNJ,2018,4,2.0768891573015456,0.1827789866106197,0.0813104941385525,0.4058062804005059,0.6829528266876207,-16.994546613906177,0.6722537476739282,0.04325950387683732,5.649194418373652,0.06534905574713402,0.05665972203531576,0.04212773909509939
PNJ,PNJ,2018,3,2.166666115740148,0.17699399282704684,0.05672892357025166,0.3829378617071192,0.6205823335175403,-15.439123472971978,0.618506139973932,0.054350438398057435,4.604078613431829,0.05639364789783411,0.04313894075380503,0.032417502106969365
PNJ,PNJ,2018,2,2.4221869724930247,0.1699316935542171,0.05535406414200643,0.349261847213153,0.536716413072457,-21.268820176029816,0.6693279009676338,0.039005699758617216,4.708259623120972,0.056080697816204415,0.04614902514380556,0.03487579601230026
PNJ,PNJ,2018,1,2.759095191598575,0.18858708682447775,0.05834974969971206,0.3176976846546754,0.4656259806093187,-32.0448208406999,0.933883991403131,0.02623653293572669,6.188884892230053,0.08123301586265068,0.09263458234800111,0.07172180628340315
PNJ,PNJ,2017,4,2.5576936998631883,0.32456824632357467,0.22003871894602403,0.34328482925921544,0.5227301645430011,-3.8999149053398354,0.7808484256538678,0.02634954720389963,6.612015238910832,0.06886062453732655,0.08303065222426095,0.04938121656017372
PNJ,PNJ,2017,3,2.6502190116399804,0.32627212279040085,0.08502663280491485,0.3285390232873652,0.4892898242513504,-16.02258982976096,0.6170432630262271,0.036689308066091844,5.575779701717144,0.05531540491438428,0.041488588988438296,0.031027482871993847
PNJ,PNJ,2017,2,1.7226907983381778,0.09716673717370478,0.022353157618544853,0.51265409279996,1.0519306415135887,-10.729242794499982,0.6745875629220862,0.03304495849129441,5.770212762502718,0.05498641351116697,0.05004495477494217,0.036210354986327985
PNJ,PNJ,2017,1,1.7405518362271903,0.14563576042067386,0.07096239916493842,0.5135820033422349,1.055844986968239,-18.012896573077573,0.9063247832310038,0.02662472150887191,7.583450232076312,0.07944471299601574,0.09159550814422635,0.06917474045631018
PNJ,PNJ,2016,4,1.5333984051521836,0.1328909188370678,0.07664313607914341,0.5824202146185802,1.3947519372533659,-9.045463432082219,0.7972177847065195,0.02578697174664492,6.359445354558563,0.035673186326933504,0.04536616399272406,0.02625034930862659
PNJ,PNJ,2016,3,1.6916177076235246,0.13478088438618244,0.05368098119608494,0.5098895017210985,1.0403562125513612,-9.231705355993611,0.6741937247858866,0.028552018314783614,5.327588998058522,0.056126276748455835,0.04840831166222315,0.0344438250445181
PNJ,PNJ,2016,2,1.6507740014076442,0.17632458873897092,0.07237083925709503,0.5271438382902488,1.114808013464823,-9.930297648323746,0.5668872630991779,0.046240154480743444,4.43350483059075,0.07507303722422531,0.05397706232590788,0.03878976987023588
PNJ,PNJ,2016,1,1.616229616386447,0.09877808167404138,0.022894966771684143,0.5150532238324759,1.0620819626905849,-8.276484588732295,0.8458809890542998,0.028664704806783816,4.838369892048446,0.053133222578112274,0.058288718321764646,0.04089687049485253
PNJ,PNJ,2015,4,1.5088706829866514,0.08729769286424266,0.025222536665221566,0.5310384021474253,1.1323707625082884,-1.0097634658985732,0.7771284195495234,0.024028546406060423,4.138016301632089,-6.782184730482598e-05,0.007200261989116281,-4.5856160781256536e-05
PNJ,PNJ,2015,3,1.4754987453558077,0.12494154688907315,0.020381615795842637,0.5652413890950003,1.3001269553198402,-3.4921127848960314,0.7156147137330294,0.071415948484489,3.83000216062448,0.024846719157878987,0.02506668991356846,0.013886398846138192
PNJ,PNJ,2015,2,1.2938590711715339,0.06983836894339335,0.014432158890401984,0.6143274975335562,1.5928734706384906,-0.6276905593488954,0.6445527698126414,0.046886553969353394,3.713990058889916,-0.003413579831961788,0.0037273051137073953,-0.0017719531754246526
PNJ,PNJ,2015,1,1.3320813624567323,0.09597537699407659,0.024490712114641995,0.5405181889500799,1.1763647133604502,-9.643586385528444,0.9943188945005539,0.03253552329424866,4.558523063462756,0.05358993904684812,0.0545539973097682,0.03782916931107692
PNJ,PNJ,2014,4,1.3120763775534683,0.28383048836461267,0.1947918494683871,0.5421854980483919,1.184290789691284,-5.185358550410262,1.179867826285959,0.03872684604432814,4.2598865400606085,0.02999745947715135,0.03188715445099256,0.02041572361019256
PNJ,PNJ,2014,3,1.309784575436232,0.39884934147880197,0.20249440601168756,0.5428105241309762,1.187276944857937,-4.607616460582189,1.6377372950501354,0.10065471219784662,5.204783838244257,0.02196393518446388,0.03408020986450059,0.01772883970586463
PNJ,PNJ,2014,2,1.1822753052847204,0.3715763340209331,0.2974196763643454,0.558331955408079,1.3561189025593876,-4.692308219817605,1.76254921182482,0.03100145385682632,5.134914849284348,0.02580419856914435,0.03172173064780994,0.020509775457403574
PNJ,PNJ,2014,1,1.1479990093722916,0.37576500861858636,0.2908573291043658,0.5519348480222115,1.3240923772569655,-6.413961992553183,1.9455059295336292,0.03302509998752001,4.837529231927576,0.03369795732694531,0.04314462154142446,0.028172895960230024
PNJ,PNJ,2013,4,1.2132199426657801,0.44570697358073297,0.3584510929938663,0.5238889830126664,1.1735288159503943,-4.474055652123273,2.1490734706276653,0.03038718043410101,5.103685853131228,0.019238306248115098,0.03200658089766006,0.016501708582131742
PNJ,PNJ,2013,3,1.1256450387034158,0.43039652020216934,0.34738605397646277,0.5247596298021382,1.1801846307381607,-3.2393118186007714,2.5001884759541118,0.029286025143720657,5.221748027922059,0.014090555615390835,0.024217223465575553,0.012890368464184832
PNJ,PNJ,2013,2,1.0726482980888021,0.2961865100094516,0.21423792242719747,0.4951205692816636,0.980670907066291,-2.3962594163458917,2.22606038832641,0.029319043978603528,4.72384861835302,0.011522949180314289,0.021887309802154798,0.00986547414593726
PNJ,PNJ,2013,1,1.224034153882209,0.5901457152606521,0.49764431288932415,0.5125481143753886,1.0514845249159708,-5.484663510530797,2.087987062329323,0.042151140292905925,4.056160734435882,0.03727275602456243,0.04012813205459078,0.024594564810540072
REE,REE,2025,4,2.661012066102099,2.353539188073647,0.591589551549452,0.3812671784828787,0.6162064872330818,-6.193341212250773,1.1610591309429656,1.4556830523243451,0.2036566087443172,0.26712098399408035,0.02571455909007819,0.01918015744359385
REE,REE,2025,3,2.8897136009245403,2.5653626882577703,0.7846946653052456,0.36849900158569315,0.5835287711515749,-6.1785116772305155,1.1679095891089795,1.4893359413890768,0.17740014736812218,0.3231817299981836,0.028902252673535748,0.02155470396342729
REE,REE,2025,2,2.8742521395287497,2.551550264427774,1.1532661235851556,0.3654791064510704,0.5759922331428907,-5.7700594205232605,1.2413801332169783,1.4639727140127288,0.1762977094739416,0.2938857796788309,0.027102072225603565,0.019955856934307487
REE,REE,2025,1,3.012895200213153,2.6374630438675175,1.36538316913516,0.37034798799120955,0.5881788367668063,-6.385821020536035,0.7513065097112437,1.7583085204452522,0.14986679967519254,0.394897863468739,0.028864546389328585,0.022141644764877514
REE,REE,2024,4,2.7728817446625156,2.4340192453688045,1.3847262126440474,0.3824714205408527,0.6193582503919646,-6.418929175769865,0.9574029692561812,1.3400068721710656,0.16728839925904485,0.37763842084485,0.03197684004046053,0.02425590795055944
REE,REE,2024,3,3.0388791624408715,2.6620852441637415,1.4495000213232752,0.3888131519981886,0.6361608618859486,-4.50260766030873,1.018322679392167,1.4886353078832,0.142957308354467,0.2766867817722148,0.022817867773520285,0.015751321880920256
REE,REE,2024,2,2.3278444457251934,1.9773750984729466,0.8942885134232568,0.3884651622067306,0.6352298155384111,-3.5689668124868503,1.0420153840892752,1.4462376297124475,0.1510611513151643,0.18470983682406836,0.018942976650536555,0.0115966098198998
REE,REE,2024,1,2.4876339430299637,2.113674557210752,0.827013496362099,0.406548173206149,0.685056738981735,-4.122667271161284,0.7302319293809437,2.046748129321167,0.12531500855229855,0.2987309257645204,0.02249555550789672,0.015620321901453805
REE,REE,2023,4,2.419197879762564,2.0612974298633984,0.7679595746754114,0.4050377576633567,0.6807789282099973,-4.154712261478946,0.8112458535014773,1.8288872076033384,0.13845122479471975,0.3115852112129051,0.025711144872557542,0.018432618089118592
REE,REE,2023,3,2.0724682569280324,1.7743603411278204,0.4613741078518642,0.4068448572979896,0.6858995699585133,-3.30907859711436,0.9708525164754914,2.190302305410409,0.1294167194985712,0.23712544470048735,0.02180983777431106,0.013448392758127353
REE,REE,2023,2,2.2659221652722628,1.9093229082532341,0.41101385163089127,0.414701927514629,0.7085311690053345,-3.8371902816374006,0.9203167276247337,1.9738343374601233,0.1409681657101855,0.2867373284680413,0.02749222987761814,0.018190064482529862
REE,REE,2023,1,2.3588312960937534,1.9854129486923624,0.36387179830155786,0.42317361826054134,0.7336238973405359,-5.623938496230832,0.7781772731584828,1.982882564178101,0.15180698232590992,0.44527453214216206,0.04083215104188619,0.03073203346940809
REE,REE,2022,4,2.098850849579464,1.7495166260582509,0.281412861086573,0.4337642048969114,0.766048717951398,-5.608276329361598,1.2025715752800004,1.3070061873209906,0.19380557667218637,0.3152966528630736,0.03803823574562742,0.028532039764532474
REE,REE,2022,3,1.979066597811487,1.646813519267682,0.2799338998918698,0.44831510667812347,0.8126289338442284,-5.159462929416381,1.0439408775920336,1.4725977536574952,0.14067468232491326,0.37361958629063147,0.034692913072761455,0.025249794547113815
REE,REE,2022,2,1.9241669279154574,1.6653431405150063,0.40562068553553515,0.4594022942880386,0.849804372889468,-4.971844500737564,1.0988530503467973,1.5921457930809775,0.12976946265095513,0.3732495505216751,0.03252921699648216,0.02323146352533153
REE,REE,2022,1,1.8249113608186467,1.6006404227304538,0.4346164109381853,0.4770262242639411,0.9121417677063272,-5.893549678824823,0.9763024747121563,1.6024619783329446,0.12943447172551745,0.46707502696078684,0.03890843286537588,0.02948426335692812
REE,REE,2021,4,1.5508116957914801,1.3659079723779353,0.4203048084490011,0.4860861542086008,0.9458514460922037,-6.294318178745393,1.2853059899768027,1.5731976810643629,0.11819211516022882,0.48674279318294617,0.03857540616320283,0.029025759324669456
REE,REE,2021,3,1.7280293153267057,1.5056666177916473,0.5397500943484431,0.4935354819498429,0.9744719804852475,-2.6258416384714502,0.8691396805013359,2.518788580408008,0.08588233672749844,0.24731893293135598,0.015609420174636814,0.00873719485988355
REE,REE,2021,2,1.538494596621131,1.3423572919747726,0.4999576456415538,0.4933971924632205,0.9739330006129105,-3.782784159723851,1.0771954655555664,1.6949767385472643,0.12654736265145294,0.2874106249208691,0.023769998020487397,0.015482932602749268
REE,REE,2021,1,1.9086590851931329,1.6405409204635981,0.3766275654378459,0.3934147459658251,0.6485728813045959,-6.810909506572564,0.8903383934658775,2.483553906533277,0.4570522025554524,0.3988581692847495,0.03031901842374475,0.02266334677286732
REE,REE,2020,4,1.7503522673720262,1.5135550560638362,0.1914147670396415,0.40531874257922174,0.6815730906622984,-8.335023987472969,1.4854624863988564,1.8501610935212176,0.6444821265874704,0.3987383105315347,0.04004822804638855,0.03234436188582119
REE,REE,2020,3,1.97277024524857,1.6443286676104591,0.23663562512568703,0.41515497898608544,0.7098546864028241,-5.061016934774715,1.1151845513738246,1.8912860435574916,0.7725567252342296,0.244481926263343,0.026479618941864434,0.01855536429640628
REE,REE,2020,2,1.78257849023617,1.4382075898388489,0.23334436447435813,0.4343308001413824,0.7678176578288836,-5.244426680755807,0.7726107699280683,1.9870250431981138,0.683510089185515,0.3128093083638054,0.028890834615081875,0.020403927349801135
REE,REE,2020,1,1.6589962017023263,1.3727387136292095,0.3629444470452504,0.4499405147761646,0.8179851940796378,-4.0019775091515415,0.8318728119003743,1.8092848284444876,0.6306447008008248,0.23552250717544232,0.02152684258342528,0.014190217230379921
REE,REE,2019,4,1.8411733515787465,1.5350631766630696,0.4775616090091956,0.4341644220618862,0.7672978493928697,-5.865779168041918,1.028644671785798,1.6251428590282757,0.7126454581821724,0.3603749329663791,0.03206641901985278,0.024334797325480877
REE,REE,2019,3,3.028258982400041,2.6505397251324956,0.6830750277870897,0.40983204137981,0.6944328904910315,-5.51207079612675,0.9439555152503085,2.736205573776288,2.9969142327518496,0.33715090976818124,0.03144110872801155,0.02308326972314976
REE,REE,2019,2,2.7350933524830245,2.4017178333254683,0.5099560268507418,0.42877722721158423,0.7506304854032944,-6.065190558721814,0.9411659031347314,2.5557505655288466,2.9749371854680464,0.36412192137372956,0.03504393834487002,0.025756950817367945
REE,REE,2019,1,2.4593675772271437,2.18245084462,0.49629998211779947,0.4565220401886979,0.8400010192634202,-5.545663056851205,0.8413485369790428,2.6260398649626415,2.4973773679484563,0.3429981457308789,0.02844025969489785,0.020728400657707046
REE,REE,2018,4,1.968918091397345,1.6466487250188928,0.6103657698761118,0.3594430423260965,0.5611414223512076,-11.346689316339194,1.269721420778263,1.2022712410721956,3.6712889519320306,0.3568853703792139,0.04610726797875389,0.03765305255229413
REE,REE,2018,3,2.1020254537367142,1.594971530388784,0.4748816634342499,0.3723562661599018,0.5932605490725177,-6.9641851080460535,0.6606573857211132,1.31738622622787,2.632484560560593,0.2617903601713246,0.02680687245300238,0.020895772100206336
REE,REE,2018,2,1.793217576697607,1.255375296293497,0.5117888083533736,0.37213506016747017,0.5926992201009497,-11.8014112471726,0.7107916476438535,1.04884213754384,2.6233776256388848,0.46852311908420935,0.04839235476454002,0.039619447597891745
REE,REE,2018,1,1.564410510285778,1.0735653717446212,0.47286320617914823,0.4153102353338666,0.7103087148635395,-11.701628750095818,0.46787661622589904,1.2581140891324447,2.19349021609618,0.3963985606187656,0.03617819922360244,0.02850777143941284
REE,REE,2017,4,1.9321791199171783,1.393032517974252,0.8174885374594411,0.39210694987978983,0.6450262094660419,-12.592181424775564,0.7117060882553421,0.6816143731883596,3.3877033271596897,0.2541204118180588,0.03778425864657038,0.029634377414291705
REE,REE,2017,3,2.043618773906888,1.4363424115269394,0.8781029150787549,0.3903483216623105,0.6402808940453607,-21.679645666721186,0.44454455621057987,1.1473439382761832,2.1674304200099765,0.3674902066476874,0.03475890477984735,0.02947408616252124
REE,REE,2017,2,1.502320370136151,1.0112502931145195,0.40515695188176504,0.3389201958056097,0.5126766748208668,-19.27247943476868,0.5899513506477776,1.2582320189922234,2.2630894591943016,0.30452080305075535,0.03325876933496157,0.02959075713112528
REE,REE,2017,1,1.4239423849797637,0.9582609483383482,0.40167438129146066,0.34689785037276005,0.5311540477561635,-21.10195053669023,0.5739929762634611,0.9815582251311283,2.0987681995655887,0.3204969721268574,0.03629575372340805,0.030081551182171373
REE,REE,2016,4,1.5766276573358609,1.0938027970451831,0.3684679337060776,0.32217011024943093,0.4752964056630559,-40.4774487261949,0.6947280963526972,0.882482083416628,2.462278099526717,0.5027925650772488,0.06495879559043718,0.057330274719624416
REE,REE,2016,3,1.75747480953155,1.3702942721677234,0.28746106770219093,0.3125311174102847,0.45461129270749084,-26.383670814810895,0.7185388390957504,1.944392684652499,1.8730086867085507,0.2817527241906227,0.032208018920181825,0.02615944961109571
REE,REE,2016,2,1.7411982538126363,1.4196141141741137,0.44772962102866654,0.3062872666609285,0.44151887653361266,-16.82703179816056,0.8514231553342021,1.6133784310693797,1.840317417726561,0.18591877736218151,0.02292326155278954,0.016811647151398837
REE,REE,2016,1,1.6546330302046794,1.3436835173687594,0.5473286645020395,0.3024556456430328,0.4336005929283912,-10.061308440324444,0.4835853333854281,2.2661436937545814,1.1700873856192144,0.19878391017269748,0.01769540424892536,0.011752417730643006
REE,REE,2015,4,1.6837604501218932,1.418730041141755,0.6378939786384628,0.30450210494444313,0.43781887351380017,-18.223083283092272,0.6914598375116955,2.067419928645817,1.3694875717114494,0.4087097685700261,0.03527512147670738,0.028164387263396484
REE,REE,2015,3,1.737114337007093,1.4998445152913136,0.7165311686662836,0.2902529990619897,0.40895276581428,-13.313366385865807,0.9345091570865489,2.044427477420403,1.3183923343147816,0.34068373790027695,0.029087884019164113,0.023277571817308586
REE,REE,2015,2,2.0248726726564388,1.6986182413846582,0.8251929510250426,0.2726965016036055,0.37494182580568397,-16.161743028138602,0.8549428134920973,1.720426893771045,1.4216077227000996,0.37706179630157777,0.037633768239325543,0.03005515727094843
REE,REE,2015,1,1.9296869643682577,1.5244805544204703,0.7331150679716948,0.2819578613419076,0.4220714195108391,-12.455448656617074,0.8157534982042441,1.5719981079472398,1.2447047846170616,0.2189061307664622,0.02300695022433649,0.017609768543388638
REE,REE,2014,4,1.912596221581579,1.4972259304193452,0.6683357920168106,0.2457320766492426,0.34938368459075164,-64.1558899707347,0.8310007247440138,1.2825019257728183,1.4260868939856852,0.5059067307218502,0.054603318050031664,0.04841377333423572
REE,REE,2014,3,1.9650047091525593,1.5492546495245854,0.7636122834276596,0.24006539159820559,0.34036923188915286,-33.0671722830316,0.7221421706460059,1.5155411636738427,1.2677746862371027,0.38974740747751446,0.03890595036169193,0.0329724019801152
REE,REE,2014,2,1.6500551971637616,1.2589144909609553,0.5337803610281538,0.2739618255572608,0.4070611304111344,-21.02108601483172,0.634043790771193,1.6924366078385291,1.2072263498663152,0.33227312213613763,0.03269083216858632,0.026573753393610483
REE,REE,2014,1,1.6787652691310984,1.2441583247506154,0.26275401235005574,0.25129301707828416,0.33613795265543833,-31.46637881961244,0.6670941327793771,1.7304592608890244,13.473633293941656,0.41888360423174237,0.04304189024527526,0.03466071744614153
REE,REE,2013,4,1.8493159042879708,1.420853770853843,0.39103275468294296,0.24907805257161772,0.3319884381389111,-11.256917969487727,0.9893081743744581,1.3358979055102713,17.49053646931127,0.1867500113688547,0.02519249887388759,0.019671918103444277
REE,REE,2013,3,1.9889456738333908,1.5900305159510393,0.5732902407161237,0.3236088376285682,0.47845877163952943,-17.11669800439714,0.7239848609526193,1.8473976391645184,14.459319849641027,0.3564442634996711,0.03565604855061172,0.02912129254942178
REE,REE,2013,2,1.9270744822142074,1.5581658578804072,0.5459842248746049,0.32750509910300585,0.48702565784906005,-22.975673220184397,0.8815532339914176,1.4712474740971173,15.68589803945221,0.41760790623582106,0.044352655429808194,0.038584523150811165
REE,REE,2013,1,1.4911079629810486,1.2446829401127544,0.5227639495569318,0.4225461006736771,0.7317829905917295,-29.627779108493584,0.7263576577526623,1.683974097229793,12.677508045322671,0.750335402233762,0.06382288874475313,0.056778512728097565
HDB,HDB,2025,4,,,,0.9159440486260055,10.896837566570962,,,,,,,0.0056064319816997435
HDB,HDB,2025,3,,,,0.912515943348547,10.430654204618346,,,,,,,0.004858211354851122
HDB,HDB,2025,2,,,,0.917578537136983,11.132762089675385,,,,,,,0.004688274974575922
HDB,HDB,2025,1,,,,0.9141970843072783,10.654615602821819,,,,,,,0.006126256282489685
HDB,HDB,2024,4,,,,0.9187553970368905,11.308509901316974,,,,,,,0.004641731707721451
HDB,HDB,2024,3,,,,0.9148878590473162,10.749205093500436,,,,,,,0.005631845547085862
HDB,HDB,2024,2,,,,0.9154035391759279,10.820825484409012,,,,,,,0.005207600055421507
HDB,HDB,2024,1,,,,0.9175170185018354,11.123713059793461,,,,,,,0.005332609124228155
HDB,HDB,2023,4,,,,0.9229633449902985,11.980833602835773,,,,,,,0.005723941470950827
HDB,HDB,2023,3,,,,0.9153478423906439,10.813047986499008,,,,,,,0.0049485340227813
HDB,HDB,2023,2,,,,0.9163592648523563,10.955896827482286,,,,,,,0.00450375420957419
HDB,HDB,2023,1,,,,0.9110123088688684,10.23750922502763,,,,,,,0.0047813844713434734
HDB,HDB,2022,4,,,,0.9063237734721041,9.6750670587933,,,,,,,0.004322766310993926
HDB,HDB,2022,3,,,,0.906896090583387,9.740687542187839,,,,,,,0.005435232406731849
HDB,HDB,2022,2,,,,0.9079623935186272,9.865123923038858,,,,,,,0.005777478946005059
HDB,HDB,2022,1,,,,0.9138910183560688,10.61319041183293,,,,,,,0.00530234900260329
HDB,HDB,2021,4,,,,0.9178078992119547,11.166619302976228,,,,,,,0.004241379933242906
HDB,HDB,2021,3,,,,0.9154909662215693,10.833054471097633,,,,,,,0.004368462753530937
HDB,HDB,2021,2,,,,0.9162145724561426,10.935249712446128,,,,,,,0.005050232405261171
HDB,HDB,2021,1,,,,0.9189388155737154,11.336360578463783,,,,,,,0.005156551360422743
HDB,HDB,2020,4,,,,0.9225894233158529,11.918131382488339,,,,,,,0.0035925637025733593
HDB,HDB,2020,3,,,,0.9126012544739686,10.441811824428907,,,,,,,0.004312957047102965
HDB,HDB,2020,2,,,,0.9063959362899101,9.683296860884111,,,,,,,0.00544617015094278
HDB,HDB,2020,1,,,,0.9077211660110358,9.836721236850394,,,,,,,0.0043201834216548204
HDB,HDB,2019,4,,,,0.9111845948379844,10.259307979013514,,,,,,,0.005474795145498991
HDB,HDB,2019,3,,,,0.909808005109214,10.087458495744619,,,,,,,0.004552644662880309
HDB,HDB,2019,2,,,,0.9115343341718314,10.303820421612512,,,,,,,0.004261841888965626
HDB,HDB,2019,1,,,,0.9125546013562579,10.435707487298002,,,,,,,0.00433804864330642
HDB,HDB,2018,4,,,,0.9221306649712875,11.842025678417222,,,,,,,0.00412787796823585
HDB,HDB,2018,3,,,,0.91997919351759,11.496749832430373,,,,,,,0.003288346077746849
HDB,HDB,2018,2,,,,0.9200137416247305,11.502147497740483,,,,,,,0.00428607395788558
HDB,HDB,2018,1,,,,0.9171145663054207,11.064846082423273,,,,,,,0.004380391519954423
HDB,HDB,2017,4,,,,0.9220474356941393,11.828314358926304,,,,,,,0.0022016089544576295
HDB,HDB,2017,3,,,,0.9353539093808749,15.30323225538386,,,,,,,0.0047225662102198425
HDB,HDB,2017,2,,,,0.9371854574543166,14.919880325049336,,,,,,,0.0023796847462752807
HDB,HDB,2017,1,,,,0.9372666231235627,15.98242965986741,,,,,,,0.0018953010307381335
HDB,HDB,2016,4,,,,0.933845496121103,15.064015580959262,,,,,,,0.0026674403133607116
HDB,HDB,2016,3,,,,0.93047473919595,14.234807150820265,,,,,,,0.0008305894487647155
HDB,HDB,2016,2,,,,0.9274873359065421,12.79069452904323,,,,,,,0.0006949623490411204
HDB,HDB,2016,1,,,,0.9151023751841719,11.32271290474651,,,,,,,0.0019391253896237325
HDB,HDB,2015,4,,,,0.9075776627213725,10.28960666665602,,,,,,,0.003096333802205897
HDB,HDB,2015,1,,,,0.8950579075619159,8.836633466049639,,,,,,,0.001475911984746066
HDB,HDB,2014,1,,,,0.8869069333023286,7.842275032414438,,,,,,,0.0003054900411283392
HDB,HDB,2013,4,,,,0.900268086721552,9.026880735838636,,,,,,,0.0009074443168289284
HDB,HDB,2013,3,,,,0.9139469920341419,10.620744278883933,,,,,,,0.00010250361743405719
HDB,HDB,2013,2,,,,0.9112430960213701,10.266729180197313,,,,,,,0.0013103454097001107
HDB,HDB,2013,1,,,,0.9103146424343018,10.15009213479981,,,,,,,0.0009270788913082364
VRE,VRE,2025,4,1.5387073898640802,1.4930629122528898,0.8571201330071551,0.21069068697412882,0.2669304460204982,-19.02078961705892,4.665694153913905,1.247979307415996,8.467360218538415,1.1498530051558473,0.057541481197788825,0.04338890215332462
VRE,VRE,2025,3,1.6495197393115295,1.6174530399058515,0.3364867894016177,0.25389770581238363,0.34029878716408024,-11.027248845215142,4.161977172105883,1.668778320746335,9.444570316105699,0.6114749000444247,0.030900750616672478,0.02246693703337418
VRE,VRE,2025,2,1.261113959743823,1.2355744086353802,0.4471758006131351,0.23665121748816603,0.3100171545560791,-13.576364864754865,3.211758489102043,0.9657318342410962,8.744393520766929,0.5755823450619099,0.028637033977501624,0.021174856867198076
VRE,VRE,2025,1,1.5047617861003377,1.4728663720100341,0.3395679174144771,0.22962467240757228,0.2980685701931731,-10.938048747643416,3.392332601957556,1.2137204985962435,10.06547158049831,0.5523997102406654,0.029036849753317464,0.021044954737898712
VRE,VRE,2024,4,2.079541408675267,2.029714866722741,0.4872161250114006,0.24089154857874862,0.3173348263054324,-10.290975659366737,3.1412528388868175,0.9474879461543991,9.612541441954162,0.5099863309085458,0.027483644298611772,0.01965249979832925
VRE,VRE,2024,3,2.0905847009589777,2.048868693823063,0.5690662782199669,0.232018967447307,0.3021154919361731,-8.99641187654568,3.9346724466683387,0.9346489440092178,9.19433307667118,0.43624805495647384,0.023670042482830337,0.017045638116363712
VRE,VRE,2024,2,2.250819861933487,2.2092712239412227,0.18234351010870725,0.23692454810424313,0.3104863975320349,-10.23581705208793,5.5520792321758226,1.688113199478092,10.539870048136619,0.412116043021095,0.027042101771044578,0.019520360247697047
VRE,VRE,2024,1,1.7196982400860221,1.6425985548959763,0.44094811575141046,0.20619956322599092,0.2597624713636872,-10.735522362556779,1.956552977059784,1.9168280743337194,5.5844902447904925,0.48015450783117325,0.030763097788394225,0.022086108479044526
VRE,VRE,2023,4,2.2438090647538953,2.100736404221732,0.9169671208112944,0.20621424165087934,0.25978576647652923,-19.253854766690498,1.6791612561468974,0.6884396584585215,5.6673504885536445,0.4556799006946339,0.0299508342799014,0.022401372937619513
VRE,VRE,2023,3,2.9692738487412127,2.7909454768653803,1.5427298687037827,0.17775977137913132,0.21618958206081104,-22.818339943865382,2.0872801151750258,0.5372113330292628,8.147450926702376,0.3950971625417097,0.03873413451741621,0.029451869567463936
VRE,VRE,2023,2,2.3265027150793967,2.0502224024027456,1.430423354441101,0.19802379740143453,0.24691979233273667,-16.8549,0.677502490400076,0.6729666006543549,5.2047874442770325,0.46050744030702856,0.0305106424372473,0.022641071998823013
VRE,VRE,2023,1,1.8919710028248005,1.6652101570812705,1.158899709894808,0.2218061835105106,0.2850269159309189,-13.437076726954027,0.5288619566359593,0.6970939794450196,4.659821402879423,0.5269508808836213,0.03048399071383701,0.023136801944030824
VRE,VRE,2022,4,1.8014677713994425,1.5989876051842398,1.2064399625950484,0.217432702593014,0.2778453729327445,-12.099029568841996,0.8761355948891758,0.648454283858327,4.986533718334861,0.37971057461934,0.02612850479454269,0.01855351671411954
VRE,VRE,2022,3,1.8202369100334796,1.5953176875194814,1.050163968325623,0.18407370117741786,0.22560089243727574,-12.069627542406048,1.0913044018437301,0.6252685523011217,4.781722014756311,0.3957842525119739,0.027018340141089097,0.019864714939807505
VRE,VRE,2022,2,2.0617408239385613,1.899629286592629,1.4300745337047471,0.17765419693950854,0.2160334451496439,-11.89236655087074,1.4191463816351988,0.6608345575175545,4.326803272360624,0.4180173243919675,0.0270882659267435,0.01999226153718412
VRE,VRE,2022,1,2.951797409243268,2.7193789659517424,1.6294550761877584,0.17763033623532617,0.21599816245915923,-6.5934399857002415,1.3668292331130723,0.7553809530763951,3.175618330311055,0.27572692886247135,0.015642301565557994,0.010007736709833414
VRE,VRE,2021,4,2.7323276780795944,2.5306298563072827,1.1408291050415633,0.19070488041661227,0.23564318602932405,-2.988632612188305,1.549190452173376,1.088297817865268,3.1155147854823086,0.08915443193539184,0.0071709529367878656,0.003217950245300882
VRE,VRE,2021,3,2.0684077338879665,1.9704153171739454,0.941085719964281,0.19120721841908533,0.23641063913223892,-1.5472994386091996,2.346039443097458,2.071004819935099,1.8004340130889933,0.03095935124562618,0.003621729966513827,0.000645784704980294
VRE,VRE,2021,2,1.8774072093440866,1.7821808131018229,0.7594514026062356,0.1954190771566118,0.24288306074422067,-4.1995803603341235,3.0426191800125024,0.8696720714517443,3.4785823025032414,0.2566410000066208,0.016734906422959744,0.010223975669750616
VRE,VRE,2021,1,1.1272536699573334,1.0729067809000818,0.5722023161888269,0.24291577003105164,0.32085699373372867,-7.391544573314721,3.696603578453809,0.6520580887590921,5.059887683605034,0.35085425438356155,0.028484254523885106,0.019636332538197156
VRE,VRE,2020,4,2.0335697472665446,1.8846432922523662,0.8739572564296254,0.2623534375370337,0.3556627941992277,-8.506210487169952,3.233236325446393,0.4712058351074868,7.2245370730266325,0.2996106341605884,0.03450867608844844,0.024504999147964657
VRE,VRE,2020,3,2.043470849887104,1.7917037897781982,0.46545417355797103,0.29236900978203745,0.4131659209724305,-6.746294395072026,0.7605665744029719,0.9497696766156295,3.911951963697213,0.32515731237690665,0.020985985340616783,0.014281506186654136
VRE,VRE,2020,2,1.3913112771522589,1.2190828380934038,0.6997566768967484,0.2830691374324693,0.3948346377762553,-5.507751114886387,0.9742411496323274,0.9460340478574093,3.532372978314005,0.21051039887717646,0.014051691906717092,0.008853487448841466
VRE,VRE,2020,1,0.9892954211194241,0.8078910230277073,0.38436182917239564,0.2565279275150551,0.3450404352885087,-8.873160316209553,0.9558225641766107,0.464503051019597,3.5882870091470487,0.291990228194672,0.018912284278430603,0.013333068585155488
VRE,VRE,2019,4,0.9162377407667578,0.709254206948715,0.2912082967927411,0.24767785125635866,0.32921781137239453,-15.031619355490454,1.4069274422375355,0.260104948888505,5.876350689695926,0.3161291666472131,0.03323003429154493,0.024571992159236757
VRE,VRE,2019,3,0.9966073263444732,0.8374655810673581,0.2445879109550395,0.25438249535923113,0.3411702297437211,-13.102126210663814,1.255737045017319,0.598459394857315,9.923411495757,0.3246285793746969,0.025956690213971515,0.019071442890873695
VRE,VRE,2019,2,0.8052439359930404,0.6605418922777309,0.11745803812949222,0.26617130334738787,0.3627158552963907,-11.809390444981792,1.1829923927981254,0.6520940434364763,8.881247120085492,0.32293968159639863,0.023128988504986202,0.01720668657377201
VRE,VRE,2019,1,1.0185952658103836,0.8723251520489802,0.1982665145480636,0.2462122110240824,0.3266333238942247,-11.732620689972002,1.5984304087435985,0.4594690242625019,7.615044571371712,0.26758425913013373,0.022016679871396775,0.015824982821232958
VRE,VRE,2018,4,1.2542965821212468,1.0952117979206009,0.4281660039955463,0.25176208873879297,0.33647331276549525,-13.586865133918,2.0318830349467785,0.35297985425391365,9.64385169223729,0.23493331132637923,0.025587487310900825,0.018304237788677333
VRE,VRE,2018,3,1.4607345211528187,1.1949582996116432,0.44613713141389827,0.24369437955925616,0.32221680359487626,-10.412576240358641,1.4403742700593587,0.4157776212902814,10.40549744399523,0.18843444416738991,0.020319202234959657,0.015111213805565725
VRE,VRE,2018,2,1.9338755365748013,1.4925864919859504,0.2900169420827977,0.24472754946607697,0.32402552124478035,-8.687437248423132,0.327198922413533,0.744811852261747,5.005870952732805,0.4090873228736238,0.02417616749453762,0.017184482371377197
VRE,VRE,2018,1,1.7635508341549788,1.4997083003803744,0.18568204967234828,0.30126937473868104,0.43116669550015646,-6.34607524151118,0.40936873803248,2.4018996869390534,9.629849257391259,0.33469424818921234,0.02186187442784624,0.014205154490728402
VRE,VRE,2017,4,1.2839903632998184,1.0703334534734763,0.18348191569035815,0.3108938919950886,0.4511553277262096,-6.136792054040807,0.44533281109770667,2.4794254360754753,8.927128775137296,0.34691400132345634,0.020823318247845325,0.013957141260502473
VRE,VRE,2017,3,0.8527666156955105,0.6181237336626251,0.3096674010920523,0.30606922488458516,0.4410659331742126,-4.135822896792074,0.3747024427003773,1.3024312378554495,6.671659990883214,0.30264252147573373,0.0158317838443799,0.010310684196954625
VRE,VRE,2017,2,1.6653423043245092,1.4977781290184917,0.6137792687693064,0.31814878614429726,0.46659561452599496,-3.0604692016367263,0.5630177582689728,4.329778686656695,7.594539996986315,0.299393092227923,0.011081872402186303,0.010988296132528998
PLX,PLX,2025,4,1.0748324059273822,0.8207533439728848,0.1940234044486946,0.6577149580543233,1.921541631838846,-5.254464469818953,5.4486514604120595,0.19750896178482893,5.654200843878254,0.008510244799776197,0.012707945968907109,0.008092847690341102
PLX,PLX,2025,3,1.0555909395348368,0.7825885773601382,0.20438216970384573,0.684415095196865,2.168719367689054,-4.313211037236027,4.6955798962484465,0.2077496449575706,6.430950894947107,0.008441448744919722,0.011474060720122251,0.0077092101735734605
PLX,PLX,2025,2,1.0468958093016727,0.7546977982855846,0.1850702407185951,0.6767272754166844,2.093363355318505,-10.108744455760517,4.198175837772673,0.2077112404972791,5.848690169952812,0.018610269929585033,0.020945798619509702,0.016325723911647338
PLX,PLX,2025,1,1.1861033645948307,0.8641420733716418,0.21006185913221248,0.6311632058454905,1.7112262546699442,-3.1645223230987014,4.00639516518869,0.17530140884855736,5.121990190109972,0.003105888593562385,0.006546506303838614,0.002633429096759113
PLX,PLX,2024,4,1.1634226245521528,0.855747696677761,0.2917776317367462,0.639395803018992,1.7731235752995607,-13.748795518056419,4.215974210259653,0.1754970930293647,5.228167742984311,0.0085884265611003,0.010246538352481977,0.007505586078161616
PLX,PLX,2024,3,1.2194382713779701,0.8858953688681758,0.3021138636410327,0.591460322356771,1.4477426666823872,-2.3813624127193713,4.486154141896615,0.15815074597421794,4.82802118302678,0.002028549296344555,0.005924428970222497,0.0018590520089031856
PLX,PLX,2024,2,1.1910559916437269,0.852838595997156,0.34323311899444103,0.6173707420841287,1.6134959084071665,-11.912172792928317,4.497995414268917,0.15009420532333714,5.4269781829214105,0.01750720889501444,0.022177888489106817,0.017239808553699228
PLX,PLX,2024,1,1.174289638769549,0.8365851406489104,0.34466053074063285,0.6245225068672352,1.6632754779962557,-8.431441465189806,4.202285466977001,0.1987122146019882,5.596496131356733,0.015083080974072724,0.020252843876310767,0.014031955515380404
PLX,PLX,2023,4,1.15693371612418,0.8572287111388321,0.2731524091369118,0.6303885201671044,1.7055436710247969,-4.959217570434134,4.405729288615444,0.1598215646957599,5.027879603392152,0.011130510089103188,0.013481557428286793,0.009677822885693793
PLX,PLX,2023,3,1.164628182800004,0.7750793464118972,0.18550944510632184,0.6527887198916706,1.8800907611296542,-6.215275650561003,3.356107009673836,0.1883125839154337,5.420644037287381,0.010072326624875104,0.017172619364019075,0.00890829020412448
PLX,PLX,2023,2,1.1179723504709327,0.8098309179285756,0.3174685730568996,0.6495746908123583,1.8536751592463643,-5.622658027379427,3.944013887624735,0.19216192561758758,4.824828962520185,0.013560510562691074,0.016233202317652014,0.011185281869805242
PLX,PLX,2023,1,1.139367099930959,0.7662597656866341,0.22955850707972567,0.585863060442984,1.4146602355000153,-4.600872707060214,4.360836267339071,0.18127891660437145,4.84635315658275,0.009890990798376008,0.015606222976493495,0.009717122194301733
PLX,PLX,2022,4,1.0992445659618078,0.7148433385037448,0.25798000651379355,0.6232618983237609,1.654363855290058,-10.821241425196094,4.282588397508928,0.15288806019682474,5.487416399713152,0.018042256276761433,0.024576337824642348,0.01915982552048168
PLX,PLX,2022,3,1.0447469893626442,0.6965508629279852,0.17388339422579624,0.6281233922722465,1.6890640046175962,-3.030282225272498,4.687427168015646,0.14730803801313178,5.204414880704045,0.002575657530620727,0.006574116897489356,0.00267243123596176
PLX,PLX,2022,2,1.0262655524884514,0.5998158424302684,0.0978637957801761,0.6765970057127833,2.0921173200761776,0.5885540787119095,3.608985549417773,0.14951551590527007,5.913877938875804,-0.0015759044303335495,-0.0012336726645201983,-0.0016517474911657457
PLX,PLX,2022,1,1.0955804025999776,0.6306793499815765,0.12511206534080618,0.6553857559147586,1.901795317992273,-4.686970692143504,2.592861384997891,0.18166242402663382,4.646572667993866,0.006601499347653572,0.008725339980258281,0.005316922374016342
PLX,PLX,2021,4,1.1711761347947578,0.7869511672245075,0.17766303864325006,0.5608695317056459,1.2772275489882174,-6.73887211857068,3.4609487951261118,0.1435935936503256,3.3455287523311106,0.014207260596424751,0.015137694614691177,0.010909213290136912
PLX,PLX,2021,3,1.1784836758812312,0.811361276209714,0.19556626207013156,0.5518970678518197,1.2316301194595096,-1.6826718252082409,2.725960308185718,0.2466884581656555,2.3512221955644828,0.0022973533868846023,0.0044819078997608945,0.0012917674581859676
PLX,PLX,2021,2,1.1367225299468355,0.8130706586617432,0.19587319574372375,0.5953681924210176,1.4713825786046348,-13.211982091947972,3.3927962310798687,0.2344128470008929,3.099769910949315,0.03401705562834087,0.029197475454472793,0.023542254496788366
PLX,PLX,2021,1,1.129178592822302,0.8394902956429012,0.2644528061414101,0.5895736791195129,1.4364909098780536,-8.01618595643949,3.301479875269494,0.25678758606732976,2.480666370651735,0.019248926822171313,0.01793760480563456,0.011411977841856763
PLX,PLX,2020,4,1.0690475776588206,0.8020974891251658,0.3003370821742326,0.6052526316442424,1.5332657799982379,-9.25554954009195,2.9186057951469655,0.2303796676219866,2.0118682894933637,0.03218891926969916,0.02209424022836222,0.0164656950289967
PLX,PLX,2020,3,1.0575000581675011,0.7996112160057403,0.2874334920596985,0.5944956410923359,1.4660647365018982,-6.773463782943118,2.887940114158366,0.2343689759538378,1.826103387371653,0.03354247742034493,0.02273099137915074,0.01602778879260204
PLX,PLX,2020,2,1.0335729305482546,0.7771969336663929,0.34614388173612076,0.61806302932538,1.6182330509499714,-5.638961687645276,2.650181247949835,0.3158827966831039,1.7543490441427796,0.04195845941597481,0.015909228567808447,0.018758866191763517
PLX,PLX,2020,1,1.017593033281066,0.7493856244918806,0.3398226458432616,0.6013004100547693,1.5081540719351372,7.452801607149901,4.5172694966999885,0.2177528253123611,2.490657539734081,-0.047122210963318284,-0.027250070781200893,-0.0329193189734137
PLX,PLX,2019,4,1.13537732848606,0.7902804290907655,0.3294604292945584,0.5805134017050192,1.3838663834900518,-8.065491453982611,3.8752126964710163,0.16998440334016682,3.203491018825823,0.022946185291340723,0.02591305534639983,0.018294799797957586
PLX,PLX,2019,3,1.1590267226009026,0.8354737170417843,0.26173385227924095,0.5708811376276751,1.3303566626543448,-8.556108025840661,4.463750116970901,0.17469956827119026,3.257981195012295,0.022866191507292025,0.025568426226406392,0.01916251898427267
PLX,PLX,2019,2,1.0836132769458413,0.7588849357793618,0.2818666323260814,0.6138228839759593,1.5894853902677835,-7.784344181976265,4.129920059873318,0.1812387173661998,3.295779220362291,0.02698925270256376,0.031777741709219466,0.022888644343496058
PLX,PLX,2019,1,1.15417999712269,0.8022735265605553,0.26084293452273255,0.579584480385827,1.3785991557060686,-9.495414323196345,3.3047597269789994,0.21234516798307332,2.8031195964399642,0.030849904098170927,0.02947893381830555,0.021768678480098128
PLX,PLX,2018,4,1.1248990390050673,0.7711283219129708,0.33225365412894053,0.5887113075787568,1.4313821858632496,-5.980117952496728,4.205208069014121,0.15231739020710125,3.2172000912698144,0.018870573178153518,0.02396974864572222,0.016431614866999074
PLX,PLX,2018,3,1.102419911421908,0.743720290493868,0.2622323732450262,0.6441158349207369,1.8099030474628681,-5.997790835797251,3.1627976921482683,0.22122926481267877,3.0768260542346235,0.019286272761114158,0.021870106693518594,0.014204045785569197
PLX,PLX,2018,2,1.068486201510662,0.6977796875465689,0.30314167354065374,0.6789167934043475,2.1144574971786776,-8.880901567978482,2.9640981996298192,0.16879324019283878,3.4558168872464154,0.025207032677833568,0.027254253537801656,0.019313649190356195
PLX,PLX,2018,1,1.1516538625568433,0.7653669250220109,0.3999033555687199,0.6257567160038694,1.6720586387606073,-6.859852941102693,2.882092534319795,0.19706220867907367,3.0245560389344814,0.022082296022108327,0.021791524435271704,0.015480774038611731
PLX,PLX,2017,4,1.138482129585272,0.8175272077767777,0.3656807817695022,0.6354727182035386,1.743278898281098,-8.73692149137537,3.1598259269647246,0.19335358754918647,2.7444027532815563,0.02494664957100685,0.02258832367401853,0.016202677975905178
PLX,PLX,2017,3,1.1528191563074244,0.8440464348648934,0.3742899544886823,0.6130151919369834,1.584080767938466,-9.841610071602021,3.366160441284166,0.22846045810109972,2.446427613479331,0.023349826466546323,0.02050370004316467,0.014890404431002749
PLX,PLX,2017,2,1.2528556256220178,0.8637535356576611,0.39439852902079087,0.5648896777886905,1.2982677012069463,-8.53917398066247,3.0058344531200047,0.196251859554148,2.471124835679861,0.02361590114696902,0.02100800494659278,0.015405014993246091
PLX,PLX,2017,1,1.2014091199232722,0.8294659602919269,0.3873854384679255,0.5882706785256201,1.4287801423009063,-10.525172523057877,2.8062008883995198,0.23186371989560856,2.3049812389165343,0.030895980353962325,0.025481279653435385,0.01889618366073567
PLX,PLX,2016,4,1.2008103591662804,0.8891780700895386,0.41135664279425205,0.5721909031265104,1.337491201819201,-22.35294237104656,3.551426785252549,0.1985033518111513,2.2320410262567645,0.05233007430815859,0.04316230839592621,0.0338356166290486
PLX,PLX,2016,3,1.1526152651033124,0.8071663716908484,0.3777613464315319,0.586392516728769,1.4177512265759247,-10.047559350544137,2.8336415383314666,0.22014917580856805,1.847960301988191,0.03620528628186145,0.02757922494463232,0.02076552132789134
PLX,PLX,2016,2,1.1697259388084245,0.8420501186173953,0.37702943597131544,0.6004470414993992,1.5027971354603205,-10.736949597383223,2.8436426801720773,0.274903229476373,2.078703731581367,0.03640703985951367,0.028605017829663546,0.02068283464017009
PLX,PLX,2016,1,0.9992798853592624,0.7899264627497711,0.3885604746828815,0.6566181554486951,1.912209879082845,-9.815872481137035,3.9079038507599155,0.30763398212727305,1.8142723085637191,0.041184946456023636,0.030086047897711694,0.022352108349755224
PLX,PLX,2015,4,0.9822552329563227,0.7387681739273505,0.35750630485797674,0.6818805091734539,2.143472905107998,-7.455217681554565,4.013871089678453,0.23138148476184964,2.2145076893320583,0.02980271414161144,0.025590550150226578,0.019663260111342614
PLX,PLX,2015,3,1.0322844009029881,0.7721747733275811,0.3776474183394487,0.6972822189595955,2.8392921317856046,-7.032937029803726,3.7716941824862475,0.24724327128254808,2.094571609402508,0.016929566978736165,0.01705086757637279,0.010886199642275114
PLX,PLX,2015,2,0.9884863287754343,0.6860488560102708,0.368451297880702,0.7043411848356735,2.943084925224686,-10.092285901153408,4.112880467885864,0.1281585225862297,2.646670296261872,0.026566259051395227,0.028762798393267522,0.02207475702755696
PLX,PLX,2015,1,0.9767243374666127,0.7248810827096335,0.28921907113407813,0.73536286086309,3.457625566154181,-4.708290099369003,3.9955582623705714,0.2598372090870073,2.2793857697591084,0.012151951827877636,0.013322386021849408,0.008397355342707916
PLX,PLX,2014,2,0.9825557401520383,0.5830913636126128,0.1776986524923232,0.77225094735286,4.156054117825717,-4.17397481785825,2.973779370875833,0.24553681648826597,3.3839697155779187,0.00747985213485328,0.010641652275939635,0.00649395550547243
PLX,PLX,2014,1,1.0377998335449405,0.5982480752371442,0.18661001626881066,0.7572860761251028,3.7675564159204225,-2.853246855796454,2.56969166282536,0.2724793498454247,3.0302797374174064,0.005064779387629931,0.00796036217537037,0.003918283291094571
PLX,PLX,2013,3,1.0040225699304675,0.5380673445724902,0.20304453835689798,0.7502949271035371,3.635229736205629,-6.289029273425514,2.3580895734733907,0.21602519019712146,2.7800651367907614,0.013745272184845591,0.013289332076540983,0.010453657267673328
PLX,PLX,2013,2,0.9936564889066632,0.5694654526503602,0.2046118847128059,0.7548744221166583,3.74178183588033,-3.802258563924887,2.70535218721515,0.2405596993131139,2.882239562628511,0.009076775923152765,0.0127654654376871,0.007293054627558935
PLX,PLX,2013,1,0.9792310184283408,0.6392758999465817,0.21628716872793396,0.7531441248257756,3.7275962908619804,-3.095231889451584,3.730985629196934,0.2775452367243854,3.0394371829756013,0.004792196585373829,0.00837324694760126,0.004157444836977452
POW,POW,2025,4,1.2200158653429438,1.1434076181243524,0.222363977350972,0.5807408765179045,1.3851597830350022,-4.040379918535957,3.312808162098521,1.6470192647436002,0.19099298553310146,0.07860128909355835,0.011234470233675704,0.007773019445907644
POW,POW,2025,3,1.1354685160623819,1.05772404492489,0.3218955193725389,0.5747314083035131,1.3514551027875992,-7.636833568645492,2.8074702062737096,1.3195131069193557,0.35177697693005294,0.12073262061210416,0.013574233510068182,0.011057024291486207
POW,POW,2025,2,1.1164853162042498,1.039297631624052,0.3281899238241784,0.5846441579526164,1.4075741780126938,-6.876166745712264,3.4489423850356546,1.442488766271825,0.4082466041784249,0.08100531531396944,0.011064098423899224,0.00888894935090852
POW,POW,2025,1,0.8938511158189253,0.8341048999756213,0.274106673894236,0.5660846353095895,1.3045968900259597,-5.272832998567139,3.6091757721280273,1.6873302955382534,0.3447544423658894,0.0579420961143565,0.007801821217388177,0.00584897728594224
POW,POW,2024,4,0.8960829188374199,0.8424293499454575,0.3456444995990675,0.5660311492578916,1.3043128516941942,-1.9866912765190363,4.472976800149911,1.377528349178337,0.3543895272585698,0.01163967096383987,0.002921987258294899,0.001255388405251672
POW,POW,2024,3,0.8855324015713782,0.8195115301458671,0.35586733556964034,0.5706891483515715,1.329314519212108,-6.720720835973977,2.4645429533531287,2.0441913881232705,0.2492204802983132,0.07478110577210176,0.007965065223028573,0.005617150246373463
POW,POW,2024,2,0.9094442063204208,0.84523541387368,0.2777498252282362,0.5779432450653679,1.3693495917507097,-6.02927874085036,3.7678124728939966,1.6592178314041113,0.3750685992895068,0.04705301980346448,0.0065530419574021965,0.005458053403753157
POW,POW,2024,1,0.992678080941117,0.9289603826262932,0.2637052504512742,0.5331787815211885,1.1421477011233774,-4.451298782214007,3.2206810871957465,2.5045524179648107,0.24283391527600048,0.03464572362213219,0.0049432639541761225,0.0029813581898003815
POW,POW,2023,4,1.1100940354230888,1.027538774535482,0.32717472165888634,0.5143244389716776,1.0589876869297208,-5.186516750029407,2.621508418562294,2.2835795580566707,0.24284781387915075,0.06951978515945172,0.007884906103197106,0.006336129612719472
POW,POW,2023,3,1.2592164800225627,1.1601524029607488,0.32187845314445035,0.4700640751696399,0.8870205871023256,-1.6134719714327759,2.324501394401286,3.0242567055423866,0.2096335625683086,0.009223042902024272,0.0033864194291717553,0.000823515842877858
POW,POW,2023,2,1.3458004299185753,1.2548959434220184,0.36915669872366164,0.45341644222828525,0.8295464358217276,-2.905927493843501,3.9641087883560036,2.1251258787760303,0.30334297980692354,0.021503852627027094,0.00589108911473154,0.0029285104099111108
POW,POW,2023,1,1.4055056133997692,1.3015277465128228,0.2716378504771186,0.4171388696580198,0.7156745371119073,-6.224995739902082,3.472216117698534,2.3122136160434557,0.2607547637548087,0.0875465222635441,0.014173061244872977,0.011205641151842612
POW,POW,2022,4,1.3484216748822635,1.2344757802401494,0.45211047899716006,0.41551532082083814,0.7109088323827054,-8.098901843842746,3.1454841485648406,1.6017518446073296,0.26304823715462783,0.09542352782064097,0.017547653641022887,0.012920223866539422
POW,POW,2022,3,1.3004980954832406,1.1829213539911232,0.4398582296355143,0.4265244698053102,0.7437535646211602,-2.894819336478879,2.4481326759533886,1.935414832406072,0.20276679552469506,0.03331529947472528,0.006054164693651409,0.0035623260966820306
POW,POW,2022,2,1.2333759822489445,1.1478369623388383,0.3277694776985632,0.44193912951763387,0.7919192204528492,-5.13075356963097,3.8197959464899824,1.833397858300756,0.24478276336817748,0.07858744529580354,0.012685588442905602,0.01016381355344381
POW,POW,2022,1,1.2235594975814907,1.137292197523502,0.4117149368578936,0.4216855020246256,0.7291629442127209,-17.319522005012598,4.069156939855721,1.3676156953309244,0.2262532213589697,0.11378522638830034,0.017009692487237413,0.014635959834173968
POW,POW,2021,4,1.011096996348238,0.9010740420915606,0.49208758367567235,0.39315048538372777,0.6478549886166223,-1.1040243586809932,2.134522135670693,1.6123683230969044,0.112913657075349,-0.0003143768296469986,0.0022887271117616606,-2.136471436485902e-05
POW,POW,2021,3,1.1560933411008087,1.02501979916839,0.552049973012343,0.41329032717006287,0.704420510363494,-6.192888722865117,2.0333155545036443,1.2289188066222176,0.16439834173298262,0.11292925926123247,0.01451399844745791,0.010815576240479496
POW,POW,2021,2,1.129963049730892,1.0230722579615028,0.40040843511887786,0.43116256398895286,0.7579714988740289,-8.107655818630255,3.5295881218907015,1.2353970174737072,0.23995695907520515,0.10847213407554465,0.019222088437086463,0.01529560865441203
POW,POW,2021,1,1.078591410241369,0.9808613369411631,0.4106234837870317,0.45207641299921075,0.8250720058863966,-6.0078120926395755,3.5713261997806285,1.330088641992862,0.22585200853575635,0.07392563362838693,0.014113974253434402,0.009837645840855586
POW,POW,2020,4,1.086907605671058,0.9747699971546826,0.4566428684818057,0.4220762004561938,0.7303319240172609,-7.9572809249957865,3.5644545266073795,0.9004387373127161,0.22863934490507645,0.1271494300169323,0.023762274349432937,0.018699048907243335
POW,POW,2020,3,1.0124167683532663,0.8994994307567233,0.3761531695972875,0.4581476381897125,0.8455211612607465,-1.989350655776649,2.596381155861492,1.4696500663264005,0.1732196112095117,0.020368351589727135,0.006719895330883479,0.0021926674455227863
POW,POW,2020,2,0.9892043474710009,0.879043017949734,0.333473361182811,0.4595704341222154,0.8503798887756354,-5.40667104583873,3.036005520173843,1.2702850028112644,0.21434895108318966,0.11125575781423414,0.02018514438806031,0.015039677067982387
POW,POW,2020,1,1.0074849522995697,0.8952931319260198,0.30083454049116487,0.4753233459650272,0.9059357650270906,-3.5183356937276145,3.4492997377642074,1.2335042954984659,0.2176237340761125,0.06332254347006712,0.01505912660272042,0.008863711510645257
POW,POW,2019,4,0.9544722926882757,0.7529562674858853,0.26359098203293574,0.4910812447393573,0.9649501804818534,-2.4728438458960946,2.0251308695270636,0.9475758517998709,0.24603379830284422,0.03766935347209426,0.011542460674427614,0.005946205432316689
POW,POW,2019,3,0.9944476592149372,0.7848123911684517,0.3496521567376225,0.512731480541345,1.0522565281068819,-4.083936756908258,1.6365899891616562,1.0453440565390988,0.20806525563704295,0.10012117176152714,0.019294355968536937,0.013213685249603152
POW,POW,2019,2,0.9187199891118302,0.7052749584182406,0.21758426039957368,0.5098934652184733,1.040372712936315,-3.8111682578547263,2.185941465181248,0.8720974938093781,0.2555028695559658,0.07916699572761862,0.02013332279541978,0.013462087073993332
POW,POW,2019,1,0.9575893537233883,0.748932098810156,0.2034898645375105,0.539263995143476,1.1704403160577956,-4.4762262240703805,1.8161127911953379,1.1763151892452246,0.21391749043478986,0.10856177676860895,0.021549258181327476,0.015217849590580935
POW,POW,2018,4,0.8717506581230818,0.6323453234542724,0.18210643449129266,0.5379195603242883,1.1641253646265584,-2.369750230574935,1.6981372324338484,0.9563260795356707,0.19597311087542282,0.05060710617818098,0.012988889662502808,0.00685796630126915
POW,POW,2018,3,0.9572079229030156,0.7440945142010975,0.3893256236289698,0.567574737052381,1.312538340575937,-1.5612259740037162,1.5219961717451769,0.8975897547982952,0.16941930171922034,0.026458133968521067,0.008682434405724814,0.0029996873831369558
POW,POW,2018,2,0.9042814665888711,0.7309118273629926,0.26737679846614615,0.5915010936060441,1.4479869697266732,-3.1776652633965017,2.2259112647271575,1.026401760945932,0.225379104981914,0.07265345277049381,0.016818611695312756,0.010708788422215024
POW,POW,2018,1,1.104935559198966,0.8774533978026439,0.17639856274578028,0.550838556503988,1.2263709730215941,-3.7737842607874628,1.9164137234988279,1.1775456901461563,0.19458634872217667,0.0933694636746669,0.018264814446003766,0.012298508770992237
POW,POW,2017,4,0.9934853101746295,0.7387024007301247,0.1634114043561694,0.5423843608638422,1.1852400016041904,-2.710772887899249,1.733047039070759,0.9242064637231444,0.16587255211918214,0.08127048186378871,0.01466778294536509,0.009788585887207312
POW,POW,2017,3,1.098504049762072,0.787278154373477,0.34111371523946366,0.5662560582531028,1.3055077057042341,-4.046771937569376,1.1867356651362435,0.8392803422227306,0.15395704417713074,0.13774980109356186,0.02088820127770471,0.014817911512436088
POW,POW,2017,2,1.0260958901686414,0.7750789897019881,0.23967769827474644,0.5721953656408635,1.3375155846500553,-2.4903399452876522,1.830326617285586,0.91469899925424,0.17474353918608976,0.057012159078213755,0.01312246680247629,0.0070942410064293625
POW,POW,2017,1,0.9934853101746295,0.7387024007301247,0.1634114043561694,0.5423843608638332,1.1852400016041476,-2.861976550023428,1.798831465977999,0.9042705982533742,0.16952943634229264,0.08011114288450145,0.016592608953627366,0.009861673954401464
BVH,BVH,2025,4,2.3206557171537754,2.3196049964686294,0.06469428679314654,0.912267668648903,10.398306469231825,,,1.361713385098679,6.177313286177749,0.08285691452848364,,0.002994429210536264
BVH,BVH,2025,3,2.805783297518225,2.804052567373326,0.1071078880851613,0.906351476127312,9.678224905706642,,,1.4312400258020923,5.55137352547437,0.08065170665881342,,0.0028825145155736832
BVH,BVH,2025,2,3.0418680280114145,3.040027763966124,0.044523226740154964,0.9060977090942868,9.649367447319197,,,1.296138021867638,5.913098065806395,0.06416240569796494,,0.0025897856040123903
BVH,BVH,2025,1,3.2245218263834405,3.222278598618524,0.02306889976017877,0.9051861768206231,9.546985307280709,,,1.1795035828565636,5.394451315153646,0.06885427592830747,,0.002684813410354123
BVH,BVH,2024,4,2.9682994836603322,2.9658391847501875,0.03584895531664989,0.9062189839119106,9.663138892211302,,,1.102034795245011,5.536426456534464,0.05493366431949953,,0.0022882722107137026
BVH,BVH,2024,3,3.4849861750783333,3.4821089938475613,0.0777799097117859,0.9002704316903125,9.027116500642288,,,1.1176796130896023,5.097577822969625,0.05742148990897797,,0.002349328476792759
BVH,BVH,2024,2,3.405788831651749,3.4030509079895315,0.1749384588747134,0.901087712184335,9.109967346661932,,,1.22999532596577,5.161584473117906,0.04420117219418213,,0.0018804084732662698
BVH,BVH,2024,1,3.181017956229445,3.1780042555715773,0.19548278916817563,0.9023529722548193,9.240967114837279,,,1.2583002892462969,4.718307744715542,0.0641359769652303,,0.002633269417954777
BVH,BVH,2023,4,3.9656373856383156,3.961951178478643,0.15504257952601416,0.8996545654913802,8.96557546336699,,,1.1708556385160702,5.837533660915465,0.03497651122868497,,0.0016713536230536746
BVH,BVH,2023,3,3.9557795991100027,3.9513130128789746,0.4067984965460108,0.8951704558587562,8.539295512461957,,,1.304584874590967,5.291791315555025,0.04732981871103224,,0.0021382244828482247
BVH,BVH,2023,2,3.166216353615441,3.162875055901959,0.1704475270451006,0.8996842642034008,8.968525795669839,,,1.1269134651136197,5.433835563712518,0.04261485502196248,,0.0019092947058557735
BVH,BVH,2023,1,2.913311205043136,2.9101186799655867,0.05773205083310185,0.9010828034611525,9.109465643896137,,,1.0057295813289293,5.340672635030908,0.05547162508052301,,0.0024775392197938467
BVH,BVH,2022,4,3.6037647383769547,3.599716883230756,0.06776662591705543,0.8943962121869973,8.469357309140689,,,0.8533144657916204,5.614261319903941,0.03326310545069185,,0.0017469435100297046
BVH,BVH,2022,3,4.500230666672689,4.4947705118660535,0.0880603185458534,0.8786058562584063,7.2376296679406105,,,0.8946693002832312,5.38754145782533,0.04082386298467301,,0.0021495645284041686
BVH,BVH,2022,2,3.692721092927788,3.6887474960991566,0.09260900375504899,0.8820784603035987,7.480214917262636,,,0.8193638329454669,5.464061510538086,0.03296179293450964,,0.0017620917454383854
BVH,BVH,2022,1,3.6388589248903678,3.633564717214037,0.35624949150203816,0.877421817223107,7.158058614885163,,,0.9430939841208512,5.063976389708406,0.051454170631927684,,0.0027237056313067515
BVH,BVH,2021,4,4.5992218717738185,4.592028092111439,0.24752688067257658,0.8701022553339355,6.698363066816568,,,0.9194577837954677,5.1955319087135345,0.054953614468000615,,0.003256966906381192
BVH,BVH,2021,3,4.294191659761893,4.287911859519047,0.6884389405403483,0.8658478700982665,6.454223803472222,,,1.042833384248888,4.734775388451096,0.052697645363179973,,0.0028667437689414896
BVH,BVH,2021,2,7.378421497180327,7.366637915869684,0.23630046773023947,0.8542266713015385,5.859965460955784,,,0.971869052887864,5.414012896876567,0.04856203263661567,,0.003115030886483422
BVH,BVH,2021,1,6.519829312651516,6.510831167064583,0.2973640075223451,0.8549339114185177,5.893409822918807,,,0.9964713592834982,4.997729839455103,0.05728307724306461,,0.003402917689942703
BVH,BVH,2020,4,4.486879724169474,4.480978340128587,0.32787225070722054,0.8589870135275857,6.0915454314955975,,,0.956524377213666,5.4010623216190305,0.04914854261883246,,0.0032220229901944873
BVH,BVH,2020,3,4.239099598993102,4.233683951705409,0.13481877881254445,0.8556898731652564,5.929520622936931,,,0.9433164162094543,4.782319424415397,0.054177436550898496,,0.003265073115041008
BVH,BVH,2020,2,4.347029662914406,4.340924364030411,0.08621617783813511,0.8513552850030902,5.727450754107129,,,1.0502625859194576,4.406905501535614,0.0659557974812679,,0.003930752526209118
BVH,BVH,2020,1,3.9828281056104085,3.9769737973991903,0.12993705729451546,0.8499739927173309,5.665510987810706,,,1.110426492986329,4.21419787939961,0.014550207642910207,,0.0008591504948050612
BVH,BVH,2019,4,3.8435499205809784,3.8378622171228143,0.22848136746871917,0.8455871910669049,5.4761466805081325,,,0.8724795706063003,4.94468454122002,0.011382532749662678,,0.0008272382690069137
BVH,BVH,2019,3,3.489832308356714,3.4833783226683575,0.0898740053713483,0.8654878422820912,6.434272239518621,,,1.076954195509656,5.231366340196718,0.042209296284588825,,0.002928137579038772
BVH,BVH,2019,2,2.8818614699910188,2.8761392470473353,0.07218530087584307,0.8671829023193708,6.529151121827632,,,0.982060476356152,4.97504491505219,0.03167580390138064,,0.002131363067535067
BVH,BVH,2019,1,2.8513477749360794,2.8448638643993513,0.11864704074191108,0.8637821524480985,6.34118192272112,,,1.1171200618481905,4.499690497952281,0.05584558585938928,,0.003545819799731616
BVH,BVH,2018,4,2.654697216883631,2.6490103828948985,0.08191591369932966,0.864327690501789,6.370700798847877,,,1.0038150672530652,4.908732099728301,0.029056967783165882,,0.0020849387156167153
BVH,BVH,2018,3,3.063972890215626,3.0553126094606506,0.17218566317494835,0.848562760578234,5.60339559687107,,,0.9852895194892494,4.52736902523876,0.013432782473636353,,0.0009610787317306086
BVH,BVH,2018,2,2.6403432199158576,2.6330575000274683,0.2844677323995196,0.8414966932374024,5.309016640881669,,,0.9083277972183037,4.426533586316681,0.04634634270920066,,0.0033342539296145625
BVH,BVH,2018,1,2.1617641759986252,2.1557202632751964,0.44031088636702315,0.8499004282023604,5.66224418913183,,,0.9213319324358872,3.9546568001862274,0.06907075703422887,,0.0044774834424345135
BVH,BVH,2017,4,2.0171927489304187,2.0107051544737997,0.17003781874000154,0.8417910453522317,5.3207547399979385,,,0.9695587431031891,4.303172895518116,0.044308784084374685,,0.003457824310418952
BVH,BVH,2017,3,1.9657952503368918,1.9588959284268457,0.16369123639151165,0.8349009537265553,5.056970179850425,,,0.9415631331705121,3.693379410609184,0.0321559608218454,,0.0022406348143565276
BVH,BVH,2017,2,1.7989006649988506,1.7924668798066048,0.21976148173614524,0.8232586110784453,4.6579842791879535,,,0.7933065239471006,3.5784672971672444,0.12087495342622759,,0.008548964475114027
BVH,BVH,2017,1,1.9605488749621032,1.9513227570925034,0.09378840393647762,0.8126842045428877,4.338578081787871,,,0.95405561435909,3.0560219355993756,0.077639480550152,,0.00524096892063548
BVH,BVH,2016,4,1.7963022668343547,1.7890123295370084,0.1751695623772015,0.80959563446208,4.251980421640306,,,0.8324589933326804,3.251545689960309,0.050940913852787,,0.003755776187321997
BVH,BVH,2016,3,1.9422371315158438,1.9361457592544677,0.19600044037324907,0.7976918289879563,3.9429540833546874,,,0.8422303128629965,2.973177158377073,0.06664917493027711,,0.004826600440961766
BVH,BVH,2016,2,1.9112614344191465,1.904456124516149,0.21140420783524178,0.7931210887610272,3.833745469807052,,,0.8973647822143467,2.839583441640361,0.08493225359982397,,0.0061745664087243576
BVH,BVH,2016,1,1.8553429272174427,1.8478329076423123,0.32141291819008516,0.7840309680021804,3.6302934765670294,,,0.9354732523128414,2.4352558176090824,0.09747065010844429,,0.00626384365986057
BVH,BVH,2015,4,2.089369948027534,2.080019110530661,0.20722629981321075,0.7748142800315998,3.440778927457424,,,0.8415390045159368,2.5041717843809983,0.050322455048587234,,0.0036097298714935404
BVH,BVH,2015,3,3.362897384861876,3.33275529339881,0.4653091596301141,0.7574124309319683,3.122222766161437,,,0.9885087866818474,2.3480075138931857,0.058473587305913656,,0.004265539520041364
BVH,BVH,2015,2,3.681686946439559,3.6530342656261294,0.32708290293051906,0.7488053747118811,2.980976897308235,,,0.8927955569199115,2.2602195961803107,0.09441700363077486,,0.007101907657628952
BVH,BVH,2015,1,3.8616465707203753,3.8306006114520947,0.2880574246881415,0.734475488710004,2.8956760924902,,,1.1135704129503883,2.146579728718003,0.10923960510874223,,0.007483093561431709
BVH,BVH,2014,4,3.359259103567641,3.3293110477681656,0.23375143181230587,0.7301091268380095,2.8317637740302946,,,1.048057207958523,1.8527737639662976,0.1007029481090231,,0.0074872819101128646
BVH,BVH,2014,3,2.608160045841138,2.584686040451242,0.3133349172822101,0.7411745881862053,2.997216576018795,,,1.1415535768429288,1.744068980582203,0.09913276630737003,,0.006760455514797367
BVH,BVH,2014,2,3.2393603280104903,3.2160721984945506,1.3561798262831495,0.7852881971876308,4.299530088231375,,,1.1554306449259006,1.614054520420189,0.07491045878631537,,0.0037260396663559474
BVH,BVH,2014,1,3.904814584124566,3.8789370608374885,1.3206636459157999,0.759057428143064,3.6827665571497175,,,2.089701282299294,1.0310559469676615,0.21974674905994498,,0.007311355791112247
BVH,BVH,2013,4,4.179556364723663,4.151609775322539,1.2790083155155578,0.7446681746698076,3.428158683890399,,,2.5027752063261173,1.0507946322857802,0.1724851925991103,,0.00630798745058303
BVH,BVH,2013,3,2.5226013124268993,2.4997024451864784,0.6738537798023106,0.7300127597266476,3.1847954375452434,,,2.0591989174535676,1.1137981155054424,0.1478539746074018,,0.006102468048243279
BVH,BVH,2013,2,2.8537623278318107,2.8283945458960242,0.6061468937106189,0.7003293327360489,2.7222263381871237,,,2.078327756258869,1.1412567878872768,0.11149511948912784,,0.005002708828610312
BVH,BVH,2013,1,3.403178284453719,3.378988289689273,0.7504398469375829,0.6975508590735067,2.693061537799977,,,2.5085909520761387,1.0204573748897663,0.15318464106126792,,0.006438306087021774
GVR,GVR,2025,4,2.903343087440819,2.3129031942096496,0.694712877243178,0.2764015856340787,0.38198202227444816,-30.043414480218264,0.8985707507616563,0.30425387989373937,0.24000324391694136,0.1335552306941522,0.016826519888978604,0.013130523456937758
GVR,GVR,2025,3,3.7555483211861636,3.1273338331999287,0.9097772089707055,0.24642352611946952,0.32700533344746735,-45.936370316010496,1.2852927332748656,0.3366781111530464,0.26459429633327464,0.2353331850518958,0.031556251110991335,0.025781432030510452
GVR,GVR,2025,2,3.2260100296516065,2.6383362826342776,0.6125164336946058,0.2562504041763105,0.3445385457890807,-30.28685673253679,0.767102490691738,0.5455218733342981,0.1646981347732733,0.2680517449968961,0.024154078616679713,0.01888325916289321
GVR,GVR,2025,1,2.8390296361456615,2.3695451830978462,0.5268575185347232,0.2781914512398156,0.3854089172504975,-23.53929501797478,0.855578058540436,0.5573538190982229,0.16002097477461805,0.23882128750770298,0.019625707016591474,0.016287632278342547
GVR,GVR,2024,4,2.3865910156180483,2.009335497945576,0.49843232727699716,0.29965719367574,0.42787216627309543,-28.533798592363425,1.4073262449749309,0.2733656255158118,0.2628451614170839,0.22838280662596627,0.029794317435528815,0.02543981294259366
GVR,GVR,2024,3,3.199361612651395,2.804180025899661,0.7368850009948774,0.26563888046496226,0.3617278657578604,-17.071420398184078,1.9469925585547696,0.31122507759715284,0.2242091978143354,0.14525054938482546,0.017749831404087448,0.014334999134255524
GVR,GVR,2024,2,3.1363186122671913,2.687865078146599,0.5616572803232979,0.2638356602623917,0.3583923398903441,-13.418400913975844,1.040319331536241,0.43284911462245057,0.13205415266454618,0.20088720172690253,0.015765337998253658,0.012130354066985096
GVR,GVR,2024,1,2.9750447307825207,2.57234989769623,0.5971510759217281,0.2716696252215189,0.37300328893209506,-9.279772198908194,1.128477347929014,0.5353436594237242,0.13137325646438658,0.14176223329901896,0.011344181033404205,0.008451502570501455
GVR,GVR,2023,4,2.4145700952520843,2.0746388523720576,0.5668510337545434,0.30020558884712173,0.4289911209101359,-15.584476080999044,1.7586261316397027,0.3776549099549313,0.2202957677858238,0.18655690489328905,0.022790701304236376,0.01806699681503119
GVR,GVR,2023,3,2.8568120748487336,2.410844690325806,0.66625012044871,0.28930207428342114,0.4070675652974858,-7.657012139958771,1.339110321360108,0.45789321499040825,0.1824163146664431,0.07967452881579826,0.009198960824222604,0.006344856873538721
GVR,GVR,2023,2,2.7311425480695575,2.2574903281032532,0.5191961341813615,0.2933528620931635,0.4151334468885075,-8.7739731232118,0.8288534435800388,0.6287713512764211,0.12164594187245924,0.16941605889281144,0.012983391565856102,0.009189014165725498
GVR,GVR,2023,1,2.6670417781026763,2.1777597425820043,0.42573237490369076,0.2953166448691153,0.41907708294637463,-8.82626589854531,0.7613057102392549,0.6689150424165008,0.11997984363907134,0.18274542311023428,0.013875289002069602,0.00980858286037768
GVR,GVR,2022,4,2.2785946020493117,1.8794584708036466,0.4069767058956224,0.3184660674068234,0.46727837335272226,-13.275092537773226,1.7935333179310233,0.32645670107380403,0.26545656508381504,0.14544726844504235,0.02298971619350062,0.016792431556911715
GVR,GVR,2022,3,2.690398998062712,2.0864838886565082,0.5659335914948848,0.31087161731335416,0.45110842206409435,-10.385695680879008,0.7779326988673525,0.44951316018643783,0.1737516064939221,0.16997196029314465,0.016415271394620817,0.012487654205539649
GVR,GVR,2022,2,2.5024869246449546,2.0201086148571004,0.6190752725469513,0.32065671066368756,0.4720098302243548,-13.241076841950521,0.8789756371691466,0.44501989513956236,0.1631324735848759,0.21172343100602967,0.019072983997245028,0.014854239258390097
GVR,GVR,2022,1,2.4252828232135277,1.9993784084737358,0.5376156905723756,0.32042064718437485,0.4714985025027788,-12.887070932494986,0.8553701482180422,0.6266309890110238,0.14420398824892525,0.2688460169121101,0.020486493346898428,0.016581727158741184
GVR,GVR,2021,4,2.078606751967186,1.752155071305102,0.48486733854144076,0.3430195375555588,0.5221152791656524,-14.98904323367488,1.97662557906342,0.2925162638213909,0.2968431029254518,0.18503262650567337,0.028448428875952773,0.022609150548758748
GVR,GVR,2021,3,2.6384665321924547,2.2266552729229923,0.8326816350339625,0.32691199245797803,0.4856898188571105,-12.35474054171054,1.121062344802046,0.4173720511570981,0.19019214856116723,0.2493045602099835,0.022893922381054324,0.019321287483263446
GVR,GVR,2021,2,2.5351674470002252,2.1664526433375064,0.7579483867877024,0.33175884384855253,0.4964657456287592,-10.163867168248245,1.2685423058974785,0.4321188472406128,0.17464176951564622,0.18721798647091772,0.017751986781800042,0.013493106011848593
GVR,GVR,2021,1,2.4681398684891485,2.1862995285486893,0.5246822287090863,0.34041402719633873,0.5161025874297506,-9.863640817652067,1.3800523771111362,0.5410662170250803,0.14784102006337815,0.2507894062068278,0.01835773657443386,0.015386625234487961
GVR,GVR,2020,4,2.1861915588771135,1.9680537741959203,0.5886033860704171,0.35750636215575454,0.5564356455813215,-14.897895713030591,2.9003071944523784,0.3229910607373215,0.2997875354051228,0.3531177487359,0.049160653795713334,0.04014396314087845
GVR,GVR,2020,3,1.9142875499566134,1.6658228051824324,0.5379451455188923,0.38134933422462347,0.6164211166679422,-8.640286004243206,1.7353094805739422,0.4175832707676318,0.2018885994284811,0.193268748481884,0.02087940281805899,0.015033867209877979
GVR,GVR,2020,2,2.3796186493757507,1.968639145113033,0.47945314748536183,0.35336484731221773,0.5464671164928679,-4.986361900554979,0.7071597030359048,0.8007579645277334,0.10340790191219518,0.15744306956855475,0.009132680079377571,0.006492856922969213
GVR,GVR,2020,1,2.5815882713652627,2.140937489089171,0.6261316319250352,0.34224388282994544,0.5203203343853701,-3.603034212954628,0.657984880400174,0.9893371389855692,0.09096817649014954,0.1226174998940393,0.007237274091245355,0.004374772271083894
GVR,GVR,2019,4,2.249704714342552,1.8965074664693176,0.6790639796474062,0.3506940680572988,0.54010605910843,-11.24097731385647,1.6220783633325786,0.391798034866597,0.2574370478737852,0.23605740554157867,0.027871215119195186,0.021516059326827566
GVR,GVR,2019,3,2.316577466318909,1.8885811531540162,0.5701295488838259,0.3457912509046815,0.528564088118454,-10.617031809512568,1.1777658137664198,0.5347353556594608,0.19256883027750551,0.2286226776871909,0.020574209382571363,0.016041399093448212
GVR,GVR,2019,2,2.2722580524285756,1.8702515782279578,0.6171464469270632,0.3432895949409534,0.522741214843531,-6.627764764543492,1.0906069374910257,0.6272588555447489,0.15026806435824241,0.18444288118635233,0.013932803693676488,0.010224272750682637
GVR,GVR,2019,1,2.2028041389702433,1.7969980808418993,0.5260627726053203,0.3458079114864528,0.5286030166952894,-4.144811235575207,0.8689421883332678,0.9825015690828448,0.1235207981749076,0.09221777445530817,0.007043682351450828,0.004111911661354191
GVR,GVR,2018,4,1.8888147238124087,1.5191921587418054,0.5302288522413389,0.3554083023012017,0.5513696555044294,-11.148847494331557,1.6696986401407024,0.3953056612963235,0.30843199144636,0.23874042797949876,0.03335544862972636,0.023983298941509763
GVR,GVR,2018,3,1.7361744562124062,1.3083144231032484,0.38964809173077425,0.3604147766767113,0.563513295075821,-5.4329730061309265,0.9397678249262594,0.49858502919722886,0.19627960534225145,0.10077685735646606,0.010064423351202377,0.006513023365310397
KDH,KDH,2025,4,9.03678586674912,2.3878761489972073,0.7278260666564177,0.37850389401972,0.6090205399158686,,0.022641644984662725,3.015983794026286,27.259171722774923,0.4366033238838417,0.028864711019705353,0.02328006461750363
KDH,KDH,2025,3,9.049066220448246,2.220664412115226,0.7034238589874209,0.38400065724539967,0.6233783554512273,,0.013970225994541226,4.293872689483119,16.051164323196467,0.47885846141791666,0.019755683113414146,0.01589751310345382
KDH,KDH,2025,2,8.3396700689397,1.7952080513054254,0.6998254034845787,0.3694241105945615,0.5858519439157219,,0.0280594737346669,3.2120458713303117,14.993260961803443,0.18704983704057354,0.007851512331034153,0.006279935380310687
KDH,KDH,2025,1,8.799845368049244,1.8289872510113359,0.6555641045375238,0.3520864548787875,0.5434157960271053,,0.017996328430447444,4.652218943455416,9.868761852766124,0.1671651898119869,0.005183840060006633,0.003929185113447729
KDH,KDH,2024,4,6.8966626716539725,1.593762071398971,0.7401808560480343,0.3675267984453143,0.5810946575157567,,0.051396330288065846,1.4741218935915634,27.917665956984152,0.19201869014511228,0.0164115923897169,0.012782609996788933
KDH,KDH,2024,3,6.0847143938381825,1.5092688278576842,0.6715982943122977,0.40254125716393896,0.6737557396065986,,0.004220110311645627,13.764596932862107,3.3464664594011753,0.2627455656043412,0.002341501903932477,0.0020995761334023128
KDH,KDH,2024,2,4.881470746977889,0.9499463936492605,0.46724452861645055,0.4450673908573883,0.8020206120974426,,0.006710694794432768,3.1776270084066898,8.336129286797512,0.4346692048228432,0.013003873472017672,0.009830426594298272
KDH,KDH,2024,1,5.464567668394285,1.0711270288205148,0.543446470454282,0.42777080712626236,0.7475515273486755,,0.007797842189450125,5.742650609303171,4.191955603820882,0.19150845058471225,0.0037322827437554123,0.002348067023193138
KDH,KDH,2023,4,4.638948677790314,1.1132047571986856,0.6999115392627031,0.4122111921766821,0.7012913255411759,,0.009466582073520245,3.8571212625300713,5.772769247478597,0.13501164640603222,0.00438516702260166,0.0023993328581415375
KDH,KDH,2023,3,7.508658188333316,1.6012730609549741,0.8039284921486843,0.34540815314399964,0.5276695009309883,,0.01071023419763499,3.4563753398519235,7.317045397688197,0.34084010984410923,0.010913801242405458,0.008971757027503427
KDH,KDH,2023,2,5.959891813470166,2.2297177891124886,0.5822049592694549,0.41375756840482125,0.7057789510032184,-539.199544118107,0.005089473840293541,9.262595361780944,6.792655539447652,0.4396141758745605,0.018011893414162542,0.011144559348885238
KDH,KDH,2023,1,7.318465174893954,2.6216657984538805,0.5478402334481072,0.4329842715258916,0.7636195078593184,-418.2275288576164,0.0073815838682653985,13.01554506406104,5.414779486247673,0.4727553984019868,0.013865873085407626,0.009691088394069899
KDH,KDH,2022,4,6.012189003996585,2.381525229213936,0.8031662007173604,0.45478151164632363,0.8341270909934965,,0.07522945527866895,4.297305704553383,15.298115088803796,0.08970512989119853,0.008318012789650676,0.005117588273411748
KDH,KDH,2022,3,7.034521781651405,2.6642764838614488,0.9308140138179214,0.4558315797906573,0.837666360012766,,0.02303102891565845,6.180923465259478,9.660944545397921,0.42956663023959635,0.022494157419500897,0.016059085322403223
KDH,KDH,2022,2,7.143620195275682,2.435926852012681,0.5152746775893506,0.4136026327910398,0.705328256775161,368.2957647675812,0.019366099606182276,6.567879838372343,8.535425142517104,0.4449862043778938,0.0225551283228964,0.01683093548990259
KDH,KDH,2022,1,8.976352888193313,2.713849421041194,0.6405051761257542,0.3596176023121542,0.561566969377334,-262.23418522512554,0.005697757638130643,25.689192909421944,1.6299132508079806,2.1005669544960845,0.01787771472980482,0.017233240674693652
KDH,KDH,2021,4,6.4921212319671495,2.738133258577863,0.6615327955359389,0.2876757724493324,0.40385510042036304,-1868.1365235552191,0.013584746837717486,7.087708203961896,14.625916194260006,0.7025663609583889,0.03715368446062817,0.028888891067765484
KDH,KDH,2021,3,5.101007771790708,2.505517440962222,1.0804448708778327,0.3249922478387808,0.48146446733127213,,0.10540050680006575,3.0907677409632424,28.46082694600834,0.2640624080608023,0.027575404862185137,0.021803516016875777
KDH,KDH,2021,2,3.496399043392308,1.536000187307208,0.4938654554739343,0.38128129508447395,0.6162433623798886,-25.3776042697054,0.08718633427240499,3.3598686143203738,25.165280237366076,0.23966037273348106,0.02510809110523497,0.0190029493406864
KDH,KDH,2021,1,3.7967752655428333,1.5676785488537075,0.41464768592029977,0.38277595278655563,0.620157225750776,-158.38099328128263,0.06451381929275969,4.248901854837358,18.445814840009337,0.24710247530417961,0.019921991998249483,0.015253405454965358
KDH,KDH,2020,4,3.1218796675690306,1.356458811207248,0.439359204042957,0.41260456338472373,0.7024306585734773,,0.08492406054549244,2.6981916741860617,27.218902480522004,0.29673903050970596,0.03313728144589433,0.02758491628586307
KDH,KDH,2020,3,2.6506452183094336,1.2902612334448578,0.5348363466383556,0.4717130835766914,0.8929107818349122,,0.17102503010381087,2.0405123179332016,35.43817166458615,0.20632171691591783,0.03191004316735945,0.024604641758468604
KDH,KDH,2020,2,2.4956559661597693,1.1115754230222776,0.33449394409952354,0.4781247493380469,0.9161667443159787,,0.048778279574477175,4.938950389103212,15.208699384553375,0.32382787442703903,0.022275685342591278,0.017518056805690633
KDH,KDH,2020,1,2.7715667943241793,1.1914023713150719,0.34543959639895455,0.42493225899397535,0.7389255711867928,,0.05064452949448448,5.003844719424417,14.417747885884584,0.2207343734180118,0.01505951445030389,0.011382252695765137
KDH,KDH,2019,4,2.7743616417662413,1.18187435914143,0.2664547889227203,0.41744147481197014,0.7165657299019603,,0.05230501668331829,3.878518173917677,19.940464906263244,0.4257257606675151,0.03976518078217919,0.030817945705176403
KDH,KDH,2019,3,3.2983188494579108,1.2375396152896692,0.32501905035158646,0.3467238132645882,0.5307461381644045,-121.5343974427056,0.030385796078065727,4.097566690057454,17.84221808096527,0.4849599102701049,0.03365257745650306,0.02667437243113759
KDH,KDH,2019,2,3.3003739370848875,1.3002596437354363,0.5276763805457503,0.3416335141599004,0.5189108520977698,-1409.9195640892578,0.029868867848362925,4.875231563088297,11.519462559231545,0.2759786037108351,0.014319840124617738,0.010799945980693558
KDH,KDH,2019,1,4.305310715945809,1.5971374116907113,0.6550192823292622,0.26512978847405677,0.36078450904074627,-20.60279872061225,0.10371671806932847,2.1100587029954028,25.56496149175239,0.1216801540221634,0.016242652380293283,0.01074494759683768
KDH,KDH,2018,4,4.306564075271268,1.6904994578653616,0.8248205155145004,0.32606291744329446,0.48381803863101613,-38.73257067829562,0.1541168975070082,1.1144186139593761,45.84667530360472,0.256523074388272,0.054603391857128335,0.03958250611921307
KDH,KDH,2018,3,4.080464548023161,1.5082839495960294,0.7618381234407668,0.3500943248306208,0.5386848249007501,-26.919234725635633,0.029275669666185562,3.6419142135572575,12.524224055039513,0.41313374058002056,0.02383543812090057,0.017217886959151333
KDH,KDH,2018,2,3.990967769134042,1.5831218667423788,0.6518558792146482,0.3163031283278432,0.4626365008139388,-30.015603667736944,0.07164334293044027,3.6234596691052494,15.922921961375769,0.25101102699376654,0.020009933570294337,0.013885952020562016
KDH,KDH,2018,1,5.0136837833872745,2.188191250941612,0.7775964126605666,0.3121348563520815,0.45377332931387304,-13.863972905540269,0.045975533653439433,5.625558828605894,13.509294495709748,0.25929573798141425,0.014935997644576012,0.011268226660407304
KDH,KDH,2017,4,5.252232175255805,2.5275845452478283,1.5279488153725138,0.35439916852064063,0.548944721320377,-255.51372005744562,0.1274160988397742,1.934987225215457,28.33651256705498,0.1736279912851558,0.024637144526832973,0.015554050445892493
KDH,KDH,2017,3,5.710175167970695,2.64546708788393,1.4306044572885868,0.4432253873065427,0.7960589028339349,-36.20882964221514,0.06048057788801261,3.45935419376903,15.30370850464895,0.34790442238678515,0.020912655049091483,0.018949557000586245
KDH,KDH,2017,2,5.562149231523705,2.322243316413989,0.6799449006915398,0.3757194500080257,0.6018439145875295,-17.544686734385714,0.24920148047119028,1.4681762039064743,48.7964099050929,0.10101719746016778,0.02940507374542494,0.01789936652954846
KDH,KDH,2017,1,4.441464377808467,1.625970906004689,0.5987541942173427,0.42615239773592395,0.7426229473723844,-88.09128938997861,0.08925487030678633,2.4808170726155536,22.991237224096768,0.18540548940436669,0.019420058775635497,0.015248154859629985
KDH,KDH,2016,4,5.789260623702985,2.03069823183438,0.8522580441268058,0.44579882623680045,0.8043989210807455,-6.447832239787445,0.3997431699745335,0.6408254614077837,79.54152021070475,0.05714103765961775,0.024639790346202953,0.015798174299615043
KDH,KDH,2016,3,5.772330031064839,1.3180093599382179,0.6039106905942967,0.4838590774602127,0.9374553660253783,-13.106128823250511,0.0390806528583394,2.2481007570977845,14.116687862713148,0.13688409315619327,0.011277925141685805,0.006567332244754022
KDH,KDH,2016,2,6.943249507065682,1.2709655896833882,0.5640929651982666,0.4556931131636318,0.8371988747234502,-40.579466393085355,0.07494294268683696,1.0043143696444676,23.196421762914216,0.1667387745578613,0.01970580143450204,0.014200671110263983
KDH,KDH,2016,1,10.001045524156453,1.9980423856729341,0.7589559476308744,0.480796993176453,0.9260289074940847,-27.66355600351058,0.060409504655780884,1.4416987933427394,18.611025706708755,0.17130829038760864,0.017359918366747752,0.012001097525544575
KDH,KDH,2015,4,7.2959406357039915,1.7112845115248974,0.9367762068002649,0.5113018857610245,1.0462530361044031,-874.7486732010519,0.0340541683030266,2.0162671120262052,10.562727828429907,0.3231636848878649,0.012819593452140295,0.012627517721383291
KDH,KDH,2015,3,15.016612136050664,3.557048729395409,0.8735590045141172,0.47902832706064646,0.9194901602959329,-57.65973295082136,0.06080577269405303,2.6992080696591354,34.551712521983056,0.2740975778164831,0.017113363582393733,0.014248372527450584
KDH,KDH,2015,2,7.769873679976628,3.1870433010483623,1.1611266753788079,0.41779290295853233,0.7176018723948586,-54.03505843886093,0.08259081853407076,3.503230905983432,37.99718583584999,0.15746912015818904,0.015575061278784072,0.011089722037932683
KDH,KDH,2015,1,9.24220286417651,3.255623945481336,1.8837425866174415,0.39577230471035535,0.6650563770855991,-25.339245534153893,0.05500041006090311,2.6344311508094567,42.901048808181216,0.2850139304758114,0.016105868734648195,0.0126806195570611
KDH,KDH,2014,4,6.520604572918708,2.13234150136031,0.9193065367330546,0.5077184385950408,1.05734889337862,-1.4703977532491663,0.170182115865777,0.6698844853466227,95.40957269748544,0.004128797071430562,0.009362105946803279,0.0005521442033298218
KDH,KDH,2014,3,6.800996496030531,3.0797952630824246,1.3364585697783675,0.37894044763803153,0.6279379989413164,-7.333487280294306,0.08844649393331354,4.942690360936863,25.3280462046724,0.18207583388309942,0.01706927086755203,0.008435550154676872
KDH,KDH,2014,2,5.791953496114296,2.3980814014342022,0.7172639524755738,0.39054451813368257,0.6734391313226648,-8.584514675794253,0.007226819866432066,267.3082434375564,0.4756852492662481,13.481524494839237,0.019576615560152277,0.01223700706814372
KDH,KDH,2014,1,7.145208726499931,2.758652570841313,0.32114036572203375,0.4602314832013232,0.8528735860807838,-3.7966041216799087,0.047072528477285894,7.3082382142017295,21.215867606911615,0.12890022294422432,0.011820938692916632,0.0053039028039201
KDH,KDH,2013,4,7.300938110288321,2.2635018006704395,0.41891737890821035,0.449473431353993,0.8274456179084771,0.5256542465682558,0.016899656987798252,24.231933076485255,4.007647679863424,-0.04171343927594727,-0.0011520880537692732,-0.000378857810782615
KDH,KDH,2013,3,5.302713426496469,1.6828736806319586,0.2820658511524894,0.4119871942679685,0.7031945266480554,3.6525716033090063,0.03430993791898239,11.488482761968275,6.863860501731664,-3.2734312913009287,-0.054977160185439695,-0.056786250998767135
KDH,KDH,2013,2,5.115050240415473,1.2714045579900295,0.39145011055418294,0.4825355137327853,1.0699674571828774,70.75668840231677,0.0028733097295954284,-6.009770695746594,-10.630031649379388,1.1328396523226445,-0.030462676335744728,-0.024997509657141846
KDH,KDH,2013,1,5.43271872408626,1.543392056245368,0.4007378202306264,0.4581710872661224,0.9783260316447192,-1.2223254139952802,0.050363058222918006,3.7079980915895794,22.451903942803664,0.005133159187281897,0.0068488193119183565,0.00025860750114884286
NVL,NVL,2025,4,2.1608501061715994,0.5571027644423807,0.0458285294835045,0.7644032611980326,3.244540926521726,-96.10033004415628,0.006600111727207022,30.1896771789884,0.8247392386500839,2.3211185444004676,0.01631783585629972,0.014564935413953954
NVL,NVL,2025,3,1.7820039009566175,0.44346735097824014,0.033639800994372776,0.7878984070514042,3.714721780719284,23.73165936561133,0.007184252416338139,26.74624190047202,0.875370640090632,-0.685175044699609,-0.0031329159163547035,-0.0048136905913033845
NVL,NVL,2025,2,1.9654376553868398,0.5106768690663732,0.04161321160208286,0.7822149314480044,3.5916830141238645,3.178145813163345,0.008390916016640711,24.20423029503209,0.9933379704010894,-0.09804221439242217,-0.0004414224183797279,-0.0007956967222372979
NVL,NVL,2025,1,2.01365913463682,0.5359724692467572,0.06031674176137472,0.7919349956065316,3.8061902717139113,2.0539701122085647,0.00759742913314144,26.13072715924043,0.9317074384856726,-0.26793135673721963,-0.0003502056216366206,-0.0020290343024824426
NVL,NVL,2024,4,1.9383186042592366,0.5670752064014908,0.04297240132439384,0.8011126840769084,4.027972725956507,-10.293927536892427,0.019296414767458282,11.470639209412969,2.4661329275976054,-0.0036952725811841124,0.002553455492029601,-7.426324290062659e-05
NVL,NVL,2024,3,1.8381608634102282,0.46719939363125706,0.036008781020575226,0.8249210793236266,4.711709874248433,-44.12787551943212,0.010072626909229578,22.131055993879432,1.2248880275633025,1.467638533002617,0.01577786066099615,0.012715291691347112
NVL,NVL,2024,2,2.0249587942539753,0.5914522830362988,0.021306149492668378,0.8409689138087991,5.288078789814174,86.42214960674633,0.0289645731154441,35.33091305752642,0.9436428890124336,-4.237582515113898,-0.026776629463973314,-0.028168522447281
NVL,NVL,2024,1,2.0403859756317577,0.5182188634566461,0.03387325908310145,0.8109695217149457,4.290152197001902,1.8325774750713675,0.0035983811117985837,62.03280058136709,0.2942586957748607,-0.8618249603710232,-0.000584823519270664,-0.002540941188790733
NVL,NVL,2023,4,2.1162673527440994,0.5834594769802056,0.03769186666436561,0.8114902653888201,4.304765836430672,-15.406117868579845,0.010617690851822442,23.54692923141304,0.8502952371100018,0.8099460705399236,0.00910385943770075,0.006804157690468964
NVL,NVL,2023,3,2.263649003974948,0.7000401116028288,0.0389871252468892,0.8240848327743796,4.684558163864561,-3.8453202685377983,0.005309062055223692,52.65114208156317,0.2802288448867788,0.12744149722922465,0.0026258596101008057,0.0005485103749101525
NVL,NVL,2023,2,2.6859224031028726,0.8037228537314199,0.05464043940940074,0.8297507375723283,4.873740571562465,0.4485542379187923,0.005222948157734351,50.76366931286853,0.2729948974904007,-0.6490282483855019,-0.0003493656351863033,-0.002663570845221512
NVL,NVL,2023,1,2.508074341494971,0.7721722112850637,0.06800972248973594,0.8266648517832084,4.769170363239269,-0.45018125665440184,0.0033242017469901474,88.63403932898822,0.15537170569305453,-0.6791369787397837,0.0002781114943229675,-0.0016013953876016858
NVL,NVL,2022,4,2.66426255733144,0.8571443141578536,0.11555852742272671,0.825424468235614,4.7281796016502415,-3.9626965488579295,0.016703450213164522,16.350985612182637,0.8227316630548461,0.0393536155288554,0.0031416793628801284,0.0004954763350389645
NVL,NVL,2022,3,2.6963768635834118,0.9922723428401367,0.27825266164839035,0.8279303743473417,4.811600950528083,-4.54247793773619,0.01441671958064577,15.740493632892399,1.542317697159862,0.07200560970249971,0.0036388114173803976,0.0009096233433411172
NVL,NVL,2022,2,3.111581256959074,1.045616866535252,0.27991148357926987,0.8141732849705737,4.381357571981223,-6.907668741754982,0.012194423663314151,16.632750720501623,1.248772852825815,0.2905491615696898,0.006301368922135276,0.0032277431936863976
NVL,NVL,2022,1,3.148188365684273,1.0083012652686552,0.3148629868540811,0.8061350559135343,4.158230151986581,-7.313662977175005,0.010268082189883138,18.73312495947018,0.8673153912489616,0.5344206361539514,0.006984437044741228,0.004664895655278114
NVL,NVL,2021,4,3.1999023076771347,0.9429384450780932,0.3546664838573692,0.795659346774911,3.8937887993264946,-7.8327748830675406,0.023073845899663444,5.752958928099894,2.92072567615761,0.1983314170721069,0.008192937218498326,0.004517972385854723
NVL,NVL,2021,3,3.5948299627240567,0.9648392206471429,0.3782039838072326,0.7800481495090681,3.546449587798432,-6.776686084407041,0.016630791469649006,6.5199567935417395,4.153767122583297,0.16423088527805355,0.005707192936489695,0.002910451923712237
NVL,NVL,2021,2,3.2568512027169962,0.7953481609595979,0.28925316025363573,0.7672879075605339,3.297155293982515,-13.688901109645256,0.01632500297753265,7.504454588482461,2.1150908250040015,0.516160101144736,0.00941307536855349,0.007654533968275548
NVL,NVL,2021,1,3.433650574284373,0.8913792555285932,0.354509224856674,0.7542796838754889,3.069667562584778,-42.251179759327044,0.03097896225280591,3.731925147757517,3.7329208888457943,0.15559897896946384,0.008405178294508667,0.0045632983912734975
NVL,NVL,2020,4,3.6367302803302746,0.873685972011856,0.3677294759650968,0.7792027785221609,3.529042500203597,-2293.5485651326735,0.009148360032794704,11.300422929538966,1.0174816479739166,0.4793012883338362,0.005376084989200672,0.004055999656706484
NVL,NVL,2020,3,4.079714760274525,0.938070794174055,0.38379417567937835,0.7588681809232727,3.147109260938323,-9.990971421540435,0.016917515589180452,5.682916206461447,1.6944424022148954,0.9911135802361395,0.020290229518713725,0.01638887618550295
NVL,NVL,2020,2,3.517273860718875,0.801885233768022,0.2697245553372163,0.7512936516307903,3.0208060894186715,-6.913560234903302,0.008320494209115119,13.937560190212443,0.773284191917985,1.2324089420836344,0.011806098722994245,0.008853538283725537
NVL,NVL,2020,1,3.599702437634579,0.7260064283028483,0.19017306766333192,0.7323488960510838,2.7362072685149834,-4.658670460444918,0.010052581232792998,9.797823082322315,1.1515260674296321,0.31707309294487973,0.00675221838533737,0.003279044307301948
NVL,NVL,2019,4,3.961132510656791,0.7820341781420871,0.3619874689748291,0.7281849839683944,2.6789726138004233,-6.973403807832558,0.01595902004762966,4.331704112661302,1.6400980687922373,1.6641094731811048,0.030806628868341474,0.025532644256816544
NVL,NVL,2019,3,3.0949099226504075,0.7342149182634053,0.23425241948307926,0.6984396484633885,2.316085801414093,-4.939350765398873,0.02271009903197408,5.151295521589338,1.7763787907747493,0.19025599452233158,0.009363180265652776,0.003842282946352257
NVL,NVL,2019,2,2.4996307306325263,0.6691940555034456,0.32170327450077396,0.7032876354307737,2.370267368034434,-4.194882170779948,0.054044130298544,2.0864747426484875,3.6671612014730735,0.16243314564716382,0.013147183134539709,0.006807047280581206
NVL,NVL,2019,1,1.936243281383643,0.604172460670551,0.32136919256793656,0.7021366066074664,2.357243696885467,-2.532063653179921,0.10160880611259994,1.2750044912991079,6.126908341521497,0.05815978388006042,0.013802858812114637,0.0040992630317972754
NVL,NVL,2018,4,1.8197685564311092,0.6456871389790878,0.441705281047517,0.7070657790156014,2.413735672942285,-8.517571738856034,0.1669422220527368,0.545058731393936,24.834405300335746,0.21675217289728083,0.043838973930024824,0.026539041437652025
NVL,NVL,2018,3,1.5371338813778666,0.378363375571496,0.1710135849419764,0.7055314777724965,2.3959487161327537,-3.588276899705751,0.05402075754115572,1.9582251151794214,6.950564691798617,0.27304024038123303,0.01784407277117751,0.010692324346890231
NVL,NVL,2018,2,1.993015013745626,0.7548609004887333,0.34801151569674604,0.702727848323977,2.363920886507502,-3.880042207292871,0.04843867396348727,3.8806296160754816,6.567170592111979,0.2589151686834866,0.021475418975087666,0.01049955977130668
NVL,NVL,2018,1,1.698287359063917,0.545951408052462,0.23226252478443274,0.733868657000996,2.757543131639863,-1.5925588721461919,0.047414780139302656,3.5107414996108925,5.131214502935094,0.0673310029831241,0.012211552361328105,0.002536654776841859
NVL,NVL,2017,4,1.825661157715796,0.625884968648873,0.29667430085510044,0.7306950656868624,2.7132628206404785,-3.310258621829185,0.15986287206985708,1.0173922164287417,18.05099967047045,0.12173413116494551,0.029478900300032265,0.014580129211003408
NVL,NVL,2017,3,2.022354022751869,0.6939219659145335,0.22281549567833242,0.7396951812818869,2.841649973767527,-2.8031560589108677,0.05848730232081612,3.167594818642182,8.86656152459252,0.2091898739411407,0.018120401501113166,0.010500823029900927
NVL,NVL,2017,2,2.0898439960825788,0.9074603943458117,0.27814453237597936,0.7071571095331539,2.414800333399981,-2.8197982984469414,0.05352693066613927,6.317532045713015,5.191585759278764,0.30397132862746096,0.017184960274708946,0.010312418909047159
NVL,NVL,2017,1,2.143254209979855,0.9967084143431532,0.21945313675305222,0.7155484487153791,2.5155371643566986,-3.736875675870292,0.086557902868765,5.175403243114242,7.0576431235543,0.2138876948795127,0.02002526825185038,0.010846470028748131
NVL,NVL,2016,4,2.000867823457064,0.8530940258229058,0.2448620074448306,0.7240430594362879,2.623753756500003,-1.695069394945897,0.0002996763708956178,36.94149035506654,1.2304444795972118,0.5155856176055689,0.012834054629505827,0.002593343170892595
NVL,NVL,2016,3,2.001060480708831,0.8625379169650523,0.2713901838236362,0.7654563055283949,3.263597886325035,-1.0628291949714574,0.1464249144551089,3.0862222268277333,25.005387536807454,0.00987256622120203,0.008775419888055141,0.0006717315039184923
NVL,NVL,2016,2,1.6943903150359338,0.7100882047994003,0.2286480924317022,0.7072795960804004,2.416229229700934,-14.370349811900963,0.13575159776502882,2.3929884889834248,31.483883873053404,0.4993382679258513,0.05987013471160051,0.04339516420875898
NVL,NVL,2015,4,1.3578285908048746,0.8185608302445586,0.28901676630998036,0.7706015929545411,3.359228178083356,,0.46414185161904375,1.3930201092942474,49.54302407300581,0.12214303083308538,0.02498809902506795,0.01999448187015511
PDR,PDR,2025,4,2.3565922422683396,0.7272838935305233,0.03664422957664099,0.5444314136527544,1.1950591633589398,-3.5652273867464994,0.004217732328107661,19.413106871083496,0.4917623145540232,0.8689566144274409,0.018783655761113526,0.011489271333867453
PDR,PDR,2025,3,2.7995892798907787,0.8293405608409463,0.015259543954231595,0.5075075495326129,1.0304879781425604,-2.57962886782305,0.01711709140533705,12.041820407599557,0.6883999390292797,0.16948449439500163,0.007899105825939967,0.003540788923863596
PDR,PDR,2025,2,2.7544372004770983,0.8965840777199324,0.0033190409705610244,0.5106263595958684,1.0434284101901892,-2.6282656510371476,0.001061512395791955,330.90239254557355,0.026984102340721926,3.256650269330302,0.006728077391382404,0.0026786780183892314
PDR,PDR,2025,1,2.5453251447505125,0.8178050826846863,0.010332324074103519,0.5190130085644351,1.079058306785755,-1.960604510763806,0.018731382689624942,14.537663438137235,0.5908364419740993,0.11558182884800819,0.0056743986273699335,0.002191791800773985
PDR,PDR,2024,4,2.508945341153713,0.8648141077911685,0.040137957577132274,0.538951250901235,1.1689680363622068,-1.2709298690232405,0.029408448645203207,10.577368606055211,0.8715265719358578,0.0024043994289531033,0.003812812705745527,6.501908187381482e-05
PDR,PDR,2024,3,2.2869669656856804,0.7849467450289922,0.025790051641754408,0.5121180678508168,1.049676231285857,-2.058153460584383,9.99014998362293e-05,2423.9944271314444,0.003512834789204604,19.487264573563525,0.006757930219611354,0.002259551703521571
PDR,PDR,2024,2,2.1713933103983574,0.7320364333182147,0.13675021377537766,0.511679309899879,1.0478345895910508,-2.1946238631457833,0.0005239770618173249,615.2776948591484,0.010977304640763384,6.029790679602419,0.007105649721834907,0.002208515889678182
PDR,PDR,2024,1,1.8117085744399997,0.5166530277862693,0.002032209033901928,0.5505489415890649,1.224936355774905,-2.1645018519287307,7.671824471246547e-05,29.597887665569395,0.21454194953901023,0.3245265400407292,0.006617492871780049,0.0024564133597373113
PDR,PDR,2023,4,3.673289526190084,1.0245395363143275,0.10966716481612915,0.545355424073265,1.1995203571089075,-5.465397837345074,0.0007535659473364266,60.47371232887406,2.5177559627356896,4.150703726384674,0.020434343035093984,0.01341077919441147
PDR,PDR,2023,3,1.760950804732564,0.4637594582451766,0.005611007875204454,0.5812296836528255,1.387943846456793,-2.635600059919182,0.0035893555669766126,11.833442480262466,11.914351589655245,0.28656047154990083,0.011025503429432103,0.004938030523371651
PDR,PDR,2023,2,1.7294729135098288,0.4579602800448456,0.022330714307977426,0.5869582038316766,1.42106249119757,-4.920692754858179,5.8812548199934224e-05,1663.1087584811237,0.07539147424197944,112.578538519817,0.022244718778216165,0.013362790533345836
PDR,PDR,2023,1,1.4694923168794667,0.4236139292650116,0.018817283501275643,0.6209488797488528,1.6381665864420392,-1.351773542379938,0.001679419750216799,23.908377440329584,5.439950661983964,0.11670282142692652,0.0054761056353179165,0.0010312560257987632
PDR,PDR,2022,4,1.652949935375139,0.5522669855991915,0.02374957468836498,0.5942470376221178,1.464553786963332,1.111353962947039,0.002359625102507355,386.06093529488976,0.3835051755988912,-15.68081841289928,-0.006833331154717135,-0.010045038159996677
PDR,PDR,2022,3,1.8684014645070681,0.6948289650596674,0.004449778138600555,0.5967870980386312,1.4800793703168964,-7.964106398816487,0.00036986790631064216,685.0826704067003,0.27078036757816243,63.98661940543934,0.04081850851750001,0.027568766492426417
PDR,PDR,2022,2,1.8204858615976551,0.5834002476205007,0.05654506712898841,0.6259568664760481,1.6734884572769864,-4.942701738227003,0.007265513179166342,6.307803189002283,6.228909294304212,0.4787264773276969,0.027492303089527034,0.017370892218930914
PDR,PDR,2022,1,1.8331004186610833,0.43938542874641023,0.0398997831452309,0.6104821654937846,1.5672765440064684,-4.506485508218226,0.008125141133285574,5.386120094805387,4.556351869276979,0.44670316106310065,0.021104104800475636,0.012973435490272089
PDR,PDR,2021,4,1.7565867941329578,0.36020647980324155,0.05658234670632584,0.6037096550143932,1.5234023807375874,-14.369025220034734,0.009186113227859165,2.061601484910794,8.786741323765096,0.611532324678658,0.0495358984853365,0.03656446458654975
PDR,PDR,2021,3,3.27638234126146,0.7428813505424422,0.06172454543425154,0.605527294178795,1.5350296363805984,-21.04312095316979,0.0345260329305926,2.4618027213171367,9.621201206107672,0.47893765276532785,0.04055351905637918,0.030853867080374915
PDR,PDR,2021,2,2.810509479143324,0.5003844870891254,0.05706149114576619,0.6222711835069629,1.6474019358235368,-12.411175086157103,0.010988421412508808,4.143148394064872,15.035124254722328,0.4667526196116321,0.018722482360707282,0.013408961959232035
PDR,PDR,2021,1,3.2511029574124457,0.6409724808752529,0.0019146807117340413,0.6044769668522376,1.5282977631960382,-16.753202370654666,0.018918431690212827,4.329064121380634,16.20479782467289,0.4283689718193351,0.019288809440909844,0.014459841764728096
PDR,PDR,2020,4,2.500405357491659,0.36807479743608407,0.012179939869939736,0.6669081209085268,2.0021746634218647,-48.76008451130179,0.07438871279010591,1.0797458085404195,41.43847270877666,0.3551352558270635,0.04165736077720224,0.032164341031165215
PDR,PDR,2020,3,2.994897346317599,0.5954192540733805,0.011356011065696862,0.6563668794795129,1.9100803743403454,-57.901225723228464,0.06928014785972275,1.7976516765018427,36.5439770195131,0.3335547863883397,0.03651462919570913,0.028467752308420993
PDR,PDR,2020,2,2.5858340242437095,0.6843802300915778,0.07428333705556704,0.7041986623131241,2.3806473216783153,,0.04413607680059641,4.449506849785364,35.119976736537446,0.2188245575554639,0.010596256341421686,0.008441301097989443
PDR,PDR,2020,1,3.5324772087044334,0.7566540044319882,0.014110148713329045,0.6925679211325988,2.2527509935985273,,0.04893593214865261,3.291542505101478,39.61798991914791,0.2511406983658124,0.014720734174595417,0.011757391453299066
PDR,PDR,2019,4,3.138618989892379,0.7649863186336816,0.20739135842455028,0.687775037811045,2.2028188681301253,,0.048493431699096874,1.6691577116842622,58.963000257269094,0.45409806792127083,0.0424223903717108,0.03363853076526756
PDR,PDR,2019,3,5.86095760496075,1.4419543919273838,0.14506411003728906,0.6837832251871883,2.1623875760290128,,0.020605802980452576,5.180992756325505,21.044814915626038,0.4056271076645024,0.016366706035142346,0.013042099972114548
PDR,PDR,2019,2,7.533113645419139,2.2797103976016047,0.17824519564933025,0.6707632962648742,2.037328428620492,,0.0175862576275627,8.845221883859898,14.991286277856478,0.3350661155182389,0.010305725951740279,0.007782023686518354
PDR,PDR,2019,1,9.485051677633527,2.757516743851327,0.026193658789449785,0.6361843739257569,1.7486449957922698,,0.29384704077674734,1.1922769078064894,104.68315014688842,0.08980230629739286,0.019074168597999354,0.015255168057960965
PDR,PDR,2018,4,10.169667102593515,2.7595850834532016,0.2391881545836643,0.6823844796581767,2.148460751929826,,0.2215865660000692,1.1697914856766207,161.3352148915182,0.17555477573314354,0.03343114902280139,0.026981338990526217
PDR,PDR,2018,3,5.778489524533912,1.184950527249674,0.030911804835023378,0.7190826751117099,2.5597662066505196,,0.0003666890877446787,334.403677103899,0.34471681658370956,21.634150066910735,0.009162010036973886,0.009162010036973886
PDR,PDR,2018,2,5.7789574474479695,1.1188192984099201,0.010986627245031924,0.7217816385531404,2.5942990778881514,,0.0019035848665856405,24.383492508083936,4.194126458007706,1.4297963729371579,0.008371360941121135,0.007887628928749344
PDR,PDR,2018,1,5.609862093065545,1.6513777582464964,0.006317314750517998,0.7206464061410119,2.579692626058641,-840.7843064141072,0.0240547550096672,6.81686292073526,49.480550444595934,0.39960742508009056,0.018034573768362077,0.014411049110435416
PDR,PDR,2017,4,6.681127919096508,1.015027014579439,0.1340445695507912,0.715129930955318,2.510372301848073,,0.021020572975181,3.8623017292078705,28.899449710922365,0.8935020881895703,0.025929301707182235,0.020912891421266407
PDR,PDR,2017,3,3.3335048150658375,0.6215251615549189,0.05847380853452198,0.7327769813633352,2.7421925891783694,,0.043605165657248195,2.9612989457397183,68.86035973042331,0.22632995392546723,0.014611833868504868,0.011629782135979731
PDR,PDR,2017,2,3.5289338115218314,0.4879801495650859,0.0461691046837175,0.7360536134506602,2.788648191298762,956.3313297490179,0.03209431242862982,2.795951341018888,60.829338549665785,0.2108761168659272,0.0107030889588618,0.008500276434636519
PDR,PDR,2017,1,4.515198831345587,0.5046947807723883,0.1559766037738336,0.7394539875510976,2.838093665686469,-77.56975398463275,0.016587933525384464,3.1473590500501487,94.53712382160941,0.2186156016836832,0.006077227604763436,0.004792570563562294
PDR,PDR,2016,4,4.812316414432762,0.4445824462053784,0.08921020224170452,0.732918843189605,2.7441802781688387,-442.65499718847417,0.13204513717555044,0.4649652390812737,132.35230379976326,0.13693446290726313,0.024410510494044253,0.01933788789884158
PDR,PDR,2016,3,3.6254786365897003,0.36936253528041973,0.022376726656399996,0.7512698536530111,3.020421387140418,-31.29212236945353,0.00011287420819752144,245.54427604499799,19.85843074322769,3.3945233623662103,0.0014529538603292504,0.0011252175384705203
PDR,PDR,2016,2,4.126103463299183,0.4180601027577988,0.039308555170124354,0.7406212387989145,2.855365780025226,-61.534735942837905,0.010293310663706555,5.655245698477685,505.92214186920694,0.26189662260398505,0.004609349289670828,0.0036217051355538956
PDR,PDR,2016,1,4.423221001277202,0.4677427289446556,0.009060014960690164,0.7167660582087815,2.530650294508609,-81.42138247381057,0.008499486003028928,7.48595337754873,315.7864005621247,0.2546333078489362,0.003975653671104062,0.003121978685466994
PDR,PDR,2015,4,4.45566707630807,0.40843103817610915,0.020864147855541988,0.6968232724613935,2.298406207226642,-265.93314117037664,0.006313654556378531,11.029289322343875,119.91198006896039,1.5449103375510915,0.013591693586971633,0.0105544610296926
PDR,PDR,2015,3,4.305344761465263,0.5260418107156278,0.10915277147040749,0.6963518803679641,2.293285666355554,-79.39428308729937,0.013019100965650777,5.280144180390582,210.56993686522375,0.1989458377906253,0.004210632870575643,0.003236037053902384
PDR,PDR,2015,2,4.035247037995322,0.4121805041972796,0.04251465270942423,0.7691317310127043,3.331474413467484,-104.62747606977804,0.014019527459065345,4.341555064578987,218.27785895685906,0.23587354493675233,0.006024107667431502,0.004653894133142374
PDR,PDR,2015,1,4.202565739235003,0.30525346628971906,0.04664790153988369,0.7627400155585806,3.2147857438088323,-85.70008543733333,0.011892335636843453,3.444516538898459,0.5086082859805244,0.23874565675194107,0.005117684711647128,0.00394521542746211
PDR,PDR,2014,4,3.6591666807362935,0.20533964047051706,0.0050723519219660635,0.7584388428144019,3.13973840683199,-113.24296722653396,0.049919841769098534,0.972314680514233,1.5841562411974215,0.10479034865100406,0.007140372584505902,0.005520308836646705
PDR,PDR,2014,3,3.6390851019208093,0.17897866195499526,0.008377136489688224,0.7657094740837924,3.268205024891375,-26.984190654768863,0.006608807530038598,5.009247824344364,0.2614866790155059,0.14897658071322054,0.001688573082124839,0.0012682774243669525
PDR,PDR,2014,2,4.097124203165355,0.13108686288966676,0.002858549383849422,0.7558920997423898,3.0965491036737736,-2.1857948604960047,0.003140012466648943,7.068396378716338,0.11867555787840098,0.014901845081482387,0.00014170683472912937,5.996330515066072e-05
PDR,PDR,2014,1,6.8069976270602774,0.25655574374642864,0.0072639659136773714,0.7526476966851917,3.0428166085330033,-1.805353416,0.002572432037661195,9.945664643753716,0.09812398973112417,0.012185232843685383,0.00011729948825380676,4.081454814756074e-05
PDR,PDR,2013,4,8.234514834092572,0.3054877934332201,0.011431706734406119,0.7472345648212603,2.956237130653815,,0.0009964709366045523,14.2848147590741,0.06527511425736626,0.11380807353124303,0.0003456030580002361,0.0002592022934116794
PDR,PDR,2013,3,3.5505246260961876,0.14810478017876397,0.006405875047476787,0.7429908941285767,2.890912723147952,-3.3933554690377004,0.0007941845563784179,18.18810775134685,0.056968820796273,0.06126380819136099,0.00023430261560846563,0.00012394135800024045
PDR,PDR,2013,2,3.6921382336829773,0.15420691086121452,0.002454249337838111,0.7373642050335371,2.8075541078766295,-3.000152600439426,0.00030650616819585,23.57651664083132,0.04418227839254166,0.06563198323813166,0.00020944503240455798,0.00010472517947110684
PDR,PDR,2013,1,3.281395206442866,0.1501720133676842,0.003925671912824269,0.7316584234460268,2.7265935932923306,-1.6306418596516217,0.00028986329856257035,31.682106787738892,0.03532237850343567,0.025883475668987254,0.00011506210473700371,3.3374731738023184e-05
STB,STB,2025,4,,,,0.934723093096268,14.319353312416657,,,,,,,-0.003001202232245333
STB,STB,2025,3,,,,0.9261377235709889,12.538710805387888,,,,,,,0.0034175277536171505
STB,STB,2025,2,,,,0.9259032569932463,12.495869850971077,,,,,,,0.003584116705817331
STB,STB,2025,1,,,,0.9235729929020666,12.084379959018968,,,,,,,0.0038260699183603687
STB,STB,2024,4,,,,0.9265172159135083,12.60862972778722,,,,,,,0.004809656772982275
STB,STB,2024,3,,,,0.9270532706618928,12.708633808172697,,,,,,,0.0031311779537514166
STB,STB,2024,2,,,,0.9315808236181536,13.615785411081461,,,,,,,0.0030347138486957175
STB,STB,2024,1,,,,0.9309205305016721,13.476081059426852,,,,,,,0.003044412121741828
STB,STB,2023,4,,,,0.9321848084088359,13.745958487128926,,,,,,,0.003349609482446691
STB,STB,2023,3,,,,0.9328868842460196,13.900217174624188,,,,,,,0.0025097825379479144
STB,STB,2023,2,,,,0.9328278455615785,13.88712113464705,,,,,,,0.0030941740881722623
STB,STB,2023,1,,,,0.9320291583159458,13.712190922223012,,,,,,,0.003184139641264765
STB,STB,2022,4,,,,0.9347510567928689,14.325918717572549,,,,,,,0.0029580070160180505
STB,STB,2022,3,,,,0.9345254943685913,14.273120283328904,,,,,,,0.002147505055855449
STB,STB,2022,2,,,,0.93508036082245,14.40365924192957,,,,,,,0.0014578468514426786
STB,STB,2022,1,,,,0.9357853612258339,14.572773110456321,,,,,,,0.002305857097210463
STB,STB,2021,4,,,,0.9342640479946126,14.212375716686129,,,,,,,0.0016459574808480376
STB,STB,2021,3,,,,0.9324631116728593,13.806723033434986,,,,,,,0.0012942231325342485
STB,STB,2021,2,,,,0.9397784727239548,15.605357672451078,,,,,,,0.002205678158869212
STB,STB,2021,1,,,,0.9402247376748811,15.729328506514625,,,,,,,0.0016104089776636655
STB,STB,2020,4,,,,0.9412219066542703,16.013141173498965,,,,,,,0.0016982293722359052
STB,STB,2020,3,,,,0.9418716627490095,16.203313345814983,,,,,,,0.0014761776407762992
STB,STB,2020,2,,,,0.9430425063295812,16.556952308794376,,,,,,,0.0007125366852792156
STB,STB,2020,1,,,,0.9399957345230565,15.66548189618698,,,,,,,0.001711568966638796
STB,STB,2019,4,,,,0.9410433050778838,15.961602093214927,,,,,,,0.0011719360669861483
STB,STB,2019,3,,,,0.9417373566926575,16.163656559914017,,,,,,,0.0017145015293639114
STB,STB,2019,2,,,,0.9419382352331136,16.22303832849249,,,,,,,0.0006994669362217197
STB,STB,2019,1,,,,0.940058217591743,15.682853926316502,,,,,,,0.0019862973476132586
STB,STB,2018,4,,,,0.9393352139630137,15.484027478318566,,,,,,,0.0021154805805896288
STB,STB,2018,3,,,,0.9410784218696536,15.97171107311142,,,,,,,0.0004043087158540471
STB,STB,2018,2,,,,0.940979761499288,15.943340545598378,,,,,,,0.0009266075549451396
STB,STB,2018,1,,,,0.9379139965188054,15.106689816214239,,,,,,,0.0010405860971107567
STB,STB,2017,4,,,,0.9369977843601064,14.872457656342979,,,,,,,0.001089097768932381
STB,STB,2017,3,,,,0.9373200889990179,14.954074982402757,,,,,,,0.0008453702808875788
STB,STB,2017,2,,,,0.9368092947442025,14.825112189395188,,,,,,,0.0007122841796009383
STB,STB,2017,1,,,,0.932892026159252,13.9013588515289,,,,,,,0.0006113018409297247
STB,STB,2016,4,,,,0.9310768875860558,13.508921100285143,,,,,,,-0.00019222619597439677
STB,STB,2016,3,,,,0.9291654838020081,13.117411308420136,,,,,,,0.00046920176616404473
STB,STB,2016,2,,,,0.9295412230941926,13.192695983594039,,,,,,,-0.0005117223680368045
STB,STB,2016,1,,,,0.9259898921308184,12.511667916598284,,,,,,,0.0005283518455544832
STB,STB,2015,4,,,,0.922820392534028,11.956790437692936,,,,,,,-0.0017824508408106452
STB,STB,2015,3,,,,0.9084707981476641,9.925474927808294,,,,,,,0.002289826420698813
STB,STB,2015,2,,,,0.9100516240362573,10.117490241360638,,,,,,,0.002577347227571265
STB,STB,2015,1,,,,0.905862091944711,9.622715402313275,,,,,,,0.0032028645853230614
STB,STB,2014,4,,,,0.9048016806680008,9.504392912012255,,,,,,,0.0017609977640667628
STB,STB,2014,3,,,,0.9051347686979405,9.541275751171137,,,,,,,0.003255717599994329
STB,STB,2014,2,,,,0.9044040274238113,9.460694497967475,,,,,,,0.0036292239887777498
STB,STB,2014,1,,,,0.902052333909906,9.209539843246125,,,,,,,0.003673967456643011
STB,STB,2013,4,,,,0.894262177706315,8.457358303520062,,,,,,,0.0035404785591736858
STB,STB,2013,3,,,,0.8958805760649111,8.604361102250941,,,,,,,0.003223596523780269
STB,STB,2013,2,,,,0.9111608230207915,10.256303103505328,,,,,,,0.0029521580698043163
STB,STB,2013,1,,,,0.9095328778902098,10.053746496988296,,,,,,,0.004262065531595957
MSN,MSN,2025,4,0.9000687449970471,0.6165014323426892,0.300611252941224,0.6504533530739562,1.860848498459714,-3.1660017458738503,1.400736038705979,0.24259311080591892,0.6551031698033661,0.09874216122680095,0.03023229011637749,0.01779843797420273
MSN,MSN,2025,3,0.8558971910399992,0.5779773471936158,0.3524730942760244,0.6458778420575934,1.8238842940820352,-2.27926306891743,1.4074483948539114,0.2496060494921854,0.5958599052134623,0.08815759494526179,0.0315970894035345,0.015374811799361636
MSN,MSN,2025,2,0.8844767968723398,0.6028307227645913,0.2858619433198271,0.6627211502670938,1.9649057472530753,-2.660635535403814,1.214348101121552,0.49729158499470927,0.5139707923702117,0.08841734215517873,0.023958390222894282,0.013115907765761901
MSN,MSN,2025,1,0.9217199543287393,0.731982702664036,0.24241438029235324,0.6973260194468734,2.303884919914601,-1.8777464380140483,1.2709472038860345,1.256010757102703,0.5198677874318498,0.05202222756358863,0.01826721263024157,0.0068670984733915615
MSN,MSN,2024,4,0.9124114887585071,0.7250262488146624,0.31710400781439285,0.7238712750733447,2.621499357828917,-2.7404261591627495,1.4214944924896347,0.9631333675248599,0.612730686317351,0.06812571363578959,0.02834341561028019,0.010479120202675727
MSN,MSN,2024,3,0.8111095670266744,0.5657356992781399,0.24642663395841174,0.7331005422886537,2.746729231205511,-1.91705854825078,1.1441133308400144,0.5755382990422767,0.4946142672386299,0.060549139370765295,0.021213820377403297,0.008432178465889667
MSN,MSN,2024,2,0.954264683738996,0.7042403948056769,0.3537552268937044,0.7065642580100937,2.40790114121271,-1.754514784167042,1.107755753448898,0.6247093282559855,0.47481202857692456,0.04698238775079223,0.017259500480278724,0.006007410304919756
MSN,MSN,2024,1,0.8624454190436254,0.5973455467703517,0.17181964791220425,0.7349655172559705,2.7730939372360863,-1.3906922630153067,1.0379027435998505,0.7586739530492289,0.43839963527185144,0.025396636990558105,0.015393965279729176,0.003268107432325526
MSN,MSN,2023,4,0.8679354851504785,0.6002652585651247,0.20079359412960485,0.7405595045284318,2.854448389725608,-1.567899969682699,1.11243459650066,0.5767039330340988,0.48458717931098116,0.024866614826734006,0.017755362690872148,0.0035063361785913146
MSN,MSN,2023,3,0.8855597377550359,0.6182343091186631,0.17540815004671312,0.7375575599615172,2.8103593300434437,-1.3341346994389864,0.9842158112463738,0.8814567328032359,0.47398548960683157,0.024039451228536807,0.016043177820654387,0.0033397960731807235
MSN,MSN,2023,2,0.797929288553635,0.5492805339657063,0.15353877385593373,0.7336025830032565,2.7537901503460303,-1.252465210450667,0.9288638579267618,0.8998757077454834,0.4361428267507901,0.02306395427351959,0.015880094130586882,0.003046940224541449
MSN,MSN,2023,1,0.8438977121266077,0.618214355670445,0.26509159089477224,0.7454713481903615,2.928830773628967,-1.3328491467858181,0.9873258223927555,0.8019693121440257,0.4341783329304788,0.02349223068874338,0.015968302995688424,0.0030144058915151503
MSN,MSN,2022,4,0.7298527850445119,0.5058159736587737,0.21207767923875243,0.740795179436606,2.857952941717875,-1.6077517011974654,1.0310456659947966,0.6747908627233898,0.47416131096209047,0.038926634933539234,0.01690649078978652,0.005685142184270208
MSN,MSN,2022,3,0.5785460534917688,0.3514083532471064,0.09503934547155007,0.72279678487569,2.607461766096603,-1.8070137741389276,0.9758037981105375,0.6550338561254886,0.4512821457586139,0.04307645499129106,0.015846105517342897,0.006548132825912163
MSN,MSN,2022,2,0.7033335530972101,0.4383230578278234,0.18558656293735265,0.6902741833305392,2.2286620816862666,-2.1745082883218476,0.9275423928891324,0.6073030062207396,0.4255762855872316,0.0681209705948502,0.018641130055066523,0.009698814423116204
MSN,MSN,2022,1,0.989974036862662,0.6477493610159183,0.3188219153177863,0.7043994894857912,2.382944089847681,-2.785643494022069,0.9882555052978998,0.5742379490928091,0.43295573724068687,0.10418043847230048,0.026030046867941324,0.015247106987183285
MSN,MSN,2021,4,1.2628917191803273,0.8881092581312473,0.6456213928999779,0.6642439004633317,1.9783524450634404,-8.027511406697085,1.3091332872461474,0.27843141896044715,0.5586307749912617,0.2987625841962853,0.07244411568303961,0.05645697547654946
MSN,MSN,2021,3,0.9254886693029292,0.5770570896287783,0.308592823283034,0.7377014130033496,2.8124490545302483,-2.609579727098211,1.2607066619373843,0.3627060485852692,0.5025777518345301,0.06720376343650991,0.024478434760830888,0.01285557221693862
MSN,MSN,2021,2,0.9022653754109098,0.5576408154355803,0.30279884897123927,0.7395400339273,2.8393616304199254,-1.9677887695911747,1.2460876825514737,0.35510055141325625,0.43807338658779044,0.04964642084698954,0.019236044683234702,0.008728161059179465
MSN,MSN,2021,1,0.8293506244520537,0.49202881548383665,0.18843354067084825,0.7814925652420569,3.5765033171881506,-1.4078678953292065,1.2292222260677745,0.44658512666229194,0.4119329837676407,0.01715639909593404,0.014459853703897877,0.002947804522486433
MSN,MSN,2020,4,0.7655548036519313,0.4380819455592451,0.19862402408478758,0.7837305811796967,3.623862243005761,-1.8551517936453408,1.2870589974531037,0.3264627366214572,0.4356308647700433,0.027055818943476133,0.018243621233538974,0.005049337822908546
MSN,MSN,2020,3,0.6827707294653016,0.375224517265354,0.1497224313995453,0.7382890115514125,2.82100883852054,-2.008655687335638,1.3365061221244314,0.31342695480844557,0.4245731213771032,0.04811270314076544,0.0200555514066043,0.00890101053809213
MSN,MSN,2020,2,0.6636391519428823,0.33737714099156735,0.12607700536143526,0.7026939542471304,2.3635373860887867,-1.3609510529067226,1.141613957190993,0.3374375829586463,0.41575807640554613,0.003062413045042035,0.011181512542843424,0.0005181523704337656
MSN,MSN,2020,1,0.9346592390648714,0.6384619787139895,0.11226456348359833,0.5092454014437642,1.0376783079403165,-0.9111885741237509,1.3967038942056498,0.8422847751225834,0.4287350355195046,-0.012266587260490906,0.005883422141803202,-0.002059019306937906
MSN,MSN,2019,4,0.7956755878906833,0.4778686123276612,0.2230252329194711,0.4667022298502555,0.8751250351547697,-5.311283507210702,0.7838912656977652,0.4936161171505711,0.2690666794731938,0.1592762257159848,0.02559188439969388,0.017967270216092745
MSN,MSN,2019,3,0.884011707656308,0.6048458583488263,0.33920602834970387,0.4680690014495892,0.8799430804467969,-6.416627066808008,1.0791728106372542,0.4669584489079074,0.33454166183574013,0.27039404541209594,0.043637575253664296,0.03348879383691068
MSN,MSN,2019,2,0.7825943334567874,0.45277129038583036,0.2621781660530272,0.4703374554296889,0.8879945547428699,-3.8268920452530413,1.0870971944865675,0.2444442690767094,0.3259795434723238,0.12883233303457156,0.025381843849654674,0.01752022159713515
MSN,MSN,2019,1,0.8117146703211041,0.4375684068412188,0.2034658234107798,0.4633685266367484,0.8634762395367168,-3.5158524756404037,1.0050742910935015,0.26315292835082615,0.28037027839115497,0.12252733476288713,0.024513084672653403,0.015367554635128974
MSN,MSN,2018,4,0.7913396935775756,0.513438719788497,0.2903285521238149,0.47227609239610024,0.894930257263581,-3.669529433146274,1.826907940583959,0.2087367737445321,0.3957668607375405,0.11121328284888182,0.030640035579581122,0.019904267686888848
MSN,MSN,2018,3,0.9744274122291134,0.61887938856242,0.3585291176206474,0.6563644864157566,1.910060108658841,-2.4494335714587647,1.302005784774792,0.24244937007120212,0.3207654509177504,0.1001015771498952,0.028608687424108364,0.014164361281677466
MSN,MSN,2018,2,0.9812748129743659,0.6151253991849286,0.4080122812255142,0.6568129890832669,1.913863194672681,-4.410637670981308,1.2876184622392841,0.16549355275495764,0.315908035571173,0.2608307706512399,0.05110173200059944,0.037341270013228595
MSN,MSN,2018,1,0.9037594900762721,0.5659465551201646,0.301486787770531,0.6832136541271481,2.1567017108791946,-2.54778805354787,1.120391492924998,0.25484430552455145,0.2826490213909876,0.12357721356544536,0.03121373851750731,0.0165427916719141
MSN,MSN,2017,4,0.9750176833341843,0.6951261209450571,0.47750706287206707,0.681635990209248,2.1410585658135806,-3.5644813512474665,1.5586221855425766,0.22096812575840713,0.340915148054274,0.21058269268212096,0.051236529633099284,0.033709063780832174
MSN,MSN,2017,3,1.212879514270563,0.8585897119079478,0.3827258810776915,0.6207732584677876,1.6369448419160537,-2.4857064736105388,1.4794416988140418,0.40207173039707617,0.32668836646846566,0.10055183100138478,0.027645367650484004,0.014349402740992891
MSN,MSN,2017,2,1.1070773433412335,0.7168476448381201,0.4472142553289252,0.63390404212433,1.731524286153442,-1.394672014389695,1.256463866123306,0.2734055200618894,0.3239402545715668,0.026892417144159894,0.01906513299111953,0.003893037998664868
MSN,MSN,2017,1,1.4023231086061836,0.923325908146259,0.5719607428130313,0.6956440993421957,2.285627115619248,-1.3939545464228096,1.0284686342330802,0.270788941042979,0.2915339025662592,0.030776716025370424,0.018391463204315384,0.0038877994242283677
MSN,MSN,2016,4,1.2781115094759918,0.9754764702158729,0.7346414433925901,0.7218935851811191,2.5957458969483267,-2.6358817575196913,1.6754240961648945,0.17317342949486753,0.4409231436173616,0.09421061061286398,0.03148169886903494,0.01696043696522947
MSN,MSN,2016,3,1.4471819017197967,1.1070909401748081,0.7368316947433127,0.680908975302461,2.133901998490503,-2.4571145653753543,1.4276689040214354,0.2014339951222579,0.3753902779497264,0.09571723923140855,0.028279759408118107,0.01439663301019686
MSN,MSN,2016,2,1.3830194619430707,1.0851873125593383,0.6369779379697974,0.6621198938744653,1.9596297084992147,-2.799734725577698,1.8056934598312893,0.21850700684102145,0.3889887085601277,0.10476470973862208,0.029018224266993208,0.01587586422469516
MSN,MSN,2016,1,1.4989613241788025,1.1979919125204597,0.383818620594943,0.6513650771998845,1.8683299767227695,-1.7484729947025082,1.7295581415344563,0.264927595269772,0.32489611051014644,0.04487521762246446,0.01783185959744327,0.005829218795145655
MSN,MSN,2015,4,1.1135791228585086,0.8180420302407246,0.5547728933364149,0.6226978539924314,1.6503957387508215,-3.252393150498059,1.7614682478117492,0.2718773269485105,0.42594688210674114,0.11836470482760048,0.0328507565097697,0.01894464416692067
MSN,MSN,2015,3,1.340098926672018,0.9974276264501709,0.5580516266291768,0.6322012135372572,1.7188779213149954,,1.359002993046431,0.4236423486407221,0.3498383964457093,0.05659858831132425,0.009883396136781393,0.00713913727635268
MSN,MSN,2015,2,1.6878830618221365,1.2351214117919995,0.7654762824109514,0.6360206208114827,1.7474083895342487,-1.7741842785323554,0.7940998027004088,0.4980563588575947,0.2749264220738207,0.09011677367870033,0.024159447958123303,0.008631972816203011
MSN,MSN,2015,1,1.4893931569628063,1.2458496643853965,0.5741955596945283,0.5531651531313166,1.8115739970783085,-1.3944484203045786,1.1919523867666897,1.0672434659514147,0.1468937602513061,0.0160111461458585,0.011329005275690609,0.0011667105343593203
MSN,MSN,2014,4,1.3926139525137249,1.2546801001902557,0.4379521793957593,0.5860455469733844,2.0671143733022785,,1.7914461409119626,0.9849964667349853,0.21840287989038804,0.35168106927216264,0.04073538990769394,0.03489754574238508
MSN,MSN,2014,3,1.3265068811537486,1.0718054165085635,0.41237321025527746,0.5272431659402702,1.7167044281799742,,1.3203344112681912,0.37982348674397914,0.17961389623840857,0.05826655059025955,0.007412149437614616,0.004987151514237144
MSN,MSN,2014,2,1.4849703272285062,1.2138112065279274,0.8503854617837937,0.5210109719848649,1.6608582728110228,-1.2034730328605519,1.5671300488216326,0.36922530395689557,0.19187500808408528,-0.01622671522864057,0.012810292481801272,-0.001471657723527727
MSN,MSN,2014,1,1.5201871706148202,1.3227601131867626,0.6921610251275634,0.4946577958510805,1.547002542728309,-1.5387177091842916,1.2419271396009142,0.4945177058084068,0.12664647796198572,0.008433108791744276,0.008510808125730724,0.0004949994483791525
MSN,MSN,2013,4,1.122777742520758,1.013319734483561,0.5713204228476316,0.4998493308726946,1.5546527008447157,,2.244196835428545,0.21975237975048675,0.19191946496238435,0.15486992500180286,0.020247697937277376,0.01478246008730829
MSN,MSN,2013,3,1.3848267231520188,1.2131794104701548,0.8525911883798852,0.5069390646579598,1.765831528282421,,1.4950294722768909,0.32074791639232475,0.1479312307038606,0.09541257008470443,0.011198969129619667,0.007015501694706611
MSN,MSN,2013,2,1.4594500770750696,1.2849188845061166,1.0787346115622298,0.4532624382324736,1.2326893723115624,-10.180420216235447,1.5834024443368122,0.3692593782448184,0.13165921056240534,0.09734866468354694,0.012403728704503701,0.0064144138312347025
MSN,MSN,2013,1,1.6779877363384827,1.5341620792022135,1.2354226712012912,0.4561473066743056,1.1932851133219642,-2.8082257515247204,1.2858855150370478,0.8054767123037628,0.08032154042831041,0.022901773549432656,0.004466208702426748,0.0008648714173696737
MSN,MSN,2010,4,1.434362021264878,1.3431314925493325,1.0473463023110228,0.3951670606233862,0.750298956843219,,3.9458823290687173,0.15651805459345325,0.26057614604327595,1.060282750953969,0.10909382816859213,0.106445983988281
SAB,SAB,2025,4,2.493274429917631,2.255686263154527,0.4523372141373688,0.29442692366836676,0.4172876397142743,-186.92886315689373,2.010789526641085,0.13205820757574896,1.3488951102419768,0.16369196179004425,0.04233008761960309,0.03433065676551985
SAB,SAB,2025,3,3.35049730858307,3.049875596441912,0.47616771678927067,0.21803984934349366,0.27883754582690057,-233.37358522602935,2.2042094962356327,0.13601614932864128,1.245494509490814,0.21808561696848036,0.054351321291396075,0.0447976767328569
SAB,SAB,2025,2,2.547898031594768,2.3725679845449883,0.6600307896803255,0.31094695908139885,0.4512670877511321,-179.13587399882536,2.521826550677414,0.15673231961946374,1.5390584118322785,0.18380582594983155,0.0473017546100609,0.03767462753977151
SAB,SAB,2025,1,4.253643570243536,3.842952182013745,0.7207573954935429,0.19016276861917253,0.23481603617424712,-94.77160626843501,1.7288453238053552,0.1531104188288042,1.2696283442943121,0.1376135914629857,0.03267399263922543,0.02528990218790291
SAB,SAB,2024,4,2.8954979663353235,2.659524812963716,0.5172033018152974,0.2692127092152988,0.3683872347126136,-254.84596390690314,3.149118133527203,0.20357907260495745,2.485911585384653,0.11091735819431363,0.037202161619563294,0.029628832284126598
SAB,SAB,2024,3,4.2510993616300565,3.9265815267211917,0.9587139798194924,0.1865195341794125,0.22928581818035842,-239.43533781590926,2.934384052639831,0.17009181704533355,2.0892847190256756,0.1514137261242359,0.045828316952038914,0.03602908328890227
SAB,SAB,2024,2,3.1643995926340556,2.8849992238102673,0.6960619339021834,0.2642161342834791,0.3590947649092308,-216.04485314430738,2.330970772213255,0.18398732222643985,2.143423777581811,0.1631059693775785,0.048073058462981,0.038617294833995
SAB,SAB,2024,1,4.652715445733517,4.228197501225548,0.6011428110116146,0.1769916069439457,0.21505443739975438,-149.07635369590088,2.2402821885460122,0.14539443437807137,1.8420432334379875,0.14250991637297156,0.04080354160484688,0.03184548775085233
SAB,SAB,2023,4,3.2285312732524316,2.9375648746871637,0.6127839472382293,0.2516828072418067,0.33633171825725244,-162.71550791647363,2.5342435129387897,0.14428936847046983,2.146342384590026,0.11343603545582079,0.03689892896103809,0.028379762864703537
SAB,SAB,2023,3,3.9980821404425035,3.655272437679372,0.3684891734330548,0.20665854855527743,0.26049130318217933,-127.42610398605342,2.32910919264201,0.15628096130570643,1.8095894958686776,0.14484973060603323,0.04055289360955892,0.03213171849430399
SAB,SAB,2023,2,3.4166071682100294,3.0884593329075734,0.4898287992380589,0.24143290986938662,0.31827495947367773,-107.37418817288793,2.3235086659047215,0.11834175858883754,1.9665774028005854,0.14562308793055007,0.04573054260493021,0.03597480356207695
SAB,SAB,2023,1,4.465473034577193,3.9873821205927857,0.5564021415082502,0.1876523240514793,0.2310000134269739,-72.45865730124626,1.6705504358942413,0.1440684270532431,1.4342680255473084,0.16157999064720413,0.040334614884200974,0.03189446216052564
SAB,SAB,2022,4,2.915197055515044,2.668558411244574,0.44166756335536217,0.28649958022575506,0.4015408712953595,-100.04890221207125,3.1751960066332052,0.08950786819696058,2.251233325261707,0.10727498144197826,0.03985764711208128,0.031216606468843815
SAB,SAB,2022,3,3.547483563474673,3.271238603696942,0.38178150476122735,0.2386938082933638,0.3135319414101688,-163.4474757668585,2.887628919841745,0.08795555954336609,1.8862685666089372,0.16150363963142164,0.05089067906786413,0.041078941092301494
SAB,SAB,2022,2,3.8111681776454867,3.4924388496117778,0.43890894348120896,0.21930446203097914,0.28090907577299545,-216.73890674739727,2.9769333610129647,0.07750580832930078,1.9177364092342686,0.19904591670636854,0.07066986234512845,0.05721284812992903
SAB,SAB,2022,1,3.512411618218608,3.192598491271664,0.5089934854468594,0.2363827220545269,0.30955653948862855,-140.27383063768576,2.5121603369815193,0.09376743904386796,1.6966427625793052,0.16919849378718096,0.05161731015341407,0.04136310014028936
SAB,SAB,2021,4,3.151965912945953,2.9100663746471143,0.49689228430007126,0.25887205562778365,0.3492946900647028,-161.14947997051667,3.7089260114721343,0.05197290947811647,2.0454921777506168,0.15549926542328696,0.056868149922795985,0.04592418047414819
SAB,SAB,2021,3,4.153051119990169,3.8589537411987638,0.6553849022857554,0.2061589464674082,0.25969801580555846,-54.91516299118685,2.1251433469055216,0.1609876183231439,0.9479917263598416,0.11020257358484595,0.021458538691006272,0.016600761239480195
SAB,SAB,2021,2,3.827471003249573,3.513021180382663,0.5755645499708355,0.22407118317387498,0.28877801457409497,-32.83854241251617,2.883555923033164,0.08936558757680794,1.5560099637982376,0.1482016960023803,0.04708711244642435,0.037497255280478245
SAB,SAB,2021,1,3.966867027366823,3.528719485434053,0.5737282706120531,0.21520269738621736,0.2742143693275711,88.43565670704783,1.9541647199388237,0.10157376007031443,1.236650384572234,0.16828096053468589,0.04613686410567567,0.03654593278007902
SAB,SAB,2020,4,3.7721280536532675,3.477323070230814,0.5269890415596518,0.22501196384658123,0.29034249994800854,-115.47753073232315,3.5389836911484,0.07512005281882075,1.6135718960876972,0.1950013834968164,0.06896638908212796,0.056027690075061344
SAB,SAB,2020,3,3.4242789114515833,3.1069092844790758,0.5436627665776866,0.23986223484837313,0.31555100383747825,-143.52329734760792,3.0119656865647686,0.08488354422192965,1.6684140294753707,0.18261230080860957,0.06628247449300373,0.053109562362536014
SAB,SAB,2020,2,3.3038898592105377,2.9898581427785533,0.8728652101391247,0.24532856439617648,0.32507996569379305,-90.21771537242141,2.815580591350935,0.0976136795637744,1.4515290303587889,0.17038369084403437,0.05692360162983398,0.04647255364289367
SAB,SAB,2020,1,3.3936041782139568,2.883791165399832,0.508027595252425,0.23566260506819028,0.30832274677495647,-53.39843831832099,1.447897130479624,0.13091229560462553,1.055996606012553,0.14605994833578306,0.039829341936255876,0.029643803925290087
SAB,SAB,2019,4,3.148018644519515,2.7916452348141996,0.6760840251416645,0.2554004689206534,0.34300380037902173,-81.55309101807539,3.3103249919699893,0.05844419027915342,2.076450034915887,0.1121216496277135,0.053670243725820355,0.0404577395333111
SAB,SAB,2019,3,3.200168798390043,2.83485212934371,0.653107079741514,0.2339567568048632,0.3054093341115295,-311.9703237209247,3.6616981344200425,0.0947152565194431,2.3375933856193214,0.14974272811584002,0.07292796250058547,0.05889623545927989
SAB,SAB,2019,2,3.2588013195778553,2.917767498323355,1.0250229651868092,0.22727872419217626,0.2941276904205503,-314.4486211949278,3.7822887928404016,0.0967442871111681,2.112406943972426,0.16836543893894712,0.07803303341726363,0.06359120901443764
SAB,SAB,2019,1,2.8462316042069395,2.4239186574622846,0.9073015611988756,0.250785417094136,0.3347310941565672,-202.53397041802725,3.1038754144937917,0.09020108089064323,2.106146058403065,0.1381561697872413,0.06909555657313415,0.05598777391035639
SAB,SAB,2018,4,2.4728220652297406,2.1304244973336313,0.7520039479073992,0.28013252290429247,0.3891445742687003,-144.14801073329886,4.042120338363046,0.07357568698905945,2.2784803232333295,0.08829325198436033,0.05096437226341144,0.04105641139757752
SAB,SAB,2018,3,2.997269585862542,2.5294618623454084,0.8334458785858214,0.2303342588131796,0.29926531283308183,-142.79261320170542,2.824296898231726,0.08343595372368559,1.8267884019826306,0.12084451161545852,0.0558589652590652,0.044988560320338676
SAB,SAB,2018,2,2.818371034322473,2.367305585433249,0.8342516433982857,0.23755270503235493,0.31156606705836054,-191.5716129646091,3.1265473037472926,0.07806819562902446,1.9314999229121979,0.14079055516904018,0.07164739578002631,0.058613189787583314
SAB,SAB,2018,1,2.51233213306301,2.047668363533745,0.9735554789580636,0.2510736410175189,0.335244764730456,-140.51948715146176,2.5218532961404407,0.09368148957833863,1.5997633510488696,0.14798314841689683,0.06833131859264219,0.05565853980701367
SAB,SAB,2017,4,1.915086608974303,1.6165485986405426,0.5946696699977706,0.33140167764778694,0.49566633144078814,-171.7768087489387,3.7515922250247984,0.06450224125331794,2.0948125079930664,0.11720115077412532,0.07073125566120864,0.055713588776692045
SAB,SAB,2017,3,2.5357213430968404,2.0827086318329955,0.8743956261545235,0.25150212396758576,0.33600913512371045,-133.9743330796003,2.512832606191844,0.10365366504267656,1.5782937754372683,0.14297984911209946,0.0669379847880162,0.0542201332695546
SAB,SAB,2017,2,2.351296481587464,1.9382776431208848,0.995856720183587,0.2600289557736036,0.3514042310202167,-132.61354482838655,2.8634511585210527,0.1161539345039917,1.5672974658821401,0.16860313793122833,0.08346012097282368,0.06860121096596325
SAB,SAB,2017,1,2.080112464939618,1.6308254771193569,0.8144402342253844,0.27481147027043024,0.378951760824058,-131.44787771160574,2.376173330128801,0.11861976688480874,1.4006702820888417,0.15914352502296783,0.07782617847195346,0.06334500405451923
SAB,SAB,2016,4,1.6298699344484955,1.300787435542457,0.5380168833102424,0.35799881204256384,0.5576295165146933,-62.42715008656881,3.024102410753503,0.13740279107265393,1.6178441028969033,0.1128399995653683,0.0631277301943219,0.05175326625548541
SAB,SAB,2016,3,1.7965828119565908,1.5167494872445468,0.8810752961201703,0.3656047849348261,0.5763044491079052,-25.430543464210547,2.365547382770865,0.21632688673647865,1.2908187027481097,0.1799726403190189,0.06996467359725594,0.05606901750751957
SAB,SAB,2016,2,1.7489537321890272,1.5215762208449257,1.1911368715102744,0.3703113079605113,0.5880863236738711,-58.11782281666506,3.0403647012801147,0.14777176644944287,1.357866844656604,0.1843392433636284,0.07852599881308774,0.061520337089404346
SAB,SAB,2016,1,2.080035788568866,1.8266549151436875,1.4793626620057143,0.31954483445167636,0.46960453918250605,-76.88814119705218,3.4492994617907855,0.14256786636679009,1.249148755870774,0.1379227045684151,0.05666155426738336,0.044879033779059094
SAB,SAB,2015,4,1.803971045771241,1.5139393256626665,1.1740136473162701,0.3480088925520753,0.5337632501067067,-42.23177780957642,0.6854019759055453,0.34181338978645237,0.5421687490137297,0.20835681835803596,0.035344363391016,0.030659855427567044
SAB,SAB,2015,3,1.9601818095130543,1.6285846718905592,1.3440668515780017,0.3203195454119208,0.4712796186055559,-75.09839260044596,4.069126716605574,0.11745524788006662,1.639582517297321,0.10980212638203506,0.0643925635502628,0.05092397780083814
SAB,SAB,2015,2,1.5787329992588162,1.3331980256211349,1.1113350395979897,0.39008977060608296,0.6395855517847682,-59.66690587524605,3.577919222363518,0.11891626483094016,1.4214331264610078,0.10474985145489502,0.05404373184137767,0.0414758665916853
SAB,SAB,2015,1,1.6201857211717385,1.325866574004541,1.0683950359317216,0.35254054124882167,0.5444982484753607,-60.382769185976244,2.0995225445494716,0.1834900244487743,0.7961257023256525,0.170734863991025,0.059168103189024004,0.04555298649594243
SAB,SAB,2014,4,1.395145088721274,1.1426191324746937,0.2403551068033898,0.4009667297912847,0.7121128211437662,-24.617866387523097,2.279848287410625,0.1524782709145173,0.9098124427695257,0.046849483916589725,0.02570525482162872,0.014622241585017761
SAB,SAB,2014,3,1.7913676584590206,1.465743932175642,0.2962224136634855,0.32405495070223655,0.5132903712621474,-51.5117557776406,2.6848261470691255,0.13535962421952558,0.9116151422543546,0.16307223804665447,0.0626539338200653,0.05257719588252485
SAB,SAB,2014,2,1.6307900339965729,1.323272256249633,0.26707041623333166,0.3448857924269345,0.5633514317430908,-38.959067729854716,3.3546698961697623,0.1209294428915354,1.0498712661427745,0.11432391020353203,0.056820947473578604,0.04206654133903134
SAB,SAB,2014,1,1.617291354632862,1.2267644100541268,0.32787297609610305,0.34516276873066454,0.5665658379281963,-35.06465285153046,1.853539088735884,0.14681079976366082,0.7199644423795899,0.1815676224259174,0.06218647112581436,0.04843990983323611
SAB,SAB,2013,4,1.2238921498841067,0.982282596907906,0.25775966764558483,0.44414289367720794,0.8583810386102039,-15.370231283440365,3.2024495713084846,0.1435658565258079,1.021144441912744,-0.005216005942446935,0.01645702522617945,-0.001952466447457653
SAB,SAB,2013,3,1.7510843308441435,1.4494247646406047,0.34264855980470976,0.34058903427607895,0.5555923418925359,-33.412741407362866,3.210887467130907,0.14571697128503663,0.8980762781681413,0.13167174897006337,0.05498317556622547,0.042373710843185274
DGC,DGC,2025,4,3.9513600758285956,3.5392902319156043,0.2549976728289953,0.21197407204146834,0.26899377865727164,-62.84903876960636,1.204020910743821,0.4452896009500522,1.221056643299701,0.23970634499973464,0.03846779254851889,0.03360242216566899
DGC,DGC,2025,3,4.842744637043876,4.284087802174021,0.10122791154069073,0.1757303427523943,0.2131952100956762,-76.5320435525759,1.0376132247725525,0.36725331452378734,1.2138989670503986,0.28557884865998673,0.04701435744443538,0.04141158610814147
DGC,DGC,2025,2,5.0399637657837415,4.601812232722319,0.0652192705591951,0.16470308802900435,0.19717909364750938,-100.84629907175392,1.4889427165235185,0.4072355298857634,1.2153584162850974,0.307786573247838,0.05472160073575008,0.04893487081149991
DGC,DGC,2025,1,6.288270132309604,5.8372997268799995,0.08917762797012764,0.13329568231476635,0.15379602892802957,-140.81077673490995,1.9003991061292824,0.3766033191403666,1.15777369339217,0.29775710688952434,0.05963308358493399,0.0506650423544287
DGC,DGC,2024,4,6.185305832179773,5.705585466656566,0.056386999353837085,0.13401224099068423,0.15475073359465652,-147.12029820368218,1.6233969868627045,0.40519978880409563,0.968787633205632,0.3247734564961693,0.055044498653914385,0.04962796940678073
DGC,DGC,2024,3,6.55496039009531,6.183540775703693,0.1249966063794758,0.12692589376112456,0.14537814471203353,-205.07146440540367,2.270772366773543,0.3434988180949348,1.1238769605531358,0.2885083742997042,0.04963551703517436,0.045565869694512325
DGC,DGC,2024,2,6.239203445468104,5.739316480274704,0.2552847358965163,0.13137360246956337,0.151242931187755,-183.079899129249,1.553544838866913,0.3825192621189371,1.0588472023321394,0.3514825706623558,0.06294451419652437,0.05704428104218749
DGC,DGC,2024,1,5.930889750246027,5.486537387369734,0.058539112155499146,0.13477156029543644,0.15576413593322805,-119.1836512542616,1.883776924209652,0.40316180450934136,1.1257353971909112,0.2951677710232998,0.05365452361635821,0.048684123347126705
DGC,DGC,2023,4,3.5696043577158467,3.3247349715947268,0.3036862506618126,0.2254510156581214,0.29107392846132696,-104.4891278506796,1.8747511504262968,0.47305102590692844,1.1371225773549023,0.31231296932378594,0.05205022022512321,0.04813650790676133
DGC,DGC,2023,3,5.311547990472643,4.918945390819071,0.03347811037255271,0.14878268568476324,0.17478813363242232,-104.15503033744908,1.892107971442808,0.40494863179107715,1.1413891690119657,0.32589673085627996,0.05934198242885098,0.05464099336097513
DGC,DGC,2023,2,5.473120702456837,4.988785684394006,0.034715242165732095,0.14967292419983533,0.1760180622956077,-108.27524314922407,1.476860457418492,0.6548614386554557,1.4057323235323849,0.36423235643657026,0.06967046989446918,0.06386738731950535
DGC,DGC,2023,1,4.959431830745163,4.521312323687385,0.07272553211053764,0.1648611902934388,0.19740573468423206,-130.83027791493103,1.6688631366788955,0.36538363310047356,1.389883213648832,0.3313407774929079,0.0674596328540393,0.06225710221675723
DGC,DGC,2022,4,4.3919707217587405,4.021806859367566,0.578608049295374,0.1863239682878438,0.22899036106025705,-191.37820462787667,1.984155858961968,0.2943789586404095,1.7468231871117255,0.3611115225730624,0.09018831774698384,0.08438232220365405
DGC,DGC,2022,3,5.8090240835427105,4.946642287937934,0.03665119306495755,0.13933128049752536,0.16188723644803582,-308.559772860552,1.3379642040915833,0.33462217991231175,2.027925100663275,0.40956310544854346,0.12556475982999024,0.11870306407272088
DGC,DGC,2022,2,4.058570009529633,3.1962365218523128,0.04900100332553082,0.19458580271639542,0.24159718486794607,-589.1680626920959,0.9472565439874964,0.29902018138620895,2.1511558328518454,0.4737856112298875,0.16976746439021745,0.16078848925204606
DGC,DGC,2022,1,3.8111189698341046,3.263976188560123,0.03278448917151842,0.19298922978418673,0.2391408354222794,-580.9429134143649,1.9360107930356927,0.23870659732315466,1.9066711401007432,0.4145842128571981,0.16848346598974953,0.15975218098231306
DGC,DGC,2021,4,2.89902570754527,2.2969481564058825,0.0617906431016893,0.24058645938236603,0.31680559604809805,-568.4356350025892,1.5236518222936761,0.2258954515752477,1.751014659927753,0.40520260689875814,0.17501544121879276,0.16794931104822852
DGC,DGC,2021,3,2.52610437698521,2.082609661375326,0.04812671388374587,0.24625696958195822,0.3267121016633201,-163.75749043983362,1.9738059694949293,0.4734454363224778,1.0402822576904471,0.2317145662770884,0.07631761858211229,0.07175552553705042
DGC,DGC,2021,2,2.2004348079843603,1.6786662177457385,0.029882233557879764,0.27290912578029813,0.37534390192034567,-101.13144473537267,1.6991710993573346,0.4441295771331311,1.024085893198972,0.1634148407376279,0.05611051744225438,0.052213971566943046
DGC,DGC,2021,1,2.061521311581341,1.630368918817282,0.03346493441139721,0.2830647967760613,0.39482619280398823,-71.64676769319519,2.071915774774046,0.4685550291433575,0.9229000285501838,0.149780500490184,0.05232782088502423,0.048611496818902165
DGC,DGC,2020,4,1.9004662606419502,1.511808834738688,0.1562640528299702,0.3075453884928876,0.444137974362712,-57.96155110362718,1.7145417654808635,0.5355743999657713,0.7415037159073894,0.15349578105102818,0.04494881598127979,0.041391175168626615
DGC,DGC,2020,3,1.9584240070351353,1.5836968106930414,0.03684206407472633,0.29566143185299476,0.4197717478837339,-66.74380340722395,1.8784829122080113,0.6186832178425329,0.7122127139690373,0.15134159969662458,0.04370145258480395,0.04085971962900083
DGC,DGC,2020,2,1.8272065344456436,1.4405842088772838,0.03476861012237513,0.304653398180745,0.4381317135708604,-59.31220645966493,1.7595284475803967,0.5306873904417925,0.7253247502884778,0.17118549645716802,0.05242563434306608,0.04905549004919675
DGC,DGC,2020,1,1.9622193219166322,1.5064767883674997,0.03438101501408864,0.26003957834818,0.35142363123650777,-43.21696141372613,2.077061114322051,0.5923986748404603,0.6778369174903289,0.13124770260504298,0.04359401135408974,0.04044286397720918
DGC,DGC,2019,4,1.7808295386683906,1.1445636226054772,0.10052107522052116,0.2690488801419369,0.3680805362117526,-21.88575929192115,1.400035303154018,0.4378948167736611,0.6292671981079829,0.12004868144566308,0.040601487093313716,0.036855675321399155
DGC,DGC,2019,3,1.7972616259796794,1.0020630220630713,0.043260291196540686,0.25140142351843414,0.33582941701549557,-23.73713251626961,1.0611296026154189,0.45163438348427926,0.48983574332831126,0.10099052756929364,0.027959401648337597,0.0256222076469462
DGC,DGC,2019,2,1.597384614964233,0.8315546204263973,0.035817870323737205,0.27664145022985753,0.38244028541276565,-20.554718709223547,1.1194151599736484,0.4485200716810365,0.5533681959863902,0.12128824686506341,0.03907488988440404,0.035328418803658806
DGC,DGC,2019,1,1.4004124230485337,0.6623645347759628,0.13119553566801445,0.3168389556949569,0.4637836983478275,-15.22449644449211,0.8893498677578501,0.3974942159831902,0.4794976990995649,0.1030413750683988,0.028867183077192764,0.0257977757603996
DGC,DGC,2018,4,1.3653533106995206,0.8556254069843128,0.17549618212187695,0.3294458482087254,0.49130386759766576,-27.756447371280984,1.597489378304341,0.4319112824744429,0.7400462481060529,0.1513335984025194,0.059481839116057304,0.055348915296446186
DGC,DGC,2018,3,1.2844482030693078,0.7162221730107659,0.10141344583538112,0.3579334477615957,0.5574709452061477,-45.38496949271431,1.2421121587600954,0.39527627847977526,0.6821166313775151,0.16274175989014622,0.057013415515791074,0.053748649820980716
DGC,DGC,2018,2,3.123921581110229,2.3159368611642313,0.05976869993086084,0.08218491300006169,0.08954408591026702,,2.029755471401661,0.41170736186592755,3.267399905371936,0.08419062957934266,0.01831088593678113,0.014203079940293102
DGC,DGC,2018,1,3.0483647584742175,2.486403241303683,0.6144519813821964,0.09942760841891572,0.11040490397929728,,3.230862467325372,0.7315791512391047,4.365164278220492,0.06534043418346111,0.017911225024909393,0.014278506069515941
DGC,DGC,2017,4,3.166839923757599,2.8725534278526776,0.7038049702236326,0.13229203456830196,0.15246147302852595,,6.806641609869692,0.8684479334356985,7.653151551997551,0.35266143689548923,0.11364608535384807,0.10961543265347093
DGC,DGC,2017,3,1.3766477101901102,1.111312915687692,0.3877538896920778,0.30247645501788084,0.4336433618533045,-77.6320568255779,4.691714626600537,0.4938127277470228,1.4840690979425115,0.08027672215540546,0.037523248554351206,0.03419889052968325
DGC,DGC,2017,2,1.425847603375086,1.161272462239884,0.36878324079934705,0.289634529303958,0.40772608080198985,-52.97424039826045,5.243449688067687,0.47802311451115537,1.5475734936426289,0.08444643063654343,0.04338986730240389,0.03907778830085237
DGC,DGC,2017,1,1.4659676799645938,1.2537074804235413,0.36678641120363276,0.2685769225847871,0.3671977694960285,-37.54875696167903,6.815467933170406,0.5475964318066601,1.288884804573351,0.05532525245693374,0.025356476036440572,0.023634233318434398
DGC,DGC,2016,4,1.313701565016187,1.040429027937327,0.2943996315241023,0.31772143273474013,0.46567699467425117,-38.29345984583854,4.077475696581667,0.5782919903366618,1.2679929944594786,0.06973887753431937,0.03255248408186545,0.02789672241310877
DGC,DGC,2016,3,1.2636199590085146,1.0219183004464465,0.28251544415922064,0.34593472647351714,0.528899393493806,-60.57894581075582,3.2240670108537244,0.741712721226032,1.0830729495490592,0.12528754646844592,0.04328182868578986,0.04005016665529837
DGC,DGC,2016,2,1.319731940824139,1.0447820665841732,0.13303621157609763,0.3263134665472165,0.48436988175315326,-71.28190990485292,2.8964546615644706,0.853768172867211,1.00504295209237,0.1600059633153485,0.055837064239449063,0.051980921074157346
DGC,DGC,2016,1,1.2877663149160528,1.0872532597806017,0.022646608030919682,0.3413498227704328,0.5182566323844745,-73.29876859021778,3.9251970083561236,1.0595245293010755,1.033915019256997,0.1413100773000273,0.050025597045800355,0.0465053582856919
DGC,DGC,2015,4,1.2977523086894822,0.9935387531826849,0.018721309393169454,0.3221749672942279,0.47530697709430336,-63.26819521886329,2.964230412319263,0.8234916434773304,1.0672720557208235,0.13166309762221037,0.05168778412295265,0.04754047255320734
DGC,DGC,2015,3,1.4382554869012676,1.1573882375400835,0.010170533817881857,0.3568794405466167,0.554918413508572,-64.22739531346588,2.494144583060132,1.2223514284270809,0.9585542824627855,0.2001344469272356,0.068867836905427,0.06332887888348157
DGC,DGC,2015,2,1.3452796190323972,1.0231169535756741,0.03162733533853406,0.3734863492686583,0.8360478898047738,-50.32037360372197,2.4858881567083295,0.932321123772043,0.9923401626353878,0.13873455235771703,0.05791907380196902,0.050836998376291284
DGC,DGC,2015,1,1.4272235207888186,1.1402260414029257,0.011759592351107575,0.35724990659450334,0.8203083071499238,-30.305431308008956,3.2508340696615328,0.9115530817554258,1.0404646051039468,0.11749598510344318,0.056615259309505714,0.048453860756297575
DGC,DGC,2014,4,1.2975906680899734,1.0806530688064093,0.011651733609621703,0.43538186071738605,1.1438170008496353,-26.524555360784447,3.0068314691617517,1.3033239502641127,0.9784070037398328,0.10701013882535208,0.0447626350787825,0.03637749058226169
DGC,DGC,2014,3,1.3446403623368823,1.0295537330367486,0.006500545793304426,0.4679982487069166,1.3124597481247198,-21.067501628831504,1.8226204915918174,1.4206207601186864,1.0988207132611874,0.10620540162935262,0.04166815567517203,0.03440400236264688
DGC,DGC,2014,2,1.3487897625529148,0.9665318677098443,0.019186289085654274,0.45429170928958656,1.2400069887592358,-23.062864518763373,1.5107917600331429,1.290114419135124,1.0140353394794033,0.08470923330485301,0.03153787897740321,0.02611188848812423
DGC,DGC,2014,1,1.5545522604920503,1.1955041800015367,0.19004793913278126,0.43355580721997805,0.9728072886693097,-52.717740713695974,1.6403077084863384,1.2394458110554547,1.3159011277848167,0.14450991671582122,0.05614064530546178,0.04693413562227619
DGC,DGC,2013,3,1.9486053542465536,1.5710079442386415,0.6871244438467088,0.3693649500539606,0.7995851336201387,-80.75063438332661,2.0093894770598113,0.8213086296758371,2.0011409245202043,0.1858024123896026,0.07656758418554767,0.06919629893573952
