ticker,yearReport,lengthReport,Minority Interest,symbol,report,CURRENT ASSETS (Bn. VND),Cash and cash equivalents (Bn. VND),Short-term investments (Bn. VND),Accounts receivable (Bn. VND),Net Inventories,Other current assets,LONG-TERM ASSETS (Bn. VND),Long-term loans receivables (Bn. VND),Fixed assets (Bn. VND),Investment in properties,Long-term investments (Bn. VND),Goodwill,Other non-current assets,TOTAL ASSETS (Bn. VND),LIABILITIES (Bn. VND),Current liabilities (Bn. VND),Long-term liabilities (Bn. VND),OWNER'S EQUITY(Bn.VND),Capital and reserves (Bn. VND),Undistributed earnings (Bn. VND),Budget sources and other funds,MINORITY INTERESTS,TOTAL RESOURCES (Bn. VND),Prepayments to suppliers (Bn. VND),Short-term loans receivables (Bn. VND),"Inventories, Net (Bn. VND)",Other current assets (Bn. VND),Investment and development funds (Bn. VND),Common shares (Bn. VND),Paid-in capital (Bn. VND),Long-term borrowings (Bn. VND),Advances from customers (Bn. VND),Short-term borrowings (Bn. VND),Good will (Bn. VND),Long-term prepayments (Bn. VND),Other long-term assets (Bn. VND),Other long-term receivables (Bn. VND),Long-term trade receivables (Bn. VND),Balances with the SBV,Placements with and loans to other credit institutions,"Trading Securities, net",Trading Securities,Provision for diminution in value of Trading Securities,Derivatives and other financial liabilities,"Loans and advances to customers, net",Loans and advances to customers,Less: Provision for losses on loans and advances to customers,Investment Securities,Available-for Sales Securities,Held-to-Maturity Securities,Less: Provision for diminution in value of investment securities,Investment in joint ventures,Investments in associate companies,Less: Provision for diminuation in value of long term investments,Tangible fixed assets,Intagible fixed assets,Other Assets,Due to Gov and borrowings from SBV,Deposits and borrowings from other credit institutions,Deposits from customers,_Derivatives and other financial liabilities,"Funds received from Gov, international and other institutions",Convertible bonds/CDs and other valuable papers issued,Other liabilities,Capital,Reserves,Foreign Currency Difference reserve,Difference upon Assets Revaluation,Other Reserves,Convertible bonds (Bn. VND),Leased assets
HPG,2025,4,,HPG,balance_sheet,103682043127964.0,8300890304205.0,19484412761405.0,15064703713293.0,52828227344442.0,8003809004619.0,154239538285186.0,0.0,133608057859977.0,528191122247.0,2248000000000.0,0.0,6695070415682.0,257921581413150.0,126701570536575.0,94208648920111.0,32492921616464.0,131220010876575.0,131220010876575.0,51034812570467.0,0.0,2042101955279.0,257921581413150.0,1878084035938.0,0.0,52892273238885.0,0.0,1388437800829.0,76754658550000.0,76754658550000.0,27479194057074.0,862026330691.0,64694957245143.0,51513185419.0,6003368983150.0,0.0,248919079879.0,290327516308.0,,,,,,,,,,,,,,,,,,,,,,,,,,,,,,,,,
HPG,2025,3,,HPG,balance_sheet,95425988115582.0,9092562739415.0,18903949054642.0,13727194725111.0,45623656431728.0,8078625164686.0,150745350172070.0,0.0,104711263391250.0,536668864862.0,300000000.0,0.0,5079772440151.0,246171338287652.0,118655326188383.0,83163272833172.0,35492053355211.0,127516012099269.0,127516012099269.0,47288178774368.0,0.0,2078333532773.0,246171338287652.0,4219935549920.0,65061616439.0,45675711221795.0,0.0,1394841242128.0,76754658550000.0,76754658550000.0,28356095137594.0,619205121131.0,68482383626253.0,52097751283.0,4390536576181.0,0.0,825562606009.0,849788287676.0,,,,,,,,,,,,,,,,,,,,,,,,,,,,,,,,,
HPG,2025,2,,HPG,balance_sheet,97613904938535.0,10688024277258.0,17584027436423.0,12334925649801.0,48853408114115.0,8153519460938.0,144610625980515.0,0.0,65302976358571.0,544375244149.0,0.0,0.0,5041262109917.0,242224530919050.0,119865026005768.0,86427453449629.0,33437572556139.0,122359504913282.0,122359504913282.0,56176646414996.0,0.0,825515256158.0,242224530919050.0,2755989948090.0,97061616439.0,48900263257832.0,0.0,1394841242128.0,63962502000000.0,63962502000000.0,27312288660990.0,306667783670.0,66692028477152.0,57563156071.0,4338725174159.0,0.0,827053815447.0,900453913211.0,,,,,,,,,,,,,,,,,,,,,,,,,,,,,,,,,
HPG,2025,1,,HPG,balance_sheet,88914195573724.0,7459035818129.0,16212510112252.0,10856053423195.0,46603844415849.0,7782751804299.0,139947392214583.0,0.0,85838135705767.0,552837241998.0,0.0,0.0,5015366006415.0,228861587788307.0,110864708699178.0,77298523955478.0,33566184743700.0,117996879089129.0,117996879089129.0,52943588928234.0,0.0,295946918767.0,228861587788307.0,2349213570061.0,89561616439.0,46713899534932.0,0.0,794841242128.0,63962502000000.0,63962502000000.0,27256965869238.0,570631436241.0,61784512821075.0,60588141397.0,4261916994097.0,0.0,848015622228.0,920743791614.0,,,,,,,,,,,,,,,,,,,,,,,,,,,,,,,,,
HPG,2024,4,,HPG,balance_sheet,86674276272995.0,6887646139852.0,18974716730905.0,7647800286988.0,46091222189472.0,7072890925778.0,137815431280986.0,0.0,67428366953514.0,559598463093.0,136500000000.0,0.0,5016848415359.0,224489707553981.0,109842249570282.0,75225243262689.0,34617006307593.0,114647457983699.0,114647457983699.0,49599124109203.0,0.0,290990632368.0,224489707553981.0,2118824427004.0,87461616439.0,46192292081813.0,0.0,794841242128.0,63962502000000.0,63962502000000.0,27080443256096.0,739178306553.0,55882686213459.0,63613126723.0,4269141694868.0,0.0,840594835822.0,923400123614.0,,,,,,,,,,,,,,,,,,,,,,,,,,,,,,,,,
HPG,2024,3,,HPG,balance_sheet,80841803394106.0,8500998079280.0,16386803148945.0,9140948029240.0,40197821463879.0,6615232672762.0,130544540534012.0,0.0,68475648874477.0,568026681070.0,136500000000.0,0.0,4642778670407.0,211386343928118.0,99607246691658.0,68995125104046.0,30612121587612.0,111779097236460.0,111779097236460.0,46809218886586.0,0.0,189176035910.0,211386343928118.0,2948440731905.0,318461616439.0,40480715224028.0,0.0,818200313964.0,63962502000000.0,63962502000000.0,24517626484538.0,440576623880.0,54180722680952.0,66834062714.0,4347213561931.0,0.0,841682562478.0,1031145036427.0,,,,,,,,,,,,,,,,,,,,,,,,,,,,,,,,,
HPG,2024,2,,HPG,balance_sheet,84466831221789.0,13032037853283.0,15314673148945.0,10392801855660.0,40163540620593.0,5563777743308.0,122142248509406.0,0.0,70018632033341.0,576450457500.0,136500000000.0,0.0,4874209747069.0,206609079731195.0,97932514837164.0,73551241248845.0,24381273588319.0,108676564894031.0,108676564894031.0,43793278849369.0,0.0,102583730698.0,206609079731195.0,2112090222977.0,237461616439.0,40454441094217.0,0.0,818200313964.0,63962502000000.0,63962502000000.0,19674955314582.0,482276831033.0,53315313650059.0,69859048040.0,4612526104983.0,0.0,850381710697.0,1119456422036.0,,,,,,,,,,,,,,,,,,,,,,,,,,,,,,,,,
HPG,2024,1,,HPG,balance_sheet,94032457790196.0,12428888036237.0,22271418573603.0,12105116296231.0,42714279935957.0,4512754948168.0,107907767738311.0,95351026613.0,71016027599296.0,585122402410.0,0.0,0.0,4817528271885.0,201940225528507.0,96315644955419.0,79314487942852.0,17001157012567.0,105624580573088.0,105624580573088.0,43342850291239.0,0.0,104112551615.0,201940225528507.0,3486349652033.0,238584417297.0,42846344041978.0,0.0,818200313964.0,58147857000000.0,58147857000000.0,16080142067527.0,340776685682.0,61438295764670.0,72884033366.0,4558305203235.0,0.0,777913997306.0,1313739979740.0,,,,,,,,,,,,,,,,,,,,,,,,,,,,,,,,,
HPG,2023,4,,HPG,balance_sheet,82716439173043.0,12267401160884.0,22161903502481.0,10702136439996.0,34504487406261.0,3080510663421.0,105066147390758.0,95351026613.0,72014494381617.0,593920277320.0,40000000000.0,0.0,4454004867718.0,187782586563801.0,84946167324422.0,71513492904733.0,13432674419689.0,102836419239379.0,102836419239379.0,40593031662656.0,0.0,65769846489.0,187782586563801.0,2583940446585.0,203600000000.0,34628367844950.0,0.0,818200313964.0,58147857000000.0,58147857000000.0,10399119292481.0,741733890580.0,54981883180636.0,75909018692.0,4215007972679.0,0.0,781079548004.0,1880922130348.0,,,,,,,,,,,,,,,,,,,,,,,,,,,,,,,,,
HPG,2023,3,,HPG,balance_sheet,78482566275784.0,9696669423876.0,19957222511116.0,12506103872593.0,33524022785325.0,2798547682874.0,95024445408788.0,95693561714.0,72782298055573.0,602718152230.0,40000000000.0,0.0,4241703068971.0,173507011684572.0,73641823428128.0,64117126047962.0,9524697380166.0,99865188256444.0,99865188256444.0,37637957599031.0,0.0,72040463743.0,173507011684572.0,6382755770441.0,204293835516.0,33797441007167.0,0.0,819978707993.0,58147857000000.0,58147857000000.0,8744590378258.0,440272925867.0,49237590969260.0,78934004018.0,3940414512830.0,0.0,797360888746.0,893054450460.0,,,,,,,,,,,,,,,,,,,,,,,,,,,,,,,,,
HPG,2023,2,,HPG,balance_sheet,84903568227057.0,13252855086239.0,22848207160936.0,14298660297800.0,32001578654651.0,2502267027431.0,91339753512384.0,101693561714.0,68933857375679.0,611516027140.0,700000000.0,0.0,4279545205102.0,176243321739441.0,78383030678319.0,68684638366804.0,9698392311515.0,97860291061122.0,97860291061122.0,35628765721538.0,0.0,77020576327.0,176243321739441.0,7165317196380.0,198994978279.0,32260969330532.0,0.0,823554378850.0,58147857000000.0,58147857000000.0,8878939971816.0,474991364466.0,51748268155863.0,81958989344.0,4015522196267.0,700000000.0,797215116297.0,898908678011.0,,,,,,,,,,,,,,,,,,,,,,,,,,,,,,,,,
HPG,2023,1,,HPG,balance_sheet,85412137003655.0,7868451566326.0,27420903628936.0,13830143965796.0,34306897157900.0,1985740684697.0,89996474170665.0,101693561714.0,69945445195200.0,620313902050.0,700000000.0,0.0,4126118803684.0,175408611174320.0,78970635902647.0,67898727221098.0,11071908681549.0,96437975271673.0,96437975271673.0,34188742435682.0,0.0,91030609632.0,175408611174320.0,7615042397537.0,202288720958.0,34594927921769.0,0.0,825685286648.0,58147857000000.0,58147857000000.0,10304996868419.0,308803858657.0,50354261925455.0,84983974670.0,3812194108908.0,700000000.0,797286302189.0,898979863903.0,,,,,,,,,,,,,,,,,,,,,,,,,,,,,,,,,
HPG,2022,4,,HPG,balance_sheet,80514710854455.0,8324588920227.0,26268246676354.0,9892869502308.0,34491111096123.0,1537894659443.0,89820810782676.0,101693561714.0,70832915657865.0,629111776960.0,700000000.0,0.0,4100323979117.0,170335521637131.0,74222582021348.0,62385392809685.0,11837189211663.0,96112939615783.0,96112939615783.0,33833829973987.0,0.0,105562146315.0,170335521637131.0,5366254068739.0,124200000000.0,35727277739296.0,0.0,834782434216.0,58147857000000.0,58147857000000.0,11151651204402.0,860793139245.0,46748670400471.0,88008959996.0,3929243956403.0,700000000.0,792790894665.0,894484456379.0,,,,,,,,,,,,,,,,,,,,,,,,,,,,,,,,,
HPG,2022,3,,HPG,balance_sheet,96870553001623.0,11881408346665.0,27029902625837.0,12007503450736.0,43880267448945.0,2071471129440.0,86934558142575.0,107320214500.0,71724752157800.0,524941086150.0,533221643835.0,0.0,3550287056630.0,183805111144198.0,85729628216342.0,72529758653352.0,13199869562990.0,98075482927856.0,98075482927856.0,35825427344474.0,0.0,112205547137.0,183805111144198.0,6201220324465.0,195948347214.0,44779256645900.0,0.0,811606247382.0,58147857000000.0,58147857000000.0,12629305426051.0,655008097406.0,52871495029424.0,32630950665.0,3512918448027.0,700000000.0,792406327115.0,899726541615.0,,,,,,,,,,,,,,,,,,,,,,,,,,,,,,,,,
HPG,2022,2,,HPG,balance_sheet,120220561631693.0,20325198022112.0,24440598374838.0,14321534634657.0,57554102163500.0,3579128436586.0,87276066459169.0,112211774500.0,70059409042323.0,532671070016.0,1048221643835.0,0.0,4258016901270.0,207496628090862.0,107581226941887.0,93614175927244.0,13967051014643.0,99915401148975.0,99915401148975.0,51018268839745.0,0.0,123819872546.0,207496628090862.0,6754064543180.0,197299190000.0,58316585193363.0,0.0,850481003264.0,44729227060000.0,44729227060000.0,13443161725051.0,1629331194548.0,56575628198553.0,34127950665.0,3882471854263.0,700000000.0,696764044889.0,808975819389.0,,,,,,,,,,,,,,,,,,,,,,,,,,,,,,,,,
HPG,2022,1,,HPG,balance_sheet,100439719965356.0,19060014590301.0,27249295250368.0,12128156547984.0,40036170600581.0,1966082976122.0,85407389229115.0,117332137560.0,70214481078887.0,540135374989.0,520794794048.0,0.0,3896987471493.0,185847109194471.0,86889171231434.0,72447609869307.0,14441561362127.0,98957937963037.0,98957937963037.0,49982300098270.0,0.0,144689613676.0,185847109194471.0,5490803643623.0,76724162500.0,40223396456992.0,0.0,877817304122.0,44729227060000.0,44729227060000.0,13921989392311.0,991916695056.0,46260963681821.0,35624950665.0,3479886459580.0,700000000.0,693905159483.0,811237297043.0,,,,,,,,,,,,,,,,,,,,,,,,,,,,,,,,,
HPG,2021,4,,HPG,balance_sheet,94154411120305.0,22471375562130.0,18236152616078.0,7662232268645.0,42134493932211.0,3650156741241.0,84081562709943.0,118401369280.0,69280841784004.0,548210755123.0,6715955617.0,0.0,3418674331681.0,178235973830248.0,87455796846810.0,73459315876441.0,13996480970369.0,90780176983438.0,90780176983438.0,41762977442911.0,0.0,154788720987.0,178235973830248.0,1721923295278.0,23521740500.0,42370012405545.0,0.0,923549304122.0,44729227060000.0,44729227060000.0,13464931998700.0,788002603134.0,43747643082356.0,37121950665.0,2852196650370.0,700000000.0,690833578689.0,809234947969.0,,,,,,,,,,,,,,,,,,,,,,,,,,,,,,,,,
HPG,2021,3,,HPG,balance_sheet,95958382276120.0,13376486099355.0,21440678216078.0,10856205170508.0,46006414493653.0,4278598296526.0,78684891855544.0,136126636800.0,68157059900455.0,554952987478.0,30722142966.0,0.0,2490535248440.0,174643274131664.0,90317590122165.0,71995624227147.0,18321965895018.0,84325684009499.0,84325684009499.0,35275203852272.0,0.0,189331368214.0,174643274131664.0,2830315706709.0,0.0,46072215379496.0,0.0,928641612156.0,44729227060000.0,44729227060000.0,17710867201107.0,794628772023.0,43356751775423.0,38618950665.0,1841908886669.0,700000000.0,580917362125.0,717043998925.0,,,,,,,,,,,,,,,,,,,,,,,,,,,,,,,,,
HPG,2021,2,,HPG,balance_sheet,82425689816656.0,14644183731657.0,17182805095788.0,7946101345417.0,39803824314074.0,2848775329720.0,77383461382038.0,156506924800.0,67685103108103.0,563252704950.0,23058078444.0,0.0,2431308504065.0,159809151198694.0,85824712100939.0,69333019977602.0,16491692123337.0,73984439097755.0,73984439097755.0,24924970345533.0,0.0,184026250345.0,159809151198694.0,2203362134984.0,0.0,39867066454066.0,0.0,928641612156.0,44729227060000.0,44729227060000.0,15722216250958.0,1577448864767.0,40271515461442.0,40115950665.0,1875465992374.0,700000000.0,234996627037.0,391503551837.0,,,,,,,,,,,,,,,,,,,,,,,,,,,,,,,,,
HPG,2021,1,,HPG,balance_sheet,63943158727826.0,14018629193714.0,10806768801746.0,8684635872093.0,27750575698018.0,2682549162255.0,75039110916884.0,154672236800.0,67592452679850.0,571555355217.0,161389105399.0,0.0,2002901631048.0,138982269644710.0,72760709285906.0,51504077676628.0,21256631609278.0,66221560358804.0,66221560358804.0,28761453883279.0,0.0,178071645979.0,138982269644710.0,1787704891162.0,0.0,27849336103608.0,0.0,928641612156.0,33132826590000.0,33132826590000.0,18268026878382.0,1153646412265.0,37292384217221.0,41612950665.0,1630316950335.0,700000000.0,220232846324.0,374905083124.0,,,,,,,,,,,,,,,,,,,,,,,,,,,,,,,,,
HPG,2020,4,,HPG,balance_sheet,56800328871828.0,13001001772526.0,8822092675380.0,6124790460291.0,26286822229202.0,2565621734429.0,74711108023192.0,96007238800.0,65561657180137.0,564296973801.0,171085206311.0,0.0,1861689608518.0,131511436895020.0,72291648089103.0,51975217453875.0,20316430635228.0,59219788805917.0,59219788805917.0,21783390780083.0,0.0,157801038336.0,131511436895020.0,1303037835829.0,0.0,26373360826788.0,0.0,928641612156.0,33132826590000.0,33132826590000.0,17343247551512.0,1257272765123.0,36798465672104.0,43109950665.0,1593026349829.0,700000000.0,209158308631.0,305165547431.0,,,,,,,,,,,,,,,,,,,,,,,,,,,,,,,,,
HPG,2020,3,,HPG,balance_sheet,43319362756352.0,5628548667015.0,8790110507972.0,5830460844355.0,20979333665419.0,2090909071591.0,74152899413199.0,78994260800.0,52405246185611.0,570430014417.0,27962310955.0,0.0,1922759923764.0,117472262169551.0,62484991198555.0,35959335130297.0,26525656068258.0,54987270970996.0,54987270970996.0,17526147884349.0,0.0,189382226589.0,117472262169551.0,1199334989146.0,0.0,21083272648906.0,0.0,923641612156.0,33132826590000.0,33132826590000.0,21254553307935.0,341282462874.0,23997067430441.0,44606950665.0,1530055228360.0,700000000.0,182719877064.0,261714137864.0,,,,,,,,,,,,,,,,,,,,,,,,,,,,,,,,,
HPG,2020,2,,HPG,balance_sheet,39021211004177.0,7489589626409.0,4657803760493.0,4222428620373.0,20763287739249.0,1888101257653.0,73622989668381.0,4834800000.0,46200744450629.0,570108253093.0,33457319296.0,0.0,1949565181760.0,112644200672558.0,60063624398542.0,33561295345821.0,26502329052721.0,52580576274016.0,52580576274016.0,20656063110900.0,0.0,175877819430.0,112644200672558.0,818600704606.0,0.0,20863422367451.0,0.0,923641612156.0,27610741150000.0,27610741150000.0,20652229603664.0,261987969111.0,22013921358872.0,46103950665.0,1567442727861.0,700000000.0,36043348906.0,40878148906.0,,,,,,,,,,,,,,,,,,,,,,,,,,,,,,,,,
HPG,2020,1,,HPG,balance_sheet,34134100270691.0,6157827189416.0,1617338585240.0,5012639384483.0,19554348585095.0,1791946526457.0,72974866845532.0,4432515000.0,46005627206922.0,577022819551.0,35550696612.0,0.0,1970947857586.0,107108967116223.0,57045558211069.0,29619287506417.0,27426270704652.0,50063408905154.0,50063408905154.0,18133536187349.0,0.0,182623651969.0,107108967116223.0,935673903076.0,0.0,19644199227624.0,0.0,923641612156.0,27610741150000.0,27610741150000.0,20243611152953.0,409254906412.0,21100126947016.0,54422883337.0,1608467110745.0,700000000.0,36056548906.0,40489063906.0,,,,,,,,,,,,,,,,,,,,,,,,,,,,,,,,,
HPG,2019,4,,HPG,balance_sheet,30471566196894.0,4564902312859.0,1374340352910.0,3574874546688.0,19411922751097.0,1545526233340.0,71319093190005.0,4910346000.0,31243762955011.0,576616510917.0,25794216642.0,0.0,2004150482487.0,101790659386899.0,54002872297592.0,26997676529364.0,27005195768228.0,47787787089307.0,47787787089307.0,15858369680604.0,0.0,182908695283.0,101790659386899.0,757832561191.0,0.0,19480666533262.0,0.0,923641612156.0,27610741150000.0,27610741150000.0,19842099219720.0,408691837688.0,16837653470387.0,61185171517.0,1650738623090.0,700000000.0,22807248984.0,27717594984.0,,,,,,,,,,,,,,,,,,,,,,,,,,,,,,,,,
HPG,2019,3,,HPG,balance_sheet,30494639754256.0,3972943652210.0,1840768046165.0,3854081869718.0,18945703297422.0,1881142888741.0,66953716591494.0,0.0,15086409094597.0,175242985695.0,25878820359.0,0.0,1653076046574.0,97448356345750.0,51398830400376.0,24505625834712.0,26893204565664.0,46049525945374.0,46049525945374.0,14125697615600.0,0.0,182554510725.0,97448356345750.0,1267865728973.0,0.0,18997874035873.0,0.0,918641612156.0,27610741150000.0,27610741150000.0,20738255458345.0,262015344026.0,17430383939442.0,67947459697.0,1303253656147.0,700000000.0,22800638984.0,22800638984.0,,,,,,,,,,,,,,,,,,,,,,,,,,,,,,,,,
HPG,2019,2,,HPG,balance_sheet,29254317510964.0,5900076071570.0,2607379478851.0,4121219190869.0,15391106218426.0,1234536551248.0,63764944234943.0,0.0,13820711278755.0,173686843034.0,3771893666.0,0.0,1723908265085.0,93019261745907.0,48763171892900.0,22370696041923.0,26392475850977.0,44256089853007.0,44256089853007.0,12370941898660.0,0.0,143835789906.0,93019261745907.0,1515630124222.0,0.0,15442137979390.0,0.0,918641612156.0,27610741150000.0,27610741150000.0,20255615545791.0,250161169385.0,14012517205777.0,74709747877.0,1398541959852.0,700000000.0,23193350024.0,23193350024.0,,,,,,,,,,,,,,,,,,,,,,,,,,,,,,,,,
HPG,2019,1,,HPG,balance_sheet,28055962486199.0,6110879210952.0,3219966168421.0,4989303397720.0,12658139914824.0,1077673794282.0,56890767272793.0,0.0,14137741367378.0,176713686761.0,59089706857.0,0.0,1734962640971.0,84946729758992.0,42735605416956.0,21872970606920.0,20862634810036.0,42211124342036.0,42211124342036.0,16707417251845.0,0.0,134151102309.0,84946729758992.0,1621494418109.0,0.0,12705505081496.0,0.0,918641612156.0,21239071660000.0,21239071660000.0,18678247132851.0,359215105051.0,11802863530796.0,81472036057.0,1419059142232.0,700000000.0,23145210169.0,23145210169.0,,,,,,,,,,,,,,,,,,,,,,,,,,,,,,,,,
HPG,2018,4,,HPG,balance_sheet,26013633267830.0,2515617135457.0,3724562710535.0,3915158043554.0,14115158052529.0,1743137325755.0,52211329380109.0,0.0,12782560625001.0,179740530488.0,66584926457.0,0.0,1755774089572.0,78224962647939.0,37616012807129.0,24299196176342.0,13316816630787.0,40608949840810.0,40608949840810.0,15111142063905.0,0.0,128257269222.0,78224962647939.0,810319171039.0,0.0,14188355173355.0,0.0,918641612156.0,21239071660000.0,21239071660000.0,12810996979972.0,361444408581.0,11494717393327.0,88234324237.0,1461311868435.0,700000000.0,22301804672.0,22301804672.0,,,,,,,,,,,,,,,,,,,,,,,,,,,,,,,,,
HPG,2018,3,,HPG,balance_sheet,31834300607121.0,3976151668262.0,5900895937362.0,5640203890272.0,14770217336303.0,1546831774922.0,38268471313713.0,0.0,13086355600772.0,182134011925.0,22030941489.0,0.0,1614903232515.0,70102771920834.0,31069071303247.0,21460455144991.0,9608616158256.0,39033700617587.0,39033700617587.0,13533454440631.0,0.0,130549911124.0,70102771920834.0,2338017297368.0,0.0,14859260924492.0,0.0,918641612156.0,21239071660000.0,21239071660000.0,9011900651509.0,405076519485.0,13023391906780.0,0.0,1332714173291.0,700000000.0,22307347172.0,22307347172.0,,,,,,,,,,,,,,,,,,,,,,,,,,,,,,,,,
HPG,2018,2,,HPG,balance_sheet,33311681394721.0,5319038225154.0,7754034432961.0,6176268736830.0,12887026543733.0,1175313456043.0,28766660537419.0,0.0,13072518388579.0,185153036362.0,21894926457.0,0.0,1627559890874.0,62078341932140.0,25451498115834.0,19959127538857.0,5492370576977.0,36626843816306.0,36626843816306.0,17199924338502.0,0.0,125904351519.0,62078341932140.0,3893429128203.0,0.0,13024194419202.0,0.0,918641612156.0,15170790000000.0,15170790000000.0,4976499450228.0,797009065381.0,11527601640256.0,101977257121.0,1344631018832.0,700000000.0,70312568404.0,70312568404.0,,,,,,,,,,,,,,,,,,,,,,,,,,,,,,,,,
HPG,2018,1,,HPG,balance_sheet,32950886918408.0,6662968459743.0,7097179666718.0,7178547741042.0,11333204635800.0,678986415105.0,21486597050953.0,0.0,13075194506203.0,188172060799.0,31015649848.0,0.0,1390105168162.0,54437483969361.0,20009291058652.0,17459059766452.0,2550231292200.0,34428192910709.0,34428192910709.0,15017374820546.0,0.0,121250780939.0,54437483969361.0,4856000991045.0,0.0,11473029927631.0,0.0,918641612156.0,15170790000000.0,15170790000000.0,2077143669720.0,705004491879.0,10291257465605.0,108631365039.0,1095751686732.0,15700000000.0,22307347172.0,22307347172.0,,,,,,,,,,,,,,,,,,,,,,,,,,,,,,,,,
HPG,2017,4,,HPG,balance_sheet,33077484195254.0,4264641954689.0,9936707080033.0,6555231799648.0,11768631544306.0,552271816578.0,19944513582995.0,0.0,13173015169503.0,191191085236.0,16951738400.0,0.0,1067770383479.0,53021997778249.0,20624417566339.0,18520535634327.0,2103881932012.0,32397580211910.0,32397580211910.0,13397029077196.0,0.0,110613825490.0,53021997778249.0,4007002903693.0,0.0,11912942448894.0,0.0,518641612156.0,15170790000000.0,15170790000000.0,1651494675275.0,824276288448.0,11328518776500.0,54405476957.0,842611587232.0,15700000000.0,21810530536.0,21810530536.0,,,,,,,,,,,,,,,,,,,,,,,,,,,,,,,,,
HPG,2017,3,,HPG,balance_sheet,30643371644872.0,2591864482986.0,11916316118066.0,4603448750970.0,11120130644773.0,411611648077.0,17698775610176.0,0.0,12544057381764.0,193699844281.0,33811776141.0,0.0,991963864796.0,48342147255048.0,18205062567794.0,16469143017413.0,1735919550381.0,30137084687254.0,30137084687254.0,11139533308646.0,0.0,105684327327.0,48342147255048.0,2561160744485.0,38440000000.0,11272736502086.0,0.0,520253104213.0,15170790000000.0,15170790000000.0,1181165360145.0,1095781192516.0,10235941401138.0,59365636210.0,770794396452.0,15700000000.0,20536305536.0,20536305536.0,,,,,,,,,,,,,,,,,,,,,,,,,,,,,,,,,
HPG,2017,2,,HPG,balance_sheet,23982297253905.0,1813484050479.0,7814578768230.0,2837413793081.0,11106756758800.0,410063883315.0,15680187074885.0,2500000000.0,12527280251353.0,196718868716.0,33823661785.0,0.0,948145523327.0,39662484328790.0,16723038709594.0,15754306629937.0,968732079657.0,22939445619196.0,22939445619196.0,9000683439863.0,0.0,103180488052.0,39662484328790.0,959223223993.0,0.0,11253553910153.0,0.0,520253104213.0,12642554170000.0,12642554170000.0,415200000000.0,1041670122560.0,9491993541160.0,64521746128.0,739120206813.0,15702128365.0,20535305536.0,23035305536.0,,,,,,,,,,,,,,,,,,,,,,,,,,,,,,,,,
HPG,2017,1,,HPG,balance_sheet,21530442705748.0,2380437136128.0,5674127511304.0,2498830711892.0,10509719326031.0,467328020393.0,15415383428223.0,2500000000.0,12458218120117.0,199737893149.0,48752875262.0,0.0,933877217571.0,36945826133971.0,15542328417312.0,14470323433267.0,1072004984045.0,21403497716659.0,21403497716659.0,11040562105687.0,0.0,104713866691.0,36945826133971.0,1047356998800.0,0.0,10653996774526.0,0.0,1156415747213.0,8428749560000.0,8428749560000.0,612200000000.0,973688394689.0,9012842223432.0,69677856046.0,728439631004.0,15702128365.0,20580399536.0,23080399536.0,,,,,,,,,,,,,,,,,,,,,,,,,,,,,,,,,
HPG,2016,4,,HPG,balance_sheet,18169854347204.0,4558660713505.0,693498769815.0,2386926010205.0,10247213245079.0,283555608600.0,15056701779891.0,2500000000.0,12670104393719.0,202756917580.0,78864136876.0,0.0,849163482349.0,33226556127095.0,13372600227415.0,12431329890031.0,941270337384.0,19853955899680.0,19853955899680.0,9489760497926.0,0.0,105973657473.0,33226556127095.0,722329120353.0,0.0,10391513459256.0,125329020.0,1156415747213.0,8428749560000.0,8428749560000.0,522200000000.0,1036123955455.0,5938170638894.0,74833965964.0,647006412215.0,15702128365.0,22801827438.0,25301827438.0,,,,,,,,,,,,,,,,,,,,,,,,,,,,,,,,,
HPG,2016,3,,HPG,balance_sheet,13826056759889.0,3282771484627.0,250497498639.0,2066481340275.0,7988920694672.0,237385741676.0,14642504279506.0,2500000000.0,12032301621293.0,204871489546.0,104676948589.0,0.0,872429083163.0,28468561039395.0,10400946595291.0,9375549655971.0,1025396939320.0,18067614444104.0,18067614444104.0,7968988008002.0,0.0,105384347195.0,28468561039395.0,822581112162.0,0.0,8208921229994.0,2268512645.0,891436091839.0,8428749560000.0,8428749560000.0,612200000000.0,267746613597.0,4988679516562.0,79990075881.0,656187845950.0,15702128365.0,14506182031.0,17006182031.0,,,,,,,,,,,,,,,,,,,,,,,,,,,,,,,,,
HPG,2016,2,,HPG,balance_sheet,13663819692533.0,3052404764799.0,519618866361.0,1479562580203.0,8332618659016.0,279614822154.0,14011555187883.0,5000000000.0,11884794959889.0,193610884551.0,110269010218.0,0.0,818442226915.0,27675374880416.0,10149618840821.0,9172721750928.0,976897089893.0,17525756039595.0,17525756039595.0,8554019917353.0,0.0,77597403335.0,27675374880416.0,582384684717.0,0.0,8552332201189.0,2482093601.0,891436091839.0,7329514190000.0,7329514190000.0,600000000000.0,115487829109.0,5250888350226.0,85146185799.0,596144049693.0,15702128365.0,12019383954.0,17019383954.0,,,,,,,,,,,,,,,,,,,,,,,,,,,,,,,,,
HPG,2016,1,,HPG,balance_sheet,11642970625581.0,2926138476017.0,831098188625.0,1705089375974.0,6033626509231.0,147018075734.0,13810667777221.0,5000000000.0,11318814491418.0,201989438046.0,113879529136.0,0.0,697909502758.0,25453638402802.0,10001984766658.0,9239506983566.0,762477783092.0,15451653636144.0,15451653636144.0,6528037015942.0,0.0,29228901295.0,25453638402802.0,458251826219.0,0.0,6274915888364.0,2271130000.0,891436091839.0,7329514190000.0,7329514190000.0,450000000000.0,264847386983.0,5997051668879.0,90302295716.0,518867864377.0,15702128365.0,11477883954.0,16477883954.0,,,,,,,,,,,,,,,,,,,,,,,,,,,,,,,,,
HPG,2015,4,,HPG,balance_sheet,11921851107292.0,2374928605865.0,758094875121.0,1608182018775.0,6937821177071.0,242824430460.0,13587493983230.0,5000000000.0,8210630017361.0,192494292820.0,102545479271.0,0.0,709047816834.0,25509345090522.0,11042258145729.0,9995032101178.0,1047226044551.0,14467086944793.0,14467086944793.0,5549749512225.0,0.0,22876213661.0,25509345090522.0,390265827195.0,0.0,7208431796057.0,64254026.0,891436091839.0,7329514190000.0,7329514190000.0,739000000000.0,50112574555.0,6119017325257.0,91091275173.0,534253509879.0,15702128365.0,11485258954.0,16485258954.0,,,,,,,,,,,,,,,,,,,,,,,,,,,,,,,,,
HPG,2015,3,,HPG,balance_sheet,12061988374463.0,2107094759286.0,966776464367.0,1968788052819.0,6810793303342.0,208535794649.0,12534926489246.0,0.0,8335625371250.0,190829191745.0,95973963372.0,0.0,785649619916.0,24596914863709.0,10532570871723.0,9327423129220.0,1205147742503.0,14064343991986.0,14064343991986.0,5362456063217.0,0.0,23779168780.0,24596914863709.0,751806391268.0,0.0,7037238319799.0,2348381729.0,674783632921.0,7329514190000.0,7329514190000.0,889000000000.0,67456978807.0,5894704004717.0,290963900005.0,422076829137.0,15702128365.0,11364921454.0,11364921454.0,,,,,,,,,,,,,,,,,,,,,,,,,,,,,,,,,
HPG,2015,2,,HPG,balance_sheet,11258195697218.0,2022505414440.0,1034746859860.0,1937013887797.0,6133970086408.0,129959448713.0,11709431500752.0,0.0,8393607521880.0,193000715807.0,92972991543.0,0.0,847279226491.0,22967627197970.0,9725543208479.0,8303337387467.0,1422205821012.0,13109319294222.0,13109319294222.0,4431053034233.0,0.0,0.0,22967627197970.0,795134565077.0,0.0,6360369692266.0,2489062639.0,674783632921.0,7329514190000.0,7329514190000.0,1177072326185.0,56107718299.0,5316167649541.0,321336627499.0,460785330253.0,15702128365.0,8787096454.0,8787096454.0,,,,,,,,,,,,,,,,,,,,,,,,,,,,,,,,,
HPG,2015,1,,HPG,balance_sheet,11503116480709.0,1453491349657.0,847156476686.0,1992830664670.0,7097489096674.0,112148893022.0,10401830751567.0,0.0,9271704369829.0,195172239869.0,74767387454.0,351709354993.0,501435081516.0,21904947232276.0,9424536729101.0,8199830139948.0,1224706589153.0,12359127256713.0,12359127256713.0,4657911056724.0,0.0,0.0,21904947232276.0,797434524930.0,0.0,7303021591293.0,3217840922.0,0.0,4886431750000.0,4886431750000.0,967072326185.0,50853634492.0,5528363856065.0,0.0,447037248407.0,15702128365.0,9507183602.0,7042317906.0,,,,,,,,,,,,,,,,,,,,,,,,,,,,,,,,,
HPG,2014,4,,HPG,balance_sheet,11745429717382.0,2001780467705.0,531141791271.0,1719564145827.0,7385982501899.0,106960810680.0,10343675904462.0,0.0,9158124616833.0,197343763931.0,61184828523.0,382082082487.0,544940612688.0,22089105621844.0,10123759154194.0,9096774122246.0,1026985031948.0,11876791198334.0,11796575339376.0,4095359139387.0,80215858958.0,0.0,22089105621844.0,457068881547.0,0.0,7600703758252.0,3462313488.0,0.0,4819081750000.0,4819081750000.0,930863752151.0,158911796301.0,5816983436809.0,0.0,483218729903.0,57187691074.0,0.0,0.0,,,,,,,,,,,,,,,,,,,,,,,,,,,,,,,,,
HPG,2014,3,,HPG,balance_sheet,10847243527197.0,1651561080358.0,1321443401770.0,488499529809.0,7204720579389.0,181018935871.0,10206621781010.0,0.0,8881527209575.0,192881972117.0,23470004101.0,468428052812.0,639564674492.0,21053865308207.0,9431875124397.0,7954228269403.0,1477646854994.0,11475158361506.0,11475158361506.0,3989645596960.0,0.0,0.0,21053865308207.0,0.0,0.0,7239382080744.0,12418297856.0,0.0,4819081750000.0,4819081750000.0,1385451947501.0,34074237954.0,5295678156614.0,0.0,564722275868.0,18049398194.0,749867913.0,749867913.0,,,,,,,,,,,,,,,,,,,,,,,,,,,,,,,,,
HPG,2014,2,,HPG,balance_sheet,10185267661307.0,1429108292747.0,365935396771.0,1128668027025.0,7061231281217.0,200324663547.0,10164480042087.0,0.0,9058200385323.0,205889710475.0,21122734272.0,496191992663.0,382325351441.0,20349747703394.0,9608604478109.0,8123652795206.0,1484951682903.0,10618288174026.0,10618288174026.0,3132775409480.0,0.0,0.0,20349747703394.0,263090476680.0,0.0,7096154263680.0,11937205399.0,0.0,4819081750000.0,4819081750000.0,1396520571671.0,53318242096.0,4749489553472.0,0.0,313073135199.0,15702128365.0,749867913.0,749867913.0,,,,,,,,,,,,,,,,,,,,,,,,,,,,,,,,,
HPG,2014,1,,HPG,balance_sheet,11110329506201.0,2195020257953.0,404610725404.0,1514200435375.0,6771400748851.0,225097338618.0,10559423169345.0,0.0,9154049472077.0,60884540548.0,21255298806.0,500484705584.0,373204996958.0,21669752675546.0,11256741702433.0,9163716115422.0,2093025587011.0,10309475352863.0,10309475352863.0,3452519008317.0,0.0,0.0,21669752675546.0,301846119771.0,0.0,6806573307953.0,15869622780.0,0.0,4190525330000.0,4190525330000.0,1561575768508.0,81529600081.0,5685729322599.0,0.0,310730650028.0,15702128365.0,449544155372.0,449544155372.0,,,,,,,,,,,,,,,,,,,,,,,,,,,,,,,,,
HPG,2013,4,,HPG,balance_sheet,12287301998192.0,2267622390696.0,245493671402.0,1630722679686.0,7913085213700.0,230378042708.0,10673891739662.0,0.0,9187130524311.0,62002294764.0,21284513924.0,572856921038.0,380858246946.0,22961193737854.0,13376797694849.0,11012050712534.0,2364746982315.0,9497763277869.0,9497763277869.0,2705545725073.0,0.0,0.0,22961193737854.0,352068616679.0,0.0,7948364813960.0,26332427062.0,0.0,4190525330000.0,4190525330000.0,1849674148472.0,79676433981.0,5725709275613.0,0.0,326428533088.0,15702128365.0,449759238679.0,449759238679.0,,,,,,,,,,,,,,,,,,,,,,,,,,,,,,,,,
HPG,2013,3,,HPG,balance_sheet,11805583231924.0,2014263312314.0,120433565257.0,1430328606016.0,7940583999513.0,299973748824.0,10722951190434.0,0.0,9051050856779.0,63120048984.0,25385022226.0,752854557413.0,381168616305.0,22528534422358.0,12875532863468.0,10345316896096.0,2530215967372.0,9105588923836.0,9105588923836.0,2417566171072.0,0.0,0.0,22528534422358.0,393926087693.0,0.0,7987569900980.0,32833431311.0,0.0,4190525330000.0,4190525330000.0,2056408322857.0,66747954509.0,5100528941087.0,0.0,328089583494.0,19609128365.0,449372088727.0,449372088727.0,,,,,,,,,,,,,,,,,,,,,,,,,,,,,,,,,
HPG,2013,2,,HPG,balance_sheet,10883282075665.0,1385641109292.0,167413612457.0,1525711381918.0,7495545273158.0,308970698840.0,10269221212044.0,0.0,8583948703425.0,64237803200.0,25385022226.0,784513893857.0,361797818492.0,21152503287709.0,11589078733834.0,9013227642019.0,2575851091815.0,9028295607495.0,9028295607495.0,2341892864804.0,0.0,0.0,21152503287709.0,438646071883.0,0.0,7547546684618.0,28310278505.0,0.0,4190525330000.0,4190525330000.0,2102278038608.0,51996906849.0,4214175488425.0,0.0,313435172652.0,19609128365.0,449337970844.0,449337970844.0,,,,,,,,,,,,,,,,,,,,,,,,,,,,,,,,,
HPG,2013,1,,HPG,balance_sheet,9713924689615.0,996320633597.0,49683612457.0,1770193914441.0,6654921112213.0,242805416907.0,9479433752673.0,0.0,7737257713412.0,65355557415.0,26218497620.0,819007801853.0,382256211529.0,19193358442288.0,10160698957084.0,6247446615287.0,3913252341797.0,9032659485204.0,8516718830334.0,1830335887643.0,515940654870.0,0.0,19193358442288.0,569932885949.0,0.0,6686446587977.0,26407782152.0,0.0,4190525330000.0,4190525330000.0,1892563018950.0,71940658184.0,4179507340081.0,0.0,314872500863.0,20409128365.0,449337970844.0,449337970844.0,,,,,,,,,,,,,,,,,,,,,,,,,,,,,,,,,
VCB,2025,4,0.0,VCB,balance_sheet,,15542768000000.0,,,,,,,8232904000000.0,,2260728000000.0,,,2441928945000000.0,2214393069000000.0,,,227535876000000.0,,102027572000000.0,,71521000000.0,2441928945000000.0,,,,,,,83556751000000.0,,,,,,1589089000000.0,,,37445504000000.0,521938509000000.0,11479097000000.0,11546520000000.0,-67423000000.0,374918000000.0,1648557141000000.0,1673525675000000.0,-24968534000000.0,162104164000000.0,143080817000000.0,22384962000000.0,-3361615000000.0,0.0,746639000000.0,-75000000000.0,5618792000000.0,2614112000000.0,33993212000000.0,160128325000000.0,321158844000000.0,1672534103000000.0,0.0,0.0,27101221000000.0,33470576000000.0,89361977000000.0,36993479000000.0,-918673000000.0,0.0,809837000000.0,,
VCB,2025,3,0.0,VCB,balance_sheet,,12909550000000.0,,,,,,,8141017000000.0,,2418879000000.0,,,2378185628000000.0,2155394083000000.0,,,222791545000000.0,,97169628000000.0,,112712000000.0,2378185628000000.0,,,,,,,83556751000000.0,,,,,,1589089000000.0,,,56577155000000.0,497858712000000.0,5251130000000.0,5307342000000.0,-56212000000.0,0.0,1595933982000000.0,1629942508000000.0,-34008526000000.0,165634799000000.0,135556078000000.0,30320838000000.0,-242117000000.0,0.0,904790000000.0,-75000000000.0,5671432000000.0,2469585000000.0,33460404000000.0,162585347000000.0,317172542000000.0,1611966698000000.0,28651000000.0,2000000.0,23085140000000.0,40555703000000.0,89361977000000.0,37060181000000.0,-912953000000.0,0.0,809837000000.0,,
VCB,2025,2,0.0,VCB,balance_sheet,,14790170000000.0,,,,,,,7967792000000.0,,2314396000000.0,,,2217636600000000.0,2003887178000000.0,,,213749422000000.0,,88145614000000.0,,107351000000.0,2217636600000000.0,,,,,,,83556751000000.0,,,,,,1528922000000.0,,,37686004000000.0,432541459000000.0,7992828000000.0,8031786000000.0,-38958000000.0,0.0,1522462472000000.0,1555769476000000.0,-33307004000000.0,162434366000000.0,128742046000000.0,33936124000000.0,-243804000000.0,0.0,860474000000.0,-75000000000.0,5487426000000.0,2480366000000.0,29447113000000.0,99737152000000.0,258784288000000.0,1586682675000000.0,47261000000.0,2000000.0,24165140000000.0,34470660000000.0,89361977000000.0,37060591000000.0,-926111000000.0,0.0,809837000000.0,,
VCB,2025,1,0.0,VCB,balance_sheet,,13713225000000.0,,,,,,,8015849000000.0,,2268608000000.0,,,2109260616000000.0,1904318782000000.0,,,204941834000000.0,,79376463000000.0,,101952000000.0,2109260616000000.0,,,,,,,83556751000000.0,,,,,,1528922000000.0,,,28020997000000.0,410587576000000.0,8417843000000.0,8448472000000.0,-30629000000.0,0.0,1433896493000000.0,1466390536000000.0,-32494043000000.0,176979243000000.0,108816448000000.0,68407949000000.0,-245154000000.0,0.0,814686000000.0,-75000000000.0,5494709000000.0,2521140000000.0,27360782000000.0,125298467000000.0,222764271000000.0,1509113389000000.0,306420000000.0,2000000.0,14165059000000.0,32671174000000.0,89361977000000.0,37052974000000.0,-951532000000.0,0.0,809837000000.0,,
VCB,2024,4,0.0,VCB,balance_sheet,,14268064000000.0,,,,,,,8092877000000.0,,2228098000000.0,,,2085873522000000.0,1889664354000000.0,,,196209168000000.0,,98332086000000.0,,96261000000.0,2085873522000000.0,,,,,,,55890913000000.0,,,,,,1528922000000.0,,,49340493000000.0,389951898000000.0,4876237000000.0,4908527000000.0,-32290000000.0,1314434000000.0,1418015724000000.0,1449198899000000.0,-31183175000000.0,167383349000000.0,86799901000000.0,80829540000000.0,-246092000000.0,0.0,774176000000.0,-75000000000.0,5530579000000.0,2562298000000.0,30402348000000.0,78237337000000.0,234533958000000.0,1514664850000000.0,0.0,529000000.0,24125059000000.0,38102621000000.0,61696139000000.0,37052974000000.0,-968292000000.0,0.0,809837000000.0,,
VCB,2024,3,0.0,VCB,balance_sheet,,13157642000000.0,,,,,,,8026692000000.0,,2119005000000.0,,,1932361908000000.0,1742064907000000.0,,,190297001000000.0,,102068366000000.0,,110763000000.0,1932361908000000.0,,,,,,,55890913000000.0,,,,,,1528922000000.0,,,13749051000000.0,316566672000000.0,4146191000000.0,4169191000000.0,-23000000000.0,0.0,1366088234000000.0,1401151675000000.0,-35063441000000.0,170417002000000.0,83014181000000.0,87654538000000.0,-251717000000.0,0.0,732508000000.0,-142425000000.0,5467042000000.0,2559650000000.0,38091419000000.0,36293273000000.0,217260367000000.0,1430071020000000.0,116988000000.0,2000000.0,26901267000000.0,31421990000000.0,61696139000000.0,27453485000000.0,-1031752000000.0,0.0,809837000000.0,,
VCB,2024,2,0.0,VCB,balance_sheet,,12950279000000.0,,,,,,,7716515000000.0,,2086502000000.0,,,1905638840000000.0,1723936055000000.0,,,181702785000000.0,,93397205000000.0,,105738000000.0,1905638840000000.0,,,,,,,55890913000000.0,,,,,,1528922000000.0,,,35735832000000.0,316589542000000.0,2432382000000.0,2457691000000.0,-25309000000.0,510955000000.0,1334761763000000.0,1369645310000000.0,-34883547000000.0,166831595000000.0,75795936000000.0,91200503000000.0,-164844000000.0,0.0,700005000000.0,-142425000000.0,5170802000000.0,2545713000000.0,26023475000000.0,66987719000000.0,218637742000000.0,1374683432000000.0,0.0,6000000.0,26901433000000.0,36725723000000.0,61696139000000.0,27453885000000.0,-950182000000.0,0.0,809837000000.0,,
VCB,2024,1,0.0,VCB,balance_sheet,,12915997000000.0,,,,,,,7588707000000.0,,2256391000000.0,,,1773713584000000.0,1600099458000000.0,,,173614126000000.0,,85330720000000.0,,100556000000.0,1773713584000000.0,,,,,,,55890913000000.0,,,,,,1529145000000.0,,,37836619000000.0,273301211000000.0,2936121000000.0,2956813000000.0,-20692000000.0,0.0,1235587240000000.0,1266477925000000.0,-30890685000000.0,174371785000000.0,91847588000000.0,82689041000000.0,-164844000000.0,0.0,869671000000.0,-142425000000.0,5046502000000.0,2542205000000.0,26919513000000.0,4140563000000.0,171488381000000.0,1347325611000000.0,91370000000.0,1000000.0,29904958000000.0,47148574000000.0,61696139000000.0,27447103000000.0,-960392000000.0,0.0,809837000000.0,,
VCB,2023,4,0.0,VCB,balance_sheet,,14504849000000.0,,,,,,,7708181000000.0,,2224945000000.0,,,1839223339000000.0,1670680015000000.0,,,168543324000000.0,,85173987000000.0,,93990000000.0,1839223339000000.0,,,,,,,55890913000000.0,,,,,,1529145000000.0,,,58104503000000.0,335616377000000.0,2495408000000.0,2511395000000.0,-15987000000.0,0.0,1241675333000000.0,1270359018000000.0,-28683685000000.0,145780067000000.0,67882480000000.0,78009747000000.0,-112160000000.0,0.0,838225000000.0,-142425000000.0,5115612000000.0,2592569000000.0,31113676000000.0,1670837000000.0,213841980000000.0,1395694611000000.0,117752000000.0,365000000.0,19912623000000.0,39441847000000.0,61696139000000.0,22562445000000.0,-983237000000.0,0.0,809837000000.0,,
VCB,2023,3,0.0,VCB,balance_sheet,,13913670000000.0,,,,,,,7441794000000.0,,2205920000000.0,,,1731305572000000.0,1572062054000000.0,,,159243518000000.0,,75814366000000.0,,104660000000.0,1731305572000000.0,,,,,,,55890913000000.0,,,,,,1529145000000.0,,,29312980000000.0,320952135000000.0,1735874000000.0,1754272000000.0,-18398000000.0,0.0,1150958460000000.0,1189830550000000.0,-38872090000000.0,178723851000000.0,102650493000000.0,76486963000000.0,-413605000000.0,0.0,794774000000.0,-117999000000.0,4812476000000.0,2629318000000.0,26060888000000.0,2517462000000.0,160234123000000.0,1349007010000000.0,899053000000.0,725000000.0,15277866000000.0,44125815000000.0,61696139000000.0,22562989000000.0,-934636000000.0,0.0,809837000000.0,,
VCB,2023,2,0.0,VCB,balance_sheet,,16134106000000.0,,,,,,,7598470000000.0,,2248021000000.0,,,1704273133000000.0,1552272005000000.0,,,152001128000000.0,,77094650000000.0,,98316000000.0,1704273133000000.0,,,,,,,47325166000000.0,,,,,,1529145000000.0,,,56430924000000.0,286406768000000.0,1375964000000.0,1394711000000.0,-18747000000.0,217428000000.0,1139981404000000.0,1177728457000000.0,-37747053000000.0,156871470000000.0,65672102000000.0,91277142000000.0,-77774000000.0,0.0,836875000000.0,-117999000000.0,4918188000000.0,2680282000000.0,37008578000000.0,2270345000000.0,160661447000000.0,1326853836000000.0,0.0,1088000000.0,16323830000000.0,46161459000000.0,53130392000000.0,22564054000000.0,-886284000000.0,0.0,809837000000.0,,
VCB,2023,1,0.0,VCB,balance_sheet,,15537950000000.0,,,,,,,7732058000000.0,,2221085000000.0,,,1846431290000000.0,1701772932000000.0,,,144658358000000.0,,69719946000000.0,,93744000000.0,1846431290000000.0,,,,,,,47325166000000.0,,,,,,1529145000000.0,,,139256635000000.0,334747844000000.0,1595430000000.0,1618113000000.0,-22683000000.0,224625000000.0,1142187065000000.0,1174080964000000.0,-31893899000000.0,174526186000000.0,77663390000000.0,96941064000000.0,-78268000000.0,0.0,809939000000.0,-117999000000.0,5015683000000.0,2716375000000.0,28402412000000.0,62167768000000.0,255334468000000.0,1281487916000000.0,0.0,2186000000.0,27337890000000.0,75442704000000.0,53130392000000.0,22556829000000.0,-842553000000.0,0.0,809837000000.0,,
VCB,2022,4,0.0,VCB,balance_sheet,,18348519000000.0,,,,,,,7985401000000.0,,2193516000000.0,,,1814188209000000.0,1676199767000000.0,,,137988442000000.0,,67499703000000.0,,88379000000.0,1814188209000000.0,,,,,,,47325166000000.0,,,,,,1529145000000.0,,,92557809000000.0,313591813000000.0,1499687000000.0,1543575000000.0,-43888000000.0,156515000000.0,1120286831000000.0,1145066250000000.0,-24779419000000.0,196171212000000.0,100739669000000.0,95513376000000.0,-81833000000.0,0.0,782370000000.0,-117999000000.0,5170083000000.0,2815318000000.0,61396906000000.0,67314816000000.0,232510850000000.0,1243468472000000.0,0.0,3298000000.0,25337894000000.0,107564437000000.0,53130392000000.0,18133039000000.0,-863071000000.0,0.0,809837000000.0,,
VCB,2022,3,0.0,VCB,balance_sheet,,16293080000000.0,,,,,,,7820512000000.0,,2217065000000.0,,,1649664327000000.0,1521274777000000.0,,,128389550000000.0,,57774989000000.0,,102207000000.0,1649664327000000.0,,,,,,,47325166000000.0,,,,,,1529145000000.0,,,11378539000000.0,302927159000000.0,1347762000000.0,1407066000000.0,-59304000000.0,0.0,1093971420000000.0,1130144001000000.0,-36172581000000.0,177219709000000.0,87411490000000.0,89896772000000.0,-88553000000.0,0.0,762920000000.0,-75000000000.0,5060100000000.0,2760412000000.0,36489081000000.0,93953298000000.0,179758633000000.0,1197150901000000.0,120079000000.0,4385000000.0,14698727000000.0,35588754000000.0,53130392000000.0,18122983000000.0,-741021000000.0,0.0,809837000000.0,,
VCB,2022,2,0.0,VCB,balance_sheet,,15097807000000.0,,,,,,,8103519000000.0,,2380804000000.0,,,1601680964000000.0,1478691267000000.0,,,122989697000000.0,,52056550000000.0,,97774000000.0,1601680964000000.0,,,,,,,47325166000000.0,,,,,,1659597000000.0,,,28813961000000.0,255536982000000.0,3150052000000.0,3187225000000.0,-37173000000.0,0.0,1066990245000000.0,1100852163000000.0,-33861918000000.0,191407933000000.0,101203452000000.0,90293045000000.0,-88564000000.0,0.0,796207000000.0,-75000000000.0,5249947000000.0,2853572000000.0,30199661000000.0,61020549000000.0,171676891000000.0,1195391576000000.0,19457000000.0,5485000000.0,14367033000000.0,36210276000000.0,52665213000000.0,18171942000000.0,-1782000000.0,0.0,344658000000.0,,
VCB,2022,1,0.0,VCB,balance_sheet,,14868054000000.0,,,,,,,8344847000000.0,,2366013000000.0,,,1462748158000000.0,1345670470000000.0,,,117077688000000.0,,46156897000000.0,,92420000000.0,1462748158000000.0,,,,,,,47325166000000.0,,,,,,1659597000000.0,,,38888399000000.0,194999348000000.0,3297566000000.0,3372631000000.0,-75065000000.0,0.0,997707933000000.0,1028899744000000.0,-31191811000000.0,171953037000000.0,75001289000000.0,97125603000000.0,-173855000000.0,0.0,781416000000.0,-75000000000.0,5386077000000.0,2958770000000.0,30322961000000.0,36310440000000.0,81277695000000.0,1179668881000000.0,5215000000.0,6585000000.0,17380178000000.0,31021476000000.0,52665213000000.0,18173014000000.0,-9856000000.0,0.0,344658000000.0,,
VCB,2021,4,0.0,VCB,balance_sheet,,18011766000000.0,,,,,,,8626043000000.0,,2346176000000.0,,,1414765480000000.0,1303594825000000.0,,,111170655000000.0,,53682515000000.0,,87113000000.0,1414765480000000.0,,,,,,,37088774000000.0,,,,,,1661461000000.0,,,22506711000000.0,225394684000000.0,2766098000000.0,2822531000000.0,-56433000000.0,303202000000.0,934774287000000.0,960749955000000.0,-25975668000000.0,170604700000000.0,71122502000000.0,99657595000000.0,-175397000000.0,0.0,759715000000.0,-75000000000.0,5552624000000.0,3073419000000.0,29431813000000.0,9468116000000.0,109757777000000.0,1135323913000000.0,0.0,7707000000.0,17387747000000.0,31649565000000.0,42428821000000.0,14977015000000.0,-4809000000.0,0.0,344658000000.0,,
VCB,2021,3,0.0,VCB,balance_sheet,,13356519000000.0,,,,,,,8177405000000.0,,2391940000000.0,,,1385235404000000.0,1275708552000000.0,,,109526852000000.0,,52084482000000.0,,98789000000.0,1385235404000000.0,,,,,,,37088774000000.0,,,,,,1671325000000.0,,,60969106000000.0,204916285000000.0,3583497000000.0,3621712000000.0,-38215000000.0,259485000000.0,909910950000000.0,936342968000000.0,-26432018000000.0,157248652000000.0,55437932000000.0,102404130000000.0,-593410000000.0,0.0,795615000000.0,-75000000000.0,5276646000000.0,2900759000000.0,24421565000000.0,8709185000000.0,106138767000000.0,1108418876000000.0,0.0,8784000000.0,21378159000000.0,31054781000000.0,42428821000000.0,14919178000000.0,-4418000000.0,0.0,344658000000.0,,
VCB,2021,2,0.0,VCB,balance_sheet,,13132285000000.0,,,,,,,8317891000000.0,,2281134000000.0,,,1304179106000000.0,1199239588000000.0,,,104939518000000.0,,47408227000000.0,,94464000000.0,1304179106000000.0,,,,,,,37088774000000.0,,,,,,1587823000000.0,,,23485760000000.0,185877601000000.0,3182256000000.0,3221327000000.0,-39071000000.0,0.0,897798104000000.0,921948437000000.0,-24150333000000.0,147996760000000.0,49339958000000.0,99230545000000.0,-573743000000.0,0.0,768311000000.0,-75000000000.0,5363219000000.0,2954672000000.0,22107315000000.0,9077476000000.0,84188617000000.0,1051273660000000.0,30621000000.0,9884000000.0,21398107000000.0,33261223000000.0,42518184000000.0,14916935000000.0,1708000000.0,0.0,434021000000.0,,
VCB,2021,1,0.0,VCB,balance_sheet,,12277634000000.0,,,,,,,8333301000000.0,,2261397000000.0,,,1278965858000000.0,1177958179000000.0,,,101007679000000.0,,43552776000000.0,,89940000000.0,1278965858000000.0,,,,,,,37088774000000.0,,,,,,1587823000000.0,,,24008360000000.0,203604117000000.0,3906378000000.0,3906378000000.0,0.0,-40138000000.0,850460935000000.0,871937942000000.0,-21477007000000.0,149886637000000.0,46062651000000.0,104464547000000.0,-640561000000.0,0.0,748574000000.0,-75000000000.0,5292741000000.0,3040560000000.0,24267237000000.0,18538368000000.0,80758597000000.0,1025547607000000.0,63982000000.0,10984000000.0,21408307000000.0,31630334000000.0,42428821000000.0,14925755000000.0,10387000000.0,0.0,344658000000.0,,
VCB,2020,4,0.0,VCB,balance_sheet,,15095394000000.0,,,,,,,8540358000000.0,,2235538000000.0,,,1327537012000000.0,1228677618000000.0,,,98859394000000.0,,44118433000000.0,,85024000000.0,1327537012000000.0,,,,,,,37088774000000.0,,,,,,1587823000000.0,,,33139373000000.0,267774393000000.0,1954061000000.0,1991861000000.0,-37800000000.0,0.0,820420266000000.0,839788261000000.0,-19367995000000.0,156931097000000.0,42148831000000.0,115382544000000.0,-600278000000.0,0.0,722715000000.0,-75000000000.0,5412135000000.0,3128223000000.0,21446532000000.0,41176995000000.0,103583833000000.0,1032113567000000.0,52031000000.0,14679000000.0,21240197000000.0,30496316000000.0,42428820000000.0,12204398000000.0,22719000000.0,0.0,344657000000.0,,
VCB,2020,3,0.0,VCB,balance_sheet,,11526350000000.0,,,,,,,7030365000000.0,,2347260000000.0,,,1188572083000000.0,1094996063000000.0,,,93576020000000.0,,38840704000000.0,,98385000000.0,1188572083000000.0,,,,,,,37088774000000.0,,,,,,1678126000000.0,,,24743965000000.0,174497813000000.0,2250624000000.0,2304262000000.0,-53638000000.0,0.0,766794848000000.0,783757352000000.0,-16962504000000.0,175191060000000.0,37720737000000.0,138032750000000.0,-562427000000.0,0.0,744134000000.0,-75000000000.0,4713049000000.0,2317316000000.0,24189798000000.0,6050819000000.0,52329301000000.0,981492077000000.0,33796000000.0,16402000000.0,21261806000000.0,33811862000000.0,42428820000000.0,12181294000000.0,26817000000.0,0.0,344657000000.0,,
VCB,2020,2,0.0,VCB,balance_sheet,,11863544000000.0,,,,,,,6723876000000.0,,2329091000000.0,,,1185871662000000.0,1096293202000000.0,,,89578460000000.0,,34845164000000.0,,93499000000.0,1185871662000000.0,,,,,,,37088774000000.0,,,,,,1678126000000.0,,,71566703000000.0,150761888000000.0,3556653000000.0,3641851000000.0,-85198000000.0,0.0,754374040000000.0,770744422000000.0,-16370382000000.0,163458200000000.0,28375703000000.0,135577712000000.0,-495215000000.0,0.0,725965000000.0,-75000000000.0,4409846000000.0,2314030000000.0,21237667000000.0,10326096000000.0,48404237000000.0,981240858000000.0,59126000000.0,17930000000.0,21294140000000.0,34950815000000.0,42428820000000.0,12183712000000.0,27265000000.0,0.0,344657000000.0,,
VCB,2020,1,0.0,VCB,balance_sheet,,13051765000000.0,,,,,,,6551316000000.0,,2487109000000.0,,,1144270262000000.0,1059198276000000.0,,,85071986000000.0,,30234825000000.0,,88480000000.0,1144270262000000.0,,,,,,,37088774000000.0,,,,,,1587823000000.0,,,16569663000000.0,176540624000000.0,4119276000000.0,4251400000000.0,-132124000000.0,0.0,739956924000000.0,754505321000000.0,-14548397000000.0,164724158000000.0,33877042000000.0,131308990000000.0,-461874000000.0,0.0,974286000000.0,-75000000000.0,4285267000000.0,2266049000000.0,20269427000000.0,32453089000000.0,43642452000000.0,934048243000000.0,365859000000.0,19090000000.0,21371902000000.0,27297641000000.0,42428820000000.0,12186084000000.0,18249000000.0,115528000000.0,344657000000.0,,
VCB,2019,4,0.0,VCB,balance_sheet,,13778357000000.0,,,,,,,6695785000000.0,,2464493000000.0,,,1223981046000000.0,1138227698000000.0,,,85753348000000.0,,33669545000000.0,,82124000000.0,1223981046000000.0,,,,,,,37088774000000.0,,,,,,1587823000000.0,,,34684091000000.0,248729494000000.0,1801146000000.0,1889628000000.0,-88482000000.0,98312000000.0,724290102000000.0,734706891000000.0,-10416789000000.0,167529868000000.0,35699090000000.0,132271302000000.0,-440524000000.0,0.0,951670000000.0,-75000000000.0,4434514000000.0,2261271000000.0,23909398000000.0,92365806000000.0,73621719000000.0,928413676000000.0,0.0,20431000000.0,21383932000000.0,22422134000000.0,42428820000000.0,9443008000000.0,16840000000.0,113011000000.0,344657000000.0,,
VCB,2019,3,0.0,VCB,balance_sheet,,12321593000000.0,,,,,,,6322844000000.0,,2500312000000.0,,,1157490007000000.0,1076099113000000.0,,,81390894000000.0,,29285510000000.0,,79032000000.0,1157490007000000.0,,,,,,,37088774000000.0,,,,,,1587823000000.0,,,32427277000000.0,216739273000000.0,3454865000000.0,3531164000000.0,-76299000000.0,89200000000.0,693973370000000.0,708095934000000.0,-14122564000000.0,169626712000000.0,43498998000000.0,126563376000000.0,-435662000000.0,0.0,979487000000.0,-66998000000.0,4146505000000.0,2176339000000.0,20034561000000.0,79127286000000.0,41331112000000.0,902184481000000.0,0.0,22116000000.0,21320813000000.0,32113305000000.0,42428820000000.0,9441199000000.0,40434000000.0,115899000000.0,344657000000.0,,
VCB,2019,2,0.0,VCB,balance_sheet,,12011456000000.0,,,,,,,6439761000000.0,,2480250000000.0,,,1122654558000000.0,1046257226000000.0,,,76397332000000.0,,24262720000000.0,,76456000000.0,1122654558000000.0,,,,,,,37088774000000.0,,,,,,1587823000000.0,,,50092949000000.0,174170889000000.0,4986634000000.0,5053763000000.0,-67129000000.0,108943000000.0,682822870000000.0,695437925000000.0,-12615055000000.0,166995578000000.0,38707837000000.0,128735924000000.0,-448183000000.0,0.0,959425000000.0,-66998000000.0,4259646000000.0,2180115000000.0,22545228000000.0,79605943000000.0,48792342000000.0,871229465000000.0,0.0,23911000000.0,21339119000000.0,25266446000000.0,42428820000000.0,9443149000000.0,69370000000.0,116817000000.0,344657000000.0,,
VCB,2019,1,0.0,VCB,balance_sheet,,10339124000000.0,,,,,,,6379677000000.0,,2505232000000.0,,,1073331964000000.0,1000340086000000.0,,,72991878000000.0,,20845932000000.0,,72554000000.0,1073331964000000.0,,,,,,,37088774000000.0,,,,,,1635418000000.0,,,39616873000000.0,169677886000000.0,4064542000000.0,4133808000000.0,-69266000000.0,95343000000.0,661260823000000.0,673021770000000.0,-11760947000000.0,155710612000000.0,33580660000000.0,122424846000000.0,-294894000000.0,0.0,936812000000.0,-66998000000.0,4294994000000.0,2084683000000.0,23681852000000.0,79113565000000.0,39264447000000.0,838277163000000.0,0.0,25339000000.0,21349085000000.0,22310487000000.0,42428831000000.0,9445732000000.0,79973000000.0,118856000000.0,344657000000.0,,
VCB,2018,4,0.0,VCB,balance_sheet,,12792045000000.0,,,,,,,6527924000000.0,,2477138000000.0,,,1072983278000000.0,1009094189000000.0,,,63889089000000.0,,20029479000000.0,,68991000000.0,1072983278000000.0,,,,,,,35977686000000.0,,,,,,1635418000000.0,,,10845701000000.0,248255997000000.0,2653746000000.0,2725051000000.0,-71305000000.0,275983000000.0,622358428000000.0,632632508000000.0,-10274080000000.0,149296310000000.0,35321139000000.0,114251030000000.0,-275859000000.0,0.0,908719000000.0,-66999000000.0,4459750000000.0,2068174000000.0,17500006000000.0,90685315000000.0,76523514000000.0,802222944000000.0,0.0,25803000000.0,21461132000000.0,18175481000000.0,36322343000000.0,7264843000000.0,84402000000.0,119031000000.0,344657000000.0,,
VCB,2018,3,0.0,VCB,balance_sheet,,9857302000000.0,,,,,,,6140145000000.0,,3213660000000.0,,,995111405000000.0,933584926000000.0,,,61526479000000.0,,17650348000000.0,,83588000000.0,995111405000000.0,,,,,,,35977686000000.0,,,,,,2349073000000.0,,,30488651000000.0,152373565000000.0,3744047000000.0,3819597000000.0,-75550000000.0,14493000000.0,616408960000000.0,627950675000000.0,-11541715000000.0,159115162000000.0,40997646000000.0,118446566000000.0,-329050000000.0,0.0,889726000000.0,-25139000000.0,4204238000000.0,1935907000000.0,13755420000000.0,81234750000000.0,34175703000000.0,773406098000000.0,0.0,27050000000.0,21095279000000.0,23646046000000.0,36322343000000.0,7254472000000.0,108454000000.0,107274000000.0,344657000000.0,,
VCB,2018,2,0.0,VCB,balance_sheet,,12662976000000.0,,,,,,,5993507000000.0,,3289920000000.0,,,977681955000000.0,919078771000000.0,,,58603184000000.0,,14737469000000.0,,98471000000.0,977681955000000.0,,,,,,,35977686000000.0,,,,,,2425519000000.0,,,13341730000000.0,142502643000000.0,8289267000000.0,8359718000000.0,-70451000000.0,0.0,596234984000000.0,606052672000000.0,-9817688000000.0,182871587000000.0,66150721000000.0,117011609000000.0,-290743000000.0,0.0,889540000000.0,-25139000000.0,4044348000000.0,1949159000000.0,12495341000000.0,71700823000000.0,39529573000000.0,764496671000000.0,375822000000.0,28274000000.0,21172268000000.0,21775340000000.0,36322343000000.0,7258817000000.0,80804000000.0,105280000000.0,344657000000.0,,
VCB,2018,1,0.0,VCB,balance_sheet,,9656186000000.0,,,,,,,6077063000000.0,,3398372000000.0,,,1003905794000000.0,947840056000000.0,,,56065738000000.0,,12217085000000.0,,93270000000.0,1003905794000000.0,,,,,,,35977686000000.0,,,,,,2536486000000.0,,,27848779000000.0,157073981000000.0,12497227000000.0,12565202000000.0,-67975000000.0,945052000000.0,568031472000000.0,577614527000000.0,-9583055000000.0,205137354000000.0,99846994000000.0,105458038000000.0,-167678000000.0,0.0,887024000000.0,-25138000000.0,4128275000000.0,1948788000000.0,13240308000000.0,131380979000000.0,40590347000000.0,730986638000000.0,0.0,26758000000.0,18295001000000.0,26560333000000.0,36321931000000.0,7253682000000.0,96485000000.0,83285000000.0,0.0,,
VCB,2017,4,0.0,VCB,balance_sheet,,10102861000000.0,,,,,,,6162232000000.0,,3547232000000.0,,,1035335383000000.0,981268681000000.0,,,54066702000000.0,,11861673000000.0,,89328000000.0,1035335383000000.0,,,,,,,35977686000000.0,,,,,,2705966000000.0,,,93615618000000.0,232921600000000.0,9669032000000.0,9750243000000.0,-81211000000.0,832354000000.0,535321403000000.0,543434459000000.0,-8113056000000.0,129952271000000.0,34688298000000.0,95404020000000.0,-140047000000.0,0.0,866006000000.0,-24740000000.0,4197923000000.0,1964309000000.0,13210780000000.0,171385068000000.0,66942203000000.0,708505517000000.0,0.0,23153000000.0,18214504000000.0,16198236000000.0,36021931000000.0,5915999000000.0,94486000000.0,83285000000.0,44245000000.0,,
VCB,2017,3,0.0,VCB,balance_sheet,,9252890000000.0,,,,,,,5476421000000.0,,3676419000000.0,,,898484068000000.0,844238267000000.0,,,54245801000000.0,,11962733000000.0,,156435000000.0,898484068000000.0,,,,,,,35977686000000.0,,,,,,2829418000000.0,,,26413881000000.0,181411196000000.0,8350120000000.0,8417758000000.0,-67638000000.0,729633000000.0,525869255000000.0,536059465000000.0,-10190210000000.0,124515924000000.0,34401853000000.0,90251651000000.0,-137580000000.0,0.0,861349000000.0,-14348000000.0,3568549000000.0,1907872000000.0,12788329000000.0,67132292000000.0,45505277000000.0,688000458000000.0,0.0,11726000000.0,16257159000000.0,27331355000000.0,36022846000000.0,5932975000000.0,87527000000.0,83285000000.0,45160000000.0,,
VCB,2017,2,0.0,VCB,balance_sheet,,10197518000000.0,,,,,,,5538781000000.0,,3662384000000.0,,,849752472000000.0,797642613000000.0,,,52109859000000.0,,9829079000000.0,,151883000000.0,849752472000000.0,,,,,,,35977686000000.0,,,,,,2829418000000.0,,,36549788000000.0,143121876000000.0,6503770000000.0,6525271000000.0,-21501000000.0,405104000000.0,513575109000000.0,524686234000000.0,-11111125000000.0,119404934000000.0,30385221000000.0,89215495000000.0,-195782000000.0,0.0,847314000000.0,-14348000000.0,3637629000000.0,1901152000000.0,10793208000000.0,70661272000000.0,46511762000000.0,650128698000000.0,0.0,2450000000.0,13037014000000.0,17301417000000.0,36022846000000.0,5934834000000.0,87932000000.0,83285000000.0,45160000000.0,,
VCB,2017,1,0.0,VCB,balance_sheet,,8866965000000.0,,,,,,,5550728000000.0,,3646690000000.0,,,794278974000000.0,743965779000000.0,,,50313195000000.0,,8036830000000.0,,147240000000.0,794278974000000.0,,,,,,,35977686000000.0,,,,,,2829418000000.0,,,24076718000000.0,116799011000000.0,10471789000000.0,10497064000000.0,-25275000000.0,703058000000.0,490076491000000.0,499587470000000.0,-9510979000000.0,122949670000000.0,35087405000000.0,88060558000000.0,-198293000000.0,0.0,831620000000.0,-14348000000.0,3638898000000.0,1911830000000.0,11137854000000.0,50366699000000.0,57538693000000.0,609313907000000.0,0.0,0.0,10055615000000.0,16690865000000.0,36022846000000.0,5936667000000.0,86327000000.0,83285000000.0,45160000000.0,,
VCB,2016,4,0.0,VCB,balance_sheet,,9692054000000.0,,,,,,,5639389000000.0,,3624788000000.0,,,788169080000000.0,738874229000000.0,,,49294851000000.0,,8022752000000.0,,143578000000.0,788169080000000.0,,,,,,,35977686000000.0,,,,,,2829418000000.0,,,17387127000000.0,151759427000000.0,4241719000000.0,4279552000000.0,-37833000000.0,230658000000.0,452683027000000.0,460808467000000.0,-8125440000000.0,130797691000000.0,51923760000000.0,79019284000000.0,-145353000000.0,0.0,812911000000.0,-17541000000.0,3717053000000.0,1922336000000.0,12113200000000.0,54151413000000.0,72238405000000.0,590398105000000.0,0.0,0.0,10286376000000.0,11799930000000.0,36022846000000.0,4938287000000.0,78166000000.0,89222000000.0,45160000000.0,,
VCB,2016,3,0.0,VCB,balance_sheet,,8778862000000.0,,,,,,,5054402000000.0,,3594152000000.0,,,737584857000000.0,690048006000000.0,,,47536851000000.0,,6263141000000.0,,151598000000.0,737584857000000.0,,,,,,,35977686000000.0,,,,,,2829418000000.0,,,21083502000000.0,106954719000000.0,6036729000000.0,6082974000000.0,-46245000000.0,156703000000.0,437976900000000.0,447882697000000.0,-9905797000000.0,135275015000000.0,69080510000000.0,68604787000000.0,-2410282000000.0,0.0,800523000000.0,-35789000000.0,3326603000000.0,1727799000000.0,12673873000000.0,41910369000000.0,57100860000000.0,573152682000000.0,0.0,0.0,2454363000000.0,15429732000000.0,36022846000000.0,4936094000000.0,73950000000.0,89222000000.0,45160000000.0,,
VCB,2016,2,0.0,VCB,balance_sheet,,8230533000000.0,,,,,,,4870123000000.0,,3578774000000.0,,,679000959000000.0,630424915000000.0,,,48576044000000.0,,10902265000000.0,,148345000000.0,679000959000000.0,,,,,,,26650203000000.0,,,,,,2829418000000.0,,,19732309000000.0,99792087000000.0,8796343000000.0,8814903000000.0,-18560000000.0,108759000000.0,418764081000000.0,427215383000000.0,-8451302000000.0,105702249000000.0,40947231000000.0,67193054000000.0,-2438036000000.0,0.0,785145000000.0,-35789000000.0,3207270000000.0,1662853000000.0,9425701000000.0,31670701000000.0,49476949000000.0,535648094000000.0,0.0,0.0,2473166000000.0,11156005000000.0,32420681000000.0,4936561000000.0,78970000000.0,89222000000.0,45160000000.0,,
VCB,2016,1,0.0,VCB,balance_sheet,,7642463000000.0,,,,,,,4913668000000.0,,3568276000000.0,,,662324193000000.0,615176422000000.0,,,47147771000000.0,,9314394000000.0,,144559000000.0,662324193000000.0,,,,,,,26650203000000.0,,,,,,2829418000000.0,,,13420795000000.0,106095611000000.0,8233876000000.0,8247423000000.0,-13547000000.0,36020000000.0,401741175000000.0,411634016000000.0,-9892841000000.0,105917551000000.0,38713701000000.0,67904005000000.0,-700155000000.0,0.0,774647000000.0,-35789000000.0,3248348000000.0,1665320000000.0,10754758000000.0,21560994000000.0,65175497000000.0,513996943000000.0,0.0,0.0,2473254000000.0,11969734000000.0,32420681000000.0,4940756000000.0,238159000000.0,89222000000.0,45160000000.0,,
VCB,2015,4,166878000000.0,VCB,balance_sheet,,8519334000000.0,,,,,,,5039472000000.0,,3556747000000.0,,,673910104000000.0,627771917000000.0,,,45971309000000.0,,9227971000000.0,,0.0,673910104000000.0,,,,,,,26650203000000.0,,,,,,2829418000000.0,,,19715035000000.0,130733676000000.0,9467305000000.0,9468255000000.0,-950000000.0,628000000.0,378541826000000.0,387151704000000.0,-8609878000000.0,108055236000000.0,42941175000000.0,65818278000000.0,-704217000000.0,0.0,763118000000.0,-35789000000.0,3385621000000.0,1653851000000.0,10280845000000.0,41479553000000.0,72135381000000.0,499764252000000.0,0.0,0.0,2479070000000.0,11913661000000.0,32420681000000.0,4153802000000.0,79633000000.0,89222000000.0,45160000000.0,,
VCB,2015,3,157916000000.0,VCB,balance_sheet,,6947028000000.0,,,,,,,4296640000000.0,,3599349000000.0,,,615575404000000.0,571412052000000.0,,,44005436000000.0,,7572219000000.0,,0.0,615575404000000.0,,,,,,,26650203000000.0,,,,,,2841958000000.0,,,10442220000000.0,143811243000000.0,5082489000000.0,5087753000000.0,-5264000000.0,0.0,348703951000000.0,356398009000000.0,-7694058000000.0,83593500000000.0,41388344000000.0,42510632000000.0,-305476000000.0,0.0,783232000000.0,-25841000000.0,2694255000000.0,1602385000000.0,9098984000000.0,8878262000000.0,55842211000000.0,487713370000000.0,291528000000.0,0.0,2485532000000.0,16201149000000.0,32420681000000.0,4149996000000.0,-220865000000.0,83405000000.0,45160000000.0,,
VCB,2015,2,0.0,VCB,balance_sheet,,6891011000000.0,,,,,,,4334443000000.0,,3523767000000.0,,,576530046000000.0,530700150000000.0,,,45675201000000.0,,9081014000000.0,,154695000000.0,576530046000000.0,,,,,,,26650203000000.0,,,,,,2858095000000.0,,,12005944000000.0,108330132000000.0,9833377000000.0,9837575000000.0,-4198000000.0,0.0,332614607000000.0,340736448000000.0,-8121841000000.0,91072071000000.0,49893460000000.0,41475805000000.0,-297194000000.0,0.0,691513000000.0,-25841000000.0,2724312000000.0,1610131000000.0,7924694000000.0,7792564000000.0,48571367000000.0,459626276000000.0,128933000000.0,0.0,2501675000000.0,12079335000000.0,32420681000000.0,4151940000000.0,-61839000000.0,83405000000.0,45160000000.0,,
VCB,2015,1,151020000000.0,VCB,balance_sheet,,6772543000000.0,,,,,,,4345342000000.0,,3534318000000.0,,,539756977000000.0,495122503000000.0,,,44483454000000.0,,7760351000000.0,,0.0,539756977000000.0,,,,,,,26650203000000.0,,,,,,2858095000000.0,,,17144249000000.0,95725437000000.0,11597940000000.0,11602692000000.0,-4752000000.0,0.0,322490246000000.0,330781893000000.0,-8291647000000.0,68872044000000.0,51797407000000.0,17367588000000.0,-292951000000.0,0.0,699062000000.0,-22839000000.0,2720989000000.0,1624353000000.0,9274858000000.0,13893896000000.0,31767599000000.0,436319798000000.0,277916000000.0,0.0,2508709000000.0,10354585000000.0,32420681000000.0,4151991000000.0,67026000000.0,83405000000.0,0.0,,
VCB,2014,4,147847000000.0,VCB,balance_sheet,,8323365000000.0,,,,,,,4445613000000.0,,3606811000000.0,,,574260449000000.0,529931763000000.0,,,44180839000000.0,,8076420000000.0,,0.0,574260449000000.0,,,,,,,26650203000000.0,,,,,,2869095000000.0,,,13271762000000.0,142789201000000.0,10122143000000.0,10126592000000.0,-4449000000.0,0.0,316295427000000.0,323332037000000.0,-7036610000000.0,67085423000000.0,49197775000000.0,18180227000000.0,-292579000000.0,0.0,760555000000.0,-22839000000.0,2811969000000.0,1633644000000.0,8320704000000.0,54093072000000.0,43237798000000.0,418929093000000.0,75278000000.0,0.0,2208641000000.0,11387881000000.0,32420681000000.0,3474364000000.0,127068000000.0,82306000000.0,45160000000.0,,
VCB,2014,3,138578000000.0,VCB,balance_sheet,,6077870000000.0,,,,,,,3883620000000.0,,3053438000000.0,,,530226286000000.0,486839257000000.0,,,43248451000000.0,,6756590000000.0,,0.0,530226286000000.0,,,,,,,26650203000000.0,,,,,,2373516000000.0,,,19483434000000.0,110227124000000.0,7247792000000.0,7249330000000.0,-1538000000.0,104937000000.0,294054204000000.0,302180749000000.0,-8126545000000.0,78443568000000.0,60303931000000.0,18413058000000.0,-273421000000.0,0.0,716212000000.0,-36290000000.0,2381841000000.0,1501779000000.0,7650299000000.0,45281442000000.0,38398696000000.0,387326343000000.0,0.0,0.0,2009024000000.0,13823752000000.0,32420728000000.0,3467782000000.0,521045000000.0,82306000000.0,45160000000.0,,
VCB,2014,2,0.0,VCB,balance_sheet,,6400674000000.0,,,,,,,3899399000000.0,,3054536000000.0,,,504432098000000.0,459803891000000.0,,,44492642000000.0,,8498843000000.0,,135565000000.0,504432098000000.0,,,,,,,23174171000000.0,,,,,,2373517000000.0,,,10564613000000.0,95675072000000.0,3686491000000.0,3688029000000.0,-1538000000.0,136872000000.0,283795303000000.0,292544511000000.0,-8749208000000.0,87719628000000.0,69346241000000.0,18454760000000.0,-81373000000.0,0.0,717309000000.0,-36290000000.0,2380845000000.0,1518554000000.0,9499510000000.0,30008203000000.0,40716640000000.0,378559234000000.0,0.0,0.0,2010683000000.0,8509131000000.0,32420728000000.0,3467784000000.0,22981000000.0,82306000000.0,45160000000.0,,
VCB,2014,1,153340000000.0,VCB,balance_sheet,,6222082000000.0,,,,,,,3954129000000.0,,3056686000000.0,,,446117972000000.0,402005932000000.0,,,43958700000000.0,,7454942000000.0,,0.0,446117972000000.0,,,,,,,23174171000000.0,,,,,,2373809000000.0,,,16693296000000.0,51874242000000.0,162412000000.0,163300000000.0,-888000000.0,0.0,271486251000000.0,279149107000000.0,-7662856000000.0,85800534000000.0,69194546000000.0,16633583000000.0,-27595000000.0,0.0,719167000000.0,-36290000000.0,2446998000000.0,1507131000000.0,6868340000000.0,13125149000000.0,25397750000000.0,342997716000000.0,57757000000.0,0.0,2010919000000.0,18416641000000.0,32420728000000.0,3468322000000.0,532402000000.0,82306000000.0,45160000000.0,,
VCB,2013,4,149576000000.0,VCB,balance_sheet,,6059670000000.0,,,,,,,4085673000000.0,,3058350000000.0,,,467459005000000.0,424231549000000.0,,,43077880000000.0,,7631011000000.0,,0.0,467459005000000.0,,,,,,,23174171000000.0,,,,,,2373524000000.0,,,24847774000000.0,89779154000000.0,195270000000.0,196158000000.0,-888000000.0,136725000000.0,267853577000000.0,274314124000000.0,-6460547000000.0,64894223000000.0,47127209000000.0,17796291000000.0,-29277000000.0,707078000000.0,14986000000.0,-37238000000.0,2556034000000.0,1529639000000.0,6548589000000.0,32622411000000.0,43951083000000.0,330305918000000.0,0.0,0.0,2013597000000.0,15338540000000.0,32420728000000.0,2821913000000.0,121990000000.0,82238000000.0,45160000000.0,,
VCB,2013,3,146434000000.0,VCB,balance_sheet,,5894863000000.0,,,,,,,3338189000000.0,,3059243000000.0,,,439657246000000.0,397996452000000.0,,,41514360000000.0,,6346975000000.0,,0.0,439657246000000.0,,,,,,,23174171000000.0,,,,,,2368744000000.0,,,23079579000000.0,79181704000000.0,49248000000.0,50437000000.0,-1189000000.0,0.0,243529996000000.0,250687130000000.0,-7157134000000.0,73948362000000.0,60294420000000.0,13908760000000.0,-254818000000.0,0.0,727737000000.0,-37238000000.0,1925251000000.0,1412938000000.0,7576062000000.0,24410626000000.0,40132999000000.0,316188876000000.0,391774000000.0,0.0,2016411000000.0,14855766000000.0,32420728000000.0,2811938000000.0,-136282000000.0,71001000000.0,45160000000.0,,
VCB,2013,2,0.0,VCB,balance_sheet,,5231973000000.0,,,,,,,3462996000000.0,,3066704000000.0,,,436470622000000.0,395701250000000.0,,,40602641000000.0,,5306742000000.0,,166731000000.0,436470622000000.0,,,,,,,23174171000000.0,,,,,,2368744000000.0,,,26279109000000.0,100030235000000.0,116353000000.0,117542000000.0,-1189000000.0,0.0,231636362000000.0,237612613000000.0,-5976251000000.0,60880619000000.0,52816513000000.0,8318924000000.0,-254818000000.0,0.0,735198000000.0,-37238000000.0,2163942000000.0,1299054000000.0,5766271000000.0,27209948000000.0,42490878000000.0,304811711000000.0,227694000000.0,0.0,2020344000000.0,18940675000000.0,32420728000000.0,2811938000000.0,-7768000000.0,71001000000.0,45160000000.0,,
VCB,2013,1,156684000000.0,VCB,balance_sheet,,5029253000000.0,,,,,,,3519041000000.0,,3067181000000.0,,,420480386000000.0,377841680000000.0,,,42482022000000.0,,7255420000000.0,,0.0,420480386000000.0,,,,,,,23174171000000.0,,,,,,2368744000000.0,,,17381212000000.0,70351250000000.0,141737000000.0,142100000000.0,-363000000.0,0.0,233165635000000.0,239174418000000.0,-6008783000000.0,79487279000000.0,74148142000000.0,5650161000000.0,-311024000000.0,0.0,735675000000.0,-37238000000.0,2188043000000.0,1330998000000.0,8337798000000.0,12654503000000.0,37774788000000.0,297758690000000.0,349834000000.0,0.0,2020675000000.0,27283190000000.0,32420728000000.0,2793880000000.0,-59009000000.0,71003000000.0,45160000000.0,,
SSI,2025,4,0.0,SSI,balance_sheet,89322786682359.0,3646492763118.0,83028067486057.0,2516957462809.0,,131268970375.0,4727192713824.0,,187107047495.0,289578551930.0,3687397938257.0,0.0,91008316244.0,94049979396183.0,61983660935421.0,61901661181462.0,81999753959.0,32066318460762.0,32066318460762.0,7737518495585.0,,130184844710.0,94049979396183.0,1576813407177.0,,,27794417400.0,,20779062620000.0,20779062620000.0,0.0,10030000000.0,60160501864584.0,,13604625399.0,0.0,,,,,,,,,,,,,,,,,,,,,,,,,,,,,,,,,0.0,0.0,
SSI,2025,3,0.0,SSI,balance_sheet,98345421485296.0,254503105364.0,96250035197276.0,1539405261458.0,,301477921198.0,2366425673436.0,,203034504279.0,293395734876.0,1390600721032.0,0.0,100237442420.0,100711847158732.0,69456381325815.0,69359521615499.0,96859710316.0,31255465832917.0,31255465832917.0,6910344622578.0,,133483392179.0,100711847158732.0,832433578709.0,,,233242555347.0,,20779062620000.0,20779062620000.0,0.0,61147683500.0,65419298547405.0,,13804423999.0,0.0,,,,,,,,,,,,,,,,,,,,,,,,,,,,,,,,,0.0,0.0,
SSI,2025,2,0.0,SSI,balance_sheet,89550336667018.0,2748925366218.0,85482037776767.0,1035569708667.0,,283803815366.0,2433176649832.0,,219742865717.0,292778131318.0,1441377059911.0,0.0,99592756998.0,91983513316850.0,63377895977307.0,63291410737998.0,86485239309.0,28605617339543.0,28605617339543.0,7534339463669.0,,133012606474.0,91983513316850.0,125763752038.0,,,237782272551.0,,19738639180000.0,19738639180000.0,0.0,825247683500.0,61249715165771.0,,12392513694.0,0.0,,,,,,,,,,,,,,,,,,,,,,,,,,,,,,,,,0.0,0.0,
SSI,2025,1,0.0,SSI,balance_sheet,81293962685663.0,117041162784.0,80194130412107.0,892133252915.0,,90657857857.0,2749939025896.0,,211502819388.0,199470919479.0,1827068578505.0,0.0,123024501631.0,84043901711559.0,56340548607124.0,56248437443943.0,92111163181.0,27703353104435.0,27703353104435.0,6700405049625.0,,150617872897.0,84043901711559.0,147173031496.0,,,22573537567.0,,19638639180000.0,19638639180000.0,0.0,2497683500.0,55246837451353.0,,15136486160.0,0.0,,,,,,,,,,,,,,,,,,,,,,,,,,,,,,,,,0.0,0.0,
SSI,2024,4,0.0,SSI,balance_sheet,70932391912367.0,239000238200.0,68837856119619.0,1736645866759.0,,118889687789.0,2574910647355.0,,231350675694.0,200196436698.0,1625606669387.0,0.0,130133532200.0,73507302559722.0,46680651947954.0,46599438522989.0,81213424965.0,26826650611768.0,26826650611768.0,5856098315938.0,,150619133436.0,73507302559722.0,927764853829.0,,,41677606235.0,,19638639180000.0,19638639180000.0,0.0,26490726300.0,45501969699137.0,,21614788489.0,0.0,,,,,,,,,,,,,,,,,,,,,,,,,,,,,,,,,0.0,0.0,
SSI,2024,3,0.0,SSI,balance_sheet,64283674695267.0,661286681720.0,62354943614851.0,1062424832639.0,,205019566057.0,1897542761658.0,,234605285208.0,231817425992.0,1280930604244.0,0.0,124510225194.0,66181217456925.0,42066410395026.0,41980686966169.0,85723428857.0,24114807061899.0,24114807061899.0,5439873213407.0,,139993514413.0,66181217456925.0,549225795107.0,,,132831614567.0,,18129500510000.0,18129500510000.0,0.0,30968683500.0,39286186214180.0,,26838443296.0,0.0,,,,,,,,,,,,,,,,,,,,,,,,,,,,,,,,,0.0,0.0,
SSI,2024,2,0.0,SSI,balance_sheet,67557580592301.0,2131566837092.0,64359289585324.0,959963564061.0,,106760605824.0,3549972606412.0,,228150407230.0,242348461874.0,2902883108920.0,0.0,128625439831.0,71107553198713.0,46267811302392.0,46201434111239.0,66377191153.0,24839741896321.0,24839741896321.0,6154928964957.0,,140512921116.0,71107553198713.0,335410732638.0,,,24093635902.0,,15111301370000.0,15111301370000.0,0.0,28168683500.0,45072985788890.0,,29056855548.0,0.0,,,,,,,,,,,,,,,,,,,,,,,,,,,,,,,,,0.0,0.0,
SSI,2024,1,0.0,SSI,balance_sheet,61957599288394.0,155035169321.0,60997210048830.0,676374561972.0,,128979508271.0,3530720516006.0,,249144719204.0,238736697430.0,2873858104204.0,0.0,130084263539.0,65488319804400.0,41467415169452.0,41413284980947.0,54130188505.0,24020904634948.0,24020904634948.0,5459506397000.0,,140582172243.0,65488319804400.0,65715066030.0,,,48555200567.0,,15011301370000.0,15011301370000.0,0.0,33890183500.0,40099838219767.0,,25763848585.0,0.0,,,,,,,,,,,,,,,,,,,,,,,,,,,,,,,,,0.0,0.0,
SSI,2023,4,0.0,SSI,balance_sheet,65755288989504.0,493905528209.0,64562247311823.0,603116700662.0,,96019448810.0,3486038113148.0,,269476512837.0,235719785810.0,2821238620032.0,0.0,127489853002.0,69241327102652.0,46000434991839.0,45939117288142.0,61317703697.0,23240892110813.0,23240892110813.0,4696261511253.0,,140533221129.0,69241327102652.0,32286430398.0,,,12393462568.0,,15011301370000.0,15011301370000.0,0.0,23583183500.0,43168931078677.0,,30191564114.0,0.0,,,,,,,,,,,,,,,,,,,,,,,,,,,,,,,,,0.0,0.0,
SSI,2023,3,0.0,SSI,balance_sheet,51841642743087.0,410966341358.0,49928727488657.0,1375664385499.0,,126284527573.0,3440811079958.0,,276968702738.0,238429387218.0,2764661517036.0,0.0,129178290334.0,55282453823045.0,32574699378786.0,32516696345408.0,58003033378.0,22707754444259.0,22707754444259.0,4181332191164.0,,141710243634.0,55282453823045.0,932453224964.0,,,7190069102.0,,15011301370000.0,15011301370000.0,0.0,216787891811.0,30410313925386.0,,35281609750.0,0.0,,,,,,,,,,,,,,,,,,,,,,,,,,,,,,,,,0.0,0.0,
SSI,2023,2,0.0,SSI,balance_sheet,46622415575454.0,155382877316.0,44825995601498.0,1502465646791.0,,138571449849.0,3513667314366.0,,249111322650.0,233521655248.0,2847342805195.0,0.0,153609033453.0,50136082889820.0,28142515629062.0,28087365629195.0,55149999867.0,21993567260758.0,21993567260758.0,3468543522948.0,,142692070360.0,50136082889820.0,1042101335878.0,,,19650572301.0,,15011301370000.0,15011301370000.0,0.0,214996791811.0,24770970452472.0,,40746441761.0,0.0,,,,,,,,,,,,,,,,,,,,,,,,,,,,,,,,,0.0,0.0,
SSI,2023,1,0.0,SSI,balance_sheet,49184621082401.0,142513532064.0,47295337115482.0,1609327029491.0,,137443405364.0,3524283805809.0,,260723920146.0,261233198900.0,2808787056746.0,0.0,167003826593.0,52708904888210.0,29736151739455.0,29680297225934.0,55854513521.0,22972753148755.0,22972753148755.0,4456105004087.0,,138461087642.0,52708904888210.0,1105060666455.0,,,23391785634.0,,15011301370000.0,15011301370000.0,0.0,4871592590.0,28207391544425.0,,45362721496.0,0.0,,,,,,,,,,,,,,,,,,,,,,,,,,,,,,,,,0.0,0.0,
SSI,2022,4,0.0,SSI,balance_sheet,48731915104609.0,1417807262731.0,45402177277290.0,1801895779710.0,,110034784878.0,3494467781872.0,,281930596475.0,265112905732.0,2773073277309.0,0.0,148450682515.0,52226382886481.0,29842500921821.0,29788710759101.0,53790162720.0,22383881964660.0,22383881964660.0,3953892022051.0,,138841784986.0,52226382886481.0,1413299966298.0,,,2275883968.0,,14911301370000.0,14911301370000.0,0.0,4821592590.0,27892289728472.0,,53000229779.0,0.0,,,,,,,,,,,,,,,,,,,,,,,,,,,,,,,,,0.0,0.0,
SSI,2022,3,0.0,SSI,balance_sheet,42024269584069.0,615638500529.0,40327640638155.0,930549690499.0,,150440754886.0,3412090513519.0,,206016104959.0,271321649742.0,2726337945838.0,0.0,152783165992.0,45436360097588.0,23274554098298.0,23221460807241.0,53093291057.0,22161805999290.0,22161805999290.0,3719817095008.0,,143971462287.0,45436360097588.0,548537317256.0,,,37746035635.0,,14911301370000.0,14911301370000.0,0.0,7412692590.0,21404966597435.0,,48340583087.0,0.0,,,,,,,,,,,,,,,,,,,,,,,,,,,,,,,,,0.0,0.0,
SSI,2022,2,0.0,SSI,balance_sheet,38842013253064.0,238480153762.0,37921798128491.0,535359040339.0,,146375930472.0,4429679041588.0,,214799404251.0,266292545752.0,3778053703363.0,0.0,136811620052.0,43271692294652.0,28904944223517.0,28844816614746.0,60127608771.0,14366748071135.0,14366748071135.0,3378793168412.0,,144056144515.0,43271692294652.0,196782615281.0,,,44162390934.0,,9947500220000.0,9947500220000.0,0.0,12636925923.0,25754560879629.0,,39279629596.0,0.0,,,,,,,,,,,,,,,,,,,,,,,,,,,,,,,,,0.0,0.0,
SSI,2022,1,0.0,SSI,balance_sheet,45511157728588.0,804918779530.0,44258271899604.0,327975515664.0,,119991533790.0,4570260259388.0,,171842706022.0,232477145665.0,3993130753290.0,0.0,119161472379.0,50081417987976.0,35013403664438.0,34946105785855.0,67297878583.0,15068014323538.0,15068014323538.0,3634647045917.0,,99487275987.0,50081417987976.0,115924500104.0,,,31214903801.0,,9947500220000.0,9947500220000.0,0.0,6900501681.0,33131491372373.0,,21629481923.0,0.0,,,,,,,,,,,,,,,,,,,,,,,,,,,,,,,,,0.0,0.0,
SSI,2021,4,0.0,SSI,balance_sheet,46539595154345.0,1114235031501.0,43764389792908.0,1585641001913.0,,75329328023.0,4253461407737.0,,188965446921.0,233184318475.0,3689345130340.0,0.0,107039438451.0,50793056562082.0,36572973831934.0,36479184836620.0,93788995314.0,14220082730148.0,14220082730148.0,2927812985141.0,,62568512410.0,50793056562082.0,1256037254114.0,,,2034798400.0,,9847500220000.0,9847500220000.0,0.0,6200501681.0,31120908370195.0,,24502030428.0,0.0,,,,,,,,,,,,,,,,,,,,,,,,,,,,,,,,,0.0,0.0,
SSI,2021,3,0.0,SSI,balance_sheet,41316811799539.0,289834514959.0,40023344716597.0,924037907622.0,,79594660361.0,6286788099550.0,,170604483371.0,187412442489.0,5791997848761.0,0.0,102556041107.0,47603599899089.0,35525663313878.0,35460509829294.0,65153484584.0,12077936585211.0,12077936585211.0,1896937664209.0,,62162317355.0,47603599899089.0,858637492282.0,,,9238978234.0,,8755976420000.0,8755976420000.0,0.0,4287696857.0,34213353020925.0,,24307837851.0,0.0,,,,,,,,,,,,,,,,,,,,,,,,,,,,,,,,,0.0,0.0,
SSI,2021,2,0.0,SSI,balance_sheet,37677550444176.0,243325556836.0,36902894722594.0,568268708402.0,,62920529861.0,4232303893691.0,,158019328043.0,191637006317.0,3747217733856.0,0.0,105755974532.0,41909854337867.0,30510003078822.0,30451834475187.0,58168603635.0,11399851259045.0,11399851259045.0,2848791364774.0,,62665074527.0,41909854337867.0,345935316197.0,,,6360563834.0,,6573051040000.0,6573051040000.0,0.0,3512696857.0,27578086826578.0,,27130171842.0,0.0,,,,,,,,,,,,,,,,,,,,,,,,,,,,,,,,,0.0,0.0,
SSI,2021,1,0.0,SSI,balance_sheet,32861922385458.0,279287925660.0,31773197948227.0,755113412595.0,,54323098976.0,4761376207287.0,,136208815831.0,194302820356.0,4288626389430.0,0.0,96816472857.0,37623298592745.0,26176083372443.0,26106411078238.0,69672294205.0,11447215220302.0,11447215220302.0,3101580212106.0,,63026895113.0,37623298592745.0,635618809307.0,,,9204130200.0,,6498051040000.0,6498051040000.0,0.0,64227194419.0,24227119987945.0,,20936554353.0,0.0,,,,,,,,,,,,,,,,,,,,,,,,,,,,,,,,,0.0,0.0,
SSI,2020,4,0.0,SSI,balance_sheet,29040031499576.0,363251901483.0,28207692217415.0,317868747531.0,,151218633147.0,6729496508663.0,,148288324557.0,196767751014.0,6249810538455.0,0.0,91553847991.0,35769528008239.0,25896730955920.0,25823378537837.0,73352418083.0,9872797052319.0,9872797052319.0,2676816162826.0,,63414755641.0,35769528008239.0,199102556297.0,,,112517421701.0,,6029456130000.0,6029456130000.0,0.0,3702194419.0,23351486249171.0,,25668947928.0,0.0,,,,,,,,,,,,,,,,,,,,,,,,,,,,,,,,,0.0,0.0,
SSI,2020,3,0.0,SSI,balance_sheet,21050238527087.0,212324645069.0,20658043657919.0,132453228187.0,,47416995912.0,5882714519993.0,,136379948388.0,199327786441.0,5390511381495.0,0.0,114573544768.0,26932953047080.0,17436462715613.0,17380657002136.0,55805713477.0,9496490331467.0,9496490331467.0,2295892165931.0,,63295473996.0,26932953047080.0,48434879264.0,,,5088538334.0,,6029456130000.0,6029456130000.0,0.0,33799239502.0,15304910000000.0,,22524550666.0,0.0,,,,,,,,,,,,,,,,,,,,,,,,,,,,,,,,,0.0,0.0,
SSI,2020,2,0.0,SSI,balance_sheet,20041285391379.0,202433849681.0,19479472535338.0,320441614672.0,,38937391688.0,5885184226567.0,,144450825505.0,201679701086.0,5380287849147.0,0.0,119365086783.0,25926469617946.0,16122927309133.0,16053475171374.0,69452137759.0,9803542308813.0,9803542308813.0,2550877828227.0,,63721624016.0,25926469617946.0,222021171297.0,,,5816052000.0,,6029456130000.0,6029456130000.0,0.0,23479191260.0,13984289000000.0,,27446299138.0,0.0,,,,,,,,,,,,,,,,,,,,,,,,,,,,,,,,,0.0,0.0,
SSI,2020,1,0.0,SSI,balance_sheet,21677442390472.0,282437672957.0,21259876685956.0,93530320020.0,,41597711539.0,5822064735193.0,,138793729733.0,207121842604.0,5313695765116.0,0.0,122950635118.0,27499507125665.0,18219391032300.0,18153041132089.0,66349900211.0,9280116093365.0,9280116093365.0,2954670522444.0,,64219302911.0,27499507125665.0,21295959998.0,,,3131271834.0,,5200636840000.0,5200636840000.0,0.0,4391736077.0,15801159420673.0,,30627481927.0,0.0,,,,,,,,,,,,,,,,,,,,,,,,,,,,,,,,,0.0,0.0,
SSI,2019,4,0.0,SSI,balance_sheet,22290867181933.0,1040782610354.0,21115393069455.0,99774816943.0,,34916685181.0,4753247842980.0,,147012729467.0,205776532750.0,4238855852478.0,0.0,132152673996.0,27044115024913.0,17643055244708.0,16409540660284.0,1233514584424.0,9401059780205.0,9401059780205.0,2941467041881.0,,64855407518.0,27044115024913.0,10347795737.0,,,3674667967.0,,5100636840000.0,5100636840000.0,0.0,5121736077.0,15550226155457.0,,37088043669.0,0.0,,,,,,,,,,,,,,,,,,,,,,,,,,,,,,,,,0.0,1105937946170.0,
SSI,2019,3,0.0,SSI,balance_sheet,23413924013428.0,344229609090.0,22944957858593.0,85918065556.0,,38818480189.0,2268849486401.0,,134442372569.0,208228353926.0,1770750690220.0,0.0,151913164771.0,25682773499829.0,15959231770043.0,14727448755162.0,1231783014881.0,9723541729786.0,9723541729786.0,3241528371233.0,,65821637350.0,25682773499829.0,49157910866.0,,,3232358367.0,,5100636840000.0,5100636840000.0,0.0,25654793226.0,13548622667372.0,,38029177694.0,0.0,,,,,,,,,,,,,,,,,,,,,,,,,,,,,,,,,0.0,1096294553057.0,
SSI,2019,2,0.0,SSI,balance_sheet,25346740811433.0,278410743353.0,24904040781738.0,111862559847.0,,52426726495.0,1894441432043.0,,111109451502.0,211050827907.0,1411360365272.0,0.0,150885979001.0,27241182243476.0,17753050140364.0,16533926519021.0,1219123621343.0,9488132103112.0,9488132103112.0,2978347138692.0,,66317742954.0,27241182243476.0,42944563684.0,,,14258507500.0,,5100636840000.0,5100636840000.0,0.0,72711705948.0,14733243579914.0,,41127693645.0,0.0,,,,,,,,,,,,,,,,,,,,,,,,,,,,,,,,,0.0,1086771222726.0,
SSI,2019,1,0.0,SSI,balance_sheet,21740961223690.0,194333672735.0,21442688848460.0,59650577128.0,,44288125367.0,3290586307225.0,,112195633121.0,212419658647.0,2804348754903.0,0.0,153889922556.0,25031547530915.0,15660656253605.0,14445025948638.0,1215630304967.0,9370891277310.0,9370891277310.0,2981695499340.0,,66543021128.0,25031547530915.0,35701342842.0,,,3458152700.0,,5100636840000.0,5100636840000.0,0.0,67437530323.0,12575683400252.0,,43931851673.0,0.0,,,,,,,,,,,,,,,,,,,,,,,,,,,,,,,,,0.0,1077488017959.0,
SSI,2018,4,0.0,SSI,balance_sheet,22270357215928.0,612880138860.0,21568296458635.0,56697668015.0,,32482950418.0,1555269509433.0,,118742648730.0,214561642609.0,1065902838568.0,0.0,151139195419.0,23825626725361.0,14669962197728.0,13469410255114.0,1200551942614.0,9155664527633.0,9155664527633.0,2795105924401.0,,66959856216.0,23825626725361.0,31348740192.0,,,3458152700.0,,5100636840000.0,5100636840000.0,0.0,56096109184.0,11193158753866.0,,40312468926.0,0.0,,,,,,,,,,,,,,,,,,,,,,,,,,,,,,,,,0.0,1068320391534.0,
SSI,2018,3,0.0,SSI,balance_sheet,20996349376545.0,222738684765.0,20661435029043.0,85876402470.0,,26299260267.0,2416238183417.0,,121858267662.0,217920921680.0,1907979099010.0,0.0,163995484518.0,23412587559962.0,13900527778251.0,12678212748437.0,1222315029814.0,9512059781711.0,9512059781711.0,3096690158446.0,,67415852112.0,23412587559962.0,27706937176.0,,,3363067600.0,,5000636840000.0,5000636840000.0,0.0,56787133150.0,10622607493292.0,,33442035267.0,0.0,,,,,,,,,,,,,,,,,,,,,,,,,,,,,,,,,0.0,1059383921793.0,
SSI,2018,2,0.0,SSI,balance_sheet,19219978246888.0,844893407417.0,18298055419151.0,54637157157.0,,22392263163.0,1253062316943.0,,113856726573.0,216533816435.0,748390392125.0,0.0,170369064746.0,20473040563831.0,11324248225391.0,10111729656192.0,1212518569199.0,9148792338440.0,9148792338440.0,2716562925996.0,,68049568297.0,20473040563831.0,25906045612.0,,,3388935300.0,,5000636840000.0,5000636840000.0,0.0,56492351923.0,8344419603089.0,,38572825375.0,0.0,,,,,,,,,,,,,,,,,,,,,,,,,,,,,,,,,0.0,1050558713450.0,
SSI,2018,1,0.0,SSI,balance_sheet,19349836630201.0,738894781586.0,18427959271165.0,110244844204.0,,72737733246.0,1523635179512.0,,47923811307.0,216988457595.0,1037341131861.0,0.0,171366895064.0,20873471809713.0,11863003963889.0,10632519202897.0,1230484760992.0,9010467845824.0,9010467845824.0,2614259291004.0,,77748902618.0,20873471809713.0,55996947834.0,,,45899342214.0,,5000636840000.0,5000636840000.0,0.0,24783850687.0,8539256907269.0,,33589817680.0,0.0,,,,,,,,,,,,,,,,,,,,,,,,,,,,,,,,,0.0,1041956027909.0,
SSI,2017,4,0.0,SSI,balance_sheet,17227983148329.0,345985713191.0,16589161661936.0,157298116802.0,,135537656400.0,1536392023519.0,,161101323414.0,218230726962.0,943369693465.0,0.0,166535804923.0,18764375171848.0,10148125475946.0,9354274432825.0,793851043121.0,8616249695902.0,8616249695902.0,2212624960292.0,,78352794222.0,18764375171848.0,18082112403.0,,,114974709156.0,,5000636840000.0,5000636840000.0,0.0,5119599349.0,8503887663684.0,,35571900952.0,0.0,,,,,,,,,,,,,,,,,,,,,,,,,,,,,,,,,0.0,0.0,
SSI,2017,3,0.0,SSI,balance_sheet,15772357902814.0,558724012030.0,15013490177399.0,50009379105.0,,150134334280.0,1580067967887.0,,147889985267.0,254006105463.0,965990421592.0,0.0,161493265433.0,17352425870701.0,8449832568350.0,7818491035316.0,631341533034.0,8902593302351.0,8902593302351.0,2369193490649.0,,77300492736.0,17352425870701.0,23506518057.0,,,127109566100.0,,4900636840000.0,4900636840000.0,0.0,4772970163.0,6817668848187.0,,35444700128.0,0.0,,,,,,,,,,,,,,,,,,,,,,,,,,,,,,,,,0.0,0.0,
SSI,2017,2,0.0,SSI,balance_sheet,14357472781432.0,821234947551.0,13324199654013.0,94836069786.0,,161592902490.0,2032947890694.0,,141510799157.0,256449073881.0,1426012625248.0,0.0,158287202276.0,16390420672126.0,7586827279081.0,6720979510946.0,865847768135.0,8803593393045.0,8803593393045.0,2144123297870.0,,77823167604.0,16390420672126.0,16800056567.0,,,139239514750.0,,4900636840000.0,4900636840000.0,0.0,4954599832.0,5953584567882.0,,35811442662.0,0.0,,,,,,,,,,,,,,,,,,,,,,,,,,,,,,,,,0.0,0.0,
SSI,2017,1,0.0,SSI,balance_sheet,12629286216228.0,311763651386.0,12097110292710.0,49763645929.0,,170648626203.0,2335151077819.0,,141827268097.0,259008096060.0,1742377681978.0,0.0,144195772672.0,14964437294047.0,6518132323112.0,5968602370909.0,549529952203.0,8446304970935.0,8446304970935.0,1969457261057.0,,78445043220.0,14964437294047.0,17718370384.0,,,150481136906.0,,4900636840000.0,4900636840000.0,0.0,3698366500.0,5375085735659.0,,32483508881.0,0.0,,,,,,,,,,,,,,,,,,,,,,,,,,,,,,,,,0.0,0.0,
SSI,2016,4,0.0,SSI,balance_sheet,11884989070539.0,308564964313.0,11379984376860.0,97936055899.0,,98503673467.0,1342980181165.0,,131416882683.0,261341171964.0,750343966349.0,0.0,153100651157.0,13227969251704.0,6075402095021.0,5841951456398.0,233450638623.0,7152567156683.0,7152567156683.0,1576075507358.0,,79101184212.0,13227969251704.0,0.0,,,80713062323.0,,4900636840000.0,4900636840000.0,0.0,4141733170.0,4819340678085.0,,25895763102.0,0.0,,,,,,,,,,,,,,,,,,,,,,,,,,,,,,,,,-2492782800.0,0.0,
SSI,2016,3,0.0,SSI,balance_sheet,12433102855188.0,447263611733.0,11670091109926.0,68516037210.0,,247232096319.0,1482188300903.0,,131815951767.0,258393799683.0,983278344992.0,0.0,108401864461.0,13915291156091.0,6476783198372.0,6242653272463.0,234129925909.0,7438507957719.0,7438507957719.0,1976336401757.0,,79716544614.0,13915291156091.0,0.0,,,229528151093.0,,4800636840000.0,4800636840000.0,0.0,5524283169.0,5373400287405.0,,13926320029.0,0.0,,,,,,,,,,,,,,,,,,,,,,,,,,,,,,,,,-8611585281.0,0.0,
SSI,2016,2,0.0,SSI,balance_sheet,11817069778353.0,619983755040.0,10743710476621.0,223919125472.0,,247478116871.0,1689839844675.0,,133727899630.0,260738692800.0,1188727534121.0,0.0,106347378124.0,13506909623028.0,6427324453245.0,6392270959684.0,35053493561.0,7079585169783.0,7079585169783.0,1616068127350.0,,80328574383.0,13506909623028.0,0.0,,,229788135983.0,,4800636840000.0,4800636840000.0,0.0,5131833168.0,5296247046853.0,,10636143736.0,0.0,,,,,,,,,,,,,,,,,,,,,,,,,,,,,,,,,-8611585281.0,0.0,
SSI,2016,1,0.0,SSI,balance_sheet,11074629143873.0,557202707550.0,10239834042668.0,34899583924.0,,242692809731.0,1446700404974.0,,135168599651.0,262847060400.0,954913121149.0,0.0,93473283774.0,12521329548847.0,5660870591271.0,4938420222969.0,722450368302.0,6860458957576.0,6860458957576.0,1480071480920.0,,80811668688.0,12521329548847.0,0.0,,,228968173829.0,,4800636840000.0,4800636840000.0,0.0,4528366500.0,4302350558408.0,,3786751721.0,0.0,,,,,,,,,,,,,,,,,,,,,,,,,,,,,,,,,-4609514439.0,0.0,
SSI,2015,4,81140362366.0,SSI,balance_sheet,10944974283854.0,1990410102166.0,5019419743561.0,3693497164744.0,,241647273383.0,2452507120087.0,,131980403084.0,268409921032.0,1961444584362.0,0.0,90672211609.0,13397481403941.0,6669872389650.0,5946595282225.0,723277107425.0,6646468651925.0,6646468651925.0,1338666458296.0,,0.0,13397481403941.0,11301258947.0,,,233098670066.0,,4800636840000.0,4800636840000.0,687500000000.0,4893483331.0,3913847967537.0,,2405087368.0,65000000000.0,,,,,,,,,,,,,,,,,,,,,,,,,,,,,,,,,-4609514439.0,0.0,
SSI,2015,3,81826746420.0,SSI,balance_sheet,9199584298188.0,1959676325684.0,4424724222601.0,2737045722979.0,,78138026924.0,2491956379317.0,,134291029340.0,270724840006.0,1800378883345.0,0.0,286561626626.0,11691540677505.0,5296989046892.0,4569767739000.0,727221307892.0,6312724884193.0,6312724884193.0,1104434625450.0,,0.0,11691540677505.0,4620522325.0,,,70265119458.0,,4700636840000.0,4700636840000.0,687500000000.0,10991399225.0,2537050010584.0,,1972103976.0,109000000000.0,,,,,,,,,,,,,,,,,,,,,,,,,,,,,,,,,-4189877963.0,0.0,
SSI,2015,2,0.0,SSI,balance_sheet,8238335730206.0,2433826470621.0,3158718068318.0,2554098817035.0,,130401664336.0,2639402875625.0,,134261233863.0,265059478509.0,1835785079167.0,0.0,289814667570.0,10877738605831.0,4639372264800.0,3787540677128.0,851831587672.0,6156188621969.0,6156188621969.0,1389145205930.0,,82177719062.0,10877738605831.0,5965294359.0,,,124901380427.0,,4273327990000.0,4273327990000.0,800000000000.0,63748456369.0,1456395515225.0,,1465752195.0,457000000000.0,,,,,,,,,,,,,,,,,,,,,,,,,,,,,,,,,-6355210555.0,0.0,
SSI,2015,1,82601701093.0,SSI,balance_sheet,7328833895667.0,2543208901044.0,2397340227601.0,2366141189855.0,,22143577167.0,2656523794784.0,,137144467715.0,263550728225.0,2137934630875.0,-432981726854.0,117893967969.0,9985357690451.0,4037810638786.0,3505009267522.0,532801371264.0,5864945350572.0,5864945350572.0,1183351113796.0,,0.0,9985357690451.0,8252543144.0,,,13318867798.0,,4273327990000.0,4273327990000.0,500000000000.0,104389175373.0,1468138166530.0,,1511879248.0,638617000000.0,,,,,,,,,,,,,,,,,,,,,,,,,,,,,,,,,-7419438467.0,0.0,
SSI,2014,4,82855645584.0,SSI,balance_sheet,6412052850650.0,1952651885005.0,2189454760896.0,2251215021177.0,,18731183572.0,2502382615087.0,,139466904286.0,252260031185.0,1994645599205.0,-407912462838.0,116010080411.0,8914435465737.0,3140629721212.0,3112710665552.0,27919055660.0,5690950098941.0,5690950098941.0,1441990375228.0,,0.0,8914435465737.0,3644740653.0,,,13282287092.0,,0.0,3537949420000.0,0.0,71967220419.0,1506127466877.0,,1084463623.0,538617000000.0,,,,,,,,,,,,,,,,,,,,,,,,,,,,,,,,,-4185339535.0,0.0,
SSI,2014,3,83439704625.0,SSI,balance_sheet,7643138760215.0,2336577955632.0,2824573230127.0,2463386422629.0,,18601151827.0,2569878388067.0,,139502753903.0,254395916758.0,2067170527530.0,-303161440767.0,108809189876.0,10213017148282.0,4539425876618.0,4510291637795.0,29134238823.0,5590151567039.0,5590151567039.0,1341191788426.0,,0.0,10213017148282.0,13769351911.0,,,14282216817.0,,0.0,3537949420000.0,0.0,70242487630.0,1350672548220.0,,480239250.0,538617000000.0,,,,,,,,,,,,,,,,,,,,,,,,,,,,,,,,,-4185339535.0,0.0,
SSI,2014,2,83009495233.0,SSI,balance_sheet,8486201069799.0,3527309847926.0,3235872598969.0,1701471637445.0,,21546985459.0,2605892084404.0,,137041666411.0,256531802332.0,2127333839116.0,-209967112090.0,84984776545.0,11092093154203.0,5693399217706.0,5661972452019.0,31426765687.0,5315684441264.0,5315684441264.0,1153320516016.0,,0.0,11092093154203.0,5323692062.0,,,15104950154.0,,0.0,3537949420000.0,0.0,70870900417.0,528002481468.0,,469941633.0,538617000000.0,,,,,,,,,,,,,,,,,,,,,,,,,,,,,,,,,-4282421300.0,0.0,
SSI,2014,1,82856166673.0,SSI,balance_sheet,6406913849566.0,2482313332515.0,2052137162662.0,1851295060376.0,,21168294013.0,3241349910745.0,,135427783063.0,258667687906.0,2769895955448.0,-166711634649.0,77358484328.0,9648263760311.0,4147553485908.0,4125607830504.0,21945655404.0,5417854107730.0,5417854107730.0,1293123098041.0,,0.0,9648263760311.0,7652600317.0,,,14601862345.0,,0.0,3537949420000.0,0.0,69581433750.0,461668935458.0,,543350646.0,538617000000.0,,,,,,,,,,,,,,,,,,,,,,,,,,,,,,,,,-4729568181.0,0.0,
SSI,2013,4,82990304763.0,SSI,balance_sheet,4467395844501.0,1838619478462.0,1560974883699.0,1063757995727.0,,4043486613.0,3237677670239.0,,135295186898.0,260803573480.0,2766722057584.0,-167699101173.0,74856852277.0,7705073514740.0,2379901088000.0,2353917131968.0,25983956032.0,5242182121977.0,5242182121977.0,1118079667079.0,,0.0,7705073514740.0,8066208100.0,,,1568090740.0,,0.0,3537949420000.0,0.0,150871433750.0,358961041321.0,,481906824.0,538617000000.0,,,,,,,,,,,,,,,,,,,,,,,,,,,,,,,,,-5358122972.0,0.0,
SSI,2013,3,83461953312.0,SSI,balance_sheet,5096537524877.0,2542125976018.0,1663023010117.0,881672511842.0,,9716026900.0,3342596373044.0,,137779023896.0,262939459054.0,2863308647262.0,-143143292823.0,78569242832.0,8439133897921.0,3180527055025.0,3147980649553.0,32546405472.0,5175144889584.0,5175144889584.0,1050495177084.0,,0.0,8439133897921.0,6659665031.0,,,3043816495.0,,0.0,3537949420000.0,0.0,120416845307.0,74841302311.0,,2124338260.0,548616990000.0,,,,,,,,,,,,,,,,,,,,,,,,,,,,,,,,,-4810865370.0,0.0,
SSI,2013,2,83373149114.0,SSI,balance_sheet,5730578300632.0,2911158821794.0,2194252055905.0,614887043918.0,,10280379015.0,3297950828318.0,,140788713559.0,265075344628.0,2811255960656.0,-148055748302.0,80830809475.0,9028529128950.0,3862124169810.0,3842334305598.0,19789864212.0,5083031810026.0,5083031810026.0,956291032974.0,,0.0,9028529128950.0,4995744682.0,,,0.0,,0.0,3537949420000.0,0.0,112784567807.0,0.0,,4380059998.0,548616990000.0,,,,,,,,,,,,,,,,,,,,,,,,,,,,,,,,,-2719800818.0,0.0,
SSI,2013,1,83271651210.0,SSI,balance_sheet,5152296211690.0,2549383714215.0,1720956730374.0,870899115161.0,,11056651940.0,3298530203279.0,,140588978738.0,267211230201.0,2810195140970.0,-147737109510.0,80534853370.0,8450826414969.0,3000725433081.0,2985400943766.0,15324489315.0,5366829330678.0,5366829330678.0,1286783381076.0,,0.0,8450826414969.0,6683661506.0,,,3050397133.0,,0.0,3537949420000.0,0.0,99361073750.0,161101895136.0,,6740082716.0,548616990000.0,,,,,,,,,,,,,,,,,,,,,,,,,,,,,,,,,-2984822212.0,0.0,
VNM,2025,4,,VNM,balance_sheet,36261180908033.0,1794879718871.0,21354863600460.0,6027719081073.0,6839279842936.0,244438664693.0,17051189809268.0,0.0,12648916412221.0,51780183216.0,957072946110.0,0.0,2049361473261.0,53312370717301.0,18829355431194.0,18520286019795.0,309069411399.0,34483015286107.0,34483015286107.0,8522576422223.0,,3797632379221.0,53312370717301.0,443955080617.0,0.0,6897878201557.0,0.0,78722924597.0,20899554450000.0,20899554450000.0,62907826150.0,253080586375.0,9393736731992.0,829364095821.0,1104735884699.0,94578411081.0,23255275322.0,23255275322.0,,,,,,,,,,,,,,,,,,,,,,,,,,,,,,,746826728845.0,,
VNM,2025,3,,VNM,balance_sheet,38746850813464.0,5154466367051.0,21133947314899.0,5910568513570.0,6308583334358.0,239285283586.0,16930971193199.0,0.0,12862945466334.0,52191022746.0,820153506859.0,0.0,1954084125070.0,55677822006663.0,17725023298796.0,17327809293171.0,397214005625.0,37952798707867.0,37952798707867.0,11926642770429.0,,3854830030323.0,55677822006663.0,320501373067.0,0.0,6348324750984.0,0.0,78722924597.0,20899554450000.0,20899554450000.0,147666530200.0,272600338602.0,8124847764469.0,891535427721.0,982715156021.0,94580895081.0,20826155877.0,21074688360.0,,,,,,,,,,,,,,,,,,,,,,,,,,,,,,,746826728845.0,,
VNM,2025,2,,VNM,balance_sheet,38255091705279.0,2498443286245.0,22249418458587.0,6147236082985.0,7047730548255.0,312263329207.0,17027569539096.0,0.0,12784785512923.0,52629612552.0,813459142512.0,0.0,1861528674115.0,55282661244375.0,19595608095818.0,19190691020760.0,404917075058.0,35687053148557.0,35687053148557.0,9620701471578.0,,3912698835610.0,55282661244375.0,596144052565.0,0.0,7090237799909.0,0.0,78722924597.0,20899554450000.0,20899554450000.0,152078435000.0,410601427538.0,9636808735983.0,953706759621.0,853505075208.0,94575639081.0,20202578311.0,20530844673.0,,,,,,,,,,,,,,,,,,,,,,,,,,,,,,,746826728845.0,,
VNM,2025,1,,VNM,balance_sheet,38407988421683.0,2538024316626.0,23170818696485.0,5469228387577.0,6979212103573.0,250704917422.0,16605801806083.0,0.0,12309661362750.0,53123702862.0,709385535593.0,0.0,1853359584072.0,55013790227766.0,17391301675751.0,16981777958867.0,409523716884.0,37622488552015.0,37622488552015.0,4474317011269.0,,3925281266941.0,55013790227766.0,438005266850.0,0.0,7015839015752.0,0.0,7221110105727.0,20899554450000.0,20899554450000.0,153956088000.0,123043188304.0,10060066017395.0,1015202316174.0,785471676757.0,94555479081.0,17985169594.0,18364622300.0,,,,,,,,,,,,,,,,,,,,,,,,,,,,,,,746826728845.0,,
VNM,2024,4,,VNM,balance_sheet,37553650065098.0,2225943732075.0,23260088671767.0,6233758612009.0,5686840161996.0,147018887251.0,17495411471963.0,0.0,12550564799221.0,53617793172.0,1373189677193.0,0.0,1960671058977.0,55049061537061.0,18874658707398.0,18459546837640.0,415111869758.0,36174402829663.0,36174402829663.0,3471224745772.0,,3895583288658.0,55049061537061.0,566479222775.0,0.0,5723932310689.0,0.0,7079114621362.0,20899554450000.0,20899554450000.0,157903902450.0,191336029327.0,9115435107250.0,1076022097381.0,792476015491.0,94548675081.0,17193985694.0,17592137763.0,,,,,,,,,,,,,,,,,,,,,,,,,,,,,,,499080803215.0,,
VNM,2024,3,,VNM,balance_sheet,40582371278735.0,2616234711174.0,25982843560980.0,5606208371600.0,6103016741628.0,274067893353.0,17094709027717.0,0.0,11854249093819.0,54111883464.0,1279281871385.0,0.0,1964819160108.0,57677080306452.0,22432804394570.0,22021271584074.0,411532810496.0,35244275911882.0,35244275911882.0,2870255668807.0,,3873192446288.0,57677080306452.0,367957536152.0,0.0,6131878698983.0,0.0,6863056624805.0,20899554450000.0,20899554450000.0,157809038000.0,146441611517.0,8291496866090.0,1138317394539.0,794384673697.0,94519479081.0,16005712689.0,16564396401.0,,,,,,,,,,,,,,,,,,,,,,,,,,,,,,,499080803215.0,,
VNM,2024,2,,VNM,balance_sheet,37332761258942.0,1198562887528.0,23030876331498.0,6344861898250.0,6524270542824.0,234189598842.0,16861192929052.0,0.0,12295719976946.0,54605973774.0,831442109832.0,0.0,2028619337197.0,54193954187994.0,15856506854537.0,15403310205136.0,453196649401.0,38337447333457.0,38337447333457.0,6000389351529.0,,3991321826705.0,54193954187994.0,339915869823.0,0.0,6551775627864.0,0.0,6624903112567.0,20899554450000.0,20899554450000.0,183388966131.0,97078241927.0,7794314406895.0,1199157602325.0,818508689475.0,102012967081.0,16830343785.0,17417281595.0,,,,,,,,,,,,,,,,,,,,,,,,,,,,,,,499080803215.0,,
VNM,2024,1,,VNM,balance_sheet,35013917574413.0,1788254863348.0,20268129028720.0,5868614319329.0,6780799942377.0,308119420639.0,16639952197317.0,0.0,12472420651267.0,55100064084.0,691579094274.0,0.0,2115992745416.0,51653869771730.0,15786279136236.0,15294387986523.0,491891149713.0,35867590635494.0,35867590635494.0,3816256605162.0,,4013420132830.0,51653869771730.0,414596137009.0,0.0,6807924664755.0,0.0,6365526939523.0,20899554450000.0,20899554450000.0,211808624280.0,148395646131.0,6616831614710.0,1260542631131.0,834078714989.0,101994859081.0,16667638485.0,16667638485.0,,,,,,,,,,,,,,,,,,,,,,,,,,,,,,,499080803215.0,,
VNM,2023,4,,VNM,balance_sheet,35935879621477.0,2912027359925.0,20137243800460.0,6529705184034.0,6128081805088.0,228821471970.0,16737491482983.0,0.0,12689652377511.0,55594154394.0,831227597345.0,0.0,2207961712860.0,52673371104460.0,17647627338990.0,17138689974862.0,508937364128.0,35025743765470.0,35025743765470.0,3926232003987.0,,3328929059319.0,52673371104460.0,655619313409.0,0.0,6165935294543.0,0.0,6163736586996.0,20899554450000.0,20899554450000.0,238476074100.0,164712782108.0,8217757172267.0,1321927659937.0,871585543337.0,101975059081.0,16131990975.0,16131990975.0,,,,,,,,,,,,,,,,,,,,,,,,,,,,,,,499080803215.0,,
VNM,2023,3,,VNM,balance_sheet,37680161943052.0,6875567986039.0,19012123617176.0,5931433000484.0,5697772718120.0,163264621233.0,17287274060546.0,0.0,12056272942904.0,56088244686.0,1424817180754.0,0.0,2197526932930.0,54967436003598.0,20964371994291.0,20399327964197.0,565044030094.0,34003064009307.0,34003064009307.0,3411311506574.0,,3347498534087.0,54967436003598.0,633286108202.0,0.0,5723674480049.0,0.0,5932206859820.0,20899554450000.0,20899554450000.0,282904335540.0,200125679398.0,6873932117860.0,1383312688743.0,814214244187.0,101976499081.0,16146741451.0,16146741451.0,,,,,,,,,,,,,,,,,,,,,,,,,,,,,,,202658418215.0,,
VNM,2023,2,,VNM,balance_sheet,33403479517290.0,1582506692207.0,19083000543582.0,6142392930802.0,6319892419521.0,275686931178.0,17565302240360.0,0.0,11821447407199.0,56582334996.0,1529822285849.0,0.0,2248973389561.0,50968781757650.0,14308732050657.0,13742782382772.0,565949667885.0,36660049706993.0,36660049706993.0,6557754122099.0,,3191807512910.0,50968781757650.0,762802524795.0,0.0,6346256682126.0,0.0,5679501872971.0,20899554450000.0,20899554450000.0,279412788750.0,315814573879.0,6128144184250.0,1444697717550.0,804275672011.0,101950939081.0,16225171701.0,16225171701.0,,,,,,,,,,,,,,,,,,,,,,,,,,,,,,,202658418215.0,,
VNM,2023,1,,VNM,balance_sheet,32394853632375.0,2011202511723.0,16801331801284.0,6619266952011.0,6704642178199.0,258410189158.0,16869931859724.0,0.0,11893893630404.0,57088071395.0,755781470427.0,0.0,2316641242760.0,49264785492099.0,14754559329281.0,14407882880499.0,346676448782.0,34510226162818.0,34510226162818.0,4840235487374.0,,3008635837602.0,49264785492099.0,799563355449.0,0.0,6731269100954.0,0.0,5444399294521.0,20899554450000.0,20899554450000.0,61054012500.0,376266587860.0,6889265980740.0,1506082746356.0,807403361320.0,101946619081.0,38388850315.0,38388850315.0,,,,,,,,,,,,,,,,,,,,,,,,,,,,,,,202658418215.0,,
VNM,2022,4,,VNM,balance_sheet,31560382174201.0,2299943527624.0,17414055328683.0,6100402870854.0,5537563396117.0,208417050923.0,16922282062019.0,0.0,11903207642940.0,57593807783.0,742670306431.0,0.0,2375257641764.0,48482664236220.0,15666145881135.0,15308423081524.0,357722799611.0,32816518355085.0,32816518355085.0,3353468092666.0,,2967467051304.0,48482664236220.0,589439884812.0,0.0,5560169453504.0,0.0,5266761584973.0,20899554450000.0,20899554450000.0,66028725000.0,161708567120.0,4867129839103.0,1567467775162.0,772804663141.0,101950219081.0,38422722715.0,38422722715.0,,,,,,,,,,,,,,,,,,,,,,,,,,,,,,,202658418215.0,,
VNM,2022,3,,VNM,balance_sheet,34373292456500.0,2867857717514.0,19533563143705.0,5954158809895.0,5777310525795.0,240402259591.0,16826610965664.0,0.0,11989258352342.0,58142248159.0,753081870477.0,0.0,2319126246293.0,51199903422164.0,17355518040395.0,16983265249980.0,372252790415.0,33844385381769.0,33844385381769.0,4814830749665.0,,2702967265561.0,51199903422164.0,584122702158.0,0.0,5792936495639.0,0.0,5065071602264.0,20899554450000.0,20899554450000.0,71579812500.0,239770870256.0,9405653167691.0,1628852803968.0,690273442325.0,101960299081.0,16641153195.0,16641153195.0,,,,,,,,,,,,,,,,,,,,,,,,,,,,,,,202658418215.0,,
VNM,2022,2,,VNM,balance_sheet,36871285863860.0,4507497088287.0,18976163363916.0,6040009761668.0,7096208618612.0,251407031377.0,16970890135803.0,0.0,12266369373175.0,58776096523.0,750169162022.0,0.0,2402251632099.0,53842175999663.0,17021656898873.0,16644210900330.0,377445998543.0,36820519100790.0,36820519100790.0,8119867846747.0,,2684554607037.0,53842175999663.0,572608294056.0,0.0,7111593809810.0,0.0,4822828235270.0,20899554450000.0,20899554450000.0,74459700000.0,199280096694.0,9701229190460.0,1690237832775.0,705958127692.0,101938879081.0,16283088695.0,16283088695.0,,,,,,,,,,,,,,,,,,,,,,,,,,,,,,,202658418215.0,,
VNM,2022,1,,VNM,balance_sheet,35452395671778.0,1680858133124.0,19832829713819.0,6024628344054.0,7665947194796.0,248132285985.0,17543132559393.0,0.0,12453688352626.0,59409944887.0,1339527885230.0,0.0,2481798452480.0,52995528231171.0,18018316689141.0,17607914154548.0,410402534593.0,34977211542030.0,34977211542030.0,6479377674989.0,,2779254816308.0,52995528231171.0,656413782366.0,0.0,7709372077826.0,0.0,4575217135935.0,20899554450000.0,20899554450000.0,70663500000.0,116501196540.0,10942647333716.0,1751622861581.0,730175590899.0,101923219081.0,16713810495.0,16713810495.0,,,,,,,,,,,,,,,,,,,,,,,,,,,,,,,202658418215.0,,
VNM,2021,4,,VNM,balance_sheet,36109910649785.0,2348551874348.0,21025735779475.0,5822028742791.0,6773071634017.0,140522619154.0,17222492788434.0,0.0,12706598557849.0,60049893676.0,743862023831.0,0.0,2565263512673.0,53332403438219.0,17482289188835.0,17068416995519.0,413872193316.0,35850114249384.0,35850114249384.0,7594260378375.0,,2766835388433.0,53332403438219.0,655822646219.0,0.0,6820486391670.0,0.0,4352441335060.0,20899554450000.0,20899554450000.0,75636000000.0,66036392886.0,9382354118118.0,1813007890387.0,725108101375.0,101921059081.0,16695104495.0,16695104495.0,,,,,,,,,,,,,,,,,,,,,,,,,,,,,,,202658418215.0,,
VNM,2021,3,,VNM,balance_sheet,34446542339559.0,2051857098275.0,19753142693943.0,6118496933219.0,6380809878105.0,142235736017.0,17621216868681.0,0.0,13058194375719.0,60963188860.0,764478911041.0,0.0,2597090238065.0,52067759208240.0,18192841472371.0,17766091926204.0,426749546167.0,33874917735869.0,33874917735869.0,5843776925027.0,,2778526982018.0,52067759208240.0,866059864322.0,0.0,6410434510128.0,0.0,4132854408049.0,20899554450000.0,20899554450000.0,80626092834.0,242584395198.0,9038248667322.0,1874392919193.0,722697318872.0,101918899081.0,25407409661.0,25407409661.0,,,,,,,,,,,,,,,,,,,,,,,,,,,,,,,202658418215.0,,
VNM,2021,2,,VNM,balance_sheet,35042535233833.0,1663036014269.0,19971222710510.0,6370305908925.0,6842795582767.0,195175017362.0,18004133795359.0,0.0,13223395767565.0,62007056833.0,749939570721.0,0.0,2675040006527.0,53046669029192.0,18671295879023.0,18127021271173.0,544274607850.0,34375373150169.0,34375373150169.0,6631020480297.0,,2750729913933.0,53046669029192.0,976845401593.0,0.0,6876983730958.0,0.0,3844015723908.0,20899554450000.0,20899554450000.0,157817900434.0,360506124003.0,9481532928054.0,1935777948000.0,730264994725.0,101928259081.0,25326572715.0,25326572715.0,,,,,,,,,,,,,,,,,,,,,,,,,,,,,,,202658418215.0,,
VNM,2021,1,,VNM,balance_sheet,32834546632146.0,1197956795582.0,19542794237097.0,5320350430335.0,6465943104329.0,307502064803.0,18216664248505.0,0.0,13581563074872.0,63050924806.0,766806577828.0,0.0,2730986153992.0,51051210880651.0,17087270259224.0,16532816332955.0,554453926269.0,33963940621427.0,33963940621427.0,6642146444531.0,,2631924353171.0,51051210880651.0,653239283565.0,0.0,6514512235046.0,0.0,3552461470108.0,20899554450000.0,20899554450000.0,162103516784.0,222037194417.0,9247097278828.0,1997162976806.0,719856192649.0,101923579081.0,19949209715.0,19949209715.0,,,,,,,,,,,,,,,,,,,,,,,,,,,,,,,202658418215.0,,
VNM,2020,4,,VNM,balance_sheet,29665725805058.0,2111242815581.0,17313679774893.0,5187253172150.0,4905068613616.0,148481428818.0,18766754868571.0,0.0,13853807867036.0,59996974041.0,973440912476.0,0.0,2796901483346.0,48432480673629.0,14785358443807.0,14212646285475.0,572712158332.0,33647122229822.0,33647122229822.0,6909725668453.0,,2349939498572.0,48432480673629.0,546236562342.0,150000000.0,4952848688011.0,0.0,3286241911090.0,20899554450000.0,20899554450000.0,167421748884.0,111159982412.0,7316497078307.0,2058548005612.0,713499307014.0,101924299081.0,19974111715.0,19974111715.0,,,,,,,,,,,,,,,,,,,,,,,,,,,,,,,202658418215.0,,
VNM,2020,3,,VNM,balance_sheet,31541319633765.0,2335881481579.0,17872002664622.0,5976863349617.0,5246489877728.0,110082260219.0,18855137883156.0,0.0,13954302484978.0,60407813571.0,767256144971.0,0.0,2795076756604.0,50396457516921.0,18704936040491.0,18164145581085.0,540790459406.0,31691521476430.0,31691521476430.0,5361509637035.0,,2344526691994.0,50396457516921.0,475798169117.0,22870498078.0,5260129092778.0,0.0,3081189447472.0,20899554450000.0,20899554450000.0,176301073571.0,166642125092.0,6423212089774.0,2107871914351.0,681055051641.0,101927179081.0,18819937295.0,18819937295.0,,,,,,,,,,,,,,,,,,,,,,,,,,,,,,,0.0,,
VNM,2020,2,,VNM,balance_sheet,30073376341979.0,2176667357252.0,16363060738340.0,5674690836392.0,5696221872518.0,162735537477.0,19523433604246.0,123328000.0,14315882350284.0,60913099256.0,1074177901960.0,0.0,2910169727643.0,49596809946225.0,17241110573049.0,16681721259498.0,559389313551.0,32355699373176.0,32355699373176.0,9937240997894.0,,2220121533566.0,49596809946225.0,540579362752.0,2948765507.0,5709730898950.0,0.0,2773515033707.0,17416877930000.0,17416877930000.0,182356135696.0,234824364052.0,6189353009901.0,2231149954553.0,672458112694.0,101927899080.0,19327799295.0,19451127295.0,,,,,,,,,,,,,,,,,,,,,,,,,,,,,,,0.0,,
VNM,2020,1,,VNM,balance_sheet,26461638721175.0,1379711866875.0,14370288608530.0,4711713537853.0,5733793403343.0,266131304574.0,19612088297814.0,308320000.0,14589591346307.0,61465607996.0,922935784641.0,0.0,2980631749992.0,46073727018989.0,13826962983067.0,13314973420207.0,511989562860.0,32246764035922.0,32246764035922.0,10090990636691.0,,2236285466435.0,46073727018989.0,388901000559.0,15814336327.0,5743959650794.0,0.0,2469800368828.0,17416877930000.0,17416877930000.0,119643482893.0,223415731424.0,6149806942796.0,2298695403954.0,678291118285.0,104558824212.0,19408962895.0,19717282895.0,,,,,,,,,,,,,,,,,,,,,,,,,,,,,,,0.0,,
VNM,2019,4,,VNM,balance_sheet,24721565376552.0,2665194638452.0,12435744328964.0,4503154728959.0,4983044403917.0,134427276260.0,19978308009482.0,545312000.0,14893540216703.0,62018116736.0,986676290429.0,0.0,3071057864716.0,44699873386034.0,14968618181670.0,14442851833360.0,525766348310.0,29731255204364.0,29731255204364.0,7875462401924.0,,2227196960471.0,44699873386034.0,576013061394.0,31170336327.0,4996114799978.0,0.0,2200188373195.0,17416877930000.0,17416877930000.0,122992982893.0,245247666160.0,5351461260191.0,2366060103995.0,678630479869.0,104537010212.0,20624656995.0,21169968995.0,,,,,,,,,,,,,,,,,,,,,,,,,,,,,,,0.0,,
VNM,2019,3,,VNM,balance_sheet,22146344620561.0,1043473767363.0,10238285848104.0,5699702616339.0,4990634977666.0,174247411089.0,17955508227195.0,1148421511.0,13406776090507.0,62573609227.0,2026569686717.0,0.0,1128857956467.0,40101852847756.0,12261224601874.0,11924062277981.0,337162323893.0,27840628245882.0,27840628245882.0,7840153595139.0,,580536402501.0,40101852847756.0,760510957858.0,0.0,5005803992060.0,0.0,1991895881469.0,17416877930000.0,17416877930000.0,93806389962.0,289188450552.0,4188147842196.0,487376163534.0,624567844983.0,72083707154.0,19115749995.0,20264171506.0,,,,,,,,,,,,,,,,,,,,,,,,,,,,,,,0.0,,
VNM,2019,2,,VNM,balance_sheet,22089274019449.0,1676491290318.0,9306531479431.0,5391295160818.0,5540929744702.0,174026344180.0,18097201646002.0,1787293049.0,13210637069720.0,63129101716.0,1953808430503.0,0.0,1405327897065.0,40186475665451.0,11252755465246.0,10816139387760.0,436616077486.0,28933720200205.0,28933720200205.0,9176996233930.0,,594118914965.0,40186475665451.0,764793333218.0,0.0,5558042713939.0,0.0,1726647591960.0,17416877930000.0,17416877930000.0,188821030390.0,257406204511.0,3272945064774.0,504364143129.0,883586446472.0,72086227154.0,19141166995.0,67351671984.0,,,,,,,,,,,,,,,,,,,,,,,,,,,,,,,0.0,,
VNM,2019,1,,VNM,balance_sheet,22040432596172.0,1209154406312.0,9666846652579.0,5520731708608.0,5353836025138.0,289863803535.0,16264829196683.0,2434285049.0,13090571280454.0,88651305268.0,631612251272.0,0.0,1269271797391.0,38305261792855.0,9382030969362.0,8816669411270.0,565361558092.0,28923230823493.0,28923230823493.0,9451547063899.0,,588764364413.0,38305261792855.0,824642255092.0,0.0,5370480311055.0,0.0,1449929685712.0,17416877930000.0,17416877930000.0,218007911923.0,382030552891.0,2126083288960.0,521352122724.0,732120606558.0,147642783223.0,17573180995.0,87554893706.0,,,,,,,,,,,,,,,,,,,,,,,,,,,,,,,0.0,,
VNM,2018,4,,VNM,balance_sheet,20559756794837.0,1522610167671.0,8673926951890.0,4639447900101.0,5525845959354.0,197925815821.0,16806351859342.0,3143509548.0,13365353599098.0,90248200759.0,1068660695119.0,0.0,1325400244471.0,37366108654179.0,11094739362252.0,10639592009462.0,455147352790.0,26271369291927.0,26271369291927.0,7155434314256.0,,490234549654.0,37366108654179.0,876158254325.0,0.0,5538304348980.0,0.0,1191672373593.0,17416877930000.0,17416877930000.0,215798919361.0,535552943437.0,1060047652329.0,538340102319.0,750599476304.0,72083527154.0,17641321463.0,88443241642.0,,,,,,,,,,,,,,,,,,,,,,,,,,,,,,,0.0,,
VNM,2018,3,,VNM,balance_sheet,18360115898846.0,630784664818.0,7772300444146.0,5460673084444.0,4320172955926.0,176184749512.0,15666315495522.0,4043428184.0,11621555848270.0,91845096228.0,674700748738.0,0.0,1074851242386.0,34026431394368.0,8076222108091.0,7381050047407.0,695172060684.0,25950209286277.0,25950209286277.0,7045967464638.0,,491346278971.0,34026431394368.0,793597136008.0,0.0,4331976652237.0,0.0,971862470616.0,17416877930000.0,17416877930000.0,246268247487.0,246420929400.0,956294678845.0,432991024353.0,636060459744.0,72088747153.0,18896044612.0,116065795456.0,,,,,,,,,,,,,,,,,,,,,,,,,,,,,,,0.0,,
VNM,2018,2,,VNM,balance_sheet,20818678622022.0,1343435279374.0,9210770926165.0,5149241546227.0,4885749046820.0,229481823436.0,15364851440316.0,3702337981.0,11094916871141.0,93441991719.0,572253172131.0,0.0,1064884667724.0,36183530062338.0,9647480149806.0,8862722162878.0,784757986928.0,26536049912532.0,26536049912532.0,7892017119552.0,,491002725146.0,36183530062338.0,985009857695.0,0.0,4901208541928.0,0.0,3365242121688.0,14514534290000.0,14514534290000.0,243603105068.0,365688934983.0,1797452552318.0,446970715647.0,595192603070.0,72075427154.0,18745704386.0,114094900047.0,,,,,,,,,,,,,,,,,,,,,,,,,,,,,,,0.0,,
VNM,2018,1,,VNM,balance_sheet,19974838548267.0,563392699177.0,9661889566014.0,5175991528051.0,4373067721747.0,200497033278.0,15353880667803.0,5395040000.0,10565776062783.0,93715303958.0,1165579009965.0,0.0,1098375209584.0,35328719216070.0,9037780154701.0,8441889289285.0,595890865416.0,26290939061369.0,26290939061369.0,7912102872895.0,,479521691031.0,35328719216070.0,696320345390.0,0.0,4396117740988.0,0.0,3110455558804.0,14514534290000.0,14514534290000.0,270260689387.0,411072068406.0,1560293768812.0,460950406941.0,605218037493.0,72069307154.0,18452648676.0,96477283441.0,,,,,,,,,,,,,,,,,,,,,,,,,,,,,,,0.0,,
VNM,2017,4,,VNM,balance_sheet,20307434789529.0,963335914164.0,10561714377337.0,4591702853157.0,4021058976634.0,169622668237.0,14359884047968.0,5373558222.0,10609309098847.0,95273270528.0,555497854952.0,0.0,1117459677120.0,34667318837497.0,10794261023636.0,10195562827092.0,598698196544.0,23873057813861.0,23873057813861.0,5736920629462.0,,497790228077.0,34667318837497.0,622978664875.0,0.0,4041302638611.0,0.0,2851905410228.0,14514534290000.0,14514534290000.0,274949439387.0,360182469422.0,268102046087.0,474930098235.0,612134810005.0,82336523394.0,18427382918.0,53774889824.0,,,,,,,,,,,,,,,,,,,,,,,,,,,,,,,0.0,,
VNM,2017,3,,VNM,balance_sheet,18889319053176.0,668414723359.0,9791941947414.0,4629352818459.0,3674548797478.0,125060766466.0,12706395888018.0,3944320000.0,8273741711305.0,105448300706.0,1467781453604.0,0.0,734526115669.0,31595714941194.0,7567098172016.0,7089478813206.0,477619358810.0,24028616769178.0,24028616769178.0,6547207726316.0,,18008672198.0,31595714941194.0,576988178408.0,0.0,3676257389070.0,0.0,2677315588821.0,14514534290000.0,14514534290000.0,298014000449.0,27555730892.0,219632623984.0,110211647015.0,595535113215.0,11387116240.0,14676233950.0,18620553950.0,,,,,,,,,,,,,,,,,,,,,,,,,,,,,,,0.0,,
VNM,2017,2,,VNM,balance_sheet,20677934235834.0,590906789944.0,11451962635433.0,4302765388752.0,4181877412455.0,150422009250.0,11277097882461.0,5102571597.0,8135159827888.0,106784826368.0,649390868930.0,0.0,604525165973.0,31955032118295.0,7201913619763.0,6712397749306.0,489515870457.0,24753118498532.0,24753118498532.0,7329419316798.0,,232023941948.0,31955032118295.0,581862822677.0,0.0,4184457799087.0,0.0,2405457144996.0,14514534290000.0,14514534290000.0,326609969983.0,23034093860.0,108173213914.0,114802128164.0,463098001910.0,11387476240.0,14678124929.0,19780696526.0,,,,,,,,,,,,,,,,,,,,,,,,,,,,,,,0.0,,
VNM,2017,1,,VNM,balance_sheet,20171593469610.0,2216760721249.0,10320085979619.0,3607663053640.0,3921381723837.0,105701991265.0,10896951173774.0,6456333502.0,8261100271418.0,135629558370.0,630414023573.0,0.0,597692571682.0,31068544643384.0,6049114164383.0,5534019542094.0,515094622289.0,25019430479001.0,25019430479001.0,7877979627383.0,,237418957704.0,31068544643384.0,526066497300.0,0.0,3924949167814.0,0.0,2121479999738.0,14514534290000.0,14514534290000.0,327110398182.0,30555300153.0,174251757485.0,119392609313.0,455688125817.0,11387836240.0,14614205003.0,21070538505.0,,,,,,,,,,,,,,,,,,,,,,,,,,,,,,,0.0,,
VNM,2016,4,,VNM,balance_sheet,18673827685789.0,655423095436.0,10453749313471.0,2866683958798.0,4521766382352.0,176204935732.0,10704828639675.0,7245908762.0,8321053086713.0,136973382326.0,613806560199.0,0.0,618028960243.0,29378656325464.0,6972707036879.0,6457497982894.0,515209053985.0,22405949288585.0,22405949288585.0,5591831510779.0,,237385583924.0,29378656325464.0,288808403942.0,0.0,4538439873598.0,0.0,1797019925588.0,14514534290000.0,14514534290000.0,326970398182.0,35951866026.0,1332666200200.0,123983090462.0,459395057029.0,11387476240.0,14609099414.0,21855008176.0,,,,,,,,,,,,,,,,,,,,,,,,,,,,,,,0.0,,
VNM,2016,3,,VNM,balance_sheet,17322793032464.0,772572092518.0,8935288386774.0,3624417789794.0,3919152564002.0,71362199376.0,10333927709677.0,7658734060.0,8135810558610.0,138317282339.0,621863953896.0,0.0,600488297963.0,27656720742141.0,6901906900271.0,6370099514142.0,531807386129.0,20754813841870.0,20754813841870.0,4122205218497.0,,233926927098.0,27656720742141.0,413219416871.0,0.0,3929044077496.0,0.0,1617351151535.0,14514534290000.0,14514534290000.0,343653915063.0,28090946823.0,1336465403604.0,128573571611.0,439360054201.0,19471996240.0,14489163421.0,22147897481.0,,,,,,,,,,,,,,,,,,,,,,,,,,,,,,,0.0,,
VNM,2016,2,,VNM,balance_sheet,19513524046623.0,3059808166107.0,8630483623974.0,3367616862575.0,4385254758820.0,70360635147.0,10284477152156.0,3041322678.0,8228199584200.0,139663405935.0,628470651059.0,0.0,565037532412.0,29798001198779.0,6850659845222.0,6316879862995.0,533779982227.0,22947341353557.0,22947341353557.0,6933105801485.0,,233295381875.0,29798001198779.0,307089250909.0,0.0,4396134069001.0,0.0,3775819735733.0,12006621930000.0,12006621930000.0,344996641118.0,16165064550.0,1365531072109.0,133164052760.0,402464626702.0,19471996240.0,14649507421.0,17690830099.0,,,,,,,,,,,,,,,,,,,,,,,,,,,,,,,0.0,,
VNM,2016,1,,VNM,balance_sheet,18004264892914.0,1228329938789.0,9305385263665.0,3370787460751.0,4029870340727.0,69891888982.0,11064570661598.0,4302948352.0,8196789228697.0,141015540134.0,1257694829495.0,0.0,562326876187.0,29068835554512.0,6195900000302.0,5760854047953.0,435045952349.0,22872935554210.0,22872935554210.0,7123820088192.0,,234182425441.0,29068835554512.0,230193906487.0,0.0,4044031533401.0,0.0,3503789498072.0,12006621930000.0,12006621930000.0,255684975403.0,15542958257.0,1499433453402.0,137754533909.0,400225367875.0,19471636240.0,14270733421.0,18573681773.0,,,,,,,,,,,,,,,,,,,,,,,,,,,,,,,0.0,,
VNM,2015,4,,VNM,balance_sheet,16731875433624.0,1358682600684.0,8668377936330.0,2685469151432.0,3810095215771.0,209250529407.0,10746300510728.0,5573700349.0,8214134749497.0,142368204632.0,940365020223.0,0.0,584855042633.0,27478175944352.0,6554260196767.0,6004316835213.0,549943361554.0,20923915747585.0,20923915747585.0,5391795573082.0,,231349525167.0,27478175944352.0,126289719352.0,0.0,3827369319952.0,0.0,3291207229973.0,12006621930000.0,12006621930000.0,368170178853.0,19882391510.0,1475358507208.0,142345015058.0,417329840261.0,11378476240.0,15324688421.0,20898388770.0,,,,,,,,,,,,,,,,,,,,,,,,,,,,,,,0.0,,
VNM,2015,3,,VNM,balance_sheet,15029826360314.0,1409857423245.0,6918871993291.0,2984334413825.0,3658427900984.0,58334628969.0,10929142925003.0,6830412346.0,7840654962033.0,143720869109.0,972996475211.0,146935496207.0,638201606856.0,25958969285317.0,6742179621479.0,6183917147643.0,558262473836.0,19216789663838.0,19216789663838.0,3876354212648.0,,228217928395.0,25958969285317.0,190022426600.0,0.0,3669875691062.0,0.0,3100598784761.0,12006621930000.0,12006621930000.0,376211717315.0,17962164288.0,1358733604316.0,0.0,433048083758.0,25638543749.0,15163048421.0,21993460767.0,,,,,,,,,,,,,,,,,,,,,,,,,,,,,,,0.0,,
VNM,2015,2,,VNM,balance_sheet,16603153127894.0,1854221704170.0,7856878780812.0,3033862672924.0,3784847613344.0,73342356644.0,10620508562705.0,8101164343.0,8011367202666.0,145083675523.0,704211667763.0,151525977356.0,665843284286.0,27223661690599.0,5951379727175.0,5431901592093.0,519478135082.0,21272281963424.0,21272281963424.0,8167252378968.0,,213347579311.0,27223661690599.0,279648900195.0,0.0,3795398560285.0,0.0,2887837119930.0,10006413990000.0,10006413990000.0,338754261458.0,22762414626.0,872896438045.0,0.0,423014863803.0,25722035352.0,14707706026.0,22808870369.0,,,,,,,,,,,,,,,,,,,,,,,,,,,,,,,0.0,,
VNM,2015,1,,VNM,balance_sheet,16640748752812.0,1227505962892.0,8469267785759.0,2941878217850.0,3924904956963.0,77191829348.0,10362315602001.0,9371916340.0,8045671470354.0,146446481929.0,686532937484.0,156116458505.0,371344016943.0,27003064354813.0,5741614197631.0,5227911279864.0,513702917767.0,21261450157182.0,21261450157182.0,8405286185231.0,,178726632182.0,27003064354813.0,424014615246.0,0.0,3935975905243.0,0.0,2676353447778.0,10006413990000.0,10006413990000.0,343756460322.0,15238253354.0,922783147378.0,0.0,210138161691.0,378995773139.0,14554839098.0,23926755438.0,,,,,,,,,,,,,,,,,,,,,,,,,,,,,,,0.0,,
VNM,2014,4,,VNM,balance_sheet,15522309519016.0,1527875428216.0,7467962935026.0,2771736892079.0,3620107245454.0,134627018241.0,10247828541941.0,0.0,8890084022717.0,147725868615.0,700375068841.0,160706939654.0,341541338443.0,25770138060957.0,5969901577449.0,5453262931031.0,516638646418.0,19680282615855.0,19680282615855.0,7157699467945.0,,0.0,25770138060957.0,420615080215.0,0.0,3633231617297.0,5442538830.0,1550028784604.0,10006413990000.0,10006413990000.0,346383586552.0,17826386435.0,1279525014840.0,0.0,183505250834.0,380012236959.0,7395303671.0,7395303671.0,,,,,,,,,,,,,,,,,,,,,,,,,,,,,,,0.0,,
VNM,2014,3,,VNM,balance_sheet,12808828895655.0,670329547281.0,6010426758526.0,2535847162555.0,3535730778418.0,56494648875.0,11098774021552.0,0.0,8848709119929.0,104838186590.0,1598896746815.0,165290590052.0,374596885496.0,23907602917207.0,5662834497211.0,5146485757250.0,516348739961.0,18122315803395.0,18122315803395.0,5857586831474.0,,0.0,23907602917207.0,440963448155.0,0.0,3549938308880.0,6669789613.0,1378181089327.0,10006413990000.0,10006413990000.0,349878694016.0,14229030312.0,1273922478239.0,0.0,201152715870.0,1277336020900.0,6442492670.0,6442492670.0,,,,,,,,,,,,,,,,,,,,,,,,,,,,,,,0.0,,
VNM,2014,2,,VNM,balance_sheet,13778291683771.0,1219936043702.0,5917347091318.0,2239065946679.0,4259769334087.0,142173267985.0,9955953497083.0,0.0,8821435295369.0,103600345899.0,494551977550.0,169870157206.0,362797037390.0,23734245180854.0,5119511114009.0,4624642854725.0,494868259284.0,18552031822579.0,18552031822579.0,6866599920458.0,,0.0,23734245180854.0,297206010826.0,0.0,4273413117553.0,49336186072.0,1239815387659.0,8339557960000.0,8339557960000.0,326808491393.0,17653657080.0,66825762412.0,0.0,196204979134.0,191271452425.0,3698683669.0,3698683669.0,,,,,,,,,,,,,,,,,,,,,,,,,,,,,,,0.0,,
VNM,2014,1,,VNM,balance_sheet,13566719604936.0,1193310867797.0,5776073081618.0,2589045252214.0,3798942838749.0,209347564558.0,9697630589886.0,0.0,8795188483871.0,104812739721.0,328573625510.0,169988561659.0,294923636457.0,23264350194822.0,4403591598101.0,4047843509295.0,355748088806.0,18796401965978.0,18796401965978.0,7264947377603.0,,0.0,23264350194822.0,373384383132.0,0.0,3810158581368.0,57621073957.0,1086361105334.0,8339557960000.0,8339557960000.0,190497999316.0,26747069793.0,178426692076.0,0.0,173300542672.0,43912654261.0,4143542668.0,4143542668.0,,,,,,,,,,,,,,,,,,,,,,,,,,,,,,,0.0,,
VNM,2013,4,,VNM,balance_sheet,13018930127438.0,2745645325950.0,4167317622318.0,2728421414532.0,3217483048888.0,160062715750.0,9856483929198.0,0.0,8918416535379.0,149445717001.0,318308294039.0,174463919182.0,295112796930.0,22875414056636.0,5307060807329.0,4956397594108.0,350663213221.0,17545489315423.0,17545489315423.0,6149811983770.0,,0.0,22875414056636.0,423820755014.0,0.0,3227859954432.0,4880874661.0,950237983612.0,8339557960000.0,8339557960000.0,184142784403.0,20929404542.0,178943692147.0,0.0,171151838315.0,43927626956.0,736666667.0,736666667.0,,,,,,,,,,,,,,,,,,,,,,,,,,,,,,,0.0,,
VNM,2013,3,,VNM,balance_sheet,11634196616736.0,1684436360678.0,3869716691608.0,2571043374013.0,3258750181216.0,250250009221.0,9025317926360.0,0.0,8359739122551.0,150662518929.0,247787187429.0,7887328324.0,259241769127.0,20659514543096.0,3771554208170.0,3701868681483.0,69685526687.0,16887960334926.0,16887960334926.0,5677579248354.0,,0.0,20659514543096.0,558597968643.0,0.0,3262254673271.0,2010143669.0,764826880531.0,8339557960000.0,8339557960000.0,0.0,21296233954.0,0.0,0.0,109639619818.0,26322737046.0,0.0,0.0,,,,,,,,,,,,,,,,,,,,,,,,,,,,,,,0.0,,
VNM,2013,2,,VNM,balance_sheet,12077326003950.0,812485229333.0,4690836761292.0,2412771906031.0,3881704034688.0,279528072606.0,9037212764812.0,0.0,8417743279497.0,110678109172.0,285040218673.0,8190687106.0,215560470364.0,21114538768762.0,4083065582101.0,4013167930550.0,69897651551.0,17031473186661.0,17031473186661.0,6124773787226.0,,0.0,21114538768762.0,679488450242.0,0.0,3885037011153.0,1799752514.0,539193296167.0,8339557960000.0,8339557960000.0,0.0,32845817190.0,0.0,0.0,81691053305.0,78503484679.0,0.0,0.0,,,,,,,,,,,,,,,,,,,,,,,,,,,,,,,0.0,,
VNM,2013,1,,VNM,balance_sheet,11885819757336.0,1633381902213.0,3926641975882.0,2313882601252.0,3763211894998.0,248701382991.0,8703020109674.0,0.0,8168338799595.0,111680774334.0,282888887661.0,8494045888.0,131617602196.0,20588839867010.0,3717442885609.0,3657763640534.0,59679245075.0,16871396981401.0,16871396981401.0,6297150184902.0,,0.0,20588839867010.0,751565977402.0,0.0,3767593427362.0,2051386910.0,297685912159.0,8339557960000.0,8339557960000.0,0.0,19577811278.0,0.0,0.0,34953110614.0,78503484679.0,0.0,0.0,,,,,,,,,,,,,,,,,,,,,,,,,,,,,,,0.0,,
MWG,2025,4,,MWG,balance_sheet,77214626894675.0,4999925717187.0,33874270102700.0,10153065090178.0,27266851974258.0,920514010352.0,6743992590585.0,0.0,2598189217583.0,,3136315564517.0,0.0,514764555768.0,83958619485260.0,50779604357730.0,50779604357730.0,0.0,33179015127530.0,33179015127530.0,18071928848856.0,,575514468734.0,83958619485260.0,151268685838.0,6910500000000.0,27876446129267.0,0.0,,14696931770000.0,14696931770000.0,0.0,210360719303.0,29930942961668.0,0.0,63643388286.0,,403823784845.0,403823784845.0,,,,,,,,,,,,,,,,,,,,,,,,,,,,,,,0.0,,
MWG,2025,3,,MWG,balance_sheet,75125383121673.0,5510816169528.0,33436260988199.0,11515134739245.0,24101279307428.0,561891917273.0,5163114770393.0,0.0,2606757399459.0,,1632447385759.0,0.0,452807653320.0,80288497892066.0,48491298270189.0,48491298270189.0,0.0,31797199621877.0,31797199621877.0,16068670758791.0,,385850802100.0,80288497892066.0,34907414898.0,7879500000000.0,24645125687618.0,0.0,,14796931770000.0,14796931770000.0,0.0,178074374031.0,28705630115739.0,0.0,63890927950.0,,394958296709.0,394958296709.0,,,,,,,,,,,,,,,,,,,,,,,,,,,,,,,0.0,,
MWG,2025,2,,MWG,balance_sheet,75933600138863.0,6030067748439.0,34303249939745.0,11374184436260.0,23691724133318.0,534373881101.0,5067799108905.0,0.0,2977795755305.0,,1211059390404.0,0.0,379627026598.0,81001399247768.0,50985234350916.0,50985234350916.0,0.0,30016164896852.0,30016164896852.0,14297771841487.0,,374192144379.0,81001399247768.0,38235583466.0,7929000000000.0,24132788913496.0,0.0,,14796931770000.0,14796931770000.0,0.0,91483894773.0,31537973205989.0,0.0,79314425325.0,,392831179367.0,392831179367.0,,,,,,,,,,,,,,,,,,,,,,,,,,,,,,,0.0,,
MWG,2025,1,,MWG,balance_sheet,68350202307085.0,2658218136149.0,32390515015620.0,9862532179881.0,22808478321986.0,630458653449.0,4329022407862.0,0.0,3233901626643.0,,245165572130.0,0.0,395223532870.0,72679224714947.0,43010091137156.0,43010091137156.0,0.0,29669133577791.0,29669133577791.0,14128082357783.0,,365640314393.0,72679224714947.0,62660193813.0,6972000000000.0,23243566847543.0,0.0,,14622441770000.0,14622441770000.0,0.0,74354490258.0,26222186029667.0,0.0,94346155484.0,,398376958399.0,398376958399.0,,,,,,,,,,,,,,,,,,,,,,,,,,,,,,,0.0,,
MWG,2024,4,,MWG,balance_sheet,65836422620040.0,4897331540730.0,29324441756320.0,8825896224771.0,22244676326705.0,544076771514.0,4601353101564.0,0.0,3586628664045.0,,242035797830.0,0.0,358454413877.0,70437775721604.0,42316198897749.0,42316198897749.0,0.0,28121576823855.0,28121576823855.0,12582145266842.0,,364020651398.0,70437775721604.0,115888383111.0,6037714596101.0,22667774012643.0,0.0,,14622441770000.0,14622441770000.0,0.0,90966314915.0,27300246721779.0,0.0,68471833530.0,,389707802472.0,389707802472.0,,,,,,,,,,,,,,,,,,,,,,,,,,,,,,,0.0,,
MWG,2024,3,,MWG,balance_sheet,61074953380269.0,9752339611719.0,21548922441819.0,7355271408055.0,21853578009429.0,564841909247.0,5825089761066.0,0.0,4172053614940.0,,954837182399.0,0.0,290295051827.0,66900043141335.0,39624478410590.0,33471434719176.0,6153043691414.0,27275564730745.0,27275564730745.0,11735140884637.0,,359711951531.0,66900043141335.0,99504470546.0,4536444000000.0,22212929474722.0,0.0,,14622441770000.0,14622441770000.0,6151875000000.0,105104143804.0,17815809454540.0,107435776206.0,65335388244.0,,397943974045.0,397943974045.0,,,,,,,,,,,,,,,,,,,,,,,,,,,,,,,0.0,,
MWG,2024,2,,MWG,balance_sheet,59688208633825.0,5776462799036.0,25180620627700.0,7120709443487.0,21040831426681.0,569584336921.0,6181616403325.0,0.0,4963437616643.0,,409735189099.0,0.0,394567740029.0,65869825037150.0,39393065032134.0,33260021340720.0,6133043691414.0,26476760005016.0,26476760005016.0,10941518177431.0,,354529877223.0,65869825037150.0,89769785614.0,4079054912328.0,21319351807165.0,0.0,,14622441770000.0,14622441770000.0,6131875000000.0,66936043455.0,16896538090308.0,214871552412.0,73485826589.0,,411637054880.0,411637054880.0,,,,,,,,,,,,,,,,,,,,,,,,,,,,,,,0.0,,
MWG,2024,1,,MWG,balance_sheet,56259440492906.0,5570878069236.0,24673243705959.0,4862847451165.0,20492369388618.0,660101877928.0,7284090676792.0,0.0,5800295210430.0,,626146680251.0,0.0,427378020040.0,63543531169698.0,37509371821306.0,31420953129892.0,6088418691414.0,26034159348392.0,26034159348392.0,9062760763129.0,,753272607994.0,63543531169698.0,47835419540.0,1820000000000.0,20759701168631.0,0.0,,14633767160000.0,14633767160000.0,6087250000000.0,73645237397.0,17573259019801.0,230219520441.0,88037008961.0,,428907077138.0,428907077138.0,,,,,,,,,,,,,,,,,,,,,,,,,,,,,,,0.0,,
MWG,2023,4,,MWG,balance_sheet,51946979209618.0,5365704857172.0,18937008073823.0,5158853337785.0,21824235626176.0,661177314662.0,8160899236677.0,9244973329.0,6500135608914.0,,746632252729.0,0.0,452067531470.0,60107878446295.0,36748320478957.0,30761901787543.0,5986418691414.0,23359557967338.0,23359557967338.0,8160323595574.0,,13401030472.0,60107878446295.0,95981093251.0,2085917697638.0,22028684523096.0,0.0,,14633767160000.0,14633767160000.0,5985250000000.0,88995836420.0,19128541817781.0,245567488471.0,105411103799.0,,448325013301.0,457569986630.0,,,,,,,,,,,,,,,,,,,,,,,,,,,,,,,0.0,,
MWG,2023,3,,MWG,balance_sheet,49825377770911.0,2351917872085.0,20901865637222.0,3076466093091.0,22853546635654.0,641581532859.0,8819420082454.0,9744723329.0,7370760159443.0,,231034840000.0,0.0,577904496828.0,58644797853365.0,35374645192264.0,29475270192264.0,5899375000000.0,23270152661101.0,23270152661101.0,8070066037983.0,,13451365961.0,58644797853365.0,182052135682.0,16917697638.0,23080345901883.0,0.0,,14633767160000.0,14633767160000.0,5899375000000.0,100423104927.0,17026618308464.0,260915456501.0,154743817113.0,,470227965788.0,479972689117.0,,,,,,,,,,,,,,,,,,,,,,,,,,,,,,,0.0,,
MWG,2023,2,,MWG,balance_sheet,49859318033009.0,3441539364017.0,20978938278068.0,2616211969186.0,22122248996255.0,700379425483.0,9509184001159.0,9744723329.0,8195522086549.0,,231034840000.0,0.0,592185687837.0,59368502034168.0,36136108083222.0,30236733083222.0,5899375000000.0,23232393950946.0,23232393950946.0,8031326812078.0,,13374728747.0,59368502034168.0,157337870026.0,16917697638.0,22404226573742.0,0.0,,14633767160000.0,14633767160000.0,5899375000000.0,70529398738.0,16337283059017.0,276263424531.0,137493454361.0,,477080612132.0,486825335461.0,,,,,,,,,,,,,,,,,,,,,,,,,,,,,,,0.0,,
MWG,2023,1,,MWG,balance_sheet,43359007145864.0,2781240200379.0,17028152930606.0,1916483442480.0,20957418654686.0,675711917713.0,10560009308621.0,9744723329.0,9102248126679.0,,231034840000.0,0.0,640218535512.0,53919016454485.0,29965599051004.0,24064349051004.0,5901250000000.0,23953417403481.0,23953417403481.0,8745201169916.0,,14522468026.0,53919016454485.0,317182014758.0,16917697638.0,21267470463002.0,0.0,,14638792800000.0,14638792800000.0,5901250000000.0,73547466237.0,11313106175626.0,291611392560.0,157310297472.0,,492831944003.0,502576667332.0,,,,,,,,,,,,,,,,,,,,,,,,,,,,,,,0.0,,
MWG,2022,4,,MWG,balance_sheet,44631140049888.0,5061020547422.0,10059049605640.0,3072093853367.0,25696077735282.0,742898308177.0,11203069784187.0,0.0,9727502911440.0,,241034840000.0,0.0,670590081979.0,55834209834075.0,31901628316499.0,26000378316499.0,5901250000000.0,23932581517576.0,23932581517576.0,8723934226370.0,,14508097130.0,55834209834075.0,465041812093.0,26662420967.0,26058131396686.0,0.0,,14638792800000.0,14638792800000.0,5901250000000.0,97659957856.0,10688138631456.0,306959360590.0,175104437161.0,,494621576810.0,494621576810.0,,,,,,,,,,,,,,,,,,,,,,,,,,,,,,,0.0,,
MWG,2022,3,,MWG,balance_sheet,50122470481874.0,7065242844865.0,8846233086123.0,4647579247244.0,28687856655795.0,875558647847.0,11159526326252.0,8500000000.0,9429518970101.0,,231034840000.0,0.0,744002736061.0,61281996808126.0,37968545196712.0,32001045196712.0,5967500000000.0,23313451611414.0,23313451611414.0,8104893472901.0,,14526747466.0,61281996808126.0,599960435092.0,989917697638.0,29093319246705.0,0.0,,14638792800000.0,14638792800000.0,5967500000000.0,91220708251.0,16857380163191.0,322307328620.0,115369281815.0,,513820952121.0,522320952121.0,,,,,,,,,,,,,,,,,,,,,,,,,,,,,,,0.0,,
MWG,2022,2,,MWG,balance_sheet,48128776434046.0,2897829353037.0,12320647805155.0,3756036864744.0,28254091292165.0,900171118945.0,11088123214578.0,8500000000.0,9537399927556.0,,181034840000.0,0.0,721221767970.0,59216899648624.0,36812511448572.0,36812511448572.0,0.0,22404388200052.0,22404388200052.0,7198647477210.0,,13274903784.0,59216899648624.0,525160315885.0,881917697638.0,28752056117744.0,0.0,,14638792800000.0,14638792800000.0,0.0,129610329129.0,22345204155750.0,337655296650.0,62301044996.0,,510588869922.0,519088869922.0,,,,,,,,,,,,,,,,,,,,,,,,,,,,,,,0.0,,
MWG,2022,1,,MWG,balance_sheet,51376792032818.0,3259252088558.0,11699727339355.0,2624431249599.0,32587880017145.0,1205501338161.0,10993848285433.0,25417697638.0,9577455598619.0,,0.0,0.0,827367124490.0,62370640318251.0,40560349716567.0,40560349716567.0,0.0,21810290601684.0,21810290601684.0,14119039447466.0,,12617119261.0,62370640318251.0,388782013277.0,895000000000.0,33234250442400.0,0.0,,7130654950000.0,7130654950000.0,0.0,94640545310.0,24485558678313.0,353003264679.0,128340209561.0,,497936647237.0,523354344875.0,,,,,,,,,,,,,,,,,,,,,,,,,,,,,,,0.0,,
MWG,2021,4,,MWG,balance_sheet,51976153923199.0,4943933460193.0,13434708637069.0,3162121971586.0,29180338446472.0,1255051407879.0,11007042730588.0,0.0,9634175661915.0,,0.0,0.0,810779950037.0,62983196653787.0,42604837712707.0,39836437712707.0,2768400000000.0,20378358941080.0,20378358941080.0,12674574164065.0,,11950970730.0,62983196653787.0,390738782756.0,961917697638.0,29863174970269.0,0.0,,7130654950000.0,7130654950000.0,2768400000000.0,98379250626.0,21879074278786.0,368351232709.0,88371396963.0,,482389179464.0,482389179464.0,,,,,,,,,,,,,,,,,,,,,,,,,,,,,,,0.0,,
MWG,2021,3,,MWG,balance_sheet,35015204067827.0,3215215954814.0,6814280806241.0,2787721676605.0,21556084239775.0,641901390392.0,15112089537982.0,0.0,8630499611959.0,,5052594533578.0,0.0,795550291590.0,50127293605809.0,31320026379774.0,27421544713124.0,3898481666650.0,18807267226035.0,18807267226035.0,11112088580269.0,,11010484057.0,50127293605809.0,635727476555.0,1007400000000.0,22200618447241.0,0.0,,7130654950000.0,7130654950000.0,3898481666650.0,94495498354.0,14165406127888.0,383699200739.0,91206219605.0,,462191637833.0,462191637833.0,,,,,,,,,,,,,,,,,,,,,,,,,,,,,,,0.0,,
MWG,2021,2,,MWG,balance_sheet,44190714249021.0,4617786523255.0,13524445343145.0,2774679155325.0,22414714164477.0,859089062819.0,9745169738422.0,0.0,8243766931475.0,,46383695336.0,0.0,733799720776.0,53935883987443.0,35676966018299.0,34548019351648.0,1128946666651.0,18258917969144.0,18258917969144.0,12940681890963.0,,10593726480.0,53935883987443.0,461197411849.0,580000000000.0,22840830524938.0,0.0,,4754311970000.0,4754311970000.0,1128946666651.0,70937590925.0,19966291619420.0,399047168769.0,60697945155.0,,463077992288.0,463077992288.0,,,,,,,,,,,,,,,,,,,,,,,,,,,,,,,0.0,,
MWG,2021,1,,MWG,balance_sheet,40807257390563.0,2203952214497.0,12622967473973.0,1738733670248.0,23252975952139.0,988628079706.0,9078250528418.0,0.0,7744570258981.0,,49796978182.0,0.0,738620688866.0,49885507918981.0,32931983663802.0,31804171997150.0,1127811666652.0,16953524255179.0,16953524255179.0,11727652205678.0,,9945009347.0,49885507918981.0,369838632437.0,204400000000.0,23708068728499.0,0.0,,4661242270000.0,4661242270000.0,1127811666652.0,70870082626.0,17460247836731.0,414395136798.0,56562067170.0,,445898652826.0,445898652826.0,,,,,,,,,,,,,,,,,,,,,,,,,,,,,,,0.0,,
MWG,2020,4,,MWG,balance_sheet,37425547622436.0,7347957397925.0,8057318821918.0,1703464670665.0,19422177452674.0,894629279254.0,8713645982187.0,0.0,7294961666136.0,,52757540273.0,0.0,793813155551.0,46139193604623.0,30657503758191.0,29530827091538.0,1126676666653.0,15481689846432.0,15481689846432.0,10389683597845.0,,9280633826.0,46139193604623.0,287913331552.0,80000000000.0,19926363502365.0,0.0,,4532099870000.0,4532099870000.0,1126676666653.0,86907353149.0,15625180321924.0,429743104828.0,76720247019.0,,439493257757.0,439493257757.0,,,,,,,,,,,,,,,,,,,,,,,,,,,,,,,0.0,,
MWG,2020,3,,MWG,balance_sheet,32884121759949.0,2590965281039.0,10598354547946.0,1466027079598.0,17514792364187.0,713982487179.0,7843390129187.0,0.0,6502873343796.0,,52670785044.0,0.0,754235980147.0,40727511889136.0,25507281824974.0,24381740158320.0,1125541666654.0,15220230064162.0,15220230064162.0,10126795213472.0,,7839862029.0,40727511889136.0,416448184622.0,20000000000.0,18012640524608.0,0.0,,4532099870000.0,4532099870000.0,1125541666654.0,71419840627.0,11880596453867.0,445091072858.0,86302729862.0,,411312890047.0,411312890047.0,,,,,,,,,,,,,,,,,,,,,,,,,,,,,,,0.0,,
MWG,2020,2,,MWG,balance_sheet,30910452111818.0,2166228016587.0,8712400000000.0,1286574635638.0,18076174508838.0,669074950755.0,7435888773837.0,0.0,6175419082572.0,,53899866791.0,0.0,747359082117.0,38346340885655.0,24073431103150.0,22949024436495.0,1124406666655.0,14272909782505.0,14272909782505.0,9176255356065.0,,8798861637.0,38346340885655.0,254384038052.0,0.0,18626103813844.0,0.0,,4532099870000.0,4532099870000.0,1124406666655.0,76644693987.0,10589788254076.0,460439040888.0,88085516760.0,,397366344259.0,397366344259.0,,,,,,,,,,,,,,,,,,,,,,,,,,,,,,,0.0,,
MWG,2020,1,,MWG,balance_sheet,30121859890958.0,3273375468382.0,3800000000000.0,1443027344349.0,20958928807241.0,646528270986.0,6748072885643.0,0.0,5538135473664.0,,55060624800.0,0.0,753024420283.0,36869932776601.0,23491161842288.0,22367890175632.0,1123271666656.0,13378770934313.0,13378770934313.0,8281213176432.0,,8386726549.0,36869932776601.0,305554754694.0,0.0,21463192128559.0,0.0,,4532099870000.0,4532099870000.0,1123271666656.0,59441460158.0,10494639443168.0,475787008917.0,86818269725.0,,384746529647.0,384746529647.0,,,,,,,,,,,,,,,,,,,,,,,,,,,,,,,1130494084.0,,
MWG,2019,4,,MWG,balance_sheet,35011896908246.0,3177236816468.0,3075000000000.0,1815085561979.0,25745428436580.0,1199146093219.0,6696198636637.0,0.0,5403776988921.0,,56464479744.0,0.0,773963131188.0,41708095544883.0,29564503350530.0,28442366683873.0,1122136666657.0,12143592194353.0,12143592194353.0,7149694161602.0,,7786065614.0,41708095544883.0,187734040886.0,0.0,26195934673884.0,0.0,,4435461780000.0,4435461780000.0,1122136666657.0,81194129529.0,13031015620192.0,491134976947.0,104029473910.0,,374563598474.0,374563598474.0,,,,,,,,,,,,,,,,,,,,,,,,,,,,,,,1130494084.0,,
MWG,2019,3,,MWG,balance_sheet,26686795166646.0,3697191147790.0,4275400000000.0,1247264512387.0,16989973677730.0,476965828739.0,5666604339959.0,0.0,4478044283473.0,,58376172902.0,0.0,745545005883.0,32353399506605.0,21063673273217.0,19942671606559.0,1121001666658.0,11289726233388.0,11289726233388.0,6295124836220.0,,7610628054.0,32353399506605.0,192839602672.0,0.0,17386803041461.0,0.0,,4435461780000.0,4435461780000.0,1121001666658.0,57036875615.0,8912537066524.0,506482944977.0,83203921817.0,,352288659563.0,352288659563.0,,,,,,,,,,,,,,,,,,,,,,,,,,,,,,,1130494084.0,,
MWG,2019,2,,MWG,balance_sheet,27617536973491.0,3292659082600.0,6133400000000.0,1309517488724.0,16424088758792.0,457871643375.0,5149289123628.0,0.0,3930032922943.0,,59444956591.0,0.0,777774899175.0,32766826097119.0,22335864295905.0,21215997629246.0,1119866666659.0,10430961801214.0,10430961801214.0,5440043909147.0,,7159213402.0,32766826097119.0,144832642778.0,0.0,16740774626439.0,0.0,,4434961780000.0,4434961780000.0,1119866666659.0,41098207216.0,9090483757480.0,521830913007.0,114185742086.0,,330666630725.0,330666630725.0,,,,,,,,,,,,,,,,,,,,,,,,,,,,,,,1130494084.0,,
MWG,2019,1,,MWG,balance_sheet,25629416426212.0,2839159906918.0,3830000000000.0,1919077775479.0,16612706036831.0,428472706984.0,4775764293641.0,0.0,3633049694057.0,,59902315009.0,0.0,754395670031.0,30405180719853.0,20388071534769.0,19212733322011.0,1175338212758.0,10017109185084.0,10017109185084.0,5025044681771.0,,6772191478.0,30405180719853.0,74524468807.0,0.0,16952317476315.0,0.0,,4434961780000.0,4434961780000.0,1175338212758.0,29567085862.0,8617642901877.0,537178881036.0,73486403456.0,,316757634908.0,316757634908.0,,,,,,,,,,,,,,,,,,,,,,,,,,,,,,,1130494084.0,,
MWG,2018,4,,MWG,balance_sheet,23389569670395.0,3749550258212.0,50922451739.0,1560104650074.0,17446005298981.0,582987011389.0,4750536730462.0,0.0,3333147659602.0,,59937763115.0,0.0,799106535305.0,28140106400857.0,19157071069515.0,17906980221526.0,1250090847989.0,8983035331342.0,8983035331342.0,3989607252090.0,,6246101284.0,28140106400857.0,21007291749.0,0.0,17821137643753.0,0.0,,4434961780000.0,4434961780000.0,1247995997257.0,38061594053.0,5796625780221.0,552526849066.0,97030958574.0,,313775645332.0,313775645332.0,,,,,,,,,,,,,,,,,,,,,,,,,,,,,,,1130494084.0,,
MWG,2018,3,,MWG,balance_sheet,20874017598029.0,5069778230756.0,659851105432.0,1505154445936.0,13304860681973.0,334373133932.0,4672413937653.0,0.0,3330857563330.0,,58760018371.0,0.0,817716473285.0,25546431535682.0,17383663873866.0,16087062723615.0,1296601150251.0,8162767661816.0,8162767661816.0,4373549241259.0,,5116903353.0,25546431535682.0,85909526091.0,0.0,13667536889135.0,0.0,,3231695210000.0,3231695210000.0,1296366150251.0,26522024098.0,7380390607474.0,571553704258.0,103328149669.0,,310311155448.0,310311155448.0,,,,,,,,,,,,,,,,,,,,,,,,,,,,,,,1130494084.0,,
MWG,2018,2,,MWG,balance_sheet,19674745908177.0,2904599435150.0,663002153844.0,1433869348388.0,14275184170658.0,398090800137.0,4667942946620.0,0.0,3418127368371.0,,61304248723.0,0.0,813769230448.0,24342688854797.0,16827321443923.0,15487730196729.0,1339591247194.0,7515367410874.0,7515367410874.0,3726504803100.0,,5025460683.0,24342688854797.0,83457888055.0,0.0,14635272065949.0,0.0,,3231695210000.0,3231695210000.0,1339471247194.0,30568199410.0,6743526989752.0,587001101670.0,89722320028.0,,303035864435.0,303035864435.0,,,,,,,,,,,,,,,,,,,,,,,,,,,,,,,1130494084.0,,
MWG,2018,1,,MWG,balance_sheet,18987675255015.0,2344357965889.0,2567500000.0,1730824187579.0,14417399343964.0,492526257583.0,4671211025166.0,0.0,3500311717421.0,,0.0,0.0,836268659173.0,23658886280181.0,16390889686056.0,15028843299392.0,1362046386664.0,7267996594125.0,7267996594125.0,3479310244269.0,,4952791999.0,23658886280181.0,40635659294.0,0.0,14735000448428.0,0.0,,3231695210000.0,3231695210000.0,1362046386664.0,19996284651.0,6893543999852.0,602448499083.0,107166953965.0,,302365145533.0,302365145533.0,,,,,,,,,,,,,,,,,,,,,,,,,,,,,,,1130494084.0,,
MWG,2017,4,,MWG,balance_sheet,18864164526077.0,3410983351393.0,0.0,2774788963433.0,12050162650982.0,628229560269.0,3949262868938.0,0.0,3463657994935.0,,0.0,0.0,218571537101.0,22813427395015.0,16904511059800.0,15712215993053.0,1192295066747.0,5908916335215.0,5908916335215.0,2698572748459.0,,2776252251.0,22813427395015.0,128482078761.0,84700000000.0,12309955461929.0,0.0,,3169884370000.0,3169884370000.0,1192295066747.0,22475498439.0,5603505990527.0,0.0,97701063493.0,,242115970118.0,242115970118.0,,,,,,,,,,,,,,,,,,,,,,,,,,,,,,,1130494084.0,,
MWG,2017,3,,MWG,balance_sheet,13167690183427.0,2931921550990.0,0.0,1149224825069.0,8801878648220.0,284665159148.0,3464803128875.0,0.0,3003136636175.0,,0.0,0.0,200122450314.0,16632493312302.0,11388021069120.0,11328720809625.0,59300259495.0,5244472243182.0,5244472243182.0,2126634684536.0,,2457037854.0,16632493312302.0,112099614317.0,0.0,9002534724441.0,0.0,,3077657890000.0,3077657890000.0,59300259495.0,19835542897.0,3900724425099.0,0.0,104245445049.0,,227566088032.0,227566088032.0,,,,,,,,,,,,,,,,,,,,,,,,,,,,,,,1130494084.0,,
MWG,2017,2,,MWG,balance_sheet,11577309555312.0,1519018369920.0,0.0,1080674515132.0,8750915956265.0,226700713995.0,3073701329562.0,0.0,2597567374970.0,,0.0,0.0,230818672146.0,14651010884874.0,9971616825506.0,9971616825506.0,0.0,4679394059368.0,4679394059368.0,1561874098666.0,,2147304015.0,14651010884874.0,62220382656.0,0.0,8941652116201.0,0.0,,3077657890000.0,3077657890000.0,0.0,19727117766.0,3978056934755.0,0.0,137199964480.0,,201376198370.0,201376198370.0,,,,,,,,,,,,,,,,,,,,,,,,,,,,,,,1130494084.0,,
MWG,2017,1,,MWG,balance_sheet,11359326915129.0,825896971912.0,0.0,997318105526.0,9236858332902.0,299253504789.0,2748053628967.0,0.0,2302571068260.0,,0.0,0.0,184275379268.0,14107380544096.0,9708895768062.0,9708895768062.0,0.0,4398484776034.0,4398484776034.0,2819577413129.0,,1629065035.0,14107380544096.0,81339350536.0,0.0,9399334220786.0,0.0,,1539509270000.0,1539509270000.0,0.0,17199111824.0,5308039355078.0,0.0,96756137192.0,,191799300572.0,191799300572.0,,,,,,,,,,,,,,,,,,,,,,,,,,,,,,,1130494084.0,,
MWG,2016,4,,MWG,balance_sheet,12288284543051.0,996983462012.0,0.0,1410488010354.0,9370731749778.0,510081320907.0,2518202130796.0,0.0,2096122649031.0,,0.0,0.0,161973744211.0,14806486673847.0,10965132547484.0,10965132547484.0,0.0,3841354126363.0,3841354126363.0,2261759800139.0,,2316028354.0,14806486673847.0,315210181153.0,0.0,9513657569828.0,0.0,,1539509270000.0,1539509270000.0,0.0,28752778956.0,4788991746757.0,0.0,123544885549.0,,179685175407.0,179685175407.0,,,,,,,,,,,,,,,,,,,,,,,,,,,,,,,1130494084.0,,
MWG,2016,3,,MWG,balance_sheet,8258016629809.0,573679281109.0,0.0,863781519621.0,6501392114659.0,319163714420.0,1918313934715.0,0.0,1557770390122.0,,0.0,0.0,133782849130.0,10176330564524.0,6690689848300.0,6690689848300.0,0.0,3485640716224.0,3485640716224.0,1979455222787.0,,2161605567.0,10176330564524.0,174185168362.0,0.0,6611456768948.0,0.0,,1468889740000.0,1468889740000.0,0.0,22167361604.0,2794183917667.0,0.0,106759573995.0,,160053109806.0,160053109806.0,,,,,,,,,,,,,,,,,,,,,,,,,,,,,,,1130494084.0,,
MWG,2016,2,,MWG,balance_sheet,6584884495971.0,596042942677.0,0.0,657957904941.0,5083297334052.0,247586314301.0,1409729846222.0,0.0,1094471225564.0,,0.0,0.0,120327477686.0,7994614342193.0,4896390269275.0,4896390269275.0,0.0,3098224072918.0,3098224072918.0,1592148348555.0,,1945886493.0,7994614342193.0,183281192037.0,0.0,5179847206591.0,0.0,,1468889740000.0,1468889740000.0,0.0,21954565608.0,1791414070369.0,7515516418.0,93501986760.0,,137722307972.0,137722307972.0,,,,,,,,,,,,,,,,,,,,,,,,,,,,,,,1130494084.0,,
MWG,2016,1,,MWG,balance_sheet,6779189473814.0,428430307675.0,0.0,545036989515.0,5578492378888.0,227229797736.0,1185713866106.0,0.0,912225912563.0,,0.0,0.0,104103242415.0,7964903339920.0,5063479339231.0,5063479339231.0,0.0,2901424000689.0,2901424000689.0,1395420973918.0,,1873188901.0,7964903339920.0,134035455294.0,0.0,5667166715800.0,0.0,,1468889740000.0,1468889740000.0,0.0,23589037429.0,1998828634726.0,10020688559.0,76347686474.0,,120385282497.0,120385282497.0,,,,,,,,,,,,,,,,,,,,,,,,,,,,,,,1130494084.0,,
MWG,2015,4,,MWG,balance_sheet,6176432326364.0,343872968705.0,0.0,636322979955.0,4932684842299.0,263551535405.0,1089329907510.0,0.0,849146989686.0,,0.0,0.0,84864286742.0,7265762233874.0,4782209545548.0,4782209545548.0,0.0,2483552688326.0,2483552688326.0,977630195800.0,,1638854656.0,7265762233874.0,218453419175.0,0.0,5009708492628.0,0.0,,1468889740000.0,1468889740000.0,0.0,19297585840.0,2052945972681.0,12525860700.0,56933695976.0,,112464049268.0,112464049268.0,,,,,,,,,,,,,,,,,,,,,,,,,,,,,,,1130494084.0,,
MWG,2015,3,,MWG,balance_sheet,3930699462259.0,468563472336.0,0.0,427145637514.0,2910928264760.0,124062087649.0,883177985933.0,0.0,671692171138.0,,0.0,0.0,69525617053.0,4813877448192.0,2662214748395.0,2662214748395.0,0.0,2151662699797.0,2151662699797.0,715627884561.0,,1454557366.0,4813877448192.0,61602636841.0,0.0,2985874011945.0,0.0,,1399039760000.0,1399039760000.0,0.0,12227630634.0,883318955828.0,15031032841.0,38006519831.0,,105276217668.0,105276217668.0,,,,,,,,,,,,,,,,,,,,,,,,,,,,,,,1130494084.0,,
MWG,2015,2,,MWG,balance_sheet,3258605583308.0,395471160960.0,0.0,328507628500.0,2429743455648.0,104883338200.0,763606319881.0,0.0,587755418362.0,,0.0,0.0,63005155325.0,4022211903189.0,2086217368599.0,2086217368599.0,0.0,1935994534590.0,1935994534590.0,491110625544.0,,10203551176.0,4022211903189.0,45271966241.0,0.0,2477607314853.0,0.0,,1399039760000.0,1399039760000.0,0.0,14470099284.0,667293888022.0,17536204982.0,34938901318.0,,95099340666.0,95099340666.0,,,,,,,,,,,,,,,,,,,,,,,,,,,,,,,1130494084.0,,
MWG,2015,1,,MWG,balance_sheet,3031358074529.0,234502575458.0,0.0,339457348097.0,2352094537196.0,105303613778.0,634395736316.0,0.0,504895919019.0,,0.0,20041377123.0,25906574096.0,3665753810845.0,1949913865558.0,1949913865558.0,0.0,1705256597847.0,1705256597847.0,549400909977.0,,0.0,3665753810845.0,102757881260.0,0.0,2402324186729.0,0.0,,1119567790000.0,1119567790000.0,0.0,6987365282.0,780883156874.0,0.0,14856051200.0,,83551866078.0,83551866078.0,,,,,,,,,,,,,,,,,,,,,,,,,,,,,,,1130494084.0,,
MWG,2014,4,,MWG,balance_sheet,2837686622393.0,212920620191.0,0.0,296735549237.0,2195306348135.0,132724104830.0,569512868791.0,0.0,434419261598.0,,0.0,22546549264.0,112547057929.0,3407199491184.0,1923190326673.0,1923190326673.0,0.0,1474956147637.0,1474956147637.0,317840559767.0,,0.0,3407199491184.0,90846398087.0,0.0,2253516929935.0,5217189550.0,,1119567790000.0,1119567790000.0,0.0,8353792068.0,618690305273.0,0.0,25459480409.0,,0.0,0.0,,,,,,,,,,,,,,,,,,,,,,,,,,,,,,,1130494084.0,,
MWG,2014,3,,MWG,balance_sheet,2415163698218.0,418555609065.0,0.0,298254184399.0,1625424671239.0,72929233515.0,433024543759.0,0.0,316236470687.0,,0.0,24496315333.0,92291757739.0,2848188241977.0,1547641965436.0,1547641965436.0,0.0,1295478279561.0,1295478279561.0,588683361691.0,,0.0,2848188241977.0,112135033362.0,0.0,1673592377533.0,3570697126.0,,627231710000.0,627231710000.0,0.0,5354535301.0,414325064007.0,0.0,17274464118.0,,0.0,0.0,,,,,,,,,,,,,,,,,,,,,,,,,,,,,,,1130494084.0,,
MWG,2014,2,,MWG,balance_sheet,1855810970982.0,303111490091.0,0.0,289923096495.0,1218053628046.0,44722756350.0,378653151303.0,0.0,284639736830.0,,0.0,27556893546.0,66456520927.0,2234464122285.0,1109368288746.0,1109368288746.0,0.0,1120246898078.0,1120246898078.0,413451980208.0,,0.0,2234464122285.0,116655869377.0,0.0,1268534455066.0,3576862289.0,,627231710000.0,627231710000.0,0.0,733203919.0,241911624750.0,0.0,6375310747.0,,0.0,0.0,,,,,,,,,,,,,,,,,,,,,,,,,,,,,,,1130494084.0,,
MWG,2014,1,,MWG,balance_sheet,1770998561586.0,172973914667.0,0.0,237968186595.0,1316577610844.0,43478849480.0,316380017429.0,0.0,265033010072.0,,0.0,640230155.0,50706777202.0,2087378579015.0,1085189576993.0,1085189576993.0,0.0,975167725526.0,975167725526.0,701325587656.0,,0.0,2087378579015.0,27941612274.0,0.0,1350489952028.0,3118111717.0,,116418160000.0,116418160000.0,0.0,1368303375.0,448650039431.0,0.0,6913060377.0,,0.0,0.0,,,,,,,,,,,,,,,,,,,,,,,,,,,,,,,1130494084.0,,
FPT,2025,4,,FPT,balance_sheet,58102970741619.0,10540181640920.0,29612986737440.0,14400800569076.0,2167188682919.0,1381813111264.0,29986651038243.0,5278733014.0,17330033606586.0,,4737863994182.0,0.0,5749495414786.0,88089621779862.0,44338155487272.0,41552785100161.0,2785370387111.0,43751466292590.0,43748716292590.0,14324284500434.0,2750000000.0,7265098386273.0,88089621779862.0,915176652285.0,9195910819.0,2250812490757.0,0.0,1556932891952.0,17035071210000.0,17035071210000.0,1903789988184.0,761332738428.0,19169697497955.0,1015730266161.0,4200230383066.0,3823762975906.0,611435814893.0,564342065270.0,,,,,,,,,,,,,,,,,,,,,,,,,,,,,,,3499547369952.0,,
FPT,2025,3,,FPT,balance_sheet,53632976863548.0,9853512731370.0,27125585559832.0,13077014449004.0,2050315910017.0,1526548213325.0,29105328066901.0,4847000537.0,16990519914677.0,,3982982376038.0,0.0,5915455046818.0,82738304930449.0,39907781019976.0,36285959995924.0,3621821024052.0,42830523910473.0,42827773910473.0,13905342142939.0,2750000000.0,7039652215035.0,82738304930449.0,801251699142.0,45227471491.0,2134346913983.0,0.0,1237865469600.0,17035071210000.0,17035071210000.0,2681435422290.0,889386954751.0,16906417104678.0,1175980649927.0,4112639286448.0,3467604969734.0,624504027254.0,576978545154.0,,,,,,,,,,,,,,,,,,,,,,,,,,,,,,,3499547369952.0,,
FPT,2025,2,,FPT,balance_sheet,52711179992741.0,10019630995136.0,26619399709978.0,12525313635530.0,2074111218172.0,1472724433925.0,28554895462630.0,5262117035.0,16736349598106.0,,3814048381835.0,0.0,5696418377281.0,81266075455371.0,41393292129716.0,37683199470884.0,3710092658832.0,39872783325655.0,39870033325655.0,13754755729692.0,2750000000.0,6569531877020.0,81266075455371.0,806039137690.0,10069852326.0,2157814116939.0,0.0,1153142943064.0,14813301220000.0,14813301220000.0,2739611909827.0,832680973164.0,20297311111107.0,1157563156639.0,3961673550929.0,3489039064306.0,602496864928.0,555386499326.0,,,,,,,,,,,,,,,,,,,,,,,,,,,,,,,3445303270339.0,,
FPT,2025,1,,FPT,balance_sheet,46075510989597.0,6755645214252.0,23768377985785.0,11997831491115.0,2107939084995.0,1445717213450.0,27922162132192.0,3234647419.0,15548353983782.0,,3526503466795.0,0.0,5600891937741.0,73997673121789.0,36101018424847.0,33917117422503.0,2183901002344.0,37896654696942.0,37893904696942.0,13205526456323.0,2750000000.0,5822598933827.0,73997673121789.0,654479702711.0,9757907901.0,2238873166859.0,0.0,2071074307101.0,14710691830000.0,14710691830000.0,987681080191.0,601277867861.0,18320209599285.0,1066102117874.0,3785638253320.0,3422494535673.0,482857117398.0,433719282180.0,,,,,,,,,,,,,,,,,,,,,,,,,,,,,,,1929012703454.0,,
FPT,2024,4,,FPT,balance_sheet,45535942846453.0,9315440438884.0,21785213686808.0,11381523992803.0,1856756949030.0,1197007778928.0,26464052832167.0,2509722351.0,14816131186204.0,,3318095237260.0,0.0,5438413518284.0,71999995678620.0,36272455573820.0,34836184067740.0,1436271506080.0,35727540104800.0,35724790104800.0,11030528671431.0,2750000000.0,5933309621004.0,71999995678620.0,610379845664.0,9808117590.0,1990224486513.0,0.0,2033289141535.0,14710691830000.0,14710691830000.0,501115537075.0,562066755666.0,14446238451323.0,1097458206678.0,3765187625417.0,3393737969842.0,381508926294.0,331646166008.0,,,,,,,,,,,,,,,,,,,,,,,,,,,,,,,1929012703454.0,,
FPT,2024,3,,FPT,balance_sheet,42605105704316.0,7935632407357.0,19442595123064.0,11875150699489.0,2059110974322.0,1292616500084.0,24976481427066.0,897416719.0,14439270982491.0,,3214141461080.0,0.0,5501511121171.0,67581587131382.0,32217402904957.0,30969636903539.0,1247766001418.0,35364184226425.0,35361434226425.0,11263802921306.0,2750000000.0,5671387531825.0,67581587131382.0,566097011978.0,33543915000.0,2193960954794.0,0.0,1785871347912.0,14604480660000.0,14604480660000.0,478259485405.0,561493915003.0,14167809581083.0,1434724678776.0,3447179472476.0,3127281986657.0,398299567069.0,346824501151.0,,,,,,,,,,,,,,,,,,,,,,,,,,,,,,,1928079706361.0,,
FPT,2024,2,,FPT,balance_sheet,40835231143696.0,6836262549195.0,19916062543669.0,10992515047452.0,1883517781683.0,1206873221697.0,24451014484828.0,298168000.0,14177576187762.0,,3095902850581.0,0.0,5386582674862.0,65286245628524.0,32549802380215.0,31353291224627.0,1196511155588.0,32736443248309.0,32733693248309.0,9178029915429.0,2750000000.0,5250105319906.0,65286245628524.0,599121868182.0,18634400000.0,2020867809584.0,0.0,1689800219262.0,14604480660000.0,14604480660000.0,478494331122.0,773964458511.0,16024050830233.0,1479792163477.0,3317231255111.0,2957192860629.0,367722195710.0,315647881073.0,,,,,,,,,,,,,,,,,,,,,,,,,,,,,,,1928079706361.0,,
FPT,2024,1,,FPT,balance_sheet,37679149034489.0,6341457504996.0,18230159723426.0,10054871366217.0,1856403641469.0,1196256798381.0,24345556013940.0,0.0,13814237251681.0,,3415559155234.0,0.0,5366724357153.0,62024705048429.0,30297604017265.0,29033182945777.0,1264421071488.0,31727101031164.0,31724351031164.0,10478838767447.0,2750000000.0,4892732884725.0,62024705048429.0,628462570207.0,657520000.0,1996597949120.0,0.0,1626776630590.0,12699688750000.0,12699688750000.0,525148987126.0,663830151912.0,15984086694338.0,1611723437032.0,3291841329838.0,2949336301696.0,372045169185.0,319672686548.0,,,,,,,,,,,,,,,,,,,,,,,,,,,,,,,1928079706361.0,,
FPT,2023,4,,FPT,balance_sheet,36709543350385.0,8279156683221.0,16104205358010.0,9533935053243.0,1593411075233.0,1198835180678.0,23615732701547.0,0.0,13643232649898.0,,3367402312269.0,0.0,5042420397778.0,60325276051932.0,30376921097518.0,29667280422306.0,709640675212.0,29948354954414.0,29945604954414.0,8679208502528.0,2750000000.0,4958194500693.0,60325276051932.0,348405863076.0,515430000.0,1724956924671.0,0.0,1559995344872.0,12699688750000.0,12699688750000.0,208074996962.0,602100022731.0,13837894474107.0,1283790079129.0,3389945901107.0,2830355013038.0,299779688236.0,247407205599.0,,,,,,,,,,,,,,,,,,,,,,,,,,,,,,,1928602158147.0,,
FPT,2023,3,,FPT,balance_sheet,39531943273981.0,7153625069795.0,19618195845890.0,9819319720327.0,1757547511785.0,1183255126184.0,22580733074663.0,582878037.0,13261738918834.0,,3223296628954.0,0.0,4529333425055.0,62112676348644.0,33707020718946.0,33050415339821.0,656605379125.0,28405655629698.0,28402905629698.0,8388775579103.0,2750000000.0,4771571633243.0,62112676348644.0,419601591333.0,50546966120.0,1896440753051.0,0.0,1278251861087.0,12699688750000.0,12699688750000.0,172070230363.0,501875085943.0,18937892531470.0,755457584159.0,3426793863558.0,2562675236710.0,289197032318.0,237407427718.0,,,,,,,,,,,,,,,,,,,,,,,,,,,,,,,1179064868147.0,,
FPT,2023,2,,FPT,balance_sheet,38758427341944.0,6236475101406.0,20451941376989.0,9006495599449.0,2028260743417.0,1035254520683.0,21765967171287.0,729134337.0,12232267027235.0,,3045169826409.0,0.0,4501685335332.0,60524394513231.0,31929066630167.0,31286939836444.0,642126793723.0,28595327883064.0,28592577883064.0,10666118581988.0,2750000000.0,4444671445841.0,60524394513231.0,500907002679.0,50562368657.0,2178824846894.0,0.0,1186162995340.0,11043316220000.0,11043316220000.0,214538478651.0,601240983383.0,19307278156994.0,693010132357.0,3492345731610.0,2432093749312.0,280432794993.0,228789446693.0,,,,,,,,,,,,,,,,,,,,,,,,,,,,,,,1179064868147.0,,
FPT,2023,1,,FPT,balance_sheet,29524492711606.0,3289424451229.0,13860719245281.0,9293933666296.0,2085309446226.0,995105902574.0,21216668704842.0,1002905644.0,11983455355040.0,,3257209895051.0,0.0,4512159868725.0,50741161416448.0,23679982202458.0,23043504756733.0,636477445725.0,27061179213990.0,27058429213990.0,9207127401083.0,2750000000.0,4472360423478.0,50741161416448.0,646447723206.0,50766311424.0,2236267337224.0,0.0,1134117262506.0,10970265720000.0,10970265720000.0,312845373321.0,662235154979.0,12043373564413.0,715362979924.0,3516501185403.0,2364550933343.0,274630125271.0,223260548278.0,,,,,,,,,,,,,,,,,,,,,,,,,,,,,,,1179064868147.0,,
FPT,2022,4,,FPT,balance_sheet,30933924692832.0,6440177174268.0,13036072272619.0,8510152205706.0,1965787736563.0,981735303676.0,20721483952116.0,1189922137.0,12032914964907.0,,3251688307364.0,0.0,4149601281921.0,51655408644948.0,26312427899207.0,24534231146586.0,1778196752621.0,25342980745741.0,25340230745741.0,7704079785679.0,2750000000.0,4310620574492.0,51655408644948.0,293039400616.0,882560901.0,2121118039562.0,0.0,1079641024169.0,10970265720000.0,10970265720000.0,1477830333990.0,491097603761.0,10904344845014.0,407944847961.0,3488252134893.0,2386837295565.0,276273436689.0,225090876189.0,,,,,,,,,,,,,,,,,,,,,,,,,,,,,,,1179064868147.0,,
FPT,2022,3,,FPT,balance_sheet,35269474823622.0,3737291803926.0,20389025847693.0,8184661159428.0,2188156229832.0,770339782743.0,19857626692533.0,1291670151.0,11384340094228.0,,3360604292956.0,0.0,3958794897930.0,55127101516155.0,31071333186539.0,28697860823948.0,2373472362591.0,24055768329616.0,24053018329616.0,6953169466146.0,2750000000.0,4160482918155.0,55127101516155.0,378829424777.0,100614829000.0,2296513265409.0,0.0,709313832999.0,10970265720000.0,10970265720000.0,2082516102387.0,913352865512.0,16248169308008.0,422574249924.0,3264803928105.0,2261588722773.0,249558811430.0,198477998944.0,,,,,,,,,,,,,,,,,,,,,,,,,,,,,,,1178175536522.0,,
FPT,2022,2,,FPT,balance_sheet,37159706261301.0,5219950154604.0,21520473393082.0,7494546042666.0,2207460290255.0,717276380694.0,19135844889005.0,1505789237.0,10634895059784.0,,3130048656693.0,0.0,3795357179998.0,56295551150306.0,32883878002931.0,30416062290247.0,2467815712684.0,23411673147375.0,23408923147375.0,6595216750742.0,2750000000.0,3852246361310.0,56295551150306.0,318135753388.0,230514320000.0,2307220887489.0,0.0,703060297129.0,10970265720000.0,10970265720000.0,2142433707042.0,692341801749.0,19720103859650.0,437203651887.0,3125055583508.0,1997596608809.0,228050253580.0,177183560180.0,,,,,,,,,,,,,,,,,,,,,,,,,,,,,,,1178174776366.0,,
FPT,2022,1,,FPT,balance_sheet,36617350544580.0,4825840656865.0,21606129233008.0,7635393660172.0,1841894721430.0,708092273105.0,18983948809040.0,1843371213.0,10565697032867.0,,3311117191071.0,0.0,3728313587632.0,55601299353620.0,32641897512034.0,30137625429078.0,2504272082956.0,22959401841586.0,22956651841586.0,8244315683289.0,2750000000.0,3775623015431.0,55601299353620.0,340903447190.0,300496746655.0,1949021697571.0,0.0,567067242973.0,9075516490000.0,9075516490000.0,2228486463502.0,613378448097.0,20476429866972.0,451674038727.0,3041553782870.0,1965581621372.0,240576957028.0,187691154423.0,,,,,,,,,,,,,,,,,,,,,,,,,,,,,,,1178174776366.0,,
FPT,2021,4,,FPT,balance_sheet,35116784160545.0,5417845274047.0,20730720735456.0,6882319562187.0,1507342901619.0,578555687236.0,18579859430879.0,2268758773.0,10398841278372.0,,3100458973524.0,0.0,3621268367627.0,53696643591424.0,32276466949020.0,29811587201351.0,2464879747669.0,21420176642404.0,21417426642404.0,6997849946082.0,2750000000.0,3477416153145.0,53696643591424.0,400846789036.0,34762220000.0,1623315328554.0,0.0,574902605021.0,9075516490000.0,9075516490000.0,2296308494046.0,710658541296.0,17799441187777.0,466929099458.0,2972696947589.0,1931006629408.0,219704534928.0,167244119883.0,,,,,,,,,,,,,,,,,,,,,,,,,,,,,,,1178174776366.0,,
FPT,2021,3,,FPT,balance_sheet,30655506375345.0,5446784083688.0,16055301795066.0,6654818353847.0,1955072057943.0,543530084801.0,17589371624276.0,2574676673.0,8442954951887.0,,2754826446669.0,0.0,3447333732170.0,48244877999621.0,27920744789189.0,25891181819535.0,2029562969654.0,20324133210432.0,20321383210432.0,6089271019675.0,2750000000.0,3340600465277.0,48244877999621.0,338658818579.0,260408900000.0,2075649392742.0,0.0,517940941802.0,9075516490000.0,9075516490000.0,1818552251255.0,883273527253.0,15943319237854.0,508002558873.0,2819282135701.0,1797807709833.0,220362896628.0,168588399483.0,,,,,,,,,,,,,,,,,,,,,,,,,,,,,,,1178174776366.0,,
FPT,2021,2,,FPT,balance_sheet,29634333850918.0,4978881337221.0,15532505379957.0,6675995128182.0,1849606883871.0,597345121687.0,17346167199680.0,93335081908.0,8292676926263.0,,2649059504770.0,0.0,3327220825730.0,46980501050598.0,26922972857653.0,24989658347910.0,1933314509743.0,20057528192945.0,20054778192945.0,5900973399171.0,2750000000.0,3270651290604.0,46980501050598.0,579927721506.0,235416520000.0,1975988437987.0,0.0,501599626887.0,9075516490000.0,9075516490000.0,1800034282871.0,918425150837.0,15361627338629.0,496238868858.0,2723167857012.0,1344680826356.0,287712999088.0,326698907178.0,,,,,,,,,,,,,,,,,,,,,,,,,,,,,,,1176568596721.0,,
FPT,2021,1,,FPT,balance_sheet,27905525240833.0,5162685900519.0,14057681981618.0,6051076946319.0,1638474324623.0,995606087754.0,16568753168985.0,93568407678.0,8373230770473.0,,2804530745720.0,0.0,2625486242551.0,44474278409818.0,24743977981996.0,22968032691682.0,1775945290314.0,19730300427822.0,19727550427822.0,7294117578994.0,2750000000.0,3092414808669.0,44474278409818.0,467365468959.0,0.0,1760642156640.0,0.0,462731536495.0,7839874860000.0,7839874860000.0,1674335919096.0,677215380800.0,14804786460957.0,223327627847.0,2285753665693.0,1202989742312.0,206770217984.0,245989451844.0,,,,,,,,,,,,,,,,,,,,,,,,,,,,,,,920081410199.0,,
FPT,2020,4,,FPT,balance_sheet,25608346381474.0,4684867868361.0,12435918124269.0,6263024543620.0,1290091524352.0,934444320872.0,16141090782024.0,93992225574.0,8317998687965.0,,2605504854052.0,0.0,2601321080116.0,41749437163498.0,23146723671078.0,22382164623421.0,764559047657.0,18602713492420.0,18599963492420.0,6390630135723.0,2750000000.0,2859152779020.0,41749437163498.0,459336196478.0,185532228683.0,1405083502315.0,0.0,440634735853.0,7839874860000.0,7839874860000.0,677796913413.0,463125962596.0,12062410192740.0,200034225027.0,2266063078923.0,927787136286.0,203229811570.0,242872863326.0,,,,,,,,,,,,,,,,,,,,,,,,,,,,,,,920081410199.0,,
FPT,2020,3,,FPT,balance_sheet,22473334313473.0,4306782189437.0,9990823495588.0,5930772737994.0,1295548177189.0,949407713265.0,15284122357685.0,91149360800.0,7238790571133.0,,2529556438447.0,206724143763.0,2318332539037.0,37757456671158.0,19576055665489.0,18551811881772.0,1024243783717.0,18181401005669.0,18178651005669.0,5843096960248.0,2750000000.0,3118599246246.0,37757456671158.0,464970526451.0,21168790.0,1375484867442.0,0.0,330124830708.0,7839874860000.0,7839874860000.0,753066378324.0,396225538416.0,10256051493688.0,0.0,2283037199946.0,922165806267.0,334832674369.0,371632861351.0,,,,,,,,,,,,,,,,,,,,,,,,,,,,,,,920081410199.0,,
FPT,2020,2,,FPT,balance_sheet,20974738294596.0,4180454757893.0,8823220085750.0,5803633693745.0,1300202611747.0,867227145461.0,14938070369160.0,91148113400.0,7365996280591.0,,2451568314545.0,213414062499.0,2325398922216.0,35912808663756.0,18009082670732.0,16991794634833.0,1017288035899.0,17903725993024.0,17900975993024.0,5744686806612.0,2750000000.0,2944452240481.0,35912808663756.0,432212031129.0,0.0,1375253714502.0,0.0,342769607414.0,7839874860000.0,7839874860000.0,803273190638.0,383308792651.0,9571890414760.0,0.0,2291095492149.0,865250071864.0,311628845936.0,348427785518.0,,,,,,,,,,,,,,,,,,,,,,,,,,,,,,,912977796599.0,,
FPT,2020,1,,FPT,balance_sheet,19577485114151.0,3891505567427.0,6943402877397.0,6587706294394.0,1209839863299.0,945030511634.0,14839183674775.0,84637936400.0,7331928850009.0,,2579220701049.0,0.0,2583898944401.0,34416668788926.0,16785979311455.0,15838154515551.0,947824795904.0,17630689477471.0,17627939477471.0,6687411938813.0,2750000000.0,2890445222074.0,34416668788926.0,373805877604.0,230160921124.0,1285598030749.0,0.0,325350984284.0,6817504780000.0,6817504780000.0,778966375255.0,356641092429.0,9110750395492.0,220031264727.0,2323596176561.0,912250071864.0,300966311200.0,331255073782.0,,,,,,,,,,,,,,,,,,,,,,,,,,,,,,,765332464859.0,,
FPT,2019,4,,FPT,balance_sheet,19038081282518.0,3457655751733.0,6777898508889.0,6520456215584.0,1284200733943.0,997870072369.0,14620661733724.0,427917600.0,7491241713294.0,,2496552054487.0,0.0,2760879786138.0,33658743016242.0,16783930959035.0,16291312998786.0,492617960249.0,16874812057207.0,16872062057207.0,5999465426589.0,2750000000.0,2835086436716.0,33658743016242.0,274825585395.0,2717176861.0,1349958901393.0,0.0,307526573229.0,6783586880000.0,6783586880000.0,349769099942.0,383562042162.0,7515958654008.0,225929415272.0,2494699086503.0,893623994517.0,275438562531.0,221517306313.0,,,,,,,,,,,,,,,,,,,,,,,,,,,,,,,780914628944.0,,
FPT,2019,3,,FPT,balance_sheet,18431909603327.0,3230352153676.0,6305339416212.0,6515911793608.0,1425172257953.0,955133981878.0,13844914861433.0,27000000000.0,7184933236936.0,,2479487378717.0,0.0,2149555207086.0,32276824464760.0,16025694080600.0,15404437564853.0,621256515747.0,16251130384160.0,16248380384160.0,5649074093096.0,2750000000.0,2671305243641.0,32276824464760.0,398988974061.0,548229100.0,1491094975154.0,0.0,221554262398.0,6783586880000.0,6783586880000.0,435530138322.0,374475950305.0,8217017165227.0,322019955850.0,1788546498680.0,893623994517.0,277675727104.0,249946553286.0,,,,,,,,,,,,,,,,,,,,,,,,,,,,,,,777869243918.0,,
FPT,2019,2,,FPT,balance_sheet,17849605068190.0,3081007361357.0,5892075944888.0,6452904237545.0,1508550852201.0,915066672199.0,12526152004774.0,0.0,6913929593779.0,,2347928008422.0,0.0,1708476939986.0,30375757072964.0,14570321210316.0,14116094162443.0,454227047873.0,15805435862648.0,15802685862648.0,5367190230972.0,2750000000.0,2492378126833.0,30375757072964.0,373533640166.0,50781019440.0,1580294933153.0,0.0,221229437401.0,6783586880000.0,6783586880000.0,278034243597.0,504493867819.0,7273258811787.0,313492610518.0,1354729415894.0,847143994517.0,168819882722.0,114090708904.0,,,,,,,,,,,,,,,,,,,,,,,,,,,,,,,786858519093.0,,
FPT,2019,1,,FPT,balance_sheet,16918516176002.0,2678204837715.0,5727896026412.0,5872491479218.0,1465488400196.0,1174435432461.0,11829804916473.0,79230652.0,6690492920734.0,,2289488224664.0,0.0,1352966950068.0,28748321092475.0,13215557898357.0,12709176054673.0,506381843684.0,15532763194118.0,15530013194118.0,5912132278713.0,2750000000.0,2443815265047.0,28748321092475.0,279126435406.0,925510658.0,1526103850227.0,0.0,226332643971.0,6136367720000.0,6136367720000.0,346870919847.0,627012826668.0,6585118717633.0,317464999633.0,998691329918.0,824643994517.0,180682775551.0,126032832385.0,,,,,,,,,,,,,,,,,,,,,,,,,,,,,,,670060405250.0,,
FPT,2018,4,,FPT,balance_sheet,18373436282760.0,3926316297829.0,5567995714107.0,6424005050090.0,1340687216347.0,1114432004387.0,11352494084644.0,392794707.0,6513735578258.0,,2202466649730.0,0.0,1351725531977.0,29725930367404.0,14963120976839.0,14432174582903.0,530946393936.0,14762809390565.0,14760059390565.0,5289520781802.0,2750000000.0,2301815230563.0,29725930367404.0,218427501076.0,910049188.0,1401302666378.0,0.0,223908928276.0,6136367720000.0,6136367720000.0,366793322852.0,418652248691.0,6603319589348.0,326017723180.0,988477952687.0,793360844792.0,164124620037.0,109788240926.0,,,,,,,,,,,,,,,,,,,,,,,,,,,,,,,667035271273.0,,
FPT,2018,3,,FPT,balance_sheet,17461655201328.0,3982145134665.0,5067136124622.0,5704790784580.0,1545244045730.0,1162339111731.0,10619213737485.0,0.0,5601853847035.0,,2000007909095.0,0.0,1648577505179.0,28080868938813.0,13916060196857.0,13360081506284.0,555978690573.0,14164808741956.0,14162058741956.0,4776113278181.0,2750000000.0,2292337007819.0,28080868938813.0,244173236292.0,0.0,1548591192845.0,0.0,167094186985.0,6136367720000.0,6136367720000.0,302022093735.0,611546728222.0,6716837131564.0,717504213182.0,892811476111.0,749521251289.0,147947456296.0,254769962478.0,,,,,,,,,,,,,,,,,,,,,,,,,,,,,,,631969693052.0,,
FPT,2018,2,,FPT,balance_sheet,16757931160407.0,4060090013409.0,4866280283759.0,5429554630371.0,1276158251807.0,1125847981061.0,9528214377917.0,0.0,5418766783628.0,,1925316091686.0,0.0,962335366522.0,26286145538324.0,12400576249250.0,11901667720854.0,498908528396.0,13885569289074.0,13882819289074.0,4670505451280.0,2750000000.0,2123891391702.0,26286145538324.0,235001535974.0,0.0,1279505398922.0,0.0,167077476888.0,6136367720000.0,6136367720000.0,404863295760.0,576244037368.0,5971944040829.0,0.0,854881589772.0,749364823537.0,139573642808.0,246396148990.0,,,,,,,,,,,,,,,,,,,,,,,,,,,,,,,631969693052.0,,
FPT,2018,1,,FPT,balance_sheet,15891378282225.0,3076144406971.0,4798538245584.0,5709635608502.0,1181169445667.0,1125890575501.0,9119541571431.0,0.0,5189934475460.0,,1850084969756.0,0.0,861998585534.0,25010919853656.0,11111083511698.0,10523957829819.0,587125681879.0,13899836341958.0,13897086341958.0,6019674680916.0,2750000000.0,1954162280226.0,25010919853656.0,277095606491.0,0.0,1184516592782.0,0.0,173708814233.0,5309611050000.0,5309611050000.0,491988687629.0,650265625121.0,4993557964115.0,0.0,822692250912.0,749294842700.0,140394461510.0,247216967692.0,,,,,,,,,,,,,,,,,,,,,,,,,,,,,,,287829523052.0,,
FPT,2017,4,,FPT,balance_sheet,16053004009331.0,3480646512895.0,4379446212073.0,6162178597688.0,1002295093871.0,1028437592804.0,8972219294530.0,0.0,5264443175635.0,,1787122979757.0,0.0,872627203316.0,25025223303861.0,11790285012042.0,11129329088689.0,660955923353.0,13234938291819.0,13232188291819.0,5507402652308.0,2750000000.0,1809385579397.0,25025223303861.0,95942796039.0,0.0,1006126622804.0,0.0,172002871735.0,5309611050000.0,5309611050000.0,565209817637.0,561261495876.0,4116988708324.0,0.0,812192797375.0,749259852282.0,135643533423.0,242466039605.0,,,,,,,,,,,,,,,,,,,,,,,,,,,,,,,287829523052.0,,
FPT,2017,3,,FPT,balance_sheet,21767021262664.0,5224202887296.0,3477767956792.0,7317866840669.0,4394372633733.0,1352810944174.0,7926685854116.0,0.0,4905909566853.0,,785373395694.0,0.0,1079361613025.0,29693707116780.0,16659920638433.0,15768899724110.0,891020914323.0,13033786478347.0,13031036478347.0,4930835458165.0,2750000000.0,2403256247224.0,29693707116780.0,509660848671.0,0.0,4439874335978.0,0.0,128954169510.0,5309611050000.0,5309611050000.0,666028478383.0,605986311096.0,7916804619692.0,0.0,1004747975953.0,749270143582.0,211226543616.0,319077395388.0,,,,,,,,,,,,,,,,,,,,,,,,,,,,,,,119453610000.0,,
FPT,2017,2,,FPT,balance_sheet,20220919501796.0,4577961502901.0,3361115859529.0,6816083732794.0,4178402190496.0,1287356216076.0,7824884427172.0,0.0,4750596377970.0,,795947354918.0,0.0,1041132683512.0,28045803928968.0,15895578198903.0,14738301728092.0,1157276470811.0,12150225730065.0,12147475730065.0,4309032623346.0,2750000000.0,2144162072539.0,28045803928968.0,503241685841.0,0.0,4232635876808.0,0.0,129518486984.0,5309611050000.0,5309611050000.0,967277281663.0,547311184469.0,7887844050852.0,0.0,962421353611.0,751374260101.0,202563920646.0,310414772418.0,,,,,,,,,,,,,,,,,,,,,,,,,,,,,,,119453610000.0,,
FPT,2017,1,,FPT,balance_sheet,20264901139315.0,4035911405009.0,4208375623745.0,5914799777521.0,4835067582313.0,1270746750727.0,7739026250157.0,0.0,4472327146696.0,,814313827706.0,0.0,1049795330102.0,28003927389472.0,16023450273063.0,14835525527653.0,1187924745410.0,11980477116409.0,11977727116409.0,5019457117921.0,2750000000.0,2029550890382.0,28003927389472.0,438780412556.0,0.0,4892326445708.0,0.0,130632143747.0,4594266840000.0,4594266840000.0,1018757872462.0,574341969779.0,8894176678529.0,0.0,960396905052.0,752562393141.0,197384011719.0,386010703491.0,,,,,,,,,,,,,,,,,,,,,,,,,,,,,,,56882670000.0,,
FPT,2016,4,,FPT,balance_sheet,22082043377930.0,5530631337393.0,3975682395024.0,6814501442288.0,4532523674211.0,1228704529014.0,7830410830267.0,0.0,4581152271885.0,,805462009802.0,0.0,1096888215960.0,29912454208197.0,18464443603082.0,17471939662823.0,992503940259.0,11448010605115.0,11445260605115.0,4671222532503.0,2750000000.0,1922952382942.0,29912454208197.0,614622803831.0,0.0,4595745337778.0,0.0,126825173804.0,4594266840000.0,4594266840000.0,764018642492.0,619738720597.0,9175453147807.0,0.0,1007526108358.0,756802393141.0,152655954811.0,341282646583.0,,,,,,,,,,,,,,,,,,,,,,,,,,,,,,,0.0,,
FPT,2016,3,,FPT,balance_sheet,18913791763597.0,4675450843741.0,2907899775232.0,5779937142113.0,4465072599458.0,1085431403053.0,7484135769767.0,0.0,4472559218947.0,,747707523862.0,0.0,995918462220.0,26397927533364.0,15434638528758.0,14346984961480.0,1087653567278.0,10963289004606.0,10960539004606.0,4250545485178.0,2750000000.0,1904655208078.0,26397927533364.0,517158761716.0,0.0,4564524570864.0,0.0,68353080804.0,4594266840000.0,4594266840000.0,797143763677.0,491707613042.0,7732115769330.0,0.0,913512661074.0,683430917721.0,155282077297.0,343908769069.0,,,,,,,,,,,,,,,,,,,,,,,,,,,,,,,0.0,,
FPT,2016,2,,FPT,balance_sheet,17801376676329.0,3875543217939.0,2736219157412.0,5342237880621.0,4693664582214.0,1153711838143.0,7543128306561.0,0.0,4485984585934.0,,739068597834.0,0.0,1071373006709.0,25344504982890.0,14434112158621.0,13305699676988.0,1128412481633.0,10910392824269.0,10907642824269.0,4249998740248.0,2750000000.0,1840324148307.0,25344504982890.0,387447591247.0,0.0,4774409637783.0,0.0,74545823741.0,4594266840000.0,4594266840000.0,854443052022.0,462307513060.0,7461561358475.0,0.0,896082789432.0,653932954088.0,175747621014.0,364224312786.0,,,,,,,,,,,,,,,,,,,,,,,,,,,,,,,0.0,,
FPT,2016,1,,FPT,balance_sheet,17461658575148.0,3429950285189.0,2223028355804.0,4955476177915.0,5088588279987.0,1764615476253.0,7233794788358.0,0.0,4386355015955.0,,687941279267.0,0.0,1027999138680.0,24695453363506.0,14052382733258.0,12948092792816.0,1104289940442.0,10643070630248.0,10640320630248.0,4732993382785.0,2750000000.0,1708194645592.0,24695453363506.0,239367055862.0,0.0,5167886929063.0,0.0,79481602212.0,3975316400000.0,3975316400000.0,791606072465.0,448010225764.0,7381113092311.0,0.0,863111812153.0,586335847019.0,166415493041.0,354892184813.0,,,,,,,,,,,,,,,,,,,,,,,,,,,,,,,0.0,,
FPT,2015,4,,FPT,balance_sheet,19209379831470.0,3584709151768.0,2659240824447.0,5720742057077.0,5278907642802.0,1965780155376.0,6773824789251.0,0.0,4331209412185.0,,689880790535.0,0.0,1007687484980.0,25983204620721.0,15804967695555.0,14804950680266.0,1000017015289.0,10178236925166.0,10175486925166.0,4386921053111.0,2750000000.0,1592194992858.0,25983204620721.0,245703622820.0,0.0,5342839679944.0,0.0,79748336612.0,3975316400000.0,3975316400000.0,681199048432.0,410040018332.0,8124598534499.0,0.0,791017761199.0,610236272675.0,168590091636.0,114739263408.0,,,,,,,,,,,,,,,,,,,,,,,,,,,,,,,0.0,,
FPT,2015,3,,FPT,balance_sheet,16827486019097.0,3015692853195.0,1912645754176.0,5278432468253.0,4738188245711.0,1882526697762.0,6849675532914.0,0.0,4777790179794.0,,785343869533.0,315879176703.0,970662306884.0,23677161552011.0,13704990939996.0,13006055040834.0,698935899162.0,9972170612015.0,9969420612015.0,4260207462217.0,2750000000.0,1537494021384.0,23677161552011.0,564233292270.0,0.0,4794388751194.0,96873244761.0,78776566683.0,3975316400000.0,3975316400000.0,519455092705.0,616530102872.0,7123584157075.0,0.0,707275398374.0,695530614296.0,0.0,0.0,,,,,,,,,,,,,,,,,,,,,,,,,,,,,,,0.0,,
FPT,2015,2,,FPT,balance_sheet,16240764508172.0,2991140629461.0,1243877434176.0,5386005932759.0,4810242901708.0,1809497610068.0,6340841830217.0,0.0,4379080970346.0,,787760786572.0,321642932683.0,852357140616.0,22581606338389.0,12657393909105.0,12339405503283.0,317988405822.0,9924212429284.0,9921462429284.0,4301117961403.0,2750000000.0,1440139812996.0,22581606338389.0,575037755766.0,0.0,4886284578114.0,115414392136.0,79577834395.0,3975316400000.0,3975316400000.0,137329926616.0,574130962313.0,6203353547591.0,0.0,624616478052.0,695254807470.0,0.0,0.0,,,,,,,,,,,,,,,,,,,,,,,,,,,,,,,0.0,,
FPT,2015,1,,FPT,balance_sheet,16319850549250.0,3995053828972.0,899876331275.0,4906678690700.0,4837488741165.0,1680752957138.0,5886209643197.0,0.0,3992554483246.0,,798044036973.0,327406688663.0,754784367292.0,22206060192447.0,12362567785624.0,11843484471978.0,519083313646.0,8380860246563.0,8378110246563.0,4708239743575.0,2750000000.0,0.0,22206060192447.0,737651388801.0,0.0,4904241036142.0,32867657464.0,81269289338.0,3439766000000.0,3439766000000.0,171743031342.0,607423352524.0,6745213941326.0,0.0,533631265450.0,698151894475.0,64824149455.0,13420067023.0,,,,,,,,,,,,,,,,,,,,,,,,,,,,,,,0.0,,
FPT,2014,4,,FPT,balance_sheet,16961911296831.0,4303014447769.0,1474754664176.0,5031916385083.0,4572636184140.0,1579589615663.0,5697774385606.0,0.0,3837788188637.0,,796508947186.0,333170444644.0,730306805139.0,22659685682437.0,13405222234146.0,13062886453488.0,342335780658.0,7909989732017.0,7907239732017.0,4264798328686.0,2750000000.0,0.0,22659685682437.0,400189196061.0,0.0,4652333244983.0,31785859896.0,79400040851.0,3439766000000.0,3439766000000.0,142418459294.0,478420174874.0,6722412217259.0,0.0,523437534683.0,703175738859.0,0.0,0.0,,,,,,,,,,,,,,,,,,,,,,,,,,,,,,,0.0,,
FPT,2014,3,,FPT,balance_sheet,14847358003570.0,4106773475086.0,721521969131.0,4731525520762.0,3982545424277.0,1304991614314.0,5098384624455.0,0.0,3348901244635.0,,716721207685.0,333170444644.0,698481962966.0,19945742628025.0,10987860178518.0,10670683564603.0,317176613915.0,7628831128801.0,7626081128801.0,3973441621590.0,2750000000.0,0.0,19945742628025.0,413195395283.0,0.0,4009497638751.0,51790646591.0,88984798522.0,3439766000000.0,3439766000000.0,109847759172.0,639669770180.0,5139562464489.0,0.0,501582942504.0,658779251996.0,1109764525.0,1109764525.0,,,,,,,,,,,,,,,,,,,,,,,,,,,,,,,0.0,,
FPT,2014,2,,FPT,balance_sheet,12729371523841.0,2392462293952.0,1169418719131.0,4448975490126.0,3575971110742.0,1142543909890.0,5037030653242.0,0.0,3364983373051.0,,712241860447.0,231508275153.0,727187380066.0,17766402177083.0,8885204838350.0,8600723839409.0,284480998941.0,7587817554569.0,7585067554569.0,3893405602507.0,2750000000.0,0.0,17766402177083.0,334804075137.0,0.0,3598778861526.0,50630093906.0,85601157710.0,3439766000000.0,3439766000000.0,84199226418.0,534104748878.0,3851104121850.0,0.0,550349959522.0,662196137428.0,1109764525.0,1109764525.0,,,,,,,,,,,,,,,,,,,,,,,,,,,,,,,0.0,,
FPT,2014,1,,FPT,balance_sheet,12668499994146.0,3123048999108.0,861819209993.0,4148976921805.0,3510656432275.0,1023998430965.0,4777748478666.0,0.0,3158962029348.0,,713957792446.0,231508275153.0,672210617194.0,17446248472812.0,8710119727088.0,8412878515585.0,297241211503.0,7574002979592.0,7571252979592.0,4566890880858.0,2750000000.0,0.0,17446248472812.0,328895497833.0,0.0,3528270509274.0,39638216995.0,82608208245.0,2752017550000.0,2752017550000.0,103542976927.0,504458122882.0,4387939070610.0,0.0,507135685882.0,662559886406.0,1109764525.0,1109764525.0,,,,,,,,,,,,,,,,,,,,,,,,,,,,,,,0.0,,
FPT,2013,4,,FPT,balance_sheet,12954620887356.0,2487189282572.0,1682449364921.0,4428870730921.0,3382873878237.0,973237630705.0,4663305002078.0,0.0,3053575810122.0,,706727341936.0,231508275153.0,670280910342.0,17617925889434.0,9363077720250.0,9075738590861.0,287339129389.0,7209655885445.0,7206905885445.0,4199929897218.0,2750000000.0,0.0,17617925889434.0,199630390710.0,0.0,3407798509666.0,27609020471.0,78666938875.0,2752017550000.0,2752017550000.0,93710165255.0,374759654082.0,4128330419004.0,0.0,511711029489.0,663468944666.0,1212664525.0,1212664525.0,,,,,,,,,,,,,,,,,,,,,,,,,,,,,,,0.0,,
FPT,2013,3,,FPT,balance_sheet,11269784456021.0,2292011717347.0,1204185104297.0,4064949694207.0,2838444481728.0,870193458442.0,4439276954827.0,0.0,2939621416417.0,,713765714819.0,231508275153.0,553146283913.0,15709061410848.0,7660120055343.0,7378687410062.0,281432645281.0,6904108800408.0,6901358800408.0,3902593145403.0,2750000000.0,0.0,15709061410848.0,315728309171.0,0.0,2856653454123.0,33800208658.0,67103009261.0,2752017550000.0,2752017550000.0,86430121456.0,504615008416.0,3569694650987.0,0.0,407484621863.0,663475119446.0,1235264525.0,1235264525.0,,,,,,,,,,,,,,,,,,,,,,,,,,,,,,,-823760000.0,,
FPT,2013,2,,FPT,balance_sheet,11274078330983.0,2156011854467.0,1356939558182.0,3895289568307.0,3007881319441.0,857956030586.0,4249318985038.0,0.0,2798353183423.0,,710763989061.0,216366360783.0,522590366996.0,15523397316021.0,7428090800791.0,7169969084086.0,258121716705.0,6989817549960.0,6987067549960.0,3987762587400.0,2750000000.0,0.0,15523397316021.0,289800517767.0,0.0,3036100467433.0,42746703764.0,67103009261.0,2752017550000.0,2752017550000.0,48051359386.0,341586970541.0,3475762416400.0,0.0,384147569881.0,663508051604.0,1245084775.0,1245084775.0,,,,,,,,,,,,,,,,,,,,,,,,,,,,,,,0.0,,
FPT,2013,1,,FPT,balance_sheet,9906638187586.0,1928204362705.0,812059551953.0,3377675283779.0,3007449666442.0,781249322707.0,4152376684146.0,0.0,2744794872201.0,,710413686063.0,216366360783.0,479556680324.0,14059014871732.0,6523997560218.0,6285132947847.0,238864612371.0,6528837986653.0,6526087986653.0,3539635192653.0,2750000000.0,0.0,14059014871732.0,323823713352.0,0.0,3016025003643.0,30132492958.0,67103009261.0,2738488330000.0,2738488330000.0,30916960753.0,380051351636.0,2830896536799.0,0.0,351902166157.0,663401022090.0,1245084775.0,1245084775.0,,,,,,,,,,,,,,,,,,,,,,,,,,,,,,,0.0,,
FPT,2007,2,,FPT,balance_sheet,3422271274396.0,681282901927.0,0.0,1623727713214.0,938978767209.0,178281892046.0,446472993927.0,0.0,358122173854.0,,67795852500.0,0.0,20554967573.0,3868744268323.0,1741905477782.0,1653563596251.0,88341881531.0,1922041717461.0,1919409176236.0,449152878336.0,2632541225.0,0.0,3868744268323.0,204338201049.0,0.0,938978767209.0,26228914352.0,102303019.0,912153440000.0,912153440000.0,75644767563.0,128354729745.0,836667311302.0,0.0,19252875598.0,16500000000.0,0.0,0.0,,,,,,,,,,,,,,,,,,,,,,,,,,,,,,,0.0,,
FPT,2007,1,,FPT,balance_sheet,2947790658881.0,511180166408.0,0.0,1465611066630.0,838245475956.0,132753949887.0,361205829428.0,0.0,324037209642.0,,17795852500.0,0.0,19272767286.0,3308996488309.0,1477624120331.0,1362684634871.0,114939485460.0,1687341827536.0,1676205771880.0,494297190087.0,11136055656.0,144030540442.0,3308996488309.0,182485575748.0,0.0,838245475956.0,12733108706.0,13006998956.0,608102300000.0,608102300000.0,105150885460.0,132120145529.0,562019120476.0,0.0,18265449546.0,16500000000.0,100000000.0,100000000.0,,,,,,,,,,,,,,,,,,,,,,,,,,,,,,,0.0,,
GAS,2025,4,,GAS,balance_sheet,69861417011215.0,6876468282085.0,32890551400598.0,24841172052688.0,4363943662795.0,889281613049.0,23670094855461.0,,15950791009155.0,29014253893.0,406032256124.0,0.0,3269122704549.0,93531511866676.0,25878122748740.0,20537033146305.0,5341089602435.0,67653389117936.0,67653389117936.0,12484110062726.0,0.0,1358410438814.0,93531511866676.0,125901118765.0,,4552696670868.0,0.0,29380604391166.0,24129497560000.0,24129497560000.0,1531862874096.0,412017587641.0,1439827466686.0,0.0,3236167535523.0,35000000000.0,1072136392782.0,1138242469501.0,,,,,,,,,,,,,,,,,,,,,,,,,,,,,,,300272460669.0,,
GAS,2025,3,,GAS,balance_sheet,70160798119085.0,11641062000554.0,32506102707604.0,22912149381591.0,2382547626057.0,718936403279.0,23703815230578.0,,16435189483908.0,29353302101.0,386993819454.0,0.0,3522072265467.0,93864613349663.0,27487308376982.0,22059820732152.0,5427487644830.0,66377304972681.0,66377304972681.0,11154431403738.0,0.0,1412079451990.0,93864613349663.0,204420000807.0,,2514731760135.0,0.0,29380604391166.0,24129497560000.0,24129497560000.0,1911338737079.0,251629462413.0,1397490684727.0,0.0,3484063721797.0,35000000000.0,895229783943.0,968064049968.0,,,,,,,,,,,,,,,,,,,,,,,,,,,,,,,300272460670.0,,
GAS,2025,2,,GAS,balance_sheet,64857286428940.0,10377145910363.0,30730802707604.0,19777698700821.0,3225558512687.0,746080597465.0,23776852681762.0,,17089849325838.0,29692350309.0,374941837090.0,0.0,3422188765331.0,88634139110702.0,19860792028126.0,14439813602726.0,5420978425400.0,68773347082576.0,68773347082576.0,13611780607173.0,0.0,1350749571217.0,88634139110702.0,205787039963.0,,3357742646765.0,0.0,30083372761166.0,23426729190000.0,23426729190000.0,1913640737079.0,176527470385.0,1079947845234.0,0.0,3386521349063.0,35000000000.0,647501219855.0,705386247544.0,,,,,,,,,,,,,,,,,,,,,,,,,,,,,,,300272460670.0,,
GAS,2025,1,,GAS,balance_sheet,57719064984752.0,8166654567957.0,28836790419970.0,16942945640980.0,2961358257452.0,811316098393.0,24301714554043.0,,17777687096312.0,30031398517.0,399802183373.0,0.0,3696352746280.0,82020779538795.0,17693590948680.0,11874835773588.0,5818755175092.0,64327188590115.0,64327188590115.0,12309240466799.0,0.0,1323185954289.0,82020779538795.0,339648343487.0,,3094392235281.0,0.0,26967513791091.0,23426729190000.0,23426729190000.0,2306763503262.0,215076025603.0,1053560520455.0,0.0,3658839319180.0,35000000000.0,577196468970.0,644527808364.0,,,,,,,,,,,,,,,,,,,,,,,,,,,,,,,300272460670.0,,
GAS,2024,4,,GAS,balance_sheet,57290495430038.0,5567983431468.0,27494031282702.0,19098417078475.0,4598950949593.0,531112687800.0,24564385978120.0,,18221636601588.0,30370446725.0,399715358524.0,0.0,3663465910698.0,81854881408158.0,20283886142528.0,14575489059608.0,5708397082920.0,61570995265630.0,61570995265630.0,9553019715422.0,0.0,1323213381181.0,81854881408158.0,375639323197.0,,4732006717115.0,0.0,26967513791091.0,23426729190000.0,23426729190000.0,2290752009267.0,270548145715.0,933829846483.0,0.0,3630161349445.0,35000000000.0,460754042609.0,531249275544.0,,,,,,,,,,,,,,,,,,,,,,,,,,,,,,,300272460670.0,,
GAS,2024,3,,GAS,balance_sheet,67283218057472.0,12082560123616.0,32721750549454.0,19498330570365.0,2382245362928.0,598331451109.0,24572377896434.0,,18653945924733.0,30709494933.0,387091486462.0,0.0,3620252111060.0,91855595953906.0,32198740492100.0,26091963534022.0,6106776958078.0,59656855461806.0,59656855461806.0,7553627365579.0,0.0,1408465927199.0,91855595953906.0,377498954212.0,,2491980870020.0,0.0,26985463395288.0,23426729190000.0,23426729190000.0,2676773518269.0,180721903169.0,880714899477.0,0.0,3578250577388.0,35000000000.0,413098746058.0,479502828641.0,,,,,,,,,,,,,,,,,,,,,,,,,,,,,,,282322856475.0,,
GAS,2024,2,,GAS,balance_sheet,70470100956080.0,7555301267056.0,36364277497378.0,23225915400228.0,2783944648950.0,540662142468.0,24696809019593.0,,18797627699138.0,31048543141.0,375194423691.0,0.0,3553047525818.0,95166909975673.0,24245956554701.0,17644684180307.0,6601272374394.0,70920953420972.0,70920953420972.0,18866449070100.0,0.0,1359742181845.0,95166909975673.0,353068062538.0,,2893680156042.0,0.0,27444794115288.0,22967398470000.0,22967398470000.0,3259053101621.0,142835648365.0,1145826745790.0,0.0,3517203928435.0,35000000000.0,48097309757.0,110973164939.0,,,,,,,,,,,,,,,,,,,,,,,,,,,,,,,282322856474.0,,
GAS,2024,1,,GAS,balance_sheet,66458956267202.0,6074928497007.0,36537764078954.0,20907182025286.0,2539448444443.0,399633221512.0,25316981045701.0,,19160343223363.0,31387591349.0,400516305773.0,0.0,3548375863083.0,91775937312903.0,23875666098026.0,16434181173324.0,7441484924702.0,67900271214877.0,67900271214877.0,19448880504220.0,0.0,1282420988510.0,91775937312903.0,386651694501.0,,2664778546791.0,0.0,23919001668407.0,22967398470000.0,22967398470000.0,4233471022988.0,136927958863.0,1497790878710.0,0.0,3512518042490.0,35000000000.0,274227240466.0,347556387321.0,,,,,,,,,,,,,,,,,,,,,,,,,,,,,,,282322856474.0,,
GAS,2023,4,,GAS,balance_sheet,62217752152939.0,5668895193049.0,35084645516061.0,16865314290394.0,3944544425746.0,654352727689.0,25536703177509.0,,19532137951089.0,31726639557.0,398010821463.0,0.0,3475909955425.0,87754455330448.0,22455835056055.0,14971948871764.0,7483886184291.0,65298620274393.0,65298620274393.0,16879761088028.0,0.0,1249889464218.0,87754455330448.0,264140292943.0,,4069874528094.0,0.0,23919001668407.0,22967398470000.0,22967398470000.0,4270501721940.0,119146697342.0,1604782571952.0,0.0,3435836263150.0,35000000000.0,242611871669.0,318104299805.0,,,,,,,,,,,,,,,,,,,,,,,,,,,,,,,282322856474.0,,
GAS,2023,3,,GAS,balance_sheet,59128795405771.0,10851522950436.0,28908511156004.0,16197071467486.0,2397612205402.0,774077626443.0,25509715401551.0,,19554745676519.0,32065687765.0,389319518294.0,0.0,3584450543586.0,84638510807322.0,21967229962854.0,13584866678486.0,8382363284368.0,62671280844468.0,62671280844468.0,14309167502728.0,0.0,1193149587495.0,84638510807322.0,365609492276.0,,2472018286115.0,0.0,27581824673348.0,19139500000000.0,19139500000000.0,5293932973491.0,115132352729.0,897011307486.0,0.0,3533987610563.0,35000000000.0,90553370170.0,156742132220.0,,,,,,,,,,,,,,,,,,,,,,,,,,,,,,,236959539600.0,,
GAS,2023,2,,GAS,balance_sheet,62984581522290.0,12499180008661.0,28268090837474.0,19124804781622.0,2338732917047.0,753772977486.0,25262511201472.0,,15130118508739.0,32404735973.0,414941031199.0,0.0,3001107311307.0,88247092723762.0,20796045269697.0,12546218422492.0,8249826847205.0,67451047454065.0,67451047454065.0,18883617297033.0,0.0,1398460434885.0,88247092723762.0,341453441425.0,,2413138997760.0,0.0,27627271883765.0,19139500000000.0,19139500000000.0,5177506554059.0,121606184768.0,858679168972.0,0.0,2956410565017.0,35000000000.0,86243214186.0,149494096197.0,,,,,,,,,,,,,,,,,,,,,,,,,,,,,,,191518297085.0,,
GAS,2023,1,,GAS,balance_sheet,57952012334363.0,12714013568114.0,24165495262737.0,18097175503262.0,2127765124993.0,847562875257.0,26176371446281.0,,15816238438361.0,35894967077.0,400221985887.0,0.0,3761679221838.0,84128383780644.0,19558855749945.0,10555594437939.0,9003261312006.0,64569528030699.0,64569528030699.0,22581985091345.0,0.0,1371360790042.0,84128383780644.0,393030630677.0,,2202171205706.0,0.0,21063056727255.0,19139500000000.0,19139500000000.0,6026796732059.0,161573911097.0,44996858992.0,0.0,3718153738864.0,35000000000.0,112723836329.0,180567328681.0,,,,,,,,,,,,,,,,,,,,,,,,,,,,,,,196658562647.0,,
GAS,2022,4,,GAS,balance_sheet,55651707958020.0,10549337638537.0,23726498790237.0,16191131770955.0,4102441805643.0,1082297952648.0,27154673281364.0,,16369664841026.0,36267205787.0,406687103230.0,0.0,4052685959657.0,82806381239384.0,21489088811223.0,12487956920689.0,9001131890534.0,61317292428161.0,61317292428161.0,19242897173727.0,0.0,1458213105122.0,82806381239384.0,223750541755.0,,4185337349642.0,0.0,21063056727255.0,19139500000000.0,19139500000000.0,6037962890208.0,128097532572.0,44996858992.0,0.0,3997897390212.0,35000000000.0,92362544210.0,168689074161.0,,,,,,,,,,,,,,,,,,,,,,,,,,,,,,,196658562647.0,,
GAS,2022,3,,GAS,balance_sheet,57329016363977.0,10206278543029.0,25793995100008.0,17522046269497.0,2536824600677.0,1269871850766.0,27894846842380.0,,17077040402901.0,36689694497.0,400625600819.0,0.0,4851360766468.0,85223863206357.0,27210833884142.0,15493286675805.0,11717547208337.0,58013029322215.0,58013029322215.0,16023172827194.0,0.0,1373674345708.0,85223863206357.0,248585275695.0,,2621657690676.0,0.0,21063056727255.0,19139500000000.0,19139500000000.0,8960439164636.0,134164113739.0,22500000000.0,0.0,4787328225297.0,35000000000.0,79545446225.0,147838558867.0,,,,,,,,,,,,,,,,,,,,,,,,,,,,,,,196658562648.0,,
GAS,2022,2,,GAS,balance_sheet,60393770234221.0,9054658184090.0,27617478798638.0,20633189886263.0,2107155077845.0,981288287385.0,28145700038987.0,,17422757655931.0,37061933207.0,415349579430.0,0.0,4681744956807.0,88539470273208.0,27967582653074.0,17014431768668.0,10953150884406.0,60571887620134.0,60571887620134.0,18762422641870.0,0.0,1193282828951.0,88539470273208.0,194447242615.0,,2190616475999.0,0.0,21063056727255.0,19139500000000.0,19139500000000.0,8204318613980.0,129369743612.0,22500000000.0,0.0,4625136414449.0,35000000000.0,97706294405.0,168033469902.0,,,,,,,,,,,,,,,,,,,,,,,,,,,,,,,196658562648.0,,
GAS,2022,1,,GAS,balance_sheet,57191407495469.0,8648444105639.0,25048928654952.0,20684169362779.0,2094568899208.0,715296472891.0,27978748208217.0,,17972543138207.0,21718563658.0,399368176514.0,0.0,4364289426946.0,85170155703686.0,29460831459392.0,18619859339324.0,10840972120068.0,55709324244294.0,55709324244294.0,13949540186632.0,0.0,1152818955364.0,85170155703686.0,230324574676.0,,2178030297362.0,0.0,21053839680240.0,19139500000000.0,19139500000000.0,8113095957168.0,49958201397.0,501538964190.0,0.0,4311436331820.0,35000000000.0,130044945415.0,207977387687.0,,,,,,,,,,,,,,,,,,,,,,,,,,,,,,,196658562649.0,,
GAS,2021,4,,GAS,balance_sheet,51395282303213.0,5600330735432.0,24499825654952.0,16920750783526.0,3241216225272.0,1133158904031.0,27372792385351.0,,18098268868761.0,21934563658.0,400162192660.0,0.0,3794212189837.0,78768074688564.0,26575344013434.0,16561261573886.0,10014082439548.0,52192730675130.0,52192730675130.0,10487292270016.0,0.0,1098473302817.0,78768074688564.0,413405237823.0,,3324677623426.0,0.0,21053839680240.0,19139500000000.0,19139500000000.0,7510120451721.0,104816808984.0,484740000000.0,638356134.0,3744292533015.0,35000000000.0,117380137693.0,187160253871.0,,,,,,,,,,,,,,,,,,,,,,,,,,,,,,,196658562647.0,,
GAS,2021,3,,GAS,balance_sheet,47691610231135.0,5994119472080.0,23594578773344.0,14762971629838.0,2376664348665.0,963276007208.0,25526634163276.0,,18695392203111.0,21736167454.0,394298174079.0,0.0,2379036194204.0,73218244394411.0,23025099014563.0,13841165658679.0,9183933355884.0,50193145379848.0,50193145379848.0,8550242800618.0,0.0,1035937476932.0,73218244394411.0,501120373948.0,,2399598145005.0,0.0,21053839680240.0,19139500000000.0,19139500000000.0,6916261691157.0,52768751310.0,958248272497.0,638356134.0,2321054921457.0,35000000000.0,116733803478.0,187022113084.0,,,,,,,,,,,,,,,,,,,,,,,,,,,,,,,196658562648.0,,
GAS,2021,2,,GAS,balance_sheet,50213422327082.0,5947560639666.0,25650532773344.0,15328324085809.0,1990374242842.0,1296630585421.0,24613014889519.0,,19330095576422.0,21943368814.0,373751442755.0,0.0,1207346188115.0,74826437216601.0,26981135438345.0,20039328990025.0,6941806448320.0,47845301778256.0,47845301778256.0,6156899737283.0,0.0,1081436938675.0,74826437216601.0,449817724457.0,,2056852870273.0,0.0,21053839680240.0,19139500000000.0,19139500000000.0,4677596266574.0,175309603853.0,962640000000.0,638356134.0,1151283171419.0,35000000000.0,108801716439.0,182707631082.0,,,,,,,,,,,,,,,,,,,,,,,,,,,,,,,196658562648.0,,
GAS,2021,1,,GAS,balance_sheet,44230493070827.0,6457577994501.0,21594237927459.0,13439321385786.0,1977431082943.0,761924680138.0,24395822268817.0,,19092950251135.0,22150570174.0,392296079925.0,0.0,1039341769295.0,68626315339644.0,17049736415072.0,11785544853231.0,5264191561841.0,51576578924572.0,51576578924572.0,12080348068918.0,0.0,1089278589704.0,68626315339644.0,447154556759.0,,2044004999575.0,0.0,18853826843892.0,19139500000000.0,19139500000000.0,3280614357698.0,137839635730.0,965580000000.0,7971024682.0,981394979085.0,35000000000.0,92233373556.0,164536574936.0,,,,,,,,,,,,,,,,,,,,,,,,,,,,,,,196658562648.0,,
GAS,2020,4,,GAS,balance_sheet,39354423990029.0,5335316636542.0,21515136327512.0,10148662370242.0,1662533695532.0,692774960201.0,23735231875655.0,,19773601197998.0,22357771534.0,379543042759.0,0.0,1094658910163.0,63089655865684.0,13681513702675.0,9674514325093.0,4006999377582.0,49408142163009.0,49408142163009.0,9958597337430.0,0.0,1042592559629.0,63089655865684.0,378695972786.0,,1729107612164.0,0.0,18853826843892.0,19139500000000.0,19139500000000.0,1963867248970.0,228057065321.0,1017470000000.0,22372689424.0,1022898161376.0,35000000000.0,88202294337.0,162112201594.0,,,,,,,,,,,,,,,,,,,,,,,,,,,,,,,196658562648.0,,
GAS,2020,3,,GAS,balance_sheet,39767377868410.0,6819915906268.0,19913350000000.0,10578989825807.0,1814694121232.0,640428015103.0,21936921912262.0,,14067547820860.0,22564972894.0,394781320357.0,0.0,867648308197.0,61704299780672.0,13910235763845.0,10868789583895.0,3041446179950.0,47794064016827.0,47794064016827.0,8329627819410.0,0.0,1057483931467.0,61704299780672.0,712705284608.0,,1881714395001.0,0.0,18853826843892.0,19139500000000.0,19139500000000.0,1463523862737.0,207818895049.0,1146918752129.0,37580395600.0,801711903584.0,35000000000.0,80967073905.0,165117011195.0,,,,,,,,,,,,,,,,,,,,,,,,,,,,,,,196658562648.0,,
GAS,2020,2,,GAS,balance_sheet,46389843800088.0,12531543227548.0,21109300000000.0,10643121255240.0,1541173680903.0,564705636397.0,20758112583203.0,,14636642344055.0,22772174254.0,394531125534.0,0.0,887915702418.0,67147956383291.0,13620272986171.0,11065046708012.0,2555226278159.0,53527683397120.0,53527683397120.0,13992652108803.0,0.0,1128079022367.0,67147956383291.0,834859093009.0,,1608893954672.0,0.0,18853826843892.0,19139500000000.0,19139500000000.0,971040000000.0,1720367623.0,1239623597244.0,52788101777.0,806159054973.0,35000000000.0,59591419099.0,140724336127.0,,,,,,,,,,,,,,,,,,,,,,,,,,,,,,,196658562648.0,,
GAS,2020,1,,GAS,balance_sheet,45148432604132.0,5277466733988.0,25891000000000.0,11568889304907.0,1901852024650.0,509224540587.0,20304203651654.0,,15184191859069.0,22979555614.0,395426850324.0,0.0,888790180009.0,65452636255786.0,13489515461037.0,10840024455253.0,2649491005784.0,51963120794749.0,51963120794749.0,12454547908680.0,0.0,1111067515135.0,65452636255786.0,901111884144.0,,1978153371061.0,0.0,18844379948876.0,19139500000000.0,19139500000000.0,1480500000000.0,12570095752.0,1193611630159.0,67995807954.0,790685279220.0,35000000000.0,59541691828.0,140543997174.0,,,,,,,,,,,,,,,,,,,,,,,,,,,,,,,196658562647.0,,
GAS,2019,4,,GAS,balance_sheet,42034111148922.0,4475895496074.0,24915000000000.0,10562310400592.0,1591782393631.0,489122858625.0,20220211673316.0,,15849859946892.0,23186576974.0,404693951815.0,0.0,931149687499.0,62254322822238.0,12569850059139.0,9960115954205.0,2609734104934.0,49684472763099.0,49684472763099.0,10146378758237.0,0.0,1140588633928.0,62254322822238.0,830066697428.0,,1662369280919.0,0.0,18844379948876.0,19139500000000.0,19139500000000.0,1455930000000.0,188794071549.0,1340567022126.0,83203514130.0,817561883207.0,35000000000.0,49186032942.0,128406370801.0,,,,,,,,,,,,,,,,,,,,,,,,,,,,,,,196658562648.0,,
GAS,2019,3,,GAS,balance_sheet,42492240531926.0,5933208581387.0,22599154000000.0,11708792771801.0,1760397783319.0,490687395419.0,20065303977227.0,,16737810276160.0,23393598334.0,59911487254.0,0.0,1568651773384.0,62557544509153.0,15298611655689.0,12346610702704.0,2952000952985.0,47258932853464.0,47258932853464.0,6985470307219.0,0.0,1715815807890.0,62557544509153.0,612774829439.0,,1830293082240.0,0.0,18945860840072.0,19139500000000.0,19139500000000.0,2007696755744.0,199742345644.0,1500061924131.0,113356175791.0,1408597156373.0,85000000000.0,42916012110.0,111621635216.0,,,,,,,,,,,,,,,,,,,,,,,,,,,,,,,255319038873.0,,
GAS,2019,2,,GAS,balance_sheet,44606452700260.0,7375347002091.0,24019154000000.0,11157974002388.0,1500698743563.0,553278952218.0,20593817260351.0,,17375593065538.0,23600619694.0,60963801738.0,0.0,1557025887395.0,65200269960611.0,18797910710025.0,15847980229539.0,2949930480486.0,46402359250586.0,46402359250586.0,6042608163424.0,0.0,1802104348807.0,65200269960611.0,109392418963.0,,1587881064531.0,0.0,18945860840072.0,19139500000000.0,19139500000000.0,2014416755744.0,201127457499.0,1433484236832.0,130795587451.0,1377555274684.0,85000000000.0,47761129736.0,118868647969.0,,,,,,,,,,,,,,,,,,,,,,,,,,,,,,,255319038873.0,,
GAS,2019,1,,GAS,balance_sheet,40888257908879.0,7589139804750.0,19844854000000.0,11512640953210.0,1522194449180.0,419428701739.0,21121193602963.0,,17962175002666.0,23807641054.0,61982917747.0,0.0,1552782163165.0,62009451511842.0,16081249845202.0,13054150722584.0,3027099122618.0,45928201666640.0,45928201666640.0,7291727956024.0,0.0,1811026703029.0,62009451511842.0,89395076582.0,,1592089748101.0,0.0,17213130022329.0,19139500000000.0,19139500000000.0,2495217808039.0,135956118287.0,1493676331947.0,147596642978.0,1352515292324.0,85000000000.0,45062104095.0,110600197674.0,,,,,,,,,,,,,,,,,,,,,,,,,,,,,,,256268619673.0,,
GAS,2018,4,,GAS,balance_sheet,40954625860982.0,6705675471347.0,21602454000000.0,10232069390328.0,1952144282493.0,462282716814.0,21624339559787.0,,18540035400912.0,24014662414.0,63019500678.0,0.0,1549995868787.0,62578965420769.0,15114379719650.0,11199310466133.0,3915069253517.0,47464585701119.0,47464585701119.0,11212394893694.0,0.0,1777743799837.0,62578965420769.0,91232623543.0,,2022039581414.0,345000000.0,14862130022329.0,19139500000000.0,19139500000000.0,3395742808039.0,237513454862.0,1489642437234.0,165036054638.0,1322466565320.0,85000000000.0,149267425562.0,216829039491.0,,,,,,,,,,,,,,,,,,,,,,,,,,,,,,,256268619673.0,,
GAS,2018,3,,GAS,balance_sheet,38969975605043.0,7302682513477.0,20998654000000.0,8973093014271.0,1301847299632.0,393698777663.0,22029919202109.0,,19167663846002.0,24221683774.0,64240181574.0,0.0,1430632533679.0,60999894807152.0,16742952970191.0,11685214700205.0,5057738269986.0,44256941836961.0,44256941836961.0,8020327515611.0,0.0,1762167313762.0,60999894807152.0,169051630890.0,,1404447243127.0,345000000.0,14862130022329.0,19139500000000.0,19139500000000.0,4577753718133.0,197151310993.0,1783800294528.0,182475466298.0,1186328874534.0,85000000000.0,149029224986.0,214448413862.0,,,,,,,,,,,,,,,,,,,,,,,,,,,,,,,256268619673.0,,
GAS,2018,2,,GAS,balance_sheet,45463244067606.0,9718262208643.0,20697354000000.0,12405071767951.0,2229260693003.0,413295398009.0,22609846986467.0,,19844559058535.0,24428705134.0,65107699414.0,0.0,1393470405292.0,68073091054073.0,23025430613549.0,15989593475583.0,7035837137966.0,45047660440524.0,45047660440524.0,8719398137931.0,0.0,1854346381981.0,68073091054073.0,139651238791.0,,2328292133575.0,0.0,14862130022329.0,19139500000000.0,19139500000000.0,6590452540150.0,212794179062.0,1668156523635.0,200553234092.0,1148027992447.0,85000000000.0,138756345614.0,207144399271.0,,,,,,,,,,,,,,,,,,,,,,,,,,,,,,,255319038873.0,,
GAS,2018,1,,GAS,balance_sheet,42989139258890.0,14666498838126.0,15040450000000.0,10880622864535.0,2071315906561.0,330251649668.0,23160576259837.0,,20319365108791.0,24636096034.0,92422451568.0,0.0,1388296101313.0,66149715518727.0,20371490422652.0,12910731297064.0,7460759125588.0,45778225096075.0,45778225096075.0,9528331483600.0,0.0,1787682805119.0,66149715518727.0,144001704987.0,,2168514211798.0,345000000.0,14849893822097.0,19139500000000.0,19139500000000.0,7041627042296.0,187414315974.0,1728438026052.0,217274495102.0,1115486950937.0,111520000000.0,122526176796.0,186793390312.0,,,,,,,,,,,,,,,,,,,,,,,,,,,,,,,255850125849.0,,
GAS,2017,4,,GAS,balance_sheet,38218561704242.0,13672016964678.0,13407350000000.0,9115469403908.0,1651526459306.0,372198876350.0,23568432145766.0,,15496985629551.0,23721034580.0,92632703133.0,0.0,1396096559745.0,61786993850008.0,18626767567481.0,10931313159127.0,7695454408354.0,43160226282527.0,43160226282527.0,7011059402469.0,0.0,1748000110670.0,61786993850008.0,158898453262.0,,1743703070912.0,0.0,14849893822097.0,19139500000000.0,19139500000000.0,7311935862404.0,204146464466.0,1737699131097.0,234793701279.0,1085721268693.0,111040000000.0,128966392800.0,191288963954.0,,,,,,,,,,,,,,,,,,,,,,,,,,,,,,,255850125849.0,,
GAS,2017,3,,GAS,balance_sheet,37162879588530.0,12897663167477.0,13367350000000.0,8607415434266.0,1854511376468.0,435939610319.0,23416686878155.0,,15589832318497.0,24240143900.0,141678260924.0,0.0,1393156091922.0,60579566466685.0,19208546395224.0,11641622770191.0,7566923625033.0,41371020071461.0,41371020071461.0,5285209221562.0,0.0,1684644080511.0,60579566466685.0,194906927036.0,,1939149383323.0,0.0,14849893822097.0,19139500000000.0,19139500000000.0,7180595339028.0,201344922532.0,1977691952458.0,252312907456.0,1081627985442.0,86920000000.0,117106197089.0,202201620809.0,,,,,,,,,,,,,,,,,,,,,,,,,,,,,,,255850125849.0,,
GAS,2017,2,,GAS,balance_sheet,37037148005606.0,14515027558565.0,11522350000000.0,9347268611213.0,1317574911497.0,334926924331.0,23340195370252.0,,16030086371632.0,24133968680.0,141806894751.0,0.0,1306375727184.0,60377343375858.0,19000221416938.0,11365717959827.0,7634503457111.0,41377121958920.0,41377121958920.0,5299641034355.0,0.0,1676845242153.0,60377343375858.0,245713099927.0,,1402212918352.0,0.0,14849893822097.0,19139500000000.0,19139500000000.0,7261464925380.0,189845531850.0,1709929307045.0,270310880732.0,996048924826.0,86920000000.0,92119824980.0,180972869670.0,,,,,,,,,,,,,,,,,,,,,,,,,,,,,,,255319038873.0,,
GAS,2017,1,,GAS,balance_sheet,37506548515539.0,14216571000377.0,10332350000000.0,11230056353291.0,1422597759560.0,304973402311.0,23506474555836.0,,16458626504422.0,24365433300.0,143586575496.0,0.0,1276814342196.0,61013023071375.0,18529035168213.0,10668078057386.0,7860957110827.0,42483987903162.0,42483987903162.0,7805412457197.0,0.0,1722364677340.0,61013023071375.0,238103157819.0,,1510970415063.0,0.0,13404937821334.0,19139500000000.0,19139500000000.0,7508914050495.0,144517177707.0,1200504322198.0,287351319809.0,940877082209.0,86920000000.0,80926686466.0,146136449483.0,,,,,,,,,,,,,,,,,,,,,,,,,,,,,,,255850125849.0,,
GAS,2016,4,,GAS,balance_sheet,33352699433088.0,13612560308316.0,5823450000000.0,12021627184436.0,1296721378189.0,598340562147.0,23544571983897.0,,17160567005500.0,70776247860.0,144205831583.0,0.0,1297348030543.0,56897271416985.0,16039764226956.0,9301326983351.0,6738437243605.0,40857507190029.0,40857507190029.0,6176838462263.0,0.0,1724460442094.0,56897271416985.0,305565501799.0,,1385094033692.0,0.0,13404936846079.0,19139500000000.0,19139500000000.0,6369057395481.0,86394987159.0,1177156860474.0,305189704052.0,946232218895.0,86920000000.0,70589761306.0,134703030428.0,,,,,,,,,,,,,,,,,,,,,,,,,,,,,,,255848686264.0,,
GAS,2016,3,,GAS,balance_sheet,34445727311753.0,17064067367435.0,5322866000000.0,9909530757836.0,1378244896117.0,771018290365.0,23661096622500.0,,17998266550070.0,0.0,143851980266.0,0.0,1377189924018.0,58106823934253.0,15902922643516.0,9242784916462.0,6660137727054.0,42203901290737.0,42203901290737.0,7543792880545.0,0.0,1705357931682.0,58106823934253.0,496624163174.0,,1466771161032.0,518929000.0,13274821291364.0,19139500000000.0,19139500000000.0,6300289232338.0,83647651147.0,902248912101.0,322629115712.0,943806483661.0,86920000000.0,82832254836.0,82832254836.0,,,,,,,,,,,,,,,,,,,,,,,,,,,,,,,255848686264.0,,
GAS,2016,2,,GAS,balance_sheet,36169454276454.0,17113728766888.0,5993186000000.0,11140533609500.0,1415681621566.0,506324278500.0,23356832745435.0,,18796675385904.0,0.0,143968911996.0,0.0,1365846675509.0,59526287021889.0,18233007663814.0,11440312948339.0,6792694715475.0,41293279358075.0,41293279358075.0,6600132128327.0,0.0,1760059952987.0,59526287021889.0,662198612376.0,,1494770766193.0,0.0,13253158089615.0,19139500000000.0,19139500000000.0,6453417859458.0,74393195644.0,1278837372753.0,340068527373.0,914589825692.0,86920000000.0,33608357531.0,33608357531.0,,,,,,,,,,,,,,,,,,,,,,,,,,,,,,,255848686264.0,,
GAS,2016,1,,GAS,balance_sheet,35618291595190.0,17979212384190.0,6086320000000.0,9583777564825.0,1385408702582.0,583572943593.0,24090496163187.0,,14242970625320.0,0.0,143528862651.0,0.0,1657709315448.0,59708787758377.0,16096501378769.0,9753736530277.0,6342764848492.0,43612286379608.0,43612286379608.0,10442654373366.0,0.0,1962097316773.0,59708787758377.0,725053166757.0,,1460760505583.0,0.0,11527456420487.0,19139500000000.0,19139500000000.0,6011010919385.0,130993727960.0,1039665896029.0,708210975635.0,902477506439.0,85000000000.0,26441273929.0,26441273929.0,,,,,,,,,,,,,,,,,,,,,,,,,,,,,,,255997699987.0,,
GAS,2015,4,,GAS,balance_sheet,33833056771342.0,17762344528529.0,6083320000000.0,8213169290372.0,1220689729702.0,553533222739.0,22891328162920.0,,14843715917816.0,0.0,85741527822.0,0.0,1319181754447.0,56724384934262.0,13830393707937.0,8982040570283.0,4848353137654.0,42893991226325.0,42893991226325.0,10254306115669.0,0.0,1829249646101.0,56724384934262.0,927290591186.0,,1313631432860.0,0.0,11513300927912.0,18950000000000.0,18950000000000.0,4502207174373.0,72041931676.0,1589777540020.0,393906604726.0,876962211006.0,85000000000.0,22637051369.0,22637051369.0,,,,,,,,,,,,,,,,,,,,,,,,,,,,,,,251878967648.0,,
GAS,2015,3,,GAS,balance_sheet,32576939320779.0,19799251696463.0,6366955656333.0,4902021408702.0,1124145524048.0,384565035233.0,22301306387805.0,,13753746730243.0,0.0,85210544920.0,416634657436.0,876297150457.0,54878245708584.0,10994953569258.0,5597450505963.0,5397503063295.0,43883292139326.0,43883292139326.0,11211656147532.0,0.0,1863394947328.0,54878245708584.0,883685782145.0,,1190528164719.0,1666685674.0,11661986576720.0,18950000000000.0,18950000000000.0,4847796603746.0,152038942238.0,1086147413465.0,0.0,819109122486.0,85000000000.0,29721981141.0,29721981141.0,,,,,,,,,,,,,,,,,,,,,,,,,,,,,,,100378966864.0,,
GAS,2015,2,,GAS,balance_sheet,31620516697178.0,20405257333892.0,4196635656333.0,5021896386112.0,1605549827952.0,391177492889.0,21217033004343.0,,13741349720726.0,0.0,85230557598.0,0.0,1292002104575.0,52837549701521.0,11290168119652.0,6750507892324.0,4539660227328.0,41547381581869.0,41547381581869.0,8935990871931.0,0.0,1803872975392.0,52837549701521.0,533505101641.0,,1671932468623.0,0.0,11661074756320.0,18950000000000.0,18950000000000.0,3998151095467.0,146929893157.0,1563432776048.0,433852250553.0,800938587559.0,85000000000.0,26878090967.0,26878090967.0,,,,,,,,,,,,,,,,,,,,,,,,,,,,,,,100392477344.0,,
GAS,2015,1,,GAS,balance_sheet,32882300004565.0,24528362820168.0,1736635656333.0,4935412383818.0,1242709308305.0,439179835941.0,20086389655274.0,,18699843363900.0,0.0,87806221946.0,457547888987.0,816384340274.0,52968689659839.0,12595416963632.0,6775617710565.0,5819799253067.0,38547123543354.0,38547123543354.0,7755511077173.0,0.0,0.0,52968689659839.0,662756223765.0,,1308202168841.0,6919155310.0,11646077847827.0,18950000000000.0,18950000000000.0,5171586127618.0,169252347549.0,2065412063511.0,0.0,775364467932.0,85000000000.0,24807840167.0,24807840167.0,,,,,,,,,,,,,,,,,,,,,,,,,,,,,,,99284117472.0,,
GAS,2014,4,,GAS,balance_sheet,33259311663594.0,24079685217949.0,1683875000000.0,5053611512211.0,1801172279380.0,640967654054.0,20503360574708.0,,19009759624792.0,0.0,87235631579.0,482276351329.0,924088967008.0,53762672238302.0,16079059875072.0,10560575415890.0,5518484459182.0,35985639787211.0,35985639787211.0,5154252657795.0,0.0,0.0,53762672238302.0,638828097502.0,,1875174933342.0,97370329962.0,7628468143990.0,18950000000000.0,18950000000000.0,5135324424862.0,124181431763.0,2439523774572.0,0.0,863033312521.0,85000000000.0,0.0,0.0,,,,,,,,,,,,,,,,,,,,,,,,,,,,,,,59407831433.0,,
GAS,2014,3,,GAS,balance_sheet,32563894920965.0,23250246563039.0,1050100000000.0,5791163868524.0,1703512429852.0,768872059550.0,20644424907150.0,,18839796144885.0,0.0,444015802872.0,471207030894.0,887414256177.0,53208319828115.0,16098037376277.0,10571263207355.0,5526774168922.0,35367516682177.0,35367516682177.0,6622076130801.0,0.0,0.0,53208319828115.0,56392805199.0,,1756373576773.0,282213374029.0,6941396840284.0,18950000000000.0,18950000000000.0,5158683037547.0,107955672870.0,2301163508900.0,0.0,841715777671.0,441600283780.0,1991672322.0,1991672322.0,,,,,,,,,,,,,,,,,,,,,,,,,,,,,,,31695428185.0,,
GAS,2014,2,,GAS,balance_sheet,29033427956185.0,20321030401809.0,1061630416667.0,5614180176663.0,1604494352935.0,432092608111.0,20342831319443.0,,18490906034179.0,0.0,442927190482.0,518666966315.0,890331128467.0,49376259275628.0,12428786449276.0,7814424498997.0,4614361950279.0,35329728851095.0,35329728851095.0,6558549617186.0,0.0,0.0,49376259275628.0,385304211474.0,,1657355499856.0,117038925532.0,6967402952442.0,18950000000000.0,18950000000000.0,4021042142840.0,98432720636.0,3050701723409.0,0.0,845086857014.0,441600283780.0,0.0,0.0,,,,,,,,,,,,,,,,,,,,,,,,,,,,,,,31669684486.0,,
GAS,2014,1,,GAS,balance_sheet,30397020616773.0,21418317255713.0,1113700000000.0,5786717351410.0,1474524649478.0,603761360172.0,21090878362587.0,,19083361515583.0,0.0,446859616780.0,553608340157.0,1007048890067.0,51487898979360.0,14384827690609.0,8721067569973.0,5663760120636.0,35494121488408.0,35492318184125.0,5141411115131.0,1803304283.0,0.0,51487898979360.0,420088978423.0,,1559012833325.0,291235936449.0,8547674504920.0,18950000000000.0,18950000000000.0,4769757285355.0,81040144339.0,2503306309054.0,0.0,976532100090.0,441600283780.0,0.0,0.0,,,,,,,,,,,,,,,,,,,,,,,,,,,,,,,32941402529.0,,
GAS,2013,4,,GAS,balance_sheet,28261081266289.0,18293128183542.0,761700000000.0,5961890615963.0,2470697288520.0,773665178264.0,22242465132645.0,,19944853209943.0,0.0,505219192283.0,531262467013.0,1261130263406.0,50503546398934.0,15369123480062.0,9803610621858.0,5565512858204.0,33461924752738.0,33461924752738.0,3133246277103.0,0.0,0.0,50503546398934.0,366929131069.0,,2563437728824.0,491375162124.0,8525901268078.0,18950000000000.0,18950000000000.0,4697396517868.0,73689621213.0,2759512594119.0,0.0,1230426986980.0,501600283780.0,0.0,0.0,,,,,,,,,,,,,,,,,,,,,,,,,,,,,,,32941402529.0,,
GAS,2013,3,,GAS,balance_sheet,25938889124191.0,18276676708448.0,58850000000.0,5703110803067.0,1307708464308.0,592543148368.0,22417828129442.0,,19631571618219.0,0.0,699455543945.0,561390934781.0,1525410032497.0,48356717253633.0,13292154672398.0,7211851942138.0,6080302730260.0,33323030638968.0,33323030638968.0,8509232979340.0,0.0,0.0,48356717253633.0,583142751855.0,,1390378932887.0,337858160130.0,4236537810552.0,18950000000000.0,18950000000000.0,5585123314361.0,8010337058.0,2430575565102.0,0.0,1495990214647.0,697600283780.0,0.0,0.0,,,,,,,,,,,,,,,,,,,,,,,,,,,,,,,32941402529.0,,
GAS,2013,2,,GAS,balance_sheet,25874986329730.0,17781206438976.0,21050000000.0,5957905266039.0,1640805164723.0,474019459992.0,23247299718719.0,,20029617335190.0,0.0,848091671707.0,580713104483.0,1788877607339.0,49122286048449.0,15133788529151.0,9246510806026.0,5887277723125.0,32310863692220.0,32310863692220.0,7498221099021.0,0.0,0.0,49122286048449.0,549118070032.0,,1723475633302.0,260494379003.0,4235596821406.0,18950000000000.0,18950000000000.0,5175392183222.0,22750544482.0,3153980708440.0,0.0,1760884137742.0,847600283780.0,0.0,0.0,,,,,,,,,,,,,,,,,,,,,,,,,,,,,,,33010841083.0,,
GAS,2013,1,,GAS,balance_sheet,23936352004572.0,15955511012894.0,59200000000.0,6585734714083.0,837352715632.0,498553561963.0,24165616871136.0,,20634120494212.0,0.0,867894024146.0,600035274185.0,2063567078593.0,48101968875708.0,14937904351975.0,8251011461085.0,6686892890890.0,31455983103739.0,31454718234180.0,9334616693813.0,1264869559.0,0.0,48101968875708.0,539718753220.0,,921621124159.0,230943474948.0,1549044498676.0,18950000000000.0,18950000000000.0,5788907885100.0,169551930992.0,2868809252132.0,0.0,2037972547251.0,847600283780.0,0.0,0.0,,,,,,,,,,,,,,,,,,,,,,,,,,,,,,,32941402529.0,,
VPB,2025,4,0.0,VPB,balance_sheet,,2774182000000.0,,,,,,,2028824000000.0,0.0,191960000000.0,,,1260149596000000.0,1079873967000000.0,,,180275629000000.0,,45969647000000.0,,12372286000000.0,1260149596000000.0,,,,,,,79339236000000.0,,,,,,191960000000.0,,,13570476000000.0,186228938000000.0,23960121000000.0,24132387000000.0,-172266000000.0,0.0,926472659000000.0,943901630000000.0,-17428971000000.0,64434066000000.0,64462930000000.0,0.0,-28864000000.0,,,0.0,1479269000000.0,549555000000.0,39136947000000.0,15305000000.0,295199519000000.0,628044616000000.0,843382000000.0,16394000000.0,107120653000000.0,48634098000000.0,103331782000000.0,18601914000000.0,0.0,,0.0,,
VPB,2025,3,0.0,VPB,balance_sheet,,2943026000000.0,,,,,,,1849256000000.0,0.0,189210000000.0,,,1178298568000000.0,1018753281000000.0,,,159545287000000.0,,36056728000000.0,,5574128000000.0,1178298568000000.0,,,,,,,79339236000000.0,,,,,,189210000000.0,,,14240529000000.0,166685535000000.0,19289943000000.0,19433137000000.0,-143194000000.0,0.0,879072205000000.0,896411840000000.0,-17339635000000.0,57363954000000.0,57544750000000.0,0.0,-180796000000.0,,,0.0,1357480000000.0,491776000000.0,35833071000000.0,38045000000.0,283240346000000.0,585833049000000.0,1089730000000.0,10814000000.0,106091086000000.0,42450211000000.0,103330647000000.0,14583784000000.0,0.0,,0.0,,
VPB,2025,2,0.0,VPB,balance_sheet,,2403496000000.0,,,,,,,1873802000000.0,0.0,189210000000.0,,,1104718510000000.0,952535825000000.0,,,152182685000000.0,,28790209000000.0,,5485870000000.0,1104718510000000.0,,,,,,,79339236000000.0,,,,,,189210000000.0,,,17320822000000.0,154342401000000.0,14361441000000.0,14501280000000.0,-139839000000.0,0.0,811930923000000.0,829126712000000.0,-17195789000000.0,73755887000000.0,73839378000000.0,100000000000.0,-183491000000.0,,,0.0,1354010000000.0,519792000000.0,27614781000000.0,4346133000000.0,229364716000000.0,600774163000000.0,572805000000.0,7497000000.0,83140558000000.0,34329953000000.0,103331782000000.0,14574824000000.0,0.0,,0.0,,
VPB,2025,1,0.0,VPB,balance_sheet,,2671682000000.0,,,,,,,1941077000000.0,0.0,189210000000.0,,,994036651000000.0,842823289000000.0,,,151213362000000.0,,27901391000000.0,,5410775000000.0,994036651000000.0,,,,,,,79339236000000.0,,,,,,189210000000.0,,,7191513000000.0,142751033000000.0,16623311000000.0,16760703000000.0,-137392000000.0,61338000000.0,713554849000000.0,729968910000000.0,-16414061000000.0,57972590000000.0,57124816000000.0,1092927000000.0,-245153000000.0,,,0.0,1395996000000.0,545081000000.0,50333839000000.0,939577000000.0,186491192000000.0,552373981000000.0,0.0,9192000000.0,78788990000000.0,24220357000000.0,103331782000000.0,14569414000000.0,0.0,,0.0,,
VPB,2024,4,0.0,VPB,balance_sheet,,2148289000000.0,,,,,,,2023899000000.0,0.0,189210000000.0,,,923847637000000.0,776572375000000.0,,,147275262000000.0,,24007579000000.0,,5370287000000.0,923847637000000.0,,,,,,,79339236000000.0,,,,,,189210000000.0,,,14327215000000.0,134643662000000.0,13110971000000.0,13180721000000.0,-69750000000.0,0.0,676545598000000.0,692875738000000.0,-16330140000000.0,52783054000000.0,51857428000000.0,992927000000.0,-67301000000.0,,,0.0,1437082000000.0,586817000000.0,27275914000000.0,5713000000.0,201756421000000.0,485666548000000.0,28057000000.0,10894000000.0,66975704000000.0,22129038000000.0,103331782000000.0,14565614000000.0,0.0,,0.0,,
VPB,2024,3,0.0,VPB,balance_sheet,,2681822000000.0,,,,,,,1906115000000.0,0.0,189210000000.0,,,858884594000000.0,716644720000000.0,,,142239874000000.0,,22284722000000.0,,4948185000000.0,858884594000000.0,,,,,,,79339236000000.0,,,,,,189210000000.0,,,13546544000000.0,119231088000000.0,10549064000000.0,10611890000000.0,-62826000000.0,0.0,619865901000000.0,635344648000000.0,-15478747000000.0,58056373000000.0,58136983000000.0,0.0,-80610000000.0,,,0.0,1363684000000.0,542431000000.0,32061347000000.0,26027000000.0,167416136000000.0,475782339000000.0,1266044000000.0,13025000000.0,50941501000000.0,21199648000000.0,103331782000000.0,11675185000000.0,0.0,,0.0,,
VPB,2024,2,0.0,VPB,balance_sheet,,2597276000000.0,,,,,,,1926393000000.0,0.0,189210000000.0,,,864392980000000.0,726317366000000.0,,,138075614000000.0,,18256890000000.0,,4811757000000.0,864392980000000.0,,,,,,,79339236000000.0,,,,,,189210000000.0,,,14975550000000.0,115858610000000.0,11501226000000.0,11576885000000.0,-75659000000.0,0.0,609030873000000.0,624277460000000.0,-15246587000000.0,59429591000000.0,59348479000000.0,184273000000.0,-103161000000.0,,,0.0,1335641000000.0,590752000000.0,48062490000000.0,387940000000.0,178580696000000.0,471348616000000.0,1023282000000.0,15529000000.0,54199709000000.0,20761594000000.0,103331782000000.0,11675185000000.0,0.0,,0.0,,
VPB,2024,1,0.0,VPB,balance_sheet,,2432599000000.0,,,,,,,1916305000000.0,0.0,189210000000.0,,,822366981000000.0,679429571000000.0,,,142937410000000.0,,22632666000000.0,,4739680000000.0,822366981000000.0,,,,,,,79339236000000.0,,,,,,189210000000.0,,,7759148000000.0,98545790000000.0,11331236000000.0,11406079000000.0,-74843000000.0,582774000000.0,567636430000000.0,582691308000000.0,-15054878000000.0,82798265000000.0,76541718000000.0,6733753000000.0,-477206000000.0,,,0.0,1285300000000.0,631005000000.0,48381386000000.0,111865000000.0,153846616000000.0,455817478000000.0,0.0,18390000000.0,46344356000000.0,23290866000000.0,103331782000000.0,12233282000000.0,0.0,,0.0,,
VPB,2023,4,0.0,VPB,balance_sheet,,2284990000000.0,,,,,,,1923801000000.0,0.0,189210000000.0,,,817699538000000.0,677752965000000.0,,,139946573000000.0,,19149037000000.0,,5232477000000.0,817699538000000.0,,,,,,,79339236000000.0,,,,,,189210000000.0,,,8422511000000.0,94093778000000.0,12325809000000.0,12406274000000.0,-80465000000.0,0.0,551622004000000.0,566271290000000.0,-14649286000000.0,94587476000000.0,88050457000000.0,6755260000000.0,-218241000000.0,,,0.0,1298099000000.0,625702000000.0,51428198000000.0,4118311000000.0,156356651000000.0,442368381000000.0,392000000.0,22045000000.0,47787312000000.0,27099873000000.0,103331782000000.0,12233277000000.0,0.0,,0.0,,
VPB,2023,3,0.0,VPB,balance_sheet,,2815202000000.0,,,,,,,1898896000000.0,0.0,189210000000.0,,,780212730000000.0,670221182000000.0,,,109991548000000.0,,26803338000000.0,,5151397000000.0,780212730000000.0,,,,,,,67434236000000.0,,,,,,189210000000.0,,,9033687000000.0,98886732000000.0,13111028000000.0,13192931000000.0,-81903000000.0,75180000000.0,508798755000000.0,521566286000000.0,-12767531000000.0,87404082000000.0,86434927000000.0,1186324000000.0,-217169000000.0,,,0.0,1318938000000.0,579958000000.0,57178197000000.0,12923000000.0,160069135000000.0,421471748000000.0,0.0,26538000000.0,64999327000000.0,23641511000000.0,66550770000000.0,11486043000000.0,0.0,,0.0,,
VPB,2023,2,0.0,VPB,balance_sheet,,2104944000000.0,,,,,,,1759134000000.0,0.0,189210000000.0,,,739761986000000.0,632198116000000.0,,,107563870000000.0,,24378592000000.0,,5148465000000.0,739761986000000.0,,,,,,,67434236000000.0,,,,,,189210000000.0,,,10282392000000.0,105026761000000.0,12693573000000.0,12771978000000.0,-78405000000.0,0.0,474940426000000.0,488644495000000.0,-13704069000000.0,80047557000000.0,79052682000000.0,1213274000000.0,-218399000000.0,,,0.0,1168104000000.0,591030000000.0,51866894000000.0,30479000000.0,153746278000000.0,387611144000000.0,839051000000.0,32433000000.0,73281087000000.0,16657644000000.0,66550770000000.0,11486043000000.0,0.0,,0.0,,
VPB,2023,1,0.0,VPB,balance_sheet,,2610940000000.0,,,,,,,1782683000000.0,0.0,189210000000.0,,,677623733000000.0,572526094000000.0,,,105097639000000.0,,19260758000000.0,,5751027000000.0,677623733000000.0,,,,,,,67434236000000.0,,,,,,189210000000.0,,,9201959000000.0,69935068000000.0,10854845000000.0,10934415000000.0,-79570000000.0,0.0,450145682000000.0,463469068000000.0,-13323386000000.0,78811465000000.0,76277773000000.0,2751087000000.0,-217395000000.0,,,0.0,1180882000000.0,601801000000.0,53226120000000.0,966003000000.0,139929833000000.0,331184428000000.0,825092000000.0,39000000000.0,82485019000000.0,17096719000000.0,66550770000000.0,13535084000000.0,0.0,,0.0,,
VPB,2022,4,0.0,VPB,balance_sheet,,2658493000000.0,,,,,,,1858126000000.0,0.0,189210000000.0,,,631073662000000.0,527556773000000.0,,,103516889000000.0,,16759092000000.0,,6671965000000.0,631073662000000.0,,,,,,,67434236000000.0,,,,,,189210000000.0,,,9935379000000.0,47965493000000.0,7793447000000.0,7850639000000.0,-57192000000.0,0.0,424662382000000.0,438338047000000.0,-13675665000000.0,83075897000000.0,82718218000000.0,610279000000.0,-252600000000.0,,,0.0,1219108000000.0,639018000000.0,52042049000000.0,1929233000000.0,140249116000000.0,303151417000000.0,15369000000.0,47050000000.0,63699974000000.0,18464614000000.0,66550770000000.0,13535062000000.0,0.0,,0.0,,
VPB,2022,3,0.0,VPB,balance_sheet,,2270374000000.0,,,,,,,1843886000000.0,0.0,249710000000.0,,,595901874000000.0,493535620000000.0,,,102366254000000.0,,38375456000000.0,,7787096000000.0,595901874000000.0,,,,,,,45056930000000.0,,,,,,249710000000.0,,,4512134000000.0,47833645000000.0,5517145000000.0,5557136000000.0,-39991000000.0,1120686000000.0,390122807000000.0,402647324000000.0,-12524517000000.0,87756862000000.0,87505443000000.0,504587000000.0,-253168000000.0,,,0.0,1188276000000.0,655610000000.0,53770439000000.0,10796000000.0,128584980000000.0,277422332000000.0,0.0,57983000000.0,72872562000000.0,14586967000000.0,44173464000000.0,12030238000000.0,0.0,,0.0,,
VPB,2022,2,0.0,VPB,balance_sheet,,2307527000000.0,,,,,,,1784089000000.0,0.0,249710000000.0,,,608275139000000.0,509751315000000.0,,,98523824000000.0,,34645426000000.0,,7974696000000.0,608275139000000.0,,,,,,,45056930000000.0,,,,,,249710000000.0,,,4977601000000.0,62025635000000.0,5576455000000.0,5616365000000.0,-39910000000.0,519734000000.0,379718347000000.0,392504254000000.0,-12785907000000.0,101733424000000.0,101506131000000.0,510495000000.0,-283202000000.0,,,0.0,1149229000000.0,634860000000.0,48451004000000.0,12583000000.0,122797129000000.0,295419571000000.0,0.0,71739000000.0,76025392000000.0,15424901000000.0,43373620000000.0,12530082000000.0,0.0,,0.0,,
VPB,2022,1,0.0,VPB,balance_sheet,,2181085000000.0,,,,,,,1809994000000.0,0.0,249710000000.0,,,563923685000000.0,468721666000000.0,,,95202019000000.0,,31110740000000.0,,8158827000000.0,563923685000000.0,,,,,,,45056930000000.0,,,,,,249710000000.0,,,4753558000000.0,51850561000000.0,3838137000000.0,3848546000000.0,-10409000000.0,33547000000.0,362946441000000.0,374457058000000.0,-11510617000000.0,92350151000000.0,92415647000000.0,566674000000.0,-632170000000.0,,,0.0,1174529000000.0,635465000000.0,42967888000000.0,1300869000000.0,103754590000000.0,274148697000000.0,0.0,86864000000.0,76781597000000.0,12649049000000.0,43373620000000.0,12558832000000.0,0.0,,0.0,,
VPB,2021,4,0.0,VPB,balance_sheet,,2345733000000.0,,,,,,,1872973000000.0,0.0,249710000000.0,,,547626129000000.0,461174630000000.0,,,86451499000000.0,,22499887000000.0,,7993157000000.0,547626129000000.0,,,,,,,45056930000000.0,,,,,,249731000000.0,,,10860730000000.0,57104628000000.0,6970941000000.0,7005061000000.0,-34120000000.0,103299000000.0,345606972000000.0,355281219000000.0,-9674247000000.0,75798431000000.0,75313521000000.0,722934000000.0,-238024000000.0,,,-21000000.0,1216957000000.0,656016000000.0,45754022000000.0,8454375000000.0,114619106000000.0,241837028000000.0,0.0,103930000000.0,81295633000000.0,14864558000000.0,43373620000000.0,12584835000000.0,0.0,,0.0,,
VPB,2021,3,0.0,VPB,balance_sheet,,1917461000000.0,,,,,,,1723271000000.0,0.0,233581000000.0,,,479431926000000.0,417109431000000.0,,,62322495000000.0,,25909459000000.0,,0.0,479431926000000.0,,,,,,,25299680000000.0,,,,,,233602000000.0,,,9701663000000.0,38915525000000.0,3159193000000.0,3184835000000.0,-25642000000.0,0.0,311073629000000.0,317290648000000.0,-6217019000000.0,75876159000000.0,75494619000000.0,730374000000.0,-348834000000.0,,,-21000000.0,1096364000000.0,626907000000.0,35869088000000.0,15338000000.0,97888875000000.0,239357320000000.0,76316000000.0,123016000000.0,68180162000000.0,11468404000000.0,23616370000000.0,12796666000000.0,0.0,,0.0,,
VPB,2021,2,0.0,VPB,balance_sheet,,2121847000000.0,,,,,,,1749489000000.0,0.0,238581000000.0,,,451767038000000.0,391755363000000.0,,,60011675000000.0,,27348639000000.0,,0.0,451767038000000.0,,,,,,,25299680000000.0,,,,,,238602000000.0,,,5194489000000.0,34483219000000.0,50041000000.0,50041000000.0,0.0,50728000000.0,306025689000000.0,310852523000000.0,-4826834000000.0,67923121000000.0,67561616000000.0,737813000000.0,-376308000000.0,,,-21000000.0,1136642000000.0,612847000000.0,33681045000000.0,12551000000.0,78220737000000.0,233591350000000.0,0.0,142688000000.0,67410270000000.0,12377767000000.0,23466370000000.0,9196666000000.0,0.0,,0.0,,
VPB,2021,1,0.0,VPB,balance_sheet,,2729326000000.0,,,,,,,1803362000000.0,0.0,238581000000.0,,,436241186000000.0,380245874000000.0,,,55995312000000.0,,20617174000000.0,,0.0,436241186000000.0,,,,,,,25299680000000.0,,,,,,238602000000.0,,,3770309000000.0,18789761000000.0,5504075000000.0,5557235000000.0,-53160000000.0,0.0,296601536000000.0,301172723000000.0,-4571187000000.0,79948647000000.0,79554691000000.0,845994000000.0,-452038000000.0,,,-21000000.0,1170564000000.0,632798000000.0,26606800000000.0,29616000000.0,70921932000000.0,232426703000000.0,64334000000.0,164415000000.0,64955324000000.0,11683550000000.0,23466370000000.0,11911768000000.0,0.0,,0.0,,
VPB,2020,4,0.0,VPB,balance_sheet,,3282556000000.0,,,,,,,1862830000000.0,0.0,238581000000.0,,,419026527000000.0,366233025000000.0,,,52793502000000.0,,17415364000000.0,,0.0,419026527000000.0,,,,,,,25299680000000.0,,,,,,238602000000.0,,,5779610000000.0,19554808000000.0,493214000000.0,493214000000.0,0.0,0.0,286319402000000.0,290816086000000.0,-4496684000000.0,76485435000000.0,75959904000000.0,854344000000.0,-328813000000.0,,,-21000000.0,1212163000000.0,650667000000.0,24751811000000.0,14220000000.0,56511282000000.0,233427953000000.0,139825000000.0,187156000000.0,62845488000000.0,13107101000000.0,23466370000000.0,11911768000000.0,0.0,,0.0,,
VPB,2020,3,0.0,VPB,balance_sheet,,2798877000000.0,,,,,,,1824043000000.0,0.0,174124000000.0,,,413892030000000.0,364165757000000.0,,,49726273000000.0,,17719643000000.0,,0.0,413892030000000.0,,,,,,,25299680000000.0,,,,,,238602000000.0,,,5120560000000.0,26917855000000.0,100400000000.0,100400000000.0,0.0,0.0,273164448000000.0,278025352000000.0,-4860904000000.0,78349657000000.0,77730489000000.0,963373000000.0,-344205000000.0,,,-64478000000.0,1227037000000.0,597006000000.0,25442066000000.0,15626000000.0,49543378000000.0,241657962000000.0,123635000000.0,220291000000.0,58952160000000.0,13652705000000.0,23296370000000.0,8710260000000.0,0.0,,0.0,,
VPB,2020,2,0.0,VPB,balance_sheet,,3009979000000.0,,,,,,,1870170000000.0,0.0,152181000000.0,,,399473210000000.0,351998451000000.0,,,47474759000000.0,,15468129000000.0,,0.0,399473210000000.0,,,,,,,25299680000000.0,,,,,,238602000000.0,,,3055805000000.0,26033839000000.0,291361000000.0,291909000000.0,-548000000.0,0.0,265908483000000.0,270139499000000.0,-4231016000000.0,75049841000000.0,74487173000000.0,973710000000.0,-411042000000.0,,,-86421000000.0,1258561000000.0,611609000000.0,24101551000000.0,16875000000.0,46402397000000.0,236776714000000.0,196919000000.0,246867000000.0,54972753000000.0,13385926000000.0,23296370000000.0,8710260000000.0,0.0,,0.0,,
VPB,2020,1,0.0,VPB,balance_sheet,,3141583000000.0,,,,,,,1843301000000.0,0.0,133596000000.0,,,393208887000000.0,348685150000000.0,,,44523737000000.0,,14119962000000.0,,0.0,393208887000000.0,,,,,,,25299680000000.0,,,,,,238602000000.0,,,1440200000000.0,13323869000000.0,1117714000000.0,1122697000000.0,-4983000000.0,252332000000.0,259593869000000.0,263747911000000.0,-4154042000000.0,88120871000000.0,87410569000000.0,983934000000.0,-273632000000.0,,,-105006000000.0,1297175000000.0,546126000000.0,24241552000000.0,18594000000.0,63734621000000.0,215715762000000.0,0.0,276318000000.0,56343041000000.0,12596814000000.0,23296370000000.0,7107405000000.0,0.0,,0.0,,
VPB,2019,4,0.0,VPB,balance_sheet,,2459321000000.0,,,,,,,1922972000000.0,0.0,174134000000.0,,,377213836000000.0,334996327000000.0,,,42217509000000.0,,11812568000000.0,,0.0,377213836000000.0,,,,,,,25299680000000.0,,,,,,238602000000.0,,,3454138000000.0,20097552000000.0,1566592000000.0,1571141000000.0,-4549000000.0,0.0,253099865000000.0,257183959000000.0,-4084094000000.0,68729363000000.0,67786907000000.0,1094329000000.0,-151873000000.0,,,-64468000000.0,1342690000000.0,580282000000.0,25709899000000.0,19492000000.0,50867989000000.0,213949567000000.0,45670000000.0,291823000000.0,57599723000000.0,12222063000000.0,23296370000000.0,7108571000000.0,0.0,,0.0,,
VPB,2019,3,0.0,VPB,balance_sheet,,2425876000000.0,,,,,,,1844497000000.0,0.0,186310000000.0,,,358236462000000.0,317745217000000.0,,,40491245000000.0,,10585783000000.0,,0.0,358236462000000.0,,,,,,,25299680000000.0,,,,,,227602000000.0,,,1611449000000.0,16300937000000.0,2856573000000.0,2864216000000.0,-7643000000.0,0.0,249770615000000.0,254186603000000.0,-4415988000000.0,62993217000000.0,62311445000000.0,1259392000000.0,-577620000000.0,,,-41292000000.0,1317922000000.0,526575000000.0,20246988000000.0,2019968000000.0,40102564000000.0,205585380000000.0,12053000000.0,304897000000.0,57533752000000.0,12186603000000.0,24096960000000.0,5821080000000.0,-12578000000.0,,0.0,,
VPB,2019,2,0.0,VPB,balance_sheet,,2443631000000.0,,,,,,,1896219000000.0,0.0,160566000000.0,,,348732250000000.0,310523858000000.0,,,38208392000000.0,,8303181000000.0,,0.0,348732250000000.0,,,,,,,25299680000000.0,,,,,,227602000000.0,,,6760926000000.0,19982265000000.0,4890945000000.0,4908642000000.0,-17697000000.0,100507000000.0,243517843000000.0,247632796000000.0,-4114953000000.0,50258989000000.0,48992906000000.0,1835094000000.0,-569011000000.0,,,-67036000000.0,1342561000000.0,553658000000.0,18720359000000.0,2020747000000.0,45436427000000.0,197362899000000.0,0.0,319874000000.0,53754809000000.0,11629102000000.0,24096960000000.0,5821080000000.0,-12829000000.0,,0.0,,
VPB,2019,1,0.0,VPB,balance_sheet,,2503797000000.0,,,,,,,1953309000000.0,0.0,171990000000.0,,,322080318000000.0,285900414000000.0,,,36179904000000.0,,4874914000000.0,,0.0,322080318000000.0,,,,,,,25299680000000.0,,,,,,227602000000.0,,,3527200000000.0,8637912000000.0,4243645000000.0,4258686000000.0,-15041000000.0,22884000000.0,227412319000000.0,231458178000000.0,-4045859000000.0,54948182000000.0,52960253000000.0,2752955000000.0,-765026000000.0,,,-55612000000.0,1387528000000.0,565781000000.0,18659080000000.0,21651000000.0,39855245000000.0,188117243000000.0,0.0,325177000000.0,46862196000000.0,10718902000000.0,24096960000000.0,7200079000000.0,7951000000.0,,0.0,,
VPB,2018,4,0.0,VPB,balance_sheet,,1855473000000.0,,,,,,,1963096000000.0,0.0,190654000000.0,,,323308442000000.0,288558373000000.0,,,34750069000000.0,,6102257000000.0,,0.0,323308442000000.0,,,,,,,25299680000000.0,,,,,,227602000000.0,,,10828571000000.0,16571491000000.0,4202413000000.0,4240742000000.0,-38329000000.0,0.0,217893250000000.0,221460023000000.0,-3566773000000.0,51926416000000.0,49417157000000.0,3564933000000.0,-1055674000000.0,,,-36948000000.0,1385572000000.0,577524000000.0,17375105000000.0,3781343000000.0,54231451000000.0,170850871000000.0,18571000000.0,329649000000.0,48658036000000.0,10688452000000.0,24096960000000.0,4550852000000.0,0.0,,0.0,,
VPB,2018,3,0.0,VPB,balance_sheet,,2520653000000.0,,,,,,,952267000000.0,0.0,189206000000.0,,,296216157000000.0,264229193000000.0,,,31986964000000.0,,4900997000000.0,,0.0,296216157000000.0,,,,,,,25299680000000.0,,,,,,227602000000.0,,,7396314000000.0,6446970000000.0,3961480000000.0,3980001000000.0,-18521000000.0,78207000000.0,196150699000000.0,200075422000000.0,-3924723000000.0,61370408000000.0,58767834000000.0,3958984000000.0,-1356410000000.0,,,-38396000000.0,425546000000.0,526721000000.0,17149953000000.0,2024514000000.0,37990284000000.0,156441918000000.0,0.0,323615000000.0,56259579000000.0,11189283000000.0,24096960000000.0,3296689000000.0,-307682000000.0,,0.0,,
VPB,2018,2,0.0,VPB,balance_sheet,,2467514000000.0,,,,,,,948050000000.0,0.0,227581000000.0,,,293112204000000.0,260123573000000.0,,,32988631000000.0,,8026549000000.0,,0.0,293112204000000.0,,,,,,,15706230000000.0,,,,,,227602000000.0,,,3179428000000.0,18196723000000.0,5562517000000.0,5606715000000.0,-44198000000.0,81909000000.0,195314516000000.0,198870423000000.0,-3555907000000.0,51447213000000.0,48739231000000.0,4053078000000.0,-1345096000000.0,,,-21000000.0,421055000000.0,526995000000.0,15269440000000.0,2025215000000.0,31843245000000.0,151302335000000.0,0.0,331149000000.0,64310939000000.0,10310690000000.0,21572335000000.0,3451380000000.0,-61633000000.0,,0.0,,
VPB,2018,1,0.0,VPB,balance_sheet,,2633305000000.0,,,,,,,775821000000.0,0.0,220421000000.0,,,284388078000000.0,252752850000000.0,,,31635228000000.0,,3760217000000.0,,0.0,284388078000000.0,,,,,,,15706230000000.0,,,,,,227602000000.0,,,2558337000000.0,23126653000000.0,2289930000000.0,2289930000000.0,0.0,0.0,185628816000000.0,189116170000000.0,-3487354000000.0,51672591000000.0,48704628000000.0,4134187000000.0,-1166224000000.0,,,-7181000000.0,439475000000.0,336346000000.0,14971099000000.0,2025716000000.0,24718966000000.0,143121084000000.0,145611000000.0,3777792000000.0,66806375000000.0,12157306000000.0,21572335000000.0,6306011000000.0,-3335000000.0,,0.0,,
VPB,2017,4,0.0,VPB,balance_sheet,,2574284000000.0,,,,,,,808487000000.0,0.0,152506000000.0,,,277750092000000.0,248056817000000.0,,,29693275000000.0,,5370262000000.0,,0.0,277750092000000.0,,,,,,,15706230000000.0,,,,,,194602000000.0,,,6460207000000.0,17520024000000.0,1424854000000.0,1424854000000.0,0.0,0.0,179517453000000.0,182666213000000.0,-3148760000000.0,53558049000000.0,50384788000000.0,4151127000000.0,-977866000000.0,,,-42096000000.0,457682000000.0,350805000000.0,15734228000000.0,26015000000.0,33200418000000.0,133550812000000.0,160470000000.0,3899364000000.0,66104605000000.0,11115133000000.0,21572335000000.0,2750678000000.0,0.0,,0.0,,
VPB,2017,3,0.0,VPB,balance_sheet,,2061845000000.0,,,,,,,754704000000.0,0.0,248363000000.0,,,253847293000000.0,226222971000000.0,,,27624322000000.0,,1749192000000.0,,0.0,253847293000000.0,,,,,,,15706230000000.0,,,,,,299372000000.0,,,5824839000000.0,6053720000000.0,2978254000000.0,2981776000000.0,-3522000000.0,0.0,165142508000000.0,167681573000000.0,-2539065000000.0,54375013000000.0,50970143000000.0,4313722000000.0,-908852000000.0,,,-51009000000.0,434716000000.0,319988000000.0,16408047000000.0,26641000000.0,18985620000000.0,127775507000000.0,116729000000.0,4066470000000.0,64289603000000.0,10962401000000.0,21572336000000.0,4434666000000.0,-131872000000.0,,0.0,,
VPB,2017,2,0.0,VPB,balance_sheet,,1729591000000.0,,,,,,,665284000000.0,0.0,256408000000.0,,,248713537000000.0,229190691000000.0,,,19522846000000.0,,4117724000000.0,,0.0,248713537000000.0,,,,,,,10765453000000.0,,,,,,299372000000.0,,,3024512000000.0,9602399000000.0,4854132000000.0,4865579000000.0,-11447000000.0,0.0,159478322000000.0,162087742000000.0,-2609420000000.0,54068887000000.0,50620882000000.0,4297561000000.0,-849556000000.0,,,-42964000000.0,384915000000.0,280369000000.0,15034002000000.0,27242000000.0,21060979000000.0,129614198000000.0,137852000000.0,2866033000000.0,65828432000000.0,9655955000000.0,12053766000000.0,3465225000000.0,-113869000000.0,,0.0,,
VPB,2017,1,0.0,VPB,balance_sheet,,1790182000000.0,,,,,,,699560000000.0,27052000000.0,235801000000.0,,,229847133000000.0,211168477000000.0,,,18678656000000.0,,4190779000000.0,,0.0,229847133000000.0,,,,,,,10765453000000.0,,,,,,299372000000.0,,,1828304000000.0,7184544000000.0,2312014000000.0,2313577000000.0,-1563000000.0,0.0,149532581000000.0,152154805000000.0,-2622224000000.0,52889787000000.0,49779908000000.0,4044360000000.0,-934481000000.0,,,-63571000000.0,413950000000.0,285610000000.0,13347308000000.0,27719000000.0,14219861000000.0,129499602000000.0,200438000000.0,2275392000000.0,56905065000000.0,8040400000000.0,12054316000000.0,2469739000000.0,-36178000000.0,,0.0,,
VPB,2016,4,0.0,VPB,balance_sheet,,1727360000000.0,,,,,,,624198000000.0,27162000000.0,216042000000.0,,,225887311000000.0,208578739000000.0,,,17308572000000.0,,4360825000000.0,,0.0,225887311000000.0,,,,,,,9181000000000.0,,,,,,299372000000.0,,,2982590000000.0,9388905000000.0,2952205000000.0,2953768000000.0,-1563000000.0,0.0,142602854000000.0,144673213000000.0,-2070359000000.0,55356469000000.0,51948657000000.0,4136200000000.0,-728388000000.0,,,-83330000000.0,422772000000.0,201426000000.0,10009526000000.0,1103686000000.0,25879135000000.0,123787571000000.0,191325000000.0,1389786000000.0,48650527000000.0,7576709000000.0,10469863000000.0,2477884000000.0,0.0,,0.0,,
VPB,2016,3,0.0,VPB,balance_sheet,,1575799000000.0,,,,,,,557258000000.0,27271000000.0,259145000000.0,,,205739847000000.0,189958029000000.0,,,15781818000000.0,,3726353000000.0,,0.0,205739847000000.0,,,,,,,9181000000000.0,,,,,,307077000000.0,,,4794892000000.0,7009194000000.0,1862567000000.0,1863200000000.0,-633000000.0,0.0,128145489000000.0,129946431000000.0,-1800942000000.0,50682942000000.0,47628387000000.0,3787335000000.0,-732780000000.0,,,-47932000000.0,374755000000.0,182503000000.0,10825290000000.0,25857000000.0,17744328000000.0,126527623000000.0,132159000000.0,290075000000.0,39242316000000.0,5995671000000.0,10469863000000.0,1667821000000.0,-82219000000.0,,0.0,,
VPB,2016,2,0.0,VPB,balance_sheet,,1751795000000.0,,,,,,,549036000000.0,27381000000.0,277295000000.0,,,202754707000000.0,188342648000000.0,,,14412059000000.0,,2359175000000.0,,0.0,202754707000000.0,,,,,,,9181000000000.0,,,,,,307077000000.0,,,3508318000000.0,10510419000000.0,1794448000000.0,1794448000000.0,0.0,0.0,116335300000000.0,118135827000000.0,-1800527000000.0,55738004000000.0,52752554000000.0,3722081000000.0,-736631000000.0,,,-29782000000.0,383412000000.0,165624000000.0,12262711000000.0,24020000000.0,29714274000000.0,118599449000000.0,291908000000.0,326442000000.0,33988897000000.0,5397658000000.0,10469863000000.0,1667818000000.0,-84797000000.0,,0.0,,
VPB,2016,1,0.0,VPB,balance_sheet,,1568129000000.0,,,,,,,499769000000.0,27491000000.0,321961000000.0,,,203492607000000.0,189284733000000.0,,,14207874000000.0,,2520733000000.0,,0.0,203492607000000.0,,,,,,,9181000000000.0,,,,,,322434000000.0,,,1934361000000.0,18894289000000.0,1229316000000.0,1229316000000.0,0.0,0.0,113449525000000.0,115196172000000.0,-1746647000000.0,55252654000000.0,51614067000000.0,4561632000000.0,-923045000000.0,,,-473000000.0,330631000000.0,169138000000.0,10315112000000.0,7603000000.0,23512125000000.0,129211062000000.0,243124000000.0,367220000000.0,30772637000000.0,5170962000000.0,10469863000000.0,1267242000000.0,-49964000000.0,,0.0,,
VPB,2015,4,0.0,VPB,balance_sheet,,1632425000000.0,,,,,,,509574000000.0,27600000000.0,322511000000.0,,,193876428000000.0,180487506000000.0,,,13388922000000.0,,2718818000000.0,,0.0,193876428000000.0,,,,,,,8056466000000.0,,,,,,322984000000.0,,,2261499000000.0,14599675000000.0,2043647000000.0,2046735000000.0,-3088000000.0,0.0,115062473000000.0,116804247000000.0,-1741774000000.0,47729481000000.0,43950621000000.0,4520639000000.0,-741779000000.0,,,-473000000.0,325013000000.0,184561000000.0,9687543000000.0,4821063000000.0,17764430000000.0,130270670000000.0,131760000000.0,383188000000.0,21859941000000.0,5256454000000.0,9345329000000.0,1324775000000.0,0.0,,0.0,,
VPB,2015,3,5000000.0,VPB,balance_sheet,,1688556000000.0,,,,,,,600430000000.0,27710000000.0,217741000000.0,,,195003610000000.0,182256428000000.0,,,12747177000000.0,,2896868000000.0,,0.0,195003610000000.0,,,,,,,8056466000000.0,,,,,,218214000000.0,,,2757179000000.0,16246364000000.0,3486138000000.0,3488958000000.0,-2820000000.0,68529000000.0,105661082000000.0,107044783000000.0,-1383701000000.0,52195996000000.0,47773173000000.0,5199003000000.0,-776180000000.0,,,-473000000.0,304559000000.0,295871000000.0,12053885000000.0,0.0,28568754000000.0,127516021000000.0,0.0,318162000000.0,20117533000000.0,5735958000000.0,9362872000000.0,639422000000.0,-151985000000.0,,17543000000.0,,
VPB,2015,2,0.0,VPB,balance_sheet,,1266002000000.0,,,,,,,602710000000.0,27820000000.0,32465000000.0,,,179219306000000.0,167300679000000.0,,,11918622000000.0,,1931965000000.0,,5000000.0,179219306000000.0,,,,,,,8056466000000.0,,,,,,32938000000.0,,,2009556000000.0,14610824000000.0,5274302000000.0,5286901000000.0,-12599000000.0,0.0,95038564000000.0,96278559000000.0,-1239995000000.0,47563942000000.0,43263559000000.0,4908382000000.0,-607999000000.0,,,-473000000.0,296930000000.0,305780000000.0,12793121000000.0,0.0,22231368000000.0,120430425000000.0,135007000000.0,194275000000.0,18078310000000.0,6231294000000.0,9362872000000.0,570111000000.0,53674000000.0,,17543000000.0,,
VPB,2015,1,5000000.0,VPB,balance_sheet,,1141497000000.0,,,,,,,610096000000.0,27996000000.0,33464000000.0,,,164641320000000.0,155233426000000.0,,,9407889000000.0,,2403718000000.0,,0.0,164641320000000.0,,,,,,,6347410000000.0,,,,,,33937000000.0,,,1744222000000.0,14742631000000.0,3723353000000.0,3730048000000.0,-6695000000.0,0.0,84031092000000.0,84991334000000.0,-960242000000.0,43829976000000.0,40081023000000.0,4022686000000.0,-273733000000.0,,,-473000000.0,296717000000.0,313379000000.0,14756993000000.0,0.0,22496501000000.0,111690119000000.0,211497000000.0,150435000000.0,14267408000000.0,6417466000000.0,6348779000000.0,541383000000.0,114009000000.0,,0.0,,
VPB,2014,4,5000000.0,VPB,balance_sheet,,1358034000000.0,,,,,,,602947000000.0,28175000000.0,71831000000.0,,,163241378000000.0,154261083000000.0,,,8980290000000.0,,2090130000000.0,,0.0,163241378000000.0,,,,,,,6347410000000.0,,,,,,72304000000.0,,,3701393000000.0,13924797000000.0,4243718000000.0,4260016000000.0,-16298000000.0,0.0,77255692000000.0,78378832000000.0,-1123140000000.0,47960783000000.0,44189329000000.0,4022686000000.0,-251232000000.0,,,-473000000.0,291025000000.0,311922000000.0,14094008000000.0,832555000000.0,26228249000000.0,108353665000000.0,215333000000.0,125246000000.0,12409544000000.0,6096491000000.0,6348779000000.0,541381000000.0,0.0,,0.0,,
VPB,2014,3,0.0,VPB,balance_sheet,,1278183000000.0,,,,,,,612659000000.0,28354000000.0,71831000000.0,,,147625564000000.0,138871254000000.0,,,8754310000000.0,,1921216000000.0,,0.0,147625564000000.0,,,,,,,6347410000000.0,,,,,,72304000000.0,,,2202409000000.0,8857824000000.0,7184237000000.0,7215172000000.0,-30935000000.0,0.0,69943798000000.0,70902326000000.0,-958528000000.0,41736810000000.0,40891703000000.0,1043430000000.0,-198323000000.0,,,-473000000.0,275097000000.0,337562000000.0,15709459000000.0,0.0,23803059000000.0,100296066000000.0,202296000000.0,74860000000.0,7154250000000.0,7340723000000.0,6348779000000.0,527009000000.0,-42694000000.0,,0.0,,
VPB,2014,2,0.0,VPB,balance_sheet,,1332999000000.0,,,,,,,539416000000.0,28533000000.0,71831000000.0,,,135137164000000.0,126869923000000.0,,,8267241000000.0,,1506534000000.0,,0.0,135137164000000.0,,,,,,,6347410000000.0,,,,,,72304000000.0,,,2383361000000.0,7148920000000.0,6883238000000.0,6885689000000.0,-2451000000.0,0.0,61312473000000.0,62212834000000.0,-900361000000.0,38492520000000.0,37838134000000.0,722386000000.0,-68000000000.0,,,-473000000.0,231071000000.0,308345000000.0,16943873000000.0,0.0,19316113000000.0,91566064000000.0,133299000000.0,124050000000.0,7840619000000.0,7889778000000.0,6348779000000.0,444921000000.0,-32993000000.0,,0.0,,
VPB,2014,1,0.0,VPB,balance_sheet,,1821618000000.0,,,,,,,407589000000.0,28712000000.0,71831000000.0,,,130004786000000.0,122118397000000.0,,,7886389000000.0,,1234283000000.0,,0.0,130004786000000.0,,,,,,,6347410000000.0,,,,,,72304000000.0,,,3040845000000.0,12432158000000.0,7216860000000.0,7231195000000.0,-14335000000.0,0.0,53473122000000.0,54237885000000.0,-764763000000.0,35346414000000.0,34758098000000.0,683316000000.0,-95000000000.0,,,-473000000.0,234092000000.0,173497000000.0,16165637000000.0,0.0,17883991000000.0,89026315000000.0,135841000000.0,79279000000.0,7600688000000.0,7392283000000.0,6348779000000.0,300785000000.0,2542000000.0,,0.0,,
VPB,2013,4,0.0,VPB,balance_sheet,,1549351000000.0,,,,,,,418515000000.0,28891000000.0,71831000000.0,,,121264370000000.0,113537673000000.0,,,7726697000000.0,,1627033000000.0,,0.0,121264370000000.0,,,,,,,5770000000000.0,,,,,,72304000000.0,,,1523596000000.0,12055421000000.0,8508797000000.0,8510340000000.0,-1543000000.0,0.0,51869416000000.0,52474123000000.0,-604707000000.0,29167489000000.0,28530794000000.0,636695000000.0,0.0,,,-473000000.0,242984000000.0,175531000000.0,16071063000000.0,1885457000000.0,13134052000000.0,83843780000000.0,50851000000.0,63737000000.0,7600755000000.0,6959041000000.0,5771369000000.0,328295000000.0,0.0,,0.0,,
VPB,2013,3,0.0,VPB,balance_sheet,,1154360000000.0,,,,,,,388984000000.0,29069000000.0,71971000000.0,,,119577305000000.0,112470661000000.0,,,7106644000000.0,,1045762000000.0,,0.0,119577305000000.0,,,,,,,5770000000000.0,,,,,,72444000000.0,,,8398075000000.0,14649870000000.0,5283543000000.0,5321933000000.0,-38390000000.0,0.0,46786355000000.0,47387917000000.0,-601562000000.0,24897059000000.0,24906059000000.0,-9000000000.0,0.0,,,-473000000.0,211384000000.0,177600000000.0,17918019000000.0,0.0,11341632000000.0,87300703000000.0,3335000000.0,48950000000.0,6150000000000.0,7626041000000.0,5771369000000.0,315431000000.0,-25918000000.0,,0.0,,
VPB,2013,2,0.0,VPB,balance_sheet,,766190000000.0,,,,,,,397966000000.0,29247000000.0,68640000000.0,,,113563080000000.0,106751883000000.0,,,6811197000000.0,,751484000000.0,,0.0,113563080000000.0,,,,,,,5770000000000.0,,,,,,69113000000.0,,,2495350000000.0,20700004000000.0,5365855000000.0,5404808000000.0,-38953000000.0,0.0,44524082000000.0,45019696000000.0,-495614000000.0,22308965000000.0,22317965000000.0,0.0,-9000000000.0,,,-473000000.0,219151000000.0,178815000000.0,16906781000000.0,0.0,18537504000000.0,76135009000000.0,36615000000.0,64935000000.0,3400000000000.0,8577820000000.0,5771369000000.0,315431000000.0,-27087000000.0,,0.0,,
VPB,2013,1,0.0,VPB,balance_sheet,,976307433021.0,,,,,,,429751957649.0,29440662049.0,67338169468.0,,,112611227042272.0,105861865953531.0,,,6749361088741.0,,770613883469.0,,0.0,112611227042272.0,,,,,,,5770000000000.0,,,,,,67810888165.0,,,488501809211.0,24438365447006.0,3626924125801.0,3650779828700.0,-23855702899.0,0.0,41120083317132.0,41580193739597.0,-460110422465.0,25182933351605.0,25191933351605.0,0.0,-9000000000.0,,,-472718697.0,252549088609.0,177202869040.0,16251580769330.0,0.0,26495672604340.0,68715611069084.0,23326097376.0,64547721836.0,3422100000000.0,7140608460895.0,5771369214500.0,233030914430.0,-25652923658.0,,0.0,,
TCB,2025,4,,TCB,balance_sheet,,4360821000000.0,,,,,,,12122934000000.0,0.0,3246622000000.0,,,1192344137000000.0,1012842695000000.0,,,179501442000000.0,,62773576000000.0,,9456938000000.0,1192344137000000.0,,,,,,,70862404000000.0,,,,,,3215508000000.0,,,82162772000000.0,114958312000000.0,4815777000000.0,4816831000000.0,-1054000000.0,0.0,757118751000000.0,767617129000000.0,-10498378000000.0,145526404000000.0,145942288000000.0,0.0,-415884000000.0,,32263000000.0,-1149000000.0,6343732000000.0,5779202000000.0,68001097000000.0,4323867000000.0,144982976000000.0,618911535000000.0,2416947000000.0,0.0,215330128000000.0,26877242000000.0,78626366000000.0,28644562000000.0,0.0,,7764086000000.0,,
TCB,2025,3,,TCB,balance_sheet,,4045689000000.0,,,,,,,12043529000000.0,0.0,3090646000000.0,,,1129570458000000.0,950139865000000.0,,,179430593000000.0,,60833974000000.0,,15397526000000.0,1129570458000000.0,,,,,,,70648517000000.0,,,,,,3058955000000.0,,,77586460000000.0,92999089000000.0,3107148000000.0,3107429000000.0,-281000000.0,0.0,756078003000000.0,766709929000000.0,-10631926000000.0,139296462000000.0,139654417000000.0,0.0,-357955000000.0,,32840000000.0,-1149000000.0,6099861000000.0,5943668000000.0,41282416000000.0,41254000000.0,146643879000000.0,595086941000000.0,1712153000000.0,0.0,181742521000000.0,24913117000000.0,78412544000000.0,24786549000000.0,0.0,,7764086000000.0,,
TCB,2025,2,,TCB,balance_sheet,,3666435000000.0,,,,,,,12192892000000.0,0.0,3057806000000.0,,,1037645395000000.0,875818166000000.0,,,161827229000000.0,,54414630000000.0,,4213219000000.0,1037645395000000.0,,,,,,,70648517000000.0,,,,,,3058955000000.0,,,48485657000000.0,80845693000000.0,4138394000000.0,4139215000000.0,-821000000.0,0.0,700801926000000.0,710313010000000.0,-9511084000000.0,146985597000000.0,142072840000000.0,5400000000000.0,-487243000000.0,,0.0,-1149000000.0,6274097000000.0,5918795000000.0,37427502000000.0,46920000000.0,137064303000000.0,545078843000000.0,1092859000000.0,0.0,172337642000000.0,20197599000000.0,78412544000000.0,24786836000000.0,0.0,,7764086000000.0,,
TCB,2025,1,,TCB,balance_sheet,,3789947000000.0,,,,,,,12119671000000.0,0.0,3102523000000.0,,,989215993000000.0,835263328000000.0,,,153952665000000.0,,48167266000000.0,,2586017000000.0,989215993000000.0,,,,,,,70648517000000.0,,,,,,3103672000000.0,,,62698992000000.0,81883430000000.0,2280383000000.0,2280761000000.0,-378000000.0,0.0,655007208000000.0,663692866000000.0,-8685658000000.0,124378656000000.0,117928269000000.0,6900000000000.0,-449613000000.0,,0.0,-1149000000.0,6429947000000.0,5689724000000.0,43901320000000.0,118379000000.0,135313705000000.0,531583052000000.0,688536000000.0,0.0,147933070000000.0,19626586000000.0,78412544000000.0,24786838000000.0,0.0,,7764086000000.0,,
TCB,2024,4,,TCB,balance_sheet,,3384770000000.0,,,,,,,12466885000000.0,0.0,3102523000000.0,,,978798549000000.0,830858928000000.0,,,147939621000000.0,,42219306000000.0,,2520466000000.0,978798549000000.0,,,,,,,70648517000000.0,,,,,,3103672000000.0,,,54353153000000.0,84590474000000.0,9000644000000.0,9000895000000.0,-251000000.0,0.0,623634271000000.0,631724964000000.0,-8090693000000.0,148623636000000.0,142202792000000.0,6900000000000.0,-479156000000.0,,0.0,-1149000000.0,6576699000000.0,5890186000000.0,39500565000000.0,11531000000.0,132239088000000.0,533392350000000.0,931231000000.0,0.0,140422321000000.0,23862407000000.0,78412544000000.0,24787305000000.0,0.0,,7764086000000.0,,
TCB,2024,3,,TCB,balance_sheet,,3608503000000.0,,,,,,,12752316000000.0,0.0,3047523000000.0,,,927053345000000.0,782685363000000.0,,,144367982000000.0,,51068780000000.0,,1437445000000.0,927053345000000.0,,,,,,,70450216000000.0,,,,,,3048672000000.0,,,40614749000000.0,90014293000000.0,4524314000000.0,4524314000000.0,0.0,269237000000.0,617924570000000.0,626290777000000.0,-8366207000000.0,102135236000000.0,97062825000000.0,5400000000000.0,-327589000000.0,,0.0,-1149000000.0,6974513000000.0,5777803000000.0,51847838000000.0,20542000000.0,138462274000000.0,494954017000000.0,0.0,0.0,126061309000000.0,23187221000000.0,71006213000000.0,20845050000000.0,10494000000.0,,555997000000.0,,
TCB,2024,2,,TCB,balance_sheet,,3638265000000.0,,,,,,,9626880000000.0,0.0,3047523000000.0,,,908306700000000.0,769755043000000.0,,,138551657000000.0,,45331275000000.0,,1381928000000.0,908306700000000.0,,,,,,,70450216000000.0,,,,,,3048672000000.0,,,28055094000000.0,88903726000000.0,4142658000000.0,4142658000000.0,0.0,170357000000.0,584713478000000.0,592083271000000.0,-7369793000000.0,113677245000000.0,114076318000000.0,0.0,-399073000000.0,,0.0,-1149000000.0,3669412000000.0,5957468000000.0,72011233000000.0,410381000000.0,154612416000000.0,481860239000000.0,0.0,0.0,111985283000000.0,20886724000000.0,71006213000000.0,20845440000000.0,-13199000000.0,,555997000000.0,,
TCB,2024,1,,TCB,balance_sheet,,3665067000000.0,,,,,,,9258648000000.0,0.0,3046245000000.0,,,885653461000000.0,747780735000000.0,,,137872726000000.0,,55234141000000.0,,1372839000000.0,885653461000000.0,,,,,,,35225108000000.0,,,,,,3047394000000.0,,,13587719000000.0,89074540000000.0,8967611000000.0,8967611000000.0,0.0,729249000000.0,552577121000000.0,559276885000000.0,-6699764000000.0,131188842000000.0,131568267000000.0,0.0,-379425000000.0,,0.0,-1149000000.0,3593852000000.0,5664796000000.0,73476386000000.0,938925000000.0,172892747000000.0,458040690000000.0,0.0,0.0,93776798000000.0,22131575000000.0,36257461000000.0,45028418000000.0,-20133000000.0,,555997000000.0,,
TCB,2023,4,,TCB,balance_sheet,,3620695000000.0,,,,,,,8892697000000.0,0.0,3046245000000.0,,,849482012000000.0,717853947000000.0,,,131628065000000.0,,49025144000000.0,,1316833000000.0,849482012000000.0,,,,,,,35225108000000.0,,,,,,3047394000000.0,,,27140592000000.0,104072320000000.0,4432778000000.0,4432778000000.0,0.0,143611000000.0,512513672000000.0,518641568000000.0,-6127896000000.0,104993945000000.0,105356248000000.0,0.0,-362303000000.0,,0.0,-1149000000.0,3527586000000.0,5365111000000.0,80543424000000.0,131000000.0,153173002000000.0,454660779000000.0,0.0,0.0,84703300000000.0,25316735000000.0,36257461000000.0,45028627000000.0,0.0,,555997000000.0,,
TCB,2023,3,,TCB,balance_sheet,,3505804000000.0,,,,,,,8572600000000.0,0.0,3046245000000.0,,,781278666000000.0,654148880000000.0,,,127129786000000.0,,46266763000000.0,,1274127000000.0,781278666000000.0,,,,,,,35172385000000.0,,,,,,3047394000000.0,,,27428542000000.0,69386021000000.0,5130241000000.0,5130241000000.0,0.0,1301270000000.0,469588515000000.0,475605589000000.0,-6017074000000.0,121243204000000.0,121592338000000.0,0.0,-349134000000.0,,0.0,-1149000000.0,3610247000000.0,4962353000000.0,71981345000000.0,49571000000.0,159262494000000.0,409044572000000.0,0.0,0.0,61825221000000.0,23967022000000.0,36204797000000.0,43386280000000.0,-2181000000.0,,555997000000.0,,
TCB,2023,2,,TCB,balance_sheet,,3112603000000.0,,,,,,,8742421000000.0,0.0,3046245000000.0,,,732470169000000.0,610005199000000.0,,,122464970000000.0,,41653820000000.0,,1218365000000.0,732470169000000.0,,,,,,,35172385000000.0,,,,,,3047394000000.0,,,7860356000000.0,71193282000000.0,1719515000000.0,1719515000000.0,0.0,221603000000.0,460753044000000.0,466546217000000.0,-5793173000000.0,107847625000000.0,108213465000000.0,0.0,-365840000000.0,,0.0,-1149000000.0,3726005000000.0,5016416000000.0,67878596000000.0,136300000000.0,153625650000000.0,381946519000000.0,0.0,0.0,54957735000000.0,19338995000000.0,36204797000000.0,43386686000000.0,1302000000.0,,555997000000.0,,
TCB,2023,1,,TCB,balance_sheet,,2852199000000.0,,,,,,,8274948000000.0,0.0,12813000000.0,,,723517800000000.0,605552384000000.0,,,117965416000000.0,,68979321000000.0,,1169971000000.0,723517800000000.0,,,,,,,35172385000000.0,,,,,,13962000000.0,,,15834434000000.0,66839068000000.0,78555000000.0,78555000000.0,0.0,0.0,460145233000000.0,465425345000000.0,-5280112000000.0,99071125000000.0,99437382000000.0,0.0,-366257000000.0,,0.0,-1149000000.0,3655357000000.0,4619591000000.0,70304177000000.0,121611000000.0,151194118000000.0,387297891000000.0,974338000000.0,0.0,46729093000000.0,19235333000000.0,36204797000000.0,11606679000000.0,4648000000.0,,555997000000.0,,
TCB,2022,4,,TCB,balance_sheet,,4215721000000.0,,,,,,,8411382000000.0,1053124000000.0,12813000000.0,,,699032544000000.0,585607578000000.0,,,113424966000000.0,,64482685000000.0,,1128915000000.0,699032544000000.0,,,,,,,35172385000000.0,,,,,,13962000000.0,,,11475590000000.0,82873754000000.0,961034000000.0,961034000000.0,0.0,0.0,415752256000000.0,420523705000000.0,-4771449000000.0,103651920000000.0,104031921000000.0,0.0,-380001000000.0,,0.0,-1149000000.0,3696812000000.0,4714570000000.0,70517225000000.0,7826000000.0,167562969000000.0,358403785000000.0,1851213000000.0,0.0,34006619000000.0,23775166000000.0,36204797000000.0,11608569000000.0,0.0,,555997000000.0,,
TCB,2022,3,,TCB,balance_sheet,,3025551000000.0,,,,,,,7281881000000.0,1062074000000.0,12813000000.0,,,671353524000000.0,561454375000000.0,,,109899149000000.0,,64059161000000.0,,1032378000000.0,671353524000000.0,,,,,,,35172385000000.0,,,,,,13962000000.0,,,4708805000000.0,72296806000000.0,1434528000000.0,1435098000000.0,-570000000.0,243730000000.0,406148421000000.0,410545854000000.0,-4397433000000.0,103225630000000.0,103941897000000.0,0.0,-716267000000.0,,0.0,-1149000000.0,3527356000000.0,3754525000000.0,71795190000000.0,5801000000.0,179152388000000.0,318918817000000.0,0.0,0.0,42858083000000.0,20519286000000.0,35648805000000.0,9151450000000.0,7355000000.0,,0.0,,
TCB,2022,2,,TCB,balance_sheet,,3204430000000.0,,,,,,,7220361000000.0,1071024000000.0,12813000000.0,,,623738504000000.0,519263345000000.0,,,104475159000000.0,,58761195000000.0,,962804000000.0,623738504000000.0,,,,,,,35109148000000.0,,,,,,13962000000.0,,,4813822000000.0,72130842000000.0,831875000000.0,890551000000.0,-58676000000.0,61239000000.0,387775129000000.0,391823802000000.0,-4048673000000.0,97227579000000.0,98035844000000.0,0.0,-808265000000.0,,0.0,-1149000000.0,3601276000000.0,3619085000000.0,49268818000000.0,2311000000.0,141200864000000.0,321633599000000.0,0.0,0.0,37122383000000.0,19304188000000.0,35585622000000.0,9151551000000.0,13987000000.0,,0.0,,
TCB,2022,1,,TCB,balance_sheet,,3276768000000.0,,,,,,,7265245000000.0,1079974000000.0,12813000000.0,,,615270328000000.0,516684338000000.0,,,98585990000000.0,,52957670000000.0,,884074000000.0,615270328000000.0,,,,,,,35109148000000.0,,,,,,13962000000.0,,,8999152000000.0,72530371000000.0,3699101000000.0,3757777000000.0,-58676000000.0,338956000000.0,361815215000000.0,365742636000000.0,-3927421000000.0,120301385000000.0,121309714000000.0,200000000000.0,-1208329000000.0,,0.0,-1149000000.0,3614371000000.0,3650874000000.0,35820407000000.0,223178000000.0,137998875000000.0,328914024000000.0,0.0,0.0,32730686000000.0,16817575000000.0,35585622000000.0,9155659000000.0,2965000000.0,,0.0,,
TCB,2021,4,,TCB,balance_sheet,,3578643000000.0,,,,,,,7224480000000.0,1088924000000.0,12813000000.0,,,568811435000000.0,475755598000000.0,,,93055837000000.0,,47469491000000.0,,844828000000.0,568811435000000.0,,,,,,,35109148000000.0,,,,,,13962000000.0,,,4908529000000.0,70584154000000.0,5070812000000.0,5074479000000.0,-3667000000.0,293768000000.0,343605581000000.0,347341244000000.0,-3735663000000.0,97586088000000.0,98092062000000.0,200000000000.0,-705974000000.0,,0.0,-1149000000.0,3628729000000.0,3595751000000.0,34724225000000.0,842000000.0,112458691000000.0,314752525000000.0,0.0,0.0,33679824000000.0,14863716000000.0,35585622000000.0,9155896000000.0,0.0,,0.0,,
TCB,2021,3,,TCB,balance_sheet,,3303309000000.0,,,,,,,7106005000000.0,1097874000000.0,12813000000.0,,,541635295000000.0,453250854000000.0,,,88384441000000.0,,45261263000000.0,,753240000000.0,541635295000000.0,,,,,,,35109148000000.0,,,,,,13962000000.0,,,3395192000000.0,77627953000000.0,6080683000000.0,6116848000000.0,-36165000000.0,25202000000.0,317668922000000.0,321042016000000.0,-3373094000000.0,93253518000000.0,93660419000000.0,200000000000.0,-606901000000.0,,0.0,-1149000000.0,3540181000000.0,3565824000000.0,31920037000000.0,15482000000.0,90348281000000.0,316376047000000.0,0.0,0.0,34002680000000.0,12508364000000.0,35585622000000.0,6784301000000.0,15000000.0,,0.0,,
TCB,2021,2,,TCB,balance_sheet,,3553612000000.0,,,,,,,6738801000000.0,1106824000000.0,12761000000.0,,,504303766000000.0,420402756000000.0,,,83901010000000.0,,40923663000000.0,,658785000000.0,504303766000000.0,,,,,,,35049062000000.0,,,,,,13910000000.0,,,4404948000000.0,52084900000000.0,7579192000000.0,7594177000000.0,-14985000000.0,51840000000.0,310617819000000.0,313513991000000.0,-2896172000000.0,87967956000000.0,88243294000000.0,200000000000.0,-475338000000.0,,0.0,-1149000000.0,3278175000000.0,3460626000000.0,30041106000000.0,319000000.0,90642175000000.0,289334731000000.0,0.0,0.0,27677665000000.0,12747866000000.0,35525569000000.0,6789525000000.0,3468000000.0,,0.0,,
TCB,2021,1,,TCB,balance_sheet,,4272683000000.0,,,,,,,4726319000000.0,1115774000000.0,11806000000.0,,,462822690000000.0,383729925000000.0,,,79092765000000.0,,36212537000000.0,,563254000000.0,462822690000000.0,,,,,,,35049062000000.0,,,,,,12466000000.0,,,1764015000000.0,38361058000000.0,5509124000000.0,5521877000000.0,-12753000000.0,0.0,293799393000000.0,296290213000000.0,-2490820000000.0,85926193000000.0,86274400000000.0,200000000000.0,-548207000000.0,,0.0,-660000000.0,1591916000000.0,3134403000000.0,27336325000000.0,1689000000.0,59018848000000.0,287445926000000.0,76656000000.0,0.0,26035440000000.0,11151366000000.0,35525569000000.0,6789602000000.0,1803000000.0,,0.0,,
TCB,2020,4,,TCB,balance_sheet,,3663615000000.0,,,,,,,4613423000000.0,1124724000000.0,11806000000.0,,,439602933000000.0,364988147000000.0,,,74614786000000.0,,31815705000000.0,,483869000000.0,439602933000000.0,,,,,,,35049062000000.0,,,,,,12466000000.0,,,10253324000000.0,28994954000000.0,8347576000000.0,8357447000000.0,-9871000000.0,0.0,275310367000000.0,277524615000000.0,-2214248000000.0,84447241000000.0,84632952000000.0,200000000000.0,-385711000000.0,,0.0,-660000000.0,1470942000000.0,3142481000000.0,22835903000000.0,0.0,47484812000000.0,277458651000000.0,266926000000.0,0.0,27899640000000.0,11878118000000.0,35525569000000.0,6789643000000.0,0.0,,0.0,,
TCB,2020,3,,TCB,balance_sheet,,4205407000000.0,,,,,,,4272535000000.0,1133674000000.0,11806000000.0,,,401461729000000.0,330853376000000.0,,,70608353000000.0,,29503180000000.0,,456773000000.0,401461729000000.0,,,,,,,35001400000000.0,,,,,,12466000000.0,,,9728941000000.0,26597264000000.0,10054880000000.0,10063292000000.0,-8412000000.0,0.0,228667892000000.0,230715706000000.0,-2047814000000.0,94911279000000.0,95198963000000.0,200000000000.0,-487684000000.0,,0.0,-660000000.0,1184445000000.0,3088090000000.0,21878051000000.0,0.0,42459349000000.0,252572479000000.0,425907000000.0,0.0,22784847000000.0,12610794000000.0,35477962000000.0,5172187000000.0,-1749000000.0,,0.0,,
TCB,2020,2,,TCB,balance_sheet,,4106425000000.0,,,,,,,4126007000000.0,1142624000000.0,11806000000.0,,,395861051000000.0,328431848000000.0,,,67429203000000.0,,26404162000000.0,,375524000000.0,395861051000000.0,,,,,,,35001400000000.0,,,,,,12466000000.0,,,8844670000000.0,45284968000000.0,9340287000000.0,9364565000000.0,-24278000000.0,0.0,229385470000000.0,231665787000000.0,-2280317000000.0,69556147000000.0,69178849000000.0,700000000000.0,-322702000000.0,,0.0,-660000000.0,1148505000000.0,2977502000000.0,24062647000000.0,0.0,43577620000000.0,249857269000000.0,364698000000.0,0.0,23404482000000.0,11227779000000.0,35477962000000.0,5172660000000.0,-1105000000.0,,0.0,,
TCB,2020,1,,TCB,balance_sheet,,4150743000000.0,,,,,,,3493005000000.0,1151574000000.0,12223000000.0,,,391807859000000.0,327217089000000.0,,,64590770000000.0,,23587283000000.0,,340487000000.0,391807859000000.0,,,,,,,35001400000000.0,,,,,,12883000000.0,,,5284207000000.0,30990383000000.0,10436754000000.0,10446156000000.0,-9402000000.0,0.0,229037642000000.0,232021072000000.0,-2983430000000.0,85389715000000.0,85177290000000.0,700000000000.0,-487575000000.0,,0.0,-660000000.0,1071752000000.0,2421253000000.0,21861613000000.0,1003839000000.0,62925859000000.0,235098792000000.0,385465000000.0,0.0,17472102000000.0,10331032000000.0,35477962000000.0,5172679000000.0,12359000000.0,,0.0,,
TCB,2019,4,,TCB,balance_sheet,,4820627000000.0,,,,,,,3207777000000.0,1160524000000.0,12223000000.0,,,383699461000000.0,321626694000000.0,,,62072767000000.0,,21129945000000.0,,292171000000.0,383699461000000.0,,,,,,,35001400000000.0,,,,,,12883000000.0,,,3192256000000.0,47990224000000.0,10041556000000.0,10052963000000.0,-11407000000.0,0.0,227885283000000.0,230802027000000.0,-2916744000000.0,66054597000000.0,66158709000000.0,202006000000.0,-306118000000.0,,0.0,-660000000.0,793484000000.0,2414293000000.0,19334394000000.0,0.0,61266635000000.0,231296761000000.0,434008000000.0,0.0,17460634000000.0,11168656000000.0,35477967000000.0,5172684000000.0,0.0,,0.0,,
TCB,2019,3,,TCB,balance_sheet,,5409433000000.0,,,,,,,3504419000000.0,1169474000000.0,12223000000.0,,,367538462000000.0,308597739000000.0,,,58940723000000.0,,19438896000000.0,,201145000000.0,367538462000000.0,,,,,,,34965922000000.0,,,,,,12883000000.0,,,6563740000000.0,43304052000000.0,6977978000000.0,6988338000000.0,-10360000000.0,0.0,202462011000000.0,205317032000000.0,-2855021000000.0,82568226000000.0,74270714000000.0,8706200000000.0,-408688000000.0,,0.0,-660000000.0,1111035000000.0,2393384000000.0,15566906000000.0,2000000000000.0,58857592000000.0,218654681000000.0,305999000000.0,0.0,14488610000000.0,14290857000000.0,35442539000000.0,3858169000000.0,-26000000.0,,0.0,,
TCB,2019,2,,TCB,balance_sheet,,5033905000000.0,,,,,,,3438994000000.0,1178424000000.0,12223000000.0,,,360661683000000.0,304295988000000.0,,,56365695000000.0,,16884667000000.0,,172782000000.0,360661683000000.0,,,,,,,34965922000000.0,,,,,,12883000000.0,,,9326009000000.0,42787014000000.0,3143477000000.0,3151232000000.0,-7755000000.0,0.0,182887287000000.0,185432165000000.0,-2544878000000.0,100234572000000.0,86320020000000.0,14406200000000.0,-491648000000.0,,0.0,-660000000.0,1107511000000.0,2331483000000.0,12619778000000.0,3062737000000.0,56962932000000.0,220262623000000.0,368615000000.0,0.0,12642157000000.0,10996924000000.0,35442539000000.0,3865777000000.0,-70000000.0,,0.0,,
TCB,2019,1,,TCB,balance_sheet,,4784978000000.0,,,,,,,3104287000000.0,1187374000000.0,12223000000.0,,,326111765000000.0,272236804000000.0,,,53874961000000.0,,14485828000000.0,,78601000000.0,326111765000000.0,,,,,,,34965922000000.0,,,,,,12883000000.0,,,5329967000000.0,45810418000000.0,5448576000000.0,5459556000000.0,-10980000000.0,0.0,161272479000000.0,163835435000000.0,-2562956000000.0,87619240000000.0,72281089000000.0,15806200000000.0,-468049000000.0,,0.0,-660000000.0,792161000000.0,2312126000000.0,11542223000000.0,2698912000000.0,38642789000000.0,207978332000000.0,391265000000.0,0.0,12865884000000.0,9659622000000.0,35442539000000.0,3867819000000.0,174000000.0,,0.0,,
TCB,2018,4,,TCB,balance_sheet,,2606467000000.0,,,,,,,1718596000000.0,1196324000000.0,12223000000.0,,,321049453000000.0,269266748000000.0,,,51782705000000.0,,12403003000000.0,,69317000000.0,321049453000000.0,,,,,,,34965922000000.0,,,,,,12883000000.0,,,10555483000000.0,35616169000000.0,7572229000000.0,7583090000000.0,-10861000000.0,0.0,157556934000000.0,159942048000000.0,-2385114000000.0,86512348000000.0,66625261000000.0,20236200000000.0,-349113000000.0,,0.0,-660000000.0,788016000000.0,930580000000.0,17702680000000.0,6025027000000.0,36425560000000.0,201471336000000.0,310313000000.0,0.0,13177959000000.0,11856553000000.0,35442539000000.0,3867846000000.0,0.0,,0.0,,
TCB,2018,3,,TCB,balance_sheet,,4041877000000.0,,,,,,,1586082000000.0,1205274000000.0,12223000000.0,,,311795636000000.0,262314635000000.0,,,49481001000000.0,,11387717000000.0,,0.0,311795636000000.0,,,,,,,34965922000000.0,,,,,,12883000000.0,,,5582643000000.0,43737213000000.0,5576396000000.0,5586683000000.0,-10287000000.0,0.0,164282010000000.0,166938850000000.0,-2656840000000.0,69000379000000.0,53276405000000.0,15986200000000.0,-262226000000.0,,0.0,-660000000.0,653352000000.0,932730000000.0,16771539000000.0,2000000000000.0,39571425000000.0,193583132000000.0,382672000000.0,0.0,17240065000000.0,9537341000000.0,35442869000000.0,2650914000000.0,-499000000.0,,0.0,,
TCB,2018,2,,TCB,balance_sheet,,3590328000000.0,,,,,,,1488775000000.0,1214224000000.0,12223000000.0,,,300404808000000.0,252975368000000.0,,,47429440000000.0,,15155900000000.0,,0.0,300404808000000.0,,,,,,,11655307000000.0,,,,,,12883000000.0,,,3211552000000.0,51321690000000.0,7356386000000.0,7373729000000.0,-17343000000.0,0.0,164180966000000.0,166700421000000.0,-2519455000000.0,54618895000000.0,50610244000000.0,4171200000000.0,-162549000000.0,,0.0,-660000000.0,590135000000.0,898640000000.0,13409769000000.0,2000000000000.0,37706302000000.0,186283209000000.0,67057000000.0,0.0,18904296000000.0,8014504000000.0,26126384000000.0,6147506000000.0,-350000000.0,,0.0,,
TCB,2018,1,,TCB,balance_sheet,,3670967000000.0,,,,,,,1482782000000.0,1228013000000.0,9668000000.0,,,273152696000000.0,235536897000000.0,,,37615799000000.0,,13055152000000.0,,0.0,273152696000000.0,,,,,,,11655307000000.0,,,,,,12084000000.0,,,3523522000000.0,31985206000000.0,3570608000000.0,3579184000000.0,-8576000000.0,113895000000.0,161610608000000.0,163948354000000.0,-2337746000000.0,53509756000000.0,47516807000000.0,6204863000000.0,-211914000000.0,,0.0,-2416000000.0,562082000000.0,920700000000.0,12447671000000.0,2000000000000.0,25400971000000.0,181390553000000.0,0.0,0.0,20074063000000.0,6671310000000.0,18408877000000.0,6147506000000.0,4264000000.0,,0.0,,
TCB,2017,4,,TCB,balance_sheet,,2344362000000.0,,,,,,,1511446000000.0,1238030000000.0,9683000000.0,,,269392380000000.0,242461635000000.0,,,26930745000000.0,,10996701000000.0,,0.0,269392380000000.0,,,,,,,11655307000000.0,,,,,,12084000000.0,,,4317924000000.0,30117314000000.0,6758094000000.0,6775118000000.0,-17024000000.0,36292000000.0,158964456000000.0,160849037000000.0,-1884581000000.0,51542484000000.0,46018398000000.0,5715484000000.0,-191398000000.0,,0.0,-2401000000.0,569789000000.0,941657000000.0,12541963000000.0,1000000000000.0,46323825000000.0,170970833000000.0,0.0,0.0,17639970000000.0,6527007000000.0,9777116000000.0,6156928000000.0,0.0,,0.0,,
TCB,2017,3,,TCB,balance_sheet,,3137121000000.0,,,,,,,1461354000000.0,1247049000000.0,9983000000.0,,,233501777000000.0,214068590000000.0,,,19433187000000.0,,9379611000000.0,,0.0,233501777000000.0,,,,,,,8878079000000.0,,,,,,12384000000.0,,,3604657000000.0,21637346000000.0,6326247000000.0,6334550000000.0,-8303000000.0,81560000000.0,135565473000000.0,137372631000000.0,-1807158000000.0,47263703000000.0,42223682000000.0,5206119000000.0,-166098000000.0,,0.0,-2401000000.0,501101000000.0,960253000000.0,13150524000000.0,2000000000000.0,28055215000000.0,166322843000000.0,0.0,0.0,11495301000000.0,6195231000000.0,4834830000000.0,5219157000000.0,-411000000.0,,0.0,,
TCB,2017,2,,TCB,balance_sheet,,2872547000000.0,,,,,,,1473219000000.0,1260497000000.0,7355000000.0,,,232342274000000.0,210591156000000.0,,,21751118000000.0,,7673437000000.0,,0.0,232342274000000.0,,,,,,,8878079000000.0,,,,,,12384000000.0,,,7044002000000.0,21188679000000.0,8226308000000.0,8233111000000.0,-6803000000.0,60048000000.0,130158731000000.0,131884341000000.0,-1725610000000.0,48199282000000.0,40698747000000.0,7636755000000.0,-136220000000.0,,0.0,-5029000000.0,510595000000.0,962624000000.0,11834846000000.0,1000000000000.0,20881956000000.0,172102778000000.0,0.0,0.0,10320295000000.0,6286127000000.0,8878079000000.0,5219158000000.0,-19556000000.0,,0.0,,
TCB,2017,1,,TCB,balance_sheet,,3179218000000.0,,,,,,,1528651000000.0,1269517000000.0,7758000000.0,,,232522122000000.0,211869616000000.0,,,20652506000000.0,,6548491000000.0,,0.0,232522122000000.0,,,,,,,8878079000000.0,,,,,,12684000000.0,,,4127426000000.0,21196358000000.0,5174551000000.0,5181676000000.0,-7125000000.0,36722000000.0,136175111000000.0,137746670000000.0,-1571559000000.0,49971879000000.0,44038038000000.0,7769451000000.0,-1835610000000.0,,0.0,-4926000000.0,543507000000.0,985144000000.0,9837305000000.0,431773000000.0,16917138000000.0,178623027000000.0,0.0,0.0,10397338000000.0,5500340000000.0,8878079000000.0,5219182000000.0,6754000000.0,,0.0,,
TCB,2016,4,,TCB,balance_sheet,,2956708000000.0,,,,,,,1582722000000.0,1278536000000.0,577746000000.0,,,235363026000000.0,215731145000000.0,,,19631881000000.0,,5531122000000.0,,0.0,235363026000000.0,,,,,,,8878079000000.0,,,,,,582672000000.0,,,2533875000000.0,21598874000000.0,8024620000000.0,8035905000000.0,-11285000000.0,0.0,141120529000000.0,142616004000000.0,-1495475000000.0,45674924000000.0,38575369000000.0,8560113000000.0,-1460558000000.0,,0.0,-4926000000.0,576836000000.0,1005886000000.0,9995999000000.0,1447970000000.0,24886126000000.0,173448929000000.0,67892000000.0,587383000000.0,10414842000000.0,4878003000000.0,8878079000000.0,5222680000000.0,0.0,,0.0,,
TCB,2016,3,,TCB,balance_sheet,,2930231000000.0,,,,,,,1513275000000.0,1283126000000.0,578494000000.0,,,222769955000000.0,204027270000000.0,,,18742685000000.0,,5124748000000.0,,0.0,222769955000000.0,,,,,,,8878079000000.0,,,,,,583420000000.0,,,6018991000000.0,12184342000000.0,8018020000000.0,8028898000000.0,-10878000000.0,0.0,134035933000000.0,135601842000000.0,-1565909000000.0,44950032000000.0,40001394000000.0,6439429000000.0,-1490791000000.0,,0.0,-4926000000.0,571721000000.0,941554000000.0,10954571000000.0,0.0,25599184000000.0,163514669000000.0,57102000000.0,552527000000.0,9841851000000.0,4461937000000.0,8878079000000.0,4744776000000.0,-4918000000.0,,0.0,,
TCB,2016,2,,TCB,balance_sheet,,2840093000000.0,,,,,,,1562246000000.0,1292145000000.0,579686000000.0,,,212676296000000.0,194940699000000.0,,,17735597000000.0,,4102435000000.0,,0.0,212676296000000.0,,,,,,,8878079000000.0,,,,,,584070000000.0,,,3432747000000.0,18010991000000.0,4255770000000.0,4265157000000.0,-9387000000.0,0.0,126309255000000.0,127737163000000.0,-1427908000000.0,44120394000000.0,38950046000000.0,6535460000000.0,-1365112000000.0,,0.0,-4384000000.0,607525000000.0,954721000000.0,9949481000000.0,0.0,31098536000000.0,150033149000000.0,139517000000.0,558006000000.0,8048395000000.0,5063096000000.0,8878079000000.0,4744778000000.0,10305000000.0,,0.0,,
TCB,2016,1,,TCB,balance_sheet,,2749837000000.0,,,,,,,880075000000.0,1301165000000.0,597151000000.0,,,199003292000000.0,182046733000000.0,,,16956559000000.0,,3310303000000.0,,0.0,199003292000000.0,,,,,,,8878079000000.0,,,,,,601230000000.0,,,4216737000000.0,17001626000000.0,3202402000000.0,3210703000000.0,-8301000000.0,0.0,112735810000000.0,114024026000000.0,-1288216000000.0,45511559000000.0,40204375000000.0,6573521000000.0,-1266337000000.0,,0.0,-4079000000.0,501358000000.0,378717000000.0,10436323000000.0,0.0,20534007000000.0,148816851000000.0,64409000000.0,445168000000.0,8103106000000.0,4083192000000.0,8878079000000.0,4744903000000.0,23274000000.0,,0.0,,
TCB,2015,4,,TCB,balance_sheet,,2754299000000.0,,,,,,,882081000000.0,1310184000000.0,597151000000.0,,,192009075000000.0,175481015000000.0,,,16528060000000.0,,2897014000000.0,,0.0,192009075000000.0,,,,,,,8878079000000.0,,,,,,601230000000.0,,,1602619000000.0,14762009000000.0,2591588000000.0,2600693000000.0,-9105000000.0,0.0,110461365000000.0,111625772000000.0,-1164407000000.0,44301594000000.0,38528012000000.0,6902350000000.0,-1128768000000.0,,0.0,-4079000000.0,538147000000.0,343934000000.0,12355256000000.0,0.0,20745990000000.0,142239546000000.0,85891000000.0,336421000000.0,8133896000000.0,3939271000000.0,8878079000000.0,4752967000000.0,0.0,,0.0,,
TCB,2015,3,,TCB,balance_sheet,,2758479000000.0,,,,,,,930903000000.0,1319203000000.0,597151000000.0,,,175216913000000.0,159056315000000.0,,,16160598000000.0,,2740284000000.0,,0.0,175216913000000.0,,,,,,,8878079000000.0,,,,,,601230000000.0,,,3895865000000.0,13174513000000.0,4314243000000.0,4322223000000.0,-7980000000.0,0.0,92796373000000.0,93925185000000.0,-1128812000000.0,43017624000000.0,37073377000000.0,6921830000000.0,-977583000000.0,,0.0,-4079000000.0,569095000000.0,361808000000.0,11988318000000.0,0.0,12064769000000.0,136630527000000.0,44470000000.0,132476000000.0,6394880000000.0,3789193000000.0,8878079000000.0,4549151000000.0,-6916000000.0,,0.0,,
TCB,2015,2,,TCB,balance_sheet,,2558814000000.0,,,,,,,975434000000.0,1370440000000.0,633788000000.0,,,172744073000000.0,156989037000000.0,,,15755036000000.0,,2337139000000.0,,0.0,172744073000000.0,,,,,,,8878079000000.0,,,,,,637630000000.0,,,1279360000000.0,19272182000000.0,1788891000000.0,1797001000000.0,-8110000000.0,0.0,89876695000000.0,90899990000000.0,-1023295000000.0,43305457000000.0,37594511000000.0,6695238000000.0,-984292000000.0,,0.0,-3842000000.0,612269000000.0,363165000000.0,11646668000000.0,0.0,17916097000000.0,129016057000000.0,163723000000.0,60585000000.0,6476563000000.0,3356012000000.0,8878079000000.0,4549564000000.0,-9746000000.0,,0.0,,
TCB,2015,1,,TCB,balance_sheet,,2495142000000.0,,,,,,,1011254000000.0,1379914000000.0,639288000000.0,,,179100004000000.0,163805684000000.0,,,15294320000000.0,,1858395000000.0,,0.0,179100004000000.0,,,,,,,8878079000000.0,,,,,,643130000000.0,,,4652153000000.0,17542923000000.0,1127416000000.0,1129356000000.0,-1940000000.0,0.0,87612696000000.0,88720498000000.0,-1107802000000.0,49442390000000.0,44328407000000.0,6101127000000.0,-987144000000.0,,0.0,-3842000000.0,645359000000.0,365895000000.0,13196828000000.0,202648000000.0,26811716000000.0,126886451000000.0,58638000000.0,62431000000.0,6441581000000.0,3342219000000.0,8878079000000.0,4549586000000.0,8260000000.0,,0.0,,
TCB,2014,4,,TCB,balance_sheet,,2723642000000.0,,,,,,,1036505000000.0,1389389000000.0,693788000000.0,,,175915454000000.0,160915744000000.0,,,14999710000000.0,,1570070000000.0,,0.0,175915454000000.0,,,,,,,8878079000000.0,,,,,,697630000000.0,,,1168265000000.0,18922460000000.0,2086246000000.0,2089318000000.0,-3072000000.0,0.0,79347790000000.0,80307567000000.0,-959777000000.0,54978730000000.0,49704301000000.0,6197583000000.0,-923154000000.0,,0.0,-3842000000.0,657032000000.0,379473000000.0,13568639000000.0,0.0,19471408000000.0,131438399000000.0,18409000000.0,67266000000.0,6253623000000.0,3666639000000.0,8878079000000.0,4551561000000.0,0.0,,0.0,,
TCB,2014,3,,TCB,balance_sheet,,2277040000000.0,,,,,,,995987000000.0,1397655000000.0,123383000000.0,,,170768267000000.0,155946006000000.0,,,14822261000000.0,,1571541000000.0,,0.0,170768267000000.0,,,,,,,8878079000000.0,,,,,,128625000000.0,,,2734995000000.0,17878838000000.0,1353834000000.0,1357741000000.0,-3907000000.0,0.0,70532930000000.0,71489015000000.0,-956085000000.0,58443854000000.0,54361154000000.0,4799778000000.0,-717078000000.0,,0.0,-5242000000.0,643419000000.0,352568000000.0,15029751000000.0,0.0,24864221000000.0,121733162000000.0,32892000000.0,58598000000.0,5571164000000.0,3685969000000.0,8878079000000.0,4371277000000.0,1364000000.0,,0.0,,
TCB,2014,2,,TCB,balance_sheet,,2468550000000.0,,,,,,,1022174000000.0,1407121000000.0,123383000000.0,,,171081078000000.0,156420257000000.0,,,14660821000000.0,,1409646000000.0,,0.0,171081078000000.0,,,,,,,8878079000000.0,,,,,,128625000000.0,,,2066522000000.0,16532740000000.0,2443425000000.0,2448715000000.0,-5290000000.0,0.0,72900054000000.0,74021865000000.0,-1121811000000.0,56608057000000.0,52927175000000.0,4203411000000.0,-522529000000.0,,0.0,-5242000000.0,669673000000.0,352501000000.0,15509052000000.0,0.0,21506875000000.0,124742612000000.0,60050000000.0,69939000000.0,4618833000000.0,5421948000000.0,13250352000000.0,0.0,823000000.0,,0.0,,
TCB,2014,1,,TCB,balance_sheet,,2123003000000.0,,,,,,,980697000000.0,1417782000000.0,124960000000.0,,,164134583000000.0,149685836000000.0,,,14448747000000.0,,1194413000000.0,,0.0,164134583000000.0,,,,,,,8878079000000.0,,,,,,128625000000.0,,,699482000000.0,13972496000000.0,1337300000000.0,1338687000000.0,-1387000000.0,0.0,70582712000000.0,71857595000000.0,-1274883000000.0,56410388000000.0,52853644000000.0,3662576000000.0,-105832000000.0,,0.0,-3665000000.0,619702000000.0,360995000000.0,16485763000000.0,0.0,16197678000000.0,124013777000000.0,65805000000.0,64022000000.0,4658648000000.0,4685906000000.0,8878079000000.0,4372389000000.0,3866000000.0,,0.0,,
TCB,2013,4,,TCB,balance_sheet,,2291494000000.0,,,,,,,1032737000000.0,1421469000000.0,128625000000.0,,,158896663000000.0,144976594000000.0,,,13920069000000.0,,672394000000.0,,0.0,158896663000000.0,,,,,,,8878079000000.0,,,,,,128625000000.0,,,2830794000000.0,15420747000000.0,919608000000.0,921035000000.0,-1427000000.0,0.0,69088680000000.0,70274919000000.0,-1186239000000.0,49845591000000.0,46169754000000.0,3693837000000.0,-18000000000.0,,0.0,0.0,656656000000.0,376081000000.0,15916918000000.0,0.0,15224974000000.0,119977924000000.0,73157000000.0,64137000000.0,5643295000000.0,3993107000000.0,8878079000000.0,4369596000000.0,0.0,,0.0,,
TCB,2013,3,,TCB,balance_sheet,,2421326000000.0,,,,,,,1069276000000.0,1309420000000.0,129225000000.0,,,165878786000000.0,152030952000000.0,,,13847834000000.0,,718020000000.0,,0.0,165878786000000.0,,,,,,,8848079000000.0,,,,,,129225000000.0,,,3770460000000.0,27103991000000.0,996770000000.0,1012514000000.0,-15744000000.0,0.0,68405752000000.0,69952157000000.0,-1546405000000.0,42953746000000.0,42314102000000.0,810481000000.0,-170837000000.0,,0.0,0.0,728086000000.0,341190000000.0,17718820000000.0,0.0,24686177000000.0,117236302000000.0,4266000000.0,80669000000.0,4536253000000.0,5487285000000.0,8848079000000.0,4278769000000.0,2966000000.0,,0.0,,
TCB,2013,2,,TCB,balance_sheet,,2999020000000.0,,,,,,,1033275000000.0,1312754000000.0,92825000000.0,,,171394441000000.0,157611240000000.0,,,13783201000000.0,,627050000000.0,,0.0,171394441000000.0,,,,,,,8848079000000.0,,,,,,92825000000.0,,,5446726000000.0,25680753000000.0,1460960000000.0,1473850000000.0,-12890000000.0,114352000000.0,68592952000000.0,69864613000000.0,-1271661000000.0,43896829000000.0,42462890000000.0,1732594000000.0,-298655000000.0,,0.0,0.0,705858000000.0,327417000000.0,20763995000000.0,0.0,33990447000000.0,111591140000000.0,0.0,95934000000.0,6669731000000.0,5263988000000.0,8848079000000.0,4278955000000.0,29117000000.0,,0.0,,
TCB,2013,1,,TCB,balance_sheet,,3668755530000.0,,,,,,,1125344160000.0,1321073430000.0,92824600000.0,,,175862903230000.0,162187967430000.0,,,13674935800000.0,,1355050830000.0,,0.0,175862903230000.0,,,,,,,8848078710000.0,,,,,,92824600000.0,,,3753377160000.0,25109332280000.0,1453801810000.0,1469459080000.0,-15657270000.0,107209770000.0,66988526590000.0,68436217500000.0,-1447690910000.0,47466822170000.0,45614811170000.0,2145743790000.0,-293732790000.0,,0.0,0.0,792666020000.0,332678140000.0,24775835730000.0,0.0,34203436720000.0,114096317530000.0,0.0,110592080000.0,7646398510000.0,6131222590000.0,8848078710000.0,3475744710000.0,-3938450000.0,,0.0,,
MBB,2025,4,0.0,MBB,balance_sheet,,4965786000000.0,,,,,,,5616547000000.0,222813000000.0,468396000000.0,,,1615763927000000.0,1473741402000000.0,,,142022525000000.0,,32577391000000.0,,5886495000000.0,1615763927000000.0,,,,,,,80549999000000.0,,,,,,559624000000.0,,,68494426000000.0,182923726000000.0,4653229000000.0,4692622000000.0,-39393000000.0,0.0,1070868777000000.0,1084019370000000.0,-13150593000000.0,225574850000000.0,221512464000000.0,4295125000000.0,-232739000000.0,,0.0,-91228000000.0,3805533000000.0,1811014000000.0,49531482000000.0,47474800000000.0,248017489000000.0,921368132000000.0,698507000000.0,3912833000000.0,187236104000000.0,65033537000000.0,83965544000000.0,19390884000000.0,202211000000.0,,2111211000000.0,,
MBB,2025,3,0.0,MBB,balance_sheet,,4421466000000.0,,,,,,,5121088000000.0,219370000000.0,1112379000000.0,,,1328560306000000.0,1195469561000000.0,,,133090745000000.0,,23859854000000.0,,5643204000000.0,1328560306000000.0,,,,,,,80549999000000.0,,,,,,1235723000000.0,,,17507511000000.0,108324759000000.0,3172173000000.0,3195873000000.0,-23700000000.0,0.0,917699001000000.0,931498596000000.0,-13799595000000.0,235603615000000.0,232242770000000.0,4467417000000.0,-1106572000000.0,,0.0,-123344000000.0,3536030000000.0,1585058000000.0,32902894000000.0,23155328000000.0,154325370000000.0,788030328000000.0,1228245000000.0,4048717000000.0,171610852000000.0,53070721000000.0,83850840000000.0,19530424000000.0,206423000000.0,,1996507000000.0,,
MBB,2025,2,0.0,MBB,balance_sheet,,5262525000000.0,,,,,,,5343331000000.0,220898000000.0,582898000000.0,,,1289644328000000.0,1161840678000000.0,,,127803650000000.0,,38370327000000.0,,5160293000000.0,1289644328000000.0,,,,,,,61022727000000.0,,,,,,707030000000.0,,,15251535000000.0,96081337000000.0,4585676000000.0,4618286000000.0,-32610000000.0,0.0,867340209000000.0,879888513000000.0,-12548304000000.0,262474257000000.0,258676335000000.0,4255592000000.0,-457670000000.0,,0.0,-124132000000.0,3713430000000.0,1629901000000.0,29912640000000.0,20894064000000.0,130930943000000.0,783291908000000.0,842870000000.0,3282236000000.0,170267177000000.0,52331480000000.0,64255415000000.0,19829042000000.0,188573000000.0,,1928354000000.0,,
MBB,2025,1,0.0,MBB,balance_sheet,,4223983000000.0,,,,,,,5381759000000.0,232570000000.0,696628000000.0,,,1156917195000000.0,1033240647000000.0,,,123676548000000.0,,39322902000000.0,,5093259000000.0,1156917195000000.0,,,,,,,61022727000000.0,,,,,,820760000000.0,,,15521984000000.0,64338554000000.0,12481241000000.0,12509220000000.0,-27979000000.0,0.0,786486979000000.0,797536715000000.0,-11049736000000.0,240234807000000.0,236771888000000.0,3969626000000.0,-506707000000.0,,0.0,-124132000000.0,3772404000000.0,1609355000000.0,26852308000000.0,5494421000000.0,109015683000000.0,722622450000000.0,526143000000.0,3003072000000.0,146597114000000.0,45981764000000.0,64255319000000.0,14856157000000.0,148911000000.0,,1928258000000.0,,
MBB,2024,4,0.0,MBB,balance_sheet,,3349166000000.0,,,,,,,5430416000000.0,234115000000.0,609477000000.0,,,1128801062000000.0,1011741481000000.0,,,117059581000000.0,,40718224000000.0,,4910880000000.0,1128801062000000.0,,,,,,,53063241000000.0,,,,,,775670000000.0,,,29825253000000.0,76785622000000.0,7931655000000.0,7931834000000.0,-179000000.0,0.0,765047985000000.0,776657846000000.0,-11609861000000.0,209637377000000.0,205507956000000.0,4612504000000.0,-483083000000.0,,0.0,-166193000000.0,3750696000000.0,1679720000000.0,28998487000000.0,8156285000000.0,110169585000000.0,714154479000000.0,191545000000.0,2793453000000.0,128964033000000.0,47312101000000.0,56295833000000.0,14996847000000.0,137797000000.0,,1928258000000.0,,
MBB,2024,3,0.0,MBB,balance_sheet,,3782282000000.0,,,,,,,4875798000000.0,235660000000.0,578426000000.0,,,1028819208000000.0,918796010000000.0,,,110023198000000.0,,34476533000000.0,,4221301000000.0,1028819208000000.0,,,,,,,52870841000000.0,,,,,,742228000000.0,,,10684041000000.0,77398096000000.0,14323942000000.0,14324151000000.0,-209000000.0,111681000000.0,691232888000000.0,702019545000000.0,-10786657000000.0,197206164000000.0,192578792000000.0,5422262000000.0,-794890000000.0,,0.0,-163802000000.0,3268440000000.0,1607358000000.0,27222050000000.0,5046988000000.0,118559598000000.0,627567353000000.0,0.0,3351982000000.0,119550968000000.0,44719121000000.0,56103433000000.0,15149208000000.0,72723000000.0,,1928258000000.0,,
MBB,2024,2,0.0,MBB,balance_sheet,,4329237000000.0,,,,,,,4915660000000.0,237204000000.0,582763000000.0,,,988604894000000.0,884390946000000.0,,,104213948000000.0,,28691482000000.0,,4065509000000.0,988604894000000.0,,,,,,,52870841000000.0,,,,,,746565000000.0,,,18087252000000.0,90063801000000.0,12308272000000.0,12308357000000.0,-85000000.0,0.0,662584515000000.0,673799059000000.0,-11214544000000.0,167176283000000.0,162592987000000.0,5173873000000.0,-590577000000.0,,0.0,-163802000000.0,3286548000000.0,1629112000000.0,26903897000000.0,7404243000000.0,104173671000000.0,618617638000000.0,1076174000000.0,3299578000000.0,99399834000000.0,50419808000000.0,56103433000000.0,15215743000000.0,137781000000.0,,1928258000000.0,,
MBB,2024,1,0.0,MBB,balance_sheet,,3740794000000.0,,,,,,,5043795000000.0,238749000000.0,591703000000.0,,,900647141000000.0,799305717000000.0,,,101341424000000.0,,30092796000000.0,,4066862000000.0,900647141000000.0,,,,,,,52140841000000.0,,,,,,755505000000.0,,,11915805000000.0,77809357000000.0,30565331000000.0,30566124000000.0,-793000000.0,0.0,603072394000000.0,615316724000000.0,-12244330000000.0,139447285000000.0,134470046000000.0,5493045000000.0,-515806000000.0,,0.0,-163802000000.0,3377532000000.0,1666263000000.0,26640144000000.0,3900670000000.0,82905508000000.0,558826062000000.0,381529000000.0,3456071000000.0,102482877000000.0,47353000000000.0,54938426000000.0,12155807000000.0,87533000000.0,,1928258000000.0,,
MBB,2023,4,0.0,MBB,balance_sheet,,3675394000000.0,,,,,,,4854186000000.0,240294000000.0,615785000000.0,,,944953640000000.0,848242481000000.0,,,96711159000000.0,,25559753000000.0,,3973110000000.0,944953640000000.0,,,,,,,52140841000000.0,,,,,,779587000000.0,,,66321652000000.0,46343813000000.0,44250788000000.0,44251400000000.0,-612000000.0,141294000000.0,599579267000000.0,611048830000000.0,-11469563000000.0,147923205000000.0,143010711000000.0,5387952000000.0,-475458000000.0,,0.0,-163802000000.0,3194404000000.0,1659782000000.0,29218094000000.0,8738000000.0,99810466000000.0,567532577000000.0,0.0,2799863000000.0,126463110000000.0,51627727000000.0,54938426000000.0,12193931000000.0,45939000000.0,,1928258000000.0,,
MBB,2023,3,0.0,MBB,balance_sheet,,3411516000000.0,,,,,,,4826801000000.0,231594000000.0,661349000000.0,,,815880535000000.0,724117540000000.0,,,91762995000000.0,,20609649000000.0,,3914443000000.0,815880535000000.0,,,,,,,52140841000000.0,,,,,,804083000000.0,,,21634416000000.0,36980878000000.0,35880219000000.0,35881446000000.0,-1227000000.0,0.0,523969217000000.0,536301777000000.0,-12332560000000.0,154950526000000.0,150161723000000.0,5208122000000.0,-419319000000.0,,0.0,-142734000000.0,3234534000000.0,1592267000000.0,31438949000000.0,73772000000.0,75969591000000.0,479732568000000.0,22977000000.0,2766361000000.0,116032356000000.0,49519915000000.0,54938370000000.0,12255075000000.0,45458000000.0,,1928202000000.0,,
MBB,2023,2,0.0,MBB,balance_sheet,,3168566000000.0,,,,,,,4928489000000.0,233122000000.0,676292000000.0,,,806237587000000.0,720168463000000.0,,,86069124000000.0,,22511239000000.0,,3895569000000.0,806237587000000.0,,,,,,,45339861000000.0,,,,,,813650000000.0,,,27503661000000.0,21618233000000.0,22891806000000.0,22891881000000.0,-75000000.0,183059000000.0,506395409000000.0,518071328000000.0,-11675919000000.0,183949223000000.0,179644261000000.0,4799028000000.0,-494066000000.0,,0.0,-137358000000.0,3283901000000.0,1644588000000.0,32611765000000.0,48346000000.0,87145499000000.0,475406125000000.0,0.0,1603596000000.0,112432233000000.0,43532664000000.0,47626099000000.0,12046162000000.0,-9945000000.0,,1416911000000.0,,
MBB,2023,1,0.0,MBB,balance_sheet,,2965368000000.0,,,,,,,5004586000000.0,234649000000.0,699228000000.0,,,760761405000000.0,675993922000000.0,,,84767483000000.0,,24078246000000.0,,3845711000000.0,760761405000000.0,,,,,,,45339861000000.0,,,,,,813650000000.0,,,19077374000000.0,32264103000000.0,3910585000000.0,3911585000000.0,-1000000000.0,0.0,469698929000000.0,481386268000000.0,-11687339000000.0,192734969000000.0,187974086000000.0,5241908000000.0,-481025000000.0,,0.0,-114422000000.0,3394729000000.0,1609857000000.0,31993218000000.0,2547915000000.0,76745163000000.0,452414711000000.0,30603000000.0,1038175000000.0,105025490000000.0,38191865000000.0,47596709000000.0,9261266000000.0,-14449000000.0,,1387521000000.0,,
MBB,2022,4,0.0,MBB,balance_sheet,,3744100000000.0,,,,,,,5073508000000.0,236177000000.0,625267000000.0,,,728532373000000.0,648919154000000.0,,,79613219000000.0,,19063767000000.0,,3664125000000.0,728532373000000.0,,,,,,,45339861000000.0,,,,,,768763000000.0,,,39654541000000.0,32937210000000.0,4105550000000.0,4107470000000.0,-1920000000.0,69503000000.0,448598622000000.0,460574482000000.0,-11975860000000.0,159580028000000.0,154506192000000.0,5475361000000.0,-401525000000.0,,0.0,-143496000000.0,3457561000000.0,1615947000000.0,32901134000000.0,31788000000.0,65116779000000.0,443605638000000.0,0.0,2002722000000.0,96578125000000.0,41584102000000.0,47596709000000.0,9288618000000.0,0.0,,1387521000000.0,,
MBB,2022,3,0.0,MBB,balance_sheet,,3135579000000.0,,,,,,,4412298000000.0,237705000000.0,552080000000.0,,,656804225000000.0,580894349000000.0,,,75909876000000.0,,23585768000000.0,,3388139000000.0,656804225000000.0,,,,,,,37783218000000.0,,,,,,668398000000.0,,,12383244000000.0,37194092000000.0,5904210000000.0,5907186000000.0,-2976000000.0,216685000000.0,417061489000000.0,426232638000000.0,-9171149000000.0,143279844000000.0,138232866000000.0,5499307000000.0,-452329000000.0,,0.0,-116318000000.0,3008546000000.0,1403752000000.0,32426999000000.0,23056000000.0,63171996000000.0,377145234000000.0,0.0,2232251000000.0,101773163000000.0,36548649000000.0,39615017000000.0,9320952000000.0,0.0,,962472000000.0,,
MBB,2022,2,0.0,MBB,balance_sheet,,3205723000000.0,,,,,,,4519204000000.0,239233000000.0,552165000000.0,,,658274396000000.0,587367590000000.0,,,70906806000000.0,,18860755000000.0,,3232365000000.0,658274396000000.0,,,,,,,37783218000000.0,,,,,,668483000000.0,,,14222237000000.0,57116354000000.0,7987706000000.0,7999245000000.0,-11539000000.0,153645000000.0,404439406000000.0,415456939000000.0,-11017533000000.0,132054658000000.0,127024663000000.0,5489652000000.0,-459657000000.0,,0.0,-116318000000.0,3100691000000.0,1418513000000.0,33784065000000.0,24408000000.0,62770943000000.0,396909793000000.0,0.0,1950781000000.0,91626445000000.0,34085220000000.0,39318356000000.0,9495330000000.0,0.0,,665811000000.0,,
MBB,2022,1,0.0,MBB,balance_sheet,,3157903000000.0,,,,,,,4563473000000.0,267120000000.0,784261000000.0,,,649039794000000.0,581976246000000.0,,,67063548000000.0,,17452102000000.0,,3091324000000.0,649039794000000.0,,,,,,,37783218000000.0,,,,,,900219000000.0,,,16517561000000.0,48938002000000.0,5658004000000.0,5676601000000.0,-18597000000.0,282178000000.0,405221579000000.0,415549473000000.0,-10327894000000.0,136044397000000.0,130717857000000.0,5787493000000.0,-460953000000.0,,0.0,-115958000000.0,3122191000000.0,1441282000000.0,27605316000000.0,328585000000.0,86402081000000.0,390173507000000.0,0.0,1697073000000.0,72036558000000.0,31338442000000.0,39318356000000.0,7201766000000.0,0.0,,665811000000.0,,
MBB,2021,4,0.0,MBB,balance_sheet,,3475341000000.0,,,,,,,4678447000000.0,268999000000.0,803208000000.0,,,607140419000000.0,544654396000000.0,,,62486023000000.0,,12915149000000.0,,2911188000000.0,607140419000000.0,,,,,,,37783218000000.0,,,,,,940840000000.0,,,38051039000000.0,35983193000000.0,7575274000000.0,7582673000000.0,-7399000000.0,274294000000.0,354797094000000.0,363554778000000.0,-8757684000000.0,128806244000000.0,124551916000000.0,4677084000000.0,-422756000000.0,,0.0,-137632000000.0,3213906000000.0,1464541000000.0,32425520000000.0,262281000000.0,59560384000000.0,384692155000000.0,0.0,1998703000000.0,66886924000000.0,31253949000000.0,39318356000000.0,7341330000000.0,0.0,,665811000000.0,,
MBB,2021,3,0.0,MBB,balance_sheet,,2947002000000.0,,,,,,,4351583000000.0,243332000000.0,853646000000.0,,,555594688000000.0,496747295000000.0,,,58847393000000.0,,9449436000000.0,,2734883000000.0,555594688000000.0,,,,,,,37783218000000.0,,,,,,1015745000000.0,,,13754420000000.0,50452980000000.0,3550077000000.0,3564183000000.0,-14106000000.0,219771000000.0,329008232000000.0,336426387000000.0,-7418155000000.0,119837177000000.0,116578484000000.0,3718544000000.0,-459851000000.0,,0.0,-162099000000.0,3025144000000.0,1326439000000.0,30373231000000.0,41973000000.0,65916196000000.0,343949438000000.0,0.0,1700733000000.0,54317300000000.0,30821655000000.0,39068356000000.0,7594718000000.0,0.0,,415811000000.0,,
MBB,2021,2,0.0,MBB,balance_sheet,,3029898000000.0,,,,,,,4382620000000.0,244854000000.0,878710000000.0,,,523334486000000.0,467399715000000.0,,,55934771000000.0,,16481528000000.0,,2634849000000.0,523334486000000.0,,,,,,,27987569000000.0,,,,,,1017711000000.0,,,14438519000000.0,32592326000000.0,4212128000000.0,4229320000000.0,-17192000000.0,88496000000.0,325160444000000.0,331146972000000.0,-5986528000000.0,110019360000000.0,107197679000000.0,3254082000000.0,-432401000000.0,,0.0,-139001000000.0,3086810000000.0,1295810000000.0,28265544000000.0,27125000000.0,40341392000000.0,343494329000000.0,0.0,1279907000000.0,52073753000000.0,30183209000000.0,29272707000000.0,7545687000000.0,0.0,,415811000000.0,,
MBB,2021,1,0.0,MBB,balance_sheet,,2771244000000.0,,,,,,,4322258000000.0,246376000000.0,882482000000.0,,,510957496000000.0,457233731000000.0,,,53723765000000.0,,16238689000000.0,,2305712000000.0,510957496000000.0,,,,,,,27987569000000.0,,,,,,1023813000000.0,,,8771043000000.0,42550511000000.0,3633495000000.0,3652454000000.0,-18959000000.0,0.0,318677990000000.0,324007375000000.0,-5329385000000.0,98681422000000.0,95578658000000.0,3551612000000.0,-448848000000.0,,0.0,-141331000000.0,3050504000000.0,1271754000000.0,28692207000000.0,93085000000.0,45138386000000.0,327926697000000.0,127008000000.0,683809000000.0,50229524000000.0,33035222000000.0,28981841000000.0,6197523000000.0,0.0,,124945000000.0,,
MBB,2020,4,0.0,MBB,balance_sheet,,3109230000000.0,,,,,,,4310919000000.0,247898000000.0,885231000000.0,,,494982162000000.0,444882667000000.0,,,50099495000000.0,,12955988000000.0,,2192991000000.0,494982162000000.0,,,,,,,27987569000000.0,,,,,,1026562000000.0,,,17296506000000.0,47888802000000.0,3085227000000.0,3102030000000.0,-16803000000.0,37106000000.0,293942764000000.0,298296983000000.0,-4354219000000.0,99713646000000.0,96775364000000.0,3374241000000.0,-435959000000.0,,0.0,-141331000000.0,3088524000000.0,1222395000000.0,24464833000000.0,15383000000.0,50876472000000.0,310960354000000.0,0.0,207341000000.0,50923563000000.0,31899554000000.0,28725680000000.0,6224836000000.0,0.0,,124945000000.0,,
MBB,2020,3,0.0,MBB,balance_sheet,,2545596000000.0,,,,,,,4128176000000.0,30813000000.0,885134000000.0,,,427175325000000.0,378921331000000.0,,,48253994000000.0,,14684098000000.0,,2113494000000.0,427175325000000.0,,,,,,,24370429000000.0,,,,,,1026465000000.0,,,8209927000000.0,30609408000000.0,1302244000000.0,1326522000000.0,-24278000000.0,0.0,263844661000000.0,268641892000000.0,-4797231000000.0,93708594000000.0,91350700000000.0,2698739000000.0,-340845000000.0,,0.0,-141331000000.0,2937963000000.0,1190213000000.0,21910772000000.0,26599000000.0,48014893000000.0,269189328000000.0,112356000000.0,231477000000.0,35018404000000.0,26328274000000.0,25108540000000.0,6347862000000.0,0.0,,124945000000.0,,
MBB,2020,2,0.0,MBB,balance_sheet,,2509108000000.0,,,,,,,2805764000000.0,30813000000.0,866870000000.0,,,421635683000000.0,375837182000000.0,,,45798501000000.0,,12282851000000.0,,2016998000000.0,421635683000000.0,,,,,,,24370429000000.0,,,,,,1008552000000.0,,,9173365000000.0,39202383000000.0,1518915000000.0,1549447000000.0,-30532000000.0,0.0,257054712000000.0,261384513000000.0,-4329801000000.0,87887059000000.0,85987270000000.0,2196788000000.0,-296999000000.0,,0.0,-141682000000.0,1634249000000.0,1171515000000.0,20586694000000.0,23994000000.0,60440378000000.0,257378873000000.0,136818000000.0,257222000000.0,33302191000000.0,24297706000000.0,25108540000000.0,6390112000000.0,0.0,,124945000000.0,,
MBB,2020,1,0.0,MBB,balance_sheet,,2253056000000.0,,,,,,,2811235000000.0,30813000000.0,877305000000.0,,,406802682000000.0,362818632000000.0,,,43984050000000.0,,11973445000000.0,,1974895000000.0,406802682000000.0,,,,,,,24370429000000.0,,,,,,1037415000000.0,,,6763149000000.0,47792908000000.0,1246147000000.0,1319440000000.0,-73293000000.0,128201000000.0,244072015000000.0,247979708000000.0,-3907693000000.0,81662582000000.0,79263879000000.0,2677352000000.0,-278649000000.0,,0.0,-160110000000.0,1644903000000.0,1166332000000.0,19165271000000.0,50755000000.0,69740500000000.0,240737125000000.0,0.0,285007000000.0,31373629000000.0,20631616000000.0,25108540000000.0,4927170000000.0,0.0,,124945000000.0,,
MBB,2019,4,0.0,MBB,balance_sheet,,2344291000000.0,,,,,,,2798062000000.0,30813000000.0,887017000000.0,,,411487575000000.0,371601761000000.0,,,39885814000000.0,,10342490000000.0,,1887965000000.0,411487575000000.0,,,,,,,23727323000000.0,,,,,,1037453000000.0,,,14347180000000.0,39691364000000.0,1167809000000.0,1196887000000.0,-29078000000.0,14836000000.0,247129710000000.0,250330623000000.0,-3200913000000.0,85628999000000.0,82723727000000.0,3196877000000.0,-291605000000.0,,0.0,-150436000000.0,1642003000000.0,1156059000000.0,17447494000000.0,16836000000.0,50314052000000.0,272709512000000.0,0.0,302126000000.0,26288629000000.0,21970606000000.0,22718445000000.0,4936914000000.0,0.0,,27834000000.0,,
MBB,2019,3,0.0,MBB,balance_sheet,,2320396000000.0,,,,,,,2714853000000.0,30813000000.0,885826000000.0,,,397441105000000.0,359758135000000.0,,,37682970000000.0,,10219639000000.0,,1831062000000.0,397441105000000.0,,,,,,,21604514000000.0,,,,,,1036779000000.0,,,7117589000000.0,47469375000000.0,1615709000000.0,1694021000000.0,-78312000000.0,78238000000.0,236407193000000.0,240211306000000.0,-3804113000000.0,78871608000000.0,75891318000000.0,3289157000000.0,-308867000000.0,,0.0,-150953000000.0,1593013000000.0,1121840000000.0,19929505000000.0,2633201000000.0,58395319000000.0,254130038000000.0,0.0,265062000000.0,24088378000000.0,20246137000000.0,20595636000000.0,5036633000000.0,0.0,,27834000000.0,,
MBB,2019,2,0.0,MBB,balance_sheet,,2321206000000.0,,,,,,,2690239000000.0,30813000000.0,882652000000.0,,,402264372000000.0,366738174000000.0,,,35526198000000.0,,8078631000000.0,,1803627000000.0,402264372000000.0,,,,,,,21604514000000.0,,,,,,1033063000000.0,,,3426842000000.0,52651532000000.0,1182392000000.0,1259960000000.0,-77568000000.0,0.0,235995611000000.0,238924642000000.0,-2929031000000.0,84880740000000.0,81799338000000.0,3388110000000.0,-306708000000.0,,0.0,-150411000000.0,1581449000000.0,1108790000000.0,18202345000000.0,2600409000000.0,68844122000000.0,259008944000000.0,61781000000.0,302881000000.0,18879373000000.0,17040664000000.0,20595636000000.0,5048304000000.0,0.0,,27834000000.0,,
MBB,2019,1,0.0,MBB,balance_sheet,,2089571000000.0,,,,,,,2661296000000.0,30813000000.0,886122000000.0,,,383219255000000.0,347087834000000.0,,,36131421000000.0,,8956319000000.0,,1602187000000.0,383219255000000.0,,,,,,,21604514000000.0,,,,,,1039323000000.0,,,7596756000000.0,43249072000000.0,675338000000.0,753785000000.0,-78447000000.0,1154000000.0,226050558000000.0,229168311000000.0,-3117753000000.0,80346426000000.0,75845447000000.0,4763273000000.0,-262294000000.0,,0.0,-153201000000.0,1548969000000.0,1112327000000.0,19632149000000.0,3158536000000.0,72809096000000.0,242252088000000.0,0.0,288944000000.0,15015253000000.0,13563917000000.0,20595636000000.0,4977279000000.0,0.0,,27834000000.0,,
MBB,2018,4,0.0,MBB,balance_sheet,,1736571000000.0,,,,,,,2699314000000.0,30813000000.0,497353000000.0,,,362361094000000.0,328188236000000.0,,,34172858000000.0,,7123671000000.0,,1529704000000.0,362361094000000.0,,,,,,,21604514000000.0,,,,,,582628000000.0,,,10548084000000.0,45061628000000.0,577672000000.0,684035000000.0,-106363000000.0,36032000000.0,211474953000000.0,214685958000000.0,-3211005000000.0,73833564000000.0,70687988000000.0,3522144000000.0,-376568000000.0,,0.0,-85275000000.0,1586152000000.0,1113162000000.0,15865110000000.0,2632894000000.0,60470881000000.0,239964318000000.0,41666000000.0,319963000000.0,11157638000000.0,13600876000000.0,21632348000000.0,3887135000000.0,0.0,,27834000000.0,,
MBB,2018,3,0.0,MBB,balance_sheet,,1919151000000.0,,,,,,,2616548000000.0,88245000000.0,765618000000.0,,,343850297000000.0,310642655000000.0,,,33207642000000.0,,5792385000000.0,,1764042000000.0,343850297000000.0,,,,,,,21604514000000.0,,,,,,866183000000.0,,,8988483000000.0,44647498000000.0,904977000000.0,953306000000.0,-48329000000.0,0.0,201474976000000.0,204884876000000.0,-3409900000000.0,64526475000000.0,58934176000000.0,6036833000000.0,-444534000000.0,,32856000000.0,-133421000000.0,1583487000000.0,1033061000000.0,17918326000000.0,2078022000000.0,58694829000000.0,232638438000000.0,11437000000.0,285402000000.0,6094172000000.0,10840355000000.0,21604514000000.0,4046701000000.0,0.0,,0.0,,
MBB,2018,2,0.0,MBB,balance_sheet,,1946454000000.0,,,,,,,2538054000000.0,88979000000.0,1201931000000.0,,,333203019000000.0,301872094000000.0,,,31330925000000.0,,6671807000000.0,,1588875000000.0,333203019000000.0,,,,,,,18155054000000.0,,,,,,1287059000000.0,,,6866616000000.0,48793974000000.0,3512707000000.0,3604722000000.0,-92015000000.0,0.0,202027423000000.0,204829117000000.0,-2801694000000.0,52503841000000.0,48725373000000.0,4157952000000.0,-379484000000.0,,48293000000.0,-133421000000.0,1518666000000.0,1019388000000.0,13723040000000.0,2981880000000.0,46107597000000.0,234796072000000.0,144000000.0,275621000000.0,6087975000000.0,11622805000000.0,18983251000000.0,4086992000000.0,0.0,,0.0,,
MBB,2018,1,0.0,MBB,balance_sheet,,2048473000000.0,,,,,,,2570955000000.0,92037000000.0,1238181000000.0,,,316345493000000.0,285315862000000.0,,,31029631000000.0,,6311447000000.0,,1572079000000.0,316345493000000.0,,,,,,,18155054000000.0,,,,,,1311135000000.0,,,4826686000000.0,37657981000000.0,3410710000000.0,3461998000000.0,-51288000000.0,146897000000.0,191261862000000.0,193745724000000.0,-2483862000000.0,51337599000000.0,47298022000000.0,4373482000000.0,-333905000000.0,,50061000000.0,-123015000000.0,1552171000000.0,1018784000000.0,21754112000000.0,4435673000000.0,36415087000000.0,227017855000000.0,0.0,266287000000.0,6124181000000.0,11056779000000.0,18983251000000.0,4162854000000.0,0.0,,0.0,,
MBB,2017,4,0.0,MBB,balance_sheet,,1842032000000.0,,,,,,,2604460000000.0,92783000000.0,984562000000.0,,,313877828000000.0,284276658000000.0,,,29601170000000.0,,5977328000000.0,,1431437000000.0,313877828000000.0,,,,,,,18155054000000.0,,,,,,1064147000000.0,,,6683682000000.0,53497402000000.0,2804525000000.0,2839964000000.0,-35439000000.0,121592000000.0,182062458000000.0,184188142000000.0,-2125684000000.0,50677071000000.0,43091877000000.0,7945077000000.0,-359883000000.0,,50061000000.0,-129646000000.0,1586633000000.0,1017827000000.0,12507261000000.0,1847879000000.0,46101157000000.0,220176022000000.0,0.0,297000000000.0,6022222000000.0,9832378000000.0,18983251000000.0,3209154000000.0,0.0,,0.0,,
MBB,2017,3,0.0,MBB,balance_sheet,,2052251000000.0,,,,,,,2573037000000.0,111835000000.0,1470435000000.0,,,291942720000000.0,263479200000000.0,,,28463520000000.0,,5916022000000.0,,1279881000000.0,291942720000000.0,,,,,,,17127409000000.0,,,,,,1550791000000.0,,,7411959000000.0,36696708000000.0,706974000000.0,728399000000.0,-21425000000.0,78135000000.0,174206750000000.0,176245057000000.0,-2038307000000.0,52718111000000.0,42723471000000.0,11151975000000.0,-1157335000000.0,,49766000000.0,-130122000000.0,1542490000000.0,1030547000000.0,13916525000000.0,150742000000.0,38487574000000.0,211578250000000.0,0.0,273486000000.0,4117600000000.0,8871548000000.0,17955606000000.0,3312011000000.0,0.0,,0.0,,
MBB,2017,2,0.0,MBB,balance_sheet,,1937989000000.0,,,,,,,2624462000000.0,112589000000.0,1074338000000.0,,,276244750000000.0,248935607000000.0,,,27309143000000.0,,4762508000000.0,,1261942000000.0,276244750000000.0,,,,,,,17127409000000.0,,,,,,1151862000000.0,,,3544632000000.0,27860139000000.0,743835000000.0,820240000000.0,-76405000000.0,33376000000.0,170396706000000.0,172677969000000.0,-2281263000000.0,55280998000000.0,46287040000000.0,10261681000000.0,-1267723000000.0,,49766000000.0,-127290000000.0,1577688000000.0,1046774000000.0,12635686000000.0,1438828000000.0,32639222000000.0,203309909000000.0,0.0,259614000000.0,2758538000000.0,8529496000000.0,17955606000000.0,3329087000000.0,0.0,,0.0,,
MBB,2017,1,0.0,MBB,balance_sheet,,1731185000000.0,,,,,,,2508625000000.0,148421000000.0,929109000000.0,,,250066008000000.0,223758851000000.0,,,26307157000000.0,,4435016000000.0,,1245723000000.0,250066008000000.0,,,,,,,17127409000000.0,,,,,,958895000000.0,,,7060582000000.0,21418978000000.0,685908000000.0,829719000000.0,-143811000000.0,18169000000.0,149349878000000.0,151381169000000.0,-2031291000000.0,55036914000000.0,47345830000000.0,9541965000000.0,-1850881000000.0,,108761000000.0,-138547000000.0,1580543000000.0,928082000000.0,11178239000000.0,1034395000000.0,30355543000000.0,182410148000000.0,0.0,237548000000.0,2622538000000.0,7098679000000.0,17955606000000.0,2670812000000.0,0.0,,0.0,,
MBB,2016,4,0.0,MBB,balance_sheet,,1519952000000.0,,,,,,,2457844000000.0,149175000000.0,842259000000.0,,,256258500000000.0,229670054000000.0,,,26588446000000.0,,4699337000000.0,,1236503000000.0,256258500000000.0,,,,,,,17127409000000.0,,,,,,866557000000.0,,,10002478000000.0,26952799000000.0,925995000000.0,1060665000000.0,-134670000000.0,53419000000.0,148687389000000.0,150737702000000.0,-2050313000000.0,53285920000000.0,46225522000000.0,8681353000000.0,-1620955000000.0,,108761000000.0,-133059000000.0,1514214000000.0,943630000000.0,11381270000000.0,0.0,24712976000000.0,194812397000000.0,0.0,258170000000.0,2366953000000.0,7519558000000.0,17955606000000.0,2697000000000.0,0.0,,0.0,,
MBB,2016,3,0.0,MBB,balance_sheet,,1422418000000.0,,,,,,,2297368000000.0,252560000000.0,1578061000000.0,,,239817004000000.0,214082766000000.0,,,25734238000000.0,,4832797000000.0,,1043699000000.0,239817004000000.0,,,,,,,16311818000000.0,,,,,,1329269000000.0,,,6587729000000.0,24932083000000.0,422405000000.0,540722000000.0,-118317000000.0,0.0,143303849000000.0,145585341000000.0,-2281492000000.0,50011068000000.0,41881157000000.0,9676174000000.0,-1546263000000.0,,374193000000.0,-125401000000.0,1389374000000.0,907994000000.0,9009463000000.0,0.0,17938110000000.0,186788644000000.0,874000000.0,289190000000.0,2369808000000.0,6696140000000.0,17140015000000.0,2717727000000.0,0.0,,0.0,,
MBB,2016,2,0.0,MBB,balance_sheet,,1585783000000.0,,,,,,,1652834000000.0,251426000000.0,1271337000000.0,,,239121501000000.0,214499964000000.0,,,24621537000000.0,,4151473000000.0,,591212000000.0,239121501000000.0,,,,,,,16311818000000.0,,,,,,1025546000000.0,,,4133283000000.0,28565208000000.0,429586000000.0,552078000000.0,-122492000000.0,38936000000.0,139478313000000.0,141530024000000.0,-2051711000000.0,52346459000000.0,43054687000000.0,10739652000000.0,-1447880000000.0,,374192000000.0,-128401000000.0,755263000000.0,897571000000.0,9368336000000.0,0.0,15419135000000.0,190490807000000.0,0.0,311412000000.0,2271058000000.0,6007552000000.0,17140015000000.0,2745515000000.0,-6678000000.0,,0.0,,
MBB,2016,1,591230000000.0,MBB,balance_sheet,,1303429000000.0,,,,,,,1686763000000.0,298451000000.0,1417084000000.0,,,228770502000000.0,204772372000000.0,,,23406900000000.0,,4012106000000.0,,0.0,228770502000000.0,,,,,,,16311818000000.0,,,,,,1203039000000.0,,,7179360000000.0,31443729000000.0,812005000000.0,817031000000.0,-5026000000.0,28463000000.0,122226493000000.0,124362917000000.0,-2136424000000.0,52710015000000.0,43386097000000.0,10710776000000.0,-1386858000000.0,,362470000000.0,-148425000000.0,776257000000.0,910506000000.0,9664710000000.0,0.0,16190771000000.0,180515904000000.0,0.0,295839000000.0,2517007000000.0,5252851000000.0,17140014000000.0,2254780000000.0,0.0,,0.0,,
MBB,2015,4,589702000000.0,MBB,balance_sheet,,1235658000000.0,,,,,,,1931689000000.0,298451000000.0,1606122000000.0,,,221041993000000.0,197858942000000.0,,,22593349000000.0,,3633134000000.0,,0.0,221041993000000.0,,,,,,,16000000000000.0,,,,,,1464944000000.0,,,8181894000000.0,28658950000000.0,3469067000000.0,3614309000000.0,-145242000000.0,96437000000.0,119372248000000.0,121348630000000.0,-1976382000000.0,46760198000000.0,39513026000000.0,8070136000000.0,-822964000000.0,,362470000000.0,-221292000000.0,731085000000.0,1200604000000.0,9431279000000.0,1411502000000.0,7509486000000.0,181565384000000.0,0.0,317958000000.0,2450058000000.0,4604554000000.0,16718524000000.0,2241691000000.0,0.0,,0.0,,
MBB,2015,3,594376000000.0,MBB,balance_sheet,,1156606000000.0,,,,,,,1554222000000.0,270391000000.0,1565080000000.0,,,207977726000000.0,185237194000000.0,,,22146156000000.0,,3103589000000.0,,0.0,207977726000000.0,,,,,,,16000000000000.0,,,,,,1427027000000.0,,,1530310000000.0,30179323000000.0,10631276000000.0,10732408000000.0,-101132000000.0,113251000000.0,111932445000000.0,113700949000000.0,-1768504000000.0,40738266000000.0,33299972000000.0,8154183000000.0,-715889000000.0,,357494000000.0,-219441000000.0,670239000000.0,883983000000.0,8306556000000.0,0.0,3866798000000.0,174525648000000.0,0.0,280597000000.0,2545430000000.0,4018721000000.0,16718523000000.0,2324044000000.0,0.0,,0.0,,
MBB,2015,2,0.0,MBB,balance_sheet,,1138546000000.0,,,,,,,1878030000000.0,119241000000.0,1490115000000.0,,,204409466000000.0,186041664000000.0,,,18367802000000.0,,3500258000000.0,,602073000000.0,204409466000000.0,,,,,,,11593938000000.0,,,,,,1346246000000.0,,,3064495000000.0,19157519000000.0,10799124000000.0,10901703000000.0,-102579000000.0,5371000000.0,109039169000000.0,110847894000000.0,-1808725000000.0,50107117000000.0,42759839000000.0,7912910000000.0,-565632000000.0,,357111000000.0,-213242000000.0,705308000000.0,1172722000000.0,7610739000000.0,0.0,7695968000000.0,171116285000000.0,0.0,192913000000.0,2546458000000.0,4490040000000.0,11932359000000.0,2352494000000.0,-19382000000.0,,0.0,,
MBB,2015,1,587134000000.0,MBB,balance_sheet,,1046718000000.0,,,,,,,1648168000000.0,271907000000.0,1504761000000.0,,,197160527000000.0,179433816000000.0,,,17139577000000.0,,3355003000000.0,,0.0,197160527000000.0,,,,,,,11593938000000.0,,,,,,1323852000000.0,,,7510438000000.0,12957227000000.0,12844036000000.0,12926698000000.0,-82662000000.0,0.0,97826006000000.0,100020120000000.0,-2194114000000.0,52973710000000.0,46668389000000.0,6856510000000.0,-551189000000.0,,362051000000.0,-181142000000.0,742275000000.0,905893000000.0,8577556000000.0,0.0,10756229000000.0,162488417000000.0,15055000000.0,214508000000.0,2145458000000.0,3814149000000.0,11932358000000.0,1852216000000.0,0.0,,0.0,,
MBB,2014,4,0.0,MBB,balance_sheet,,1233230500737.0,,,,,,,1927331737929.0,272664855005.0,1459649906951.0,,,200489173221701.0,183340962177723.0,,,17148211043978.0,,2788991538063.0,,587126395430.0,200489173221701.0,,,,,,,11593937500000.0,,,,,,1270731947019.0,,,6067481774744.0,21415257070182.0,10456489218318.0,10545686966119.0,-89197747801.0,5386662929.0,98106265115552.0,100569006006804.0,-2462740891252.0,50781094533246.0,44647646331127.0,6457264475230.0,-323816273111.0,,361959916656.0,-173041956724.0,775170178247.0,1152161559682.0,8764321846108.0,0.0,4604174657397.0,167608506846825.0,0.0,224787978023.0,2000058393288.0,8903434302190.0,11932358364820.0,1839734745665.0,0.0,,0.0,,
MBB,2014,3,0.0,MBB,balance_sheet,,954256794044.0,,,,,,,1849028773045.0,178358541299.0,1583544110340.0,,,188595423067104.0,171201734035697.0,,,17393689031407.0,,3021130152797.0,,585682699739.0,188595423067104.0,,,,,,,11593937500000.0,,,,,,1344218386485.0,,,3367335539603.0,12165844283771.0,6920922728987.0,7009383911998.0,-88461183011.0,0.0,90042823564875.0,92395848530160.0,-2353024965285.0,60398150653250.0,55269284303877.0,5374133415703.0,-245267066330.0,,363744322949.0,-124418599094.0,695587437843.0,1153441335202.0,11135158077890.0,0.0,3922293913161.0,160435988201350.0,4636725723.0,133883460240.0,2000058393288.0,4704873341935.0,11932358364820.0,1854517814051.0,0.0,,0.0,,
MBB,2014,2,0.0,MBB,balance_sheet,,1040419492154.0,,,,,,,1847455632724.0,180682706245.0,1527082204038.0,,,188570294373690.0,171736338105882.0,,,16833956267808.0,,2828702962880.0,,575924758204.0,188570294373690.0,,,,,,,11256250000000.0,,,,,,1304717771396.0,,,2411415311098.0,19190711623781.0,6431131401930.0,6545455327678.0,-114323925748.0,0.0,92738108697613.0,94550839618426.0,-1812730920813.0,53442929784884.0,48122318844117.0,5600739962408.0,-280129021641.0,,341111182941.0,-118746750299.0,710213848826.0,1137241783898.0,9760357519223.0,0.0,7387243988483.0,157675213398869.0,3245077498.0,216216748270.0,2000058393288.0,4454360499474.0,11594670864820.0,1868707156269.0,-34049474365.0,,0.0,,
MBB,2014,1,0.0,MBB,balance_sheet,,996483389482.0,,,,,,,1810402344632.0,178592247299.0,1543257272969.0,,,182711407158187.0,166400521533365.0,,,16310885624822.0,,2715933305882.0,,566870290518.0,182711407158187.0,,,,,,,11256250000000.0,,,,,,1310606456114.0,,,4805798862981.0,24217190243027.0,7552935193423.0,7634551125205.0,-81615931782.0,0.0,85950036818805.0,88022300280173.0,-2072263461368.0,47089311219619.0,42049527016721.0,5222174063927.0,-182389861029.0,,343069415949.0,-110418599094.0,662734994505.0,1147667350127.0,8567399565950.0,0.0,15535766289875.0,144978713500415.0,20764554860.0,189150196760.0,2000058393288.0,3676068598167.0,11594670864820.0,1433411163602.0,0.0,,0.0,,
MBB,2013,4,0.0,MBB,balance_sheet,,1034665907878.0,,,,,,,1837347789991.0,192385721027.0,1614587056403.0,,,180432770917282.0,164731396531893.0,,,15701374385389.0,,2122299602804.0,,560129208076.0,180432770917282.0,,,,,,,11256250000000.0,,,,,,1384537206147.0,,,3615772573891.0,26789344638303.0,3862485592097.0,3994477747672.0,-131992155575.0,0.0,85806563148322.0,87742914796826.0,-1936351648504.0,46012345287961.0,41473512580820.0,4724877802774.0,-186045095633.0,,340468449350.0,-110418599094.0,696093987374.0,1141253802617.0,9667273201409.0,0.0,21401981477950.0,136099286832751.0,17615182558.0,177806137540.0,2000058393288.0,5034648507806.0,11594670864820.0,1424274709689.0,0.0,,0.0,,
MBB,2013,3,0.0,MBB,balance_sheet,,929805157534.0,,,,,,,1827057139924.0,178273541299.0,1609854003780.0,,,170142734371664.0,154584389453112.0,,,15558344918552.0,,2511465879057.0,,588644565602.0,170142734371664.0,,,,,,,10625000000000.0,,,,,,1411354535189.0,,,1274175106899.0,29452917671693.0,152667062074.0,327475701709.0,-174808639635.0,0.0,79055461025185.0,80874768030313.0,-1819307005128.0,43548986941350.0,39807283986233.0,3927870550750.0,-186167595633.0,,296177486823.0,-97678018232.0,684819418862.0,1142237721062.0,12113536721926.0,0.0,12237160496303.0,135911463453870.0,26480453178.0,153284882500.0,2000058393288.0,4255941773973.0,10963420864820.0,1494813609073.0,0.0,,0.0,,
MBB,2013,2,0.0,MBB,balance_sheet,,1004474697619.0,,,,,,,1801565581576.0,177533579986.0,1567811915865.0,,,174039822109173.0,158942452083907.0,,,15097370025266.0,,2006676751006.0,,679098026726.0,174039822109173.0,,,,,,,10625000000000.0,,,,,,1333661364221.0,,,1055881942147.0,35212467812814.0,162533652934.0,331412647585.0,-168878994651.0,0.0,78159034944008.0,79690943383713.0,-1531908439705.0,46562244494669.0,43509058060477.0,3737335273187.0,-684148838995.0,,291810511994.0,-57659960350.0,677514170886.0,1124051410690.0,8336273487555.0,0.0,16099749579585.0,135798491239546.0,7832696312.0,179470282500.0,2400058393288.0,4456849892676.0,10945133376265.0,1488559266721.0,-22097395452.0,,-18287488555.0,,
MBB,2013,1,0.0,MBB,balance_sheet,,1026075141607.0,,,,,,,1559128067121.0,151733579986.0,1527871991579.0,,,170318433329827.0,155546448959577.0,,,14771984370250.0,,2120990061340.0,,670258820550.0,170318433329827.0,,,,,,,10625000000000.0,,,,,,1332179379776.0,,,6572889917850.0,31972094152817.0,147564846008.0,327978809173.0,-180413963165.0,0.0,71980171062364.0,73660471226101.0,-1680300163737.0,47975162594950.0,44531527422656.0,4087464317264.0,-643829144970.0,,287205375153.0,-91512763350.0,428505322075.0,1130622745046.0,7405741975545.0,0.0,24335062321956.0,124452870010430.0,7658415770.0,171632482500.0,2400068393288.0,4179157335633.0,10945233376265.0,1031415266192.0,4086845903.0,,-18187488555.0,,
MBB,2012,4,0.0,MBB,balance_sheet,,864942781893.0,,,,,,,1497636387392.0,151733579986.0,1602316142110.0,,,175612370840781.0,162081924067284.0,,,13530446773497.0,,1506298348384.0,,665939849214.0,175612370840781.0,,,,,,,10000000000000.0,,,,,,1412524547113.0,,,6239058244702.0,42823106823433.0,229737919955.0,490923128122.0,-261185208167.0,0.0,73165822743883.0,74478564337372.0,-1312741593489.0,41247545968288.0,37806428179986.0,4097809933272.0,-656692144970.0,,282692993997.0,-92901399000.0,451117268989.0,1046519118403.0,7790470249139.0,488477289152.0,30512107135831.0,117747416352273.0,26173405229.0,189591782500.0,3420068393288.0,9698089709011.0,10320233376265.0,1037975199634.0,0.0,,-18187488555.0,,
MBB,2012,2,0.0,MBB,balance_sheet,,1033893548767.0,,,,,,,1537618489117.0,147138579986.0,1817715580937.0,,,150870356465966.0,137189826239452.0,,,13680530226514.0,,1673288646130.0,,658486152903.0,150870356465966.0,,,,,,,10000000000000.0,,,,,,1636195234651.0,,,7454034269667.0,38687574013898.0,305374646578.0,514003010830.0,-208628364252.0,0.0,64344316744766.0,65476225843994.0,-1131909099228.0,26328043915384.0,23057385038647.0,3911187117985.0,-640528241248.0,,282312286286.0,-100791940000.0,468232027491.0,1069386461626.0,9214646676866.0,0.0,25355069618625.0,100149915254529.0,29857410879.0,208462444500.0,6030138393288.0,5416383117631.0,10320233376265.0,1065317215694.0,-36795164478.0,,-18187488555.0,,
MBB,2012,1,0.0,MBB,balance_sheet,,830263404361.0,,,,,,,1557504916883.0,147138579986.0,1688742440977.0,,,144629453154799.0,130865299460454.0,,,13764153694345.0,,1928104659458.0,,656523015179.0,144629453154799.0,,,,,,,10000000000000.0,,,,,,1645050874349.0,,,2558620817597.0,42792717685643.0,819759517946.0,1064232302563.0,-244472784617.0,0.0,59948574269340.0,61318892760023.0,-1370318490683.0,25161861613666.0,20944490248237.0,4803715000000.0,-586343634571.0,,155095056628.0,-111403490000.0,478412673515.0,1079092243368.0,9124269908400.0,0.0,23089971804134.0,94817728891861.0,23120357654.0,207866444500.0,5530138393288.0,7196473569017.0,10332243091383.0,869606634557.0,-22323706232.0,,-6177773437.0,,
MBB,2011,4,0.0,MBB,balance_sheet,,917418000000.0,,,,,,,1551977000000.0,147138000000.0,1751707000000.0,,,138482195000000.0,127061641000000.0,,,11420554000000.0,,2432483000000.0,,594289000000.0,138482195000000.0,,,,,,,7300000000000.0,,,,,,1821356000000.0,,,6033993000000.0,41145505000000.0,416432000000.0,779585000000.0,-363153000000.0,0.0,57928998000000.0,59045365000000.0,-1116367000000.0,18097060000000.0,14400057000000.0,4403694000000.0,-706691000000.0,,49173000000.0,-118822000000.0,470820000000.0,1081157000000.0,10491967000000.0,0.0,26929210000000.0,88992902000000.0,52658000000.0,201505000000.0,4531632000000.0,6353734000000.0,7543765000000.0,850004000000.0,13000000.0,,0.0,,
MBB,2011,3,0.0,MBB,balance_sheet,,840501424823.0,,,,,,,1564369252931.0,498864028589.0,2420667025359.0,,,115014456539466.0,104123425466284.0,,,10891031073182.0,,1611368755092.0,,697261483588.0,115014456539466.0,,,,,,,7300000000000.0,,,,,,2440454091443.0,,,3063145510867.0,27553002573081.0,1059673100912.0,1299827617200.0,-240154516288.0,0.0,54710532266153.0,55965869489283.0,-1255337223130.0,16827934450217.0,8583176027571.0,8773533000000.0,-528774577354.0,,91000000000.0,-110787066084.0,471373062517.0,1092996190414.0,6475766906534.0,500000000000.0,14477771161415.0,76509426132849.0,3650916186.0,709511644500.0,3573509069935.0,8349556541399.0,7553764812500.0,921578203014.0,107057818988.0,,0.0,,
MBB,2011,2,0.0,MBB,balance_sheet,,818942000000.0,,,,,,,1462229000000.0,145736000000.0,1749870000000.0,,,115181592000000.0,104852112000000.0,,,10329480000000.0,,1000869000000.0,,724645000000.0,115181592000000.0,,,,,,,7300000000000.0,,,,,,1705206000000.0,,,1065565000000.0,33057126000000.0,1319045000000.0,1638146000000.0,-319101000000.0,0.0,53061906000000.0,54099838000000.0,-1037932000000.0,16745778000000.0,8001796000000.0,9187727000000.0,-443745000000.0,,131746000000.0,-87082000000.0,357549000000.0,1104680000000.0,5755395000000.0,500000000000.0,21740669000000.0,72684676000000.0,0.0,177562000000.0,5059005000000.0,4690200000000.0,7553765000000.0,976970000000.0,73231000000.0,,0.0,,
ACB,2025,4,,ACB,balance_sheet,,8624548000000.0,,,,,,,5438550000000.0,149673000000.0,74699000000.0,,,1025850127000000.0,931330408000000.0,,,94519719000000.0,,25298313000000.0,,0.0,1025850127000000.0,,,,,,,51366566000000.0,,,,,,233739000000.0,,,16574958000000.0,149990681000000.0,6544882000000.0,6708358000000.0,-163476000000.0,324298000000.0,679152623000000.0,686777352000000.0,-7624729000000.0,144164116000000.0,132778839000000.0,11396527000000.0,-11250000000.0,,0.0,-159040000000.0,3200487000000.0,2238063000000.0,14811099000000.0,32976139000000.0,154999539000000.0,585180175000000.0,0.0,19079000000.0,133294422000000.0,24861054000000.0,51638345000000.0,17583061000000.0,0.0,,,,
ACB,2025,3,,ACB,balance_sheet,,6785568000000.0,,,,,,,5400704000000.0,103544000000.0,126774000000.0,,,948549176000000.0,857133676000000.0,,,91415500000000.0,,25307121000000.0,,0.0,948549176000000.0,,,,,,,51366566000000.0,,,,,,292867000000.0,,,15197467000000.0,104925948000000.0,5918486000000.0,6072639000000.0,-154153000000.0,0.0,663032417000000.0,669188125000000.0,-6155708000000.0,133759576000000.0,121853383000000.0,11906193000000.0,0.0,,0.0,-166093000000.0,3209383000000.0,2191321000000.0,13298692000000.0,20691569000000.0,129176089000000.0,571028953000000.0,123668000000.0,22456000000.0,113387071000000.0,22703870000000.0,51638345000000.0,14789568000000.0,-319534000000.0,,,,
ACB,2025,2,,ACB,balance_sheet,,6666091000000.0,,,,,,,5396553000000.0,62310000000.0,124885000000.0,,,933541420000000.0,846330791000000.0,,,87210629000000.0,,21026532000000.0,,0.0,933541420000000.0,,,,,,,51366566000000.0,,,,,,292867000000.0,,,5439937000000.0,125447269000000.0,4958406000000.0,5160049000000.0,-201643000000.0,0.0,627669396000000.0,633748683000000.0,-6079287000000.0,145778688000000.0,133862829000000.0,11915859000000.0,0.0,,0.0,-167982000000.0,3223395000000.0,2173158000000.0,11997885000000.0,21026778000000.0,96259274000000.0,567406860000000.0,318849000000.0,24547000000.0,139552843000000.0,21741640000000.0,51638345000000.0,14789568000000.0,-243816000000.0,,,,
ACB,2025,1,,ACB,balance_sheet,,5857654000000.0,,,,,,,5311943000000.0,177005000000.0,126773000000.0,,,891674563000000.0,804599986000000.0,,,87074577000000.0,,27412018000000.0,,0.0,891674563000000.0,,,,,,,44666579000000.0,,,,,,292867000000.0,,,13457514000000.0,129347480000000.0,4307534000000.0,4479661000000.0,-172127000000.0,0.0,592430761000000.0,598805866000000.0,-6375105000000.0,129978304000000.0,118052779000000.0,11925525000000.0,0.0,,0.0,-166094000000.0,3148991000000.0,2162952000000.0,10679595000000.0,18643287000000.0,101284086000000.0,550375020000000.0,171338000000.0,26725000000.0,114051801000000.0,20047729000000.0,44938358000000.0,14789568000000.0,-65367000000.0,,,,
ACB,2024,4,,ACB,balance_sheet,,5696449000000.0,,,,,,,5412370000000.0,177005000000.0,124935000000.0,,,864005703000000.0,780544025000000.0,,,83461678000000.0,,23733752000000.0,,0.0,864005703000000.0,,,,,,,44666579000000.0,,,,,,292867000000.0,,,25219753000000.0,117882259000000.0,3881151000000.0,4029088000000.0,-147937000000.0,55992000000.0,573946692000000.0,580686248000000.0,-6739556000000.0,121090243000000.0,108918477000000.0,12171766000000.0,0.0,,0.0,-167932000000.0,3222198000000.0,2190172000000.0,10518854000000.0,7954853000000.0,111591668000000.0,537304578000000.0,0.0,28008000000.0,101650446000000.0,22014472000000.0,44938358000000.0,14789568000000.0,0.0,,,,
ACB,2024,3,,ACB,balance_sheet,,5870526000000.0,,,,,,,4642986000000.0,177005000000.0,127425000000.0,,,777392922000000.0,698538661000000.0,,,78854261000000.0,,22420521000000.0,,0.0,777392922000000.0,,,,,,,44666579000000.0,,,,,,292867000000.0,,,8392393000000.0,92090423000000.0,6965867000000.0,7059448000000.0,-93581000000.0,267873000000.0,548247424000000.0,554908474000000.0,-6661050000000.0,100862391000000.0,88938255000000.0,11931400000000.0,-7264000000.0,,0.0,-165442000000.0,3084190000000.0,1558796000000.0,9748609000000.0,19152000000.0,73519652000000.0,512123668000000.0,0.0,31641000000.0,90366104000000.0,22478444000000.0,44938358000000.0,11557435000000.0,-62053000000.0,,,,
ACB,2024,2,,ACB,balance_sheet,,6594138000000.0,,,,,,,4665559000000.0,177005000000.0,128875000000.0,,,769678700000000.0,694886022000000.0,,,74792678000000.0,,18550126000000.0,,0.0,769678700000000.0,,,,,,,44666579000000.0,,,,,,292867000000.0,,,15724945000000.0,105419092000000.0,6125105000000.0,6236053000000.0,-110948000000.0,0.0,543853038000000.0,550172293000000.0,-6319255000000.0,77089507000000.0,61663820000000.0,15438107000000.0,-12420000000.0,,0.0,-163992000000.0,3119424000000.0,1546135000000.0,9901436000000.0,15945000000.0,93760618000000.0,511695775000000.0,61832000000.0,33175000000.0,66953215000000.0,22365462000000.0,44938358000000.0,11557435000000.0,-253241000000.0,,,,
ACB,2024,1,,ACB,balance_sheet,,6470319000000.0,,,,,,,4670671000000.0,177005000000.0,140025000000.0,,,727297968000000.0,652507236000000.0,,,74790732000000.0,,24191662000000.0,,0.0,727297968000000.0,,,,,,,38840504000000.0,,,,,,303387000000.0,,,7851936000000.0,121950918000000.0,7377873000000.0,7469189000000.0,-91316000000.0,0.0,500339694000000.0,506112216000000.0,-5772522000000.0,67999640000000.0,45959043000000.0,22040597000000.0,0.0,,0.0,-163362000000.0,3234051000000.0,1436620000000.0,10319887000000.0,66583000000.0,89358866000000.0,492804396000000.0,518306000000.0,37321000000.0,49011681000000.0,20710083000000.0,39112283000000.0,11557435000000.0,-70648000000.0,,,,
ACB,2023,4,,ACB,balance_sheet,,6909300000000.0,,,,,,,4762561000000.0,177005000000.0,140025000000.0,,,718794589000000.0,647838628000000.0,,,70955961000000.0,,20286243000000.0,,0.0,718794589000000.0,,,,,,,38840504000000.0,,,,,,303387000000.0,,,18504814000000.0,114873931000000.0,7177069000000.0,7323489000000.0,-146420000000.0,0.0,482234900000000.0,487601852000000.0,-5366952000000.0,73463347000000.0,44903768000000.0,28559579000000.0,0.0,,0.0,-163362000000.0,3317568000000.0,1444993000000.0,10551637000000.0,88000000.0,89506662000000.0,482702731000000.0,117126000000.0,41534000000.0,52410014000000.0,23060473000000.0,39112283000000.0,11557435000000.0,0.0,,,,
ACB,2023,3,,ACB,balance_sheet,,6552560000000.0,,,,,,,4447517000000.0,177005000000.0,140025000000.0,,,648509938000000.0,581684649000000.0,,,66825289000000.0,,18617293000000.0,,0.0,648509938000000.0,,,,,,,38840504000000.0,,,,,,303387000000.0,,,12405261000000.0,98170290000000.0,1892458000000.0,2023422000000.0,-130964000000.0,79210000000.0,444641463000000.0,449751645000000.0,-5110182000000.0,70233160000000.0,34885148000000.0,35348012000000.0,0.0,,0.0,-163362000000.0,3131419000000.0,1316098000000.0,9770989000000.0,18552000000.0,64119526000000.0,445499845000000.0,0.0,45249000000.0,48858665000000.0,23142812000000.0,39112283000000.0,9220106000000.0,-124393000000.0,,,,
ACB,2023,2,,ACB,balance_sheet,,5983591000000.0,,,,,,,4292448000000.0,177005000000.0,146321000000.0,,,630893170000000.0,568025989000000.0,,,62867181000000.0,,14579714000000.0,,0.0,630893170000000.0,,,,,,,38840504000000.0,,,,,,303387000000.0,,,11514014000000.0,89763275000000.0,1068921000000.0,1182088000000.0,-113167000000.0,114028000000.0,429058305000000.0,434031946000000.0,-4973641000000.0,79112752000000.0,42472830000000.0,36639922000000.0,0.0,,0.0,-157066000000.0,3101005000000.0,1191443000000.0,9662510000000.0,2921000000.0,68957498000000.0,432410465000000.0,0.0,49182000000.0,44657505000000.0,21948418000000.0,39112283000000.0,9220106000000.0,-44922000000.0,,,,
ACB,2023,1,,ACB,balance_sheet,,6654779000000.0,,,,,,,4127353000000.0,177005000000.0,141148000000.0,,,611223523000000.0,548693358000000.0,,,62530165000000.0,,19307456000000.0,,0.0,611223523000000.0,,,,,,,33774351000000.0,,,,,,303387000000.0,,,6429413000000.0,94638910000000.0,1541928000000.0,1699679000000.0,-157751000000.0,395042000000.0,406620881000000.0,411288535000000.0,-4667654000000.0,79206253000000.0,36077453000000.0,43128800000000.0,0.0,,0.0,-162239000000.0,2966929000000.0,1160424000000.0,11290811000000.0,6110000000.0,52857299000000.0,422755092000000.0,0.0,55580000000.0,50155919000000.0,22863358000000.0,34046130000000.0,9220106000000.0,-43527000000.0,,,,
ACB,2022,4,,ACB,balance_sheet,,8460892000000.0,,,,,,,3981376000000.0,177005000000.0,146814000000.0,,,607875185000000.0,549436522000000.0,,,58438663000000.0,,15172408000000.0,,0.0,607875185000000.0,,,,,,,33774351000000.0,,,,,,303387000000.0,,,13657531000000.0,85971313000000.0,1131327000000.0,1320941000000.0,-189614000000.0,100072000000.0,408856508000000.0,413706244000000.0,-4849736000000.0,75534794000000.0,31854915000000.0,43679879000000.0,0.0,,0.0,-156573000000.0,2849732000000.0,1131644000000.0,9857553000000.0,505876000000.0,67840840000000.0,413952789000000.0,0.0,60188000000.0,44304367000000.0,22772462000000.0,34046130000000.0,9220125000000.0,0.0,,,,
ACB,2022,3,,ACB,balance_sheet,,6820742000000.0,,,,,,,3733847000000.0,177005000000.0,154549000000.0,,,561113724000000.0,505378993000000.0,,,55734731000000.0,,14358157000000.0,,0.0,561113724000000.0,,,,,,,33774351000000.0,,,,,,309337000000.0,,,7285530000000.0,62584455000000.0,1438382000000.0,1641739000000.0,-203357000000.0,67174000000.0,396661986000000.0,402250931000000.0,-5588945000000.0,71265935000000.0,27533790000000.0,43732145000000.0,0.0,,0.0,-154788000000.0,2665262000000.0,1068585000000.0,10924119000000.0,34000000.0,51830484000000.0,392023517000000.0,0.0,64550000000.0,40052881000000.0,21407527000000.0,34046130000000.0,7164297000000.0,166147000000.0,,,,
ACB,2022,2,,ACB,balance_sheet,,7179996000000.0,,,,,,,3625120000000.0,216027000000.0,158000000000.0,,,543736728000000.0,491670697000000.0,,,52066031000000.0,,17526035000000.0,,0.0,543736728000000.0,,,,,,,27019481000000.0,,,,,,309337000000.0,,,11267755000000.0,57122539000000.0,1481310000000.0,1683277000000.0,-201967000000.0,91556000000.0,390049375000000.0,395598651000000.0,-5549276000000.0,64489044000000.0,18577997000000.0,45917151000000.0,-6104000000.0,,0.0,-151337000000.0,2601457000000.0,1023663000000.0,8056006000000.0,565000000.0,50712628000000.0,388131932000000.0,0.0,70779000000.0,34851291000000.0,17903502000000.0,27291260000000.0,7164297000000.0,84439000000.0,,,,
ACB,2022,1,,ACB,balance_sheet,,6281931000000.0,,,,,,,3678381000000.0,216027000000.0,207771000000.0,,,528636428000000.0,480433095000000.0,,,48203333000000.0,,13732887000000.0,,0.0,528636428000000.0,,,,,,,27019481000000.0,,,,,,309837000000.0,,,18208130000000.0,54337806000000.0,5068428000000.0,5159447000000.0,-91019000000.0,92408000000.0,374124636000000.0,379982950000000.0,-5858314000000.0,58710197000000.0,10634517000000.0,48079089000000.0,-3409000000.0,,0.0,-102066000000.0,2641814000000.0,1036567000000.0,7710713000000.0,0.0,44323457000000.0,386050921000000.0,0.0,79176000000.0,30949666000000.0,19029875000000.0,27291260000000.0,7164297000000.0,14889000000.0,,,,
ACB,2021,4,,ACB,balance_sheet,,7509877000000.0,,,,,,,3762548000000.0,216027000000.0,171925000000.0,,,527769944000000.0,482869035000000.0,,,44900909000000.0,,10445352000000.0,,0.0,527769944000000.0,,,,,,,27019481000000.0,,,,,,299317000000.0,,,32349574000000.0,49818776000000.0,11259731000000.0,11325371000000.0,-65640000000.0,226545000000.0,356050950000000.0,361912538000000.0,-5861588000000.0,59474604000000.0,9739539000000.0,49743071000000.0,-8006000000.0,,0.0,-127392000000.0,2685070000000.0,1077478000000.0,6929387000000.0,0.0,54393939000000.0,379920669000000.0,0.0,86066000000.0,30547883000000.0,17920478000000.0,27291260000000.0,7164297000000.0,0.0,,,,
ACB,2021,3,,ACB,balance_sheet,,7010081000000.0,,,,,,,3646321000000.0,216027000000.0,88068000000.0,,,479308753000000.0,436825317000000.0,,,42483436000000.0,,9439070000000.0,,0.0,479308753000000.0,,,,,,,27019481000000.0,,,,,,101827000000.0,,,33532941000000.0,28675646000000.0,10151989000000.0,10239936000000.0,-87947000000.0,63982000000.0,330911258000000.0,336491602000000.0,-5580344000000.0,58533725000000.0,8886513000000.0,49807650000000.0,-160438000000.0,,2967000000.0,-16726000000.0,2581210000000.0,1065111000000.0,6478715000000.0,0.0,20324174000000.0,365770473000000.0,0.0,93799000000.0,32469936000000.0,18166935000000.0,27291260000000.0,5742084000000.0,11022000000.0,,,,
ACB,2021,2,,ACB,balance_sheet,,6870892000000.0,,,,,,,3703279000000.0,216027000000.0,87912000000.0,,,471275438000000.0,430895193000000.0,,,40380245000000.0,,12740351000000.0,,0.0,471275438000000.0,,,,,,,21615585000000.0,,,,,,101827000000.0,,,21912320000000.0,28988545000000.0,10270741000000.0,10375295000000.0,-104554000000.0,82038000000.0,336827639000000.0,341667500000000.0,-4839861000000.0,55528394000000.0,9535454000000.0,46253125000000.0,-260185000000.0,,2967000000.0,-16882000000.0,2628026000000.0,1075253000000.0,6787651000000.0,0.0,27085956000000.0,358474148000000.0,0.0,100653000000.0,27455319000000.0,17779117000000.0,21887364000000.0,5742084000000.0,10446000000.0,,,,
ACB,2021,1,,ACB,balance_sheet,,6037588000000.0,,,,,,,3720662000000.0,216027000000.0,99549000000.0,,,449514732000000.0,411585397000000.0,,,37929335000000.0,,10302116000000.0,,0.0,449514732000000.0,,,,,,,21615585000000.0,,,,,,101827000000.0,,,20232572000000.0,27746394000000.0,4419502000000.0,4529892000000.0,-110390000000.0,135503000000.0,320754992000000.0,324311117000000.0,-3556125000000.0,58893891000000.0,10294062000000.0,48932832000000.0,-333003000000.0,,2967000000.0,-5245000000.0,2664580000000.0,1056082000000.0,7258052000000.0,0.0,20335604000000.0,352217653000000.0,0.0,108249000000.0,20384044000000.0,18539847000000.0,21887364000000.0,5742084000000.0,-2229000000.0,,,,
ACB,2020,4,,ACB,balance_sheet,,6967918000000.0,,,,,,,3782753000000.0,348778000000.0,99489000000.0,,,444530104000000.0,409081941000000.0,,,35448163000000.0,,7819040000000.0,,0.0,444530104000000.0,,,,,,,21615585000000.0,,,,,,101827000000.0,,,16616798000000.0,31671245000000.0,6167917000000.0,6285763000000.0,-117846000000.0,54473000000.0,308528625000000.0,311478989000000.0,-2950364000000.0,63399011000000.0,10790432000000.0,53048264000000.0,-439685000000.0,,2967000000.0,-5305000000.0,2716915000000.0,1065838000000.0,6893097000000.0,0.0,23875242000000.0,353195838000000.0,0.0,116705000000.0,22049697000000.0,9844459000000.0,21887364000000.0,5741759000000.0,0.0,,,,
ACB,2020,3,,ACB,balance_sheet,,5824836000000.0,,,,,,,3729438000000.0,356499000000.0,97963000000.0,,,418748315000000.0,385829347000000.0,,,32918968000000.0,,6415275000000.0,,0.0,418748315000000.0,,,,,,,21615585000000.0,,,,,,101827000000.0,,,12289157000000.0,29838744000000.0,4143804000000.0,4277852000000.0,-134048000000.0,42679000000.0,294472526000000.0,297385546000000.0,-2913020000000.0,61864870000000.0,10872656000000.0,51467407000000.0,-475193000000.0,,1441000000.0,-5305000000.0,2649067000000.0,1080371000000.0,6087799000000.0,0.0,17961521000000.0,334729380000000.0,0.0,127949000000.0,22887748000000.0,10122749000000.0,21887364000000.0,4595981000000.0,20348000000.0,,,,
ACB,2020,2,,ACB,balance_sheet,,5518509000000.0,,,,,,,3756172000000.0,358225000000.0,97895000000.0,,,396760420000000.0,365927975000000.0,,,30832445000000.0,,9328915000000.0,,0.0,396760420000000.0,,,,,,,16627373000000.0,,,,,,101827000000.0,,,20813912000000.0,25070380000000.0,635958000000.0,776995000000.0,-141037000000.0,129009000000.0,280990276000000.0,283755020000000.0,-2764744000000.0,54129458000000.0,11139839000000.0,43506523000000.0,-516904000000.0,,1441000000.0,-5373000000.0,2687750000000.0,1068422000000.0,5260626000000.0,0.0,2366296000000.0,330551052000000.0,0.0,134393000000.0,23090786000000.0,9785448000000.0,16899152000000.0,4595981000000.0,8397000000.0,,,,
ACB,2020,1,,ACB,balance_sheet,,5466150000000.0,,,,,,,3772593000000.0,359950000000.0,97884000000.0,,,387396053000000.0,357983688000000.0,,,29412365000000.0,,7907260000000.0,,0.0,387396053000000.0,,,,,,,16627373000000.0,,,,,,101827000000.0,,,12671154000000.0,30650377000000.0,2035207000000.0,2243213000000.0,-208006000000.0,0.0,272135299000000.0,274793621000000.0,-2658322000000.0,54187498000000.0,14796407000000.0,39940573000000.0,-549482000000.0,,1441000000.0,-5384000000.0,2729405000000.0,1043188000000.0,6019941000000.0,0.0,13433213000000.0,312653631000000.0,19288000000.0,143276000000.0,22989196000000.0,8745084000000.0,16899152000000.0,4595981000000.0,9972000000.0,,,,
ACB,2019,4,,ACB,balance_sheet,,6437812000000.0,,,,,,,3770219000000.0,361676000000.0,97884000000.0,,,383514439000000.0,355761932000000.0,,,27752507000000.0,,6339916000000.0,,0.0,383514439000000.0,,,,,,,16627373000000.0,,,,,,101827000000.0,,,10420306000000.0,30341599000000.0,2985262000000.0,3145903000000.0,-160641000000.0,87753000000.0,266164852000000.0,268700541000000.0,-2535689000000.0,55956160000000.0,10601503000000.0,45821522000000.0,-466865000000.0,,1441000000.0,-5384000000.0,2721100000000.0,1049119000000.0,6890916000000.0,0.0,19248572000000.0,308129391000000.0,0.0,156147000000.0,20830836000000.0,7396986000000.0,16799171000000.0,4613420000000.0,0.0,,,,
ACB,2019,3,,ACB,balance_sheet,,5572625000000.0,,,,,,,3490743000000.0,222972000000.0,151891000000.0,,,358175116000000.0,332810807000000.0,,,25364309000000.0,,5710876000000.0,,0.0,358175116000000.0,,,,,,,16627373000000.0,,,,,,155827000000.0,,,5973123000000.0,25612836000000.0,792641000000.0,933861000000.0,-141220000000.0,48709000000.0,253342924000000.0,256052028000000.0,-2709104000000.0,56188889000000.0,10814060000000.0,45862379000000.0,-487550000000.0,,1398000000.0,-5334000000.0,2662187000000.0,828556000000.0,6777763000000.0,0.0,8628094000000.0,298007119000000.0,0.0,149326000000.0,18536249000000.0,7490019000000.0,15961648000000.0,3693219000000.0,-1434000000.0,,,,
ACB,2019,2,,ACB,balance_sheet,,6553800000000.0,,,,,,,3315801000000.0,223063000000.0,151824000000.0,,,350938171000000.0,327104466000000.0,,,23833705000000.0,,7903160000000.0,,0.0,350938171000000.0,,,,,,,12885877000000.0,,,,,,155827000000.0,,,7775415000000.0,28088067000000.0,252870000000.0,418712000000.0,-165842000000.0,10969000000.0,248029667000000.0,250704406000000.0,-2674739000000.0,50163340000000.0,7329341000000.0,43327073000000.0,-493074000000.0,,1398000000.0,-5401000000.0,2587230000000.0,728571000000.0,6373355000000.0,794854000000.0,11843899000000.0,291279937000000.0,0.0,149172000000.0,16139450000000.0,6897154000000.0,12220152000000.0,3693219000000.0,17174000000.0,,,,
ACB,2019,1,,ACB,balance_sheet,,6486237000000.0,,,,,,,3220924000000.0,223153000000.0,151878000000.0,,,335802627000000.0,313419182000000.0,,,22383445000000.0,,6470567000000.0,,0.0,335802627000000.0,,,,,,,12885877000000.0,,,,,,155827000000.0,,,9209490000000.0,25444809000000.0,362702000000.0,521780000000.0,-159078000000.0,6613000000.0,234791366000000.0,237357737000000.0,-2566371000000.0,48902064000000.0,7375209000000.0,41995287000000.0,-468432000000.0,,1398000000.0,-5347000000.0,2629044000000.0,591880000000.0,7003391000000.0,0.0,23564352000000.0,275070155000000.0,0.0,152018000000.0,7961092000000.0,6671565000000.0,12220152000000.0,3693069000000.0,-343000000.0,,,,
ACB,2018,4,,ACB,balance_sheet,,6129169000000.0,,,,,,,3233388000000.0,247454000000.0,155975000000.0,,,329333241000000.0,308315342000000.0,,,21017899000000.0,,5104678000000.0,,0.0,329333241000000.0,,,,,,,12885877000000.0,,,,,,159927000000.0,,,10683536000000.0,18769776000000.0,1177972000000.0,1339157000000.0,-161185000000.0,0.0,227983048000000.0,230527220000000.0,-2544172000000.0,53380061000000.0,8201643000000.0,45635016000000.0,-456598000000.0,,1398000000.0,-5350000000.0,2640643000000.0,592745000000.0,7572862000000.0,3074100000000.0,20718382000000.0,269998503000000.0,38198000000.0,160093000000.0,8290918000000.0,6035148000000.0,12220152000000.0,3693069000000.0,0.0,,,,
ACB,2018,3,,ACB,balance_sheet,,5220544000000.0,,,,,,,3140503000000.0,223354000000.0,180222000000.0,,,312777917000000.0,293259129000000.0,,,19518788000000.0,,6145473000000.0,,0.0,312777917000000.0,,,,,,,11259140000000.0,,,,,,183927000000.0,,,7872030000000.0,15466552000000.0,792343000000.0,934135000000.0,-141792000000.0,0.0,218543139000000.0,220939364000000.0,-2396225000000.0,54569454000000.0,9226701000000.0,45780556000000.0,-437803000000.0,,1668000000.0,-5373000000.0,2628638000000.0,511865000000.0,6769776000000.0,0.0,15165276000000.0,267975270000000.0,30543000000.0,161379000000.0,3980000000000.0,5946661000000.0,10593415000000.0,2913780000000.0,-133880000000.0,,,,
ACB,2018,2,,ACB,balance_sheet,,5340394000000.0,,,,,,,3126122000000.0,235559000000.0,189911000000.0,,,309968108000000.0,291649256000000.0,,,18318852000000.0,,4836051000000.0,,0.0,309968108000000.0,,,,,,,11259140000000.0,,,,,,193927000000.0,,,7070410000000.0,17354706000000.0,1118337000000.0,1275600000000.0,-157263000000.0,0.0,219589010000000.0,221861170000000.0,-2272160000000.0,49659062000000.0,7412924000000.0,42723718000000.0,-477580000000.0,,1668000000.0,-5684000000.0,2628402000000.0,497720000000.0,6284597000000.0,0.0,14574903000000.0,267801485000000.0,25907000000.0,135679000000.0,3635000000000.0,5476282000000.0,10593415000000.0,2913780000000.0,-24394000000.0,,,,
ACB,2018,1,,ACB,balance_sheet,,4818945000000.0,,,,,,,3029494000000.0,255979000000.0,189954000000.0,,,299855182000000.0,282677922000000.0,,,17177260000000.0,,4654039000000.0,,0.0,299855182000000.0,,,,,,,10273239000000.0,,,,,,193927000000.0,,,10543807000000.0,15940304000000.0,522210000000.0,648877000000.0,-126667000000.0,74388000000.0,209680324000000.0,211670318000000.0,-1989994000000.0,47720460000000.0,6649243000000.0,41508486000000.0,-437269000000.0,,1668000000.0,-5641000000.0,2506388000000.0,523106000000.0,7079317000000.0,0.0,14177604000000.0,258252752000000.0,0.0,138854000000.0,4019000000000.0,6089712000000.0,9607514000000.0,2913780000000.0,1927000000.0,,,,
ACB,2017,4,,ACB,balance_sheet,,4851710000000.0,,,,,,,3007618000000.0,256132000000.0,190042000000.0,,,284316123000000.0,268285276000000.0,,,16030847000000.0,,3509553000000.0,,0.0,284316123000000.0,,,,,,,10273239000000.0,,,,,,193927000000.0,,,8314574000000.0,8941727000000.0,1236555000000.0,1239991000000.0,-3436000000.0,0.0,196617147000000.0,198461785000000.0,-1844638000000.0,52718405000000.0,8007491000000.0,45151482000000.0,-440568000000.0,,51668000000.0,-55553000000.0,2474830000000.0,532788000000.0,8182213000000.0,0.0,15453746000000.0,241392932000000.0,10491000000.0,136466000000.0,6761000000000.0,4530641000000.0,9607514000000.0,2913780000000.0,0.0,,,,
ACB,2017,3,,ACB,balance_sheet,,4080492000000.0,,,,,,,3036171000000.0,256502000000.0,189119000000.0,,,270264504000000.0,254841109000000.0,,,15423395000000.0,,1526911000000.0,,1721448000000.0,270264504000000.0,,,,,,,10273239000000.0,,,,,,193927000000.0,,,7411264000000.0,10550526000000.0,583627000000.0,651202000000.0,-67575000000.0,18205000000.0,181584447000000.0,184475382000000.0,-2890935000000.0,54755014000000.0,8570014000000.0,49175000000000.0,-2990000000000.0,,1626000000.0,-6434000000.0,2501154000000.0,535017000000.0,7799137000000.0,0.0,9216485000000.0,234030237000000.0,0.0,130178000000.0,6552000000000.0,4912209000000.0,9607514000000.0,2583754000000.0,-16232000000.0,,,,
ACB,2017,2,,ACB,balance_sheet,,4239589000000.0,,,,,,,3045818000000.0,266483000000.0,188963000000.0,,,265841867000000.0,250957542000000.0,,,14884325000000.0,,2701562000000.0,,0.0,265841867000000.0,,,,,,,10273239000000.0,,,,,,193927000000.0,,,8574078000000.0,8144951000000.0,555436000000.0,576239000000.0,-20803000000.0,0.0,179015075000000.0,181640299000000.0,-2625224000000.0,54707922000000.0,9161234000000.0,48417891000000.0,-2871203000000.0,,1626000000.0,-6590000000.0,2499886000000.0,545932000000.0,7103552000000.0,0.0,9677429000000.0,230186378000000.0,8082000000.0,136520000000.0,6544000000000.0,4405133000000.0,9607514000000.0,2583754000000.0,-8505000000.0,,,,
ACB,2017,1,,ACB,balance_sheet,,3797320000000.0,,,,,,,2902958000000.0,266847000000.0,192011000000.0,,,251536647000000.0,236980600000000.0,,,14556047000000.0,,2349614000000.0,,0.0,251536647000000.0,,,,,,,10273239000000.0,,,,,,199537000000.0,,,4324502000000.0,7953345000000.0,519857000000.0,542981000000.0,-23124000000.0,30700000000.0,175104008000000.0,177413536000000.0,-2309528000000.0,48529908000000.0,12318408000000.0,39269431000000.0,-3057931000000.0,,1626000000.0,-9152000000.0,2398753000000.0,504205000000.0,7915191000000.0,654638000000.0,4299191000000.0,221244954000000.0,0.0,131297000000.0,6404000000000.0,4246520000000.0,9607514000000.0,2583754000000.0,15165000000.0,,,,
ACB,2016,4,,ACB,balance_sheet,,3541388000000.0,,,,,,,2850558000000.0,208720000000.0,190194000000.0,,,233680877000000.0,219618161000000.0,,,14062716000000.0,,2761295000000.0,,0.0,233680877000000.0,,,,,,,9376965000000.0,,,,,,199537000000.0,,,5119306000000.0,8152027000000.0,1183306000000.0,1211314000000.0,-28008000000.0,16065000000.0,161604426000000.0,163401221000000.0,-1796795000000.0,42801465000000.0,10962613000000.0,34824159000000.0,-2985307000000.0,,1626000000.0,-10969000000.0,2338722000000.0,511836000000.0,8013422000000.0,0.0,2235115000000.0,207051269000000.0,0.0,122697000000.0,6615000000000.0,3594080000000.0,8711240000000.0,2590181000000.0,0.0,,,,
ACB,2016,3,,ACB,balance_sheet,,3415909000000.0,,,,,,,2750785000000.0,47754000000.0,189672000000.0,,,228866885000000.0,215141665000000.0,,,13725220000000.0,,2648795000000.0,,0.0,228866885000000.0,,,,,,,9376965000000.0,,,,,,199537000000.0,,,7931583000000.0,5266253000000.0,974898000000.0,995058000000.0,-20160000000.0,0.0,158001647000000.0,159801988000000.0,-1800341000000.0,41956982000000.0,11233444000000.0,33892274000000.0,-3168736000000.0,,1593000000.0,-11458000000.0,2289200000000.0,461585000000.0,8331402000000.0,0.0,3341091000000.0,201386210000000.0,14003000000.0,143613000000.0,5683000000000.0,4573748000000.0,8711240000000.0,2374324000000.0,-9139000000.0,,,,
ACB,2016,2,,ACB,balance_sheet,,3197649000000.0,,,,,,,2523845000000.0,42678000000.0,190038000000.0,,,221825953000000.0,208436795000000.0,,,13389158000000.0,,2314973000000.0,,0.0,221825953000000.0,,,,,,,9376965000000.0,,,,,,199537000000.0,,,3011393000000.0,9593700000000.0,1067892000000.0,1080042000000.0,-12150000000.0,0.0,154538408000000.0,156278677000000.0,-1740269000000.0,40079041000000.0,6215269000000.0,36590114000000.0,-2726342000000.0,,1593000000.0,-11092000000.0,2069220000000.0,454625000000.0,7581309000000.0,0.0,8400797000000.0,190502670000000.0,16505000000.0,174554000000.0,5664000000000.0,3678269000000.0,8711240000000.0,2374324000000.0,-11379000000.0,,,,
ACB,2016,1,,ACB,balance_sheet,,3056874000000.0,,,,,,,2480841000000.0,42758000000.0,190304000000.0,,,209867855000000.0,196764472000000.0,,,13103383000000.0,,2012254000000.0,,0.0,209867855000000.0,,,,,,,9376965000000.0,,,,,,199537000000.0,,,5004056000000.0,9359554000000.0,458642000000.0,466107000000.0,-7465000000.0,672000000.0,142519799000000.0,144229343000000.0,-1709544000000.0,38727097000000.0,8758234000000.0,32319629000000.0,-2350766000000.0,,1593000000.0,-10826000000.0,2052263000000.0,428578000000.0,8027258000000.0,515054000000.0,8539910000000.0,181063369000000.0,0.0,176660000000.0,3380000000000.0,3089479000000.0,8711240000000.0,2374324000000.0,5565000000.0,,,,
ACB,2015,4,,ACB,balance_sheet,,2806088000000.0,,,,,,,2479567000000.0,61921000000.0,208219000000.0,,,201456985000000.0,188669443000000.0,,,12787542000000.0,,1702124000000.0,,0.0,201456985000000.0,,,,,,,9376965000000.0,,,,,,217204000000.0,,,4608680000000.0,10122200000000.0,168057000000.0,216473000000.0,-48416000000.0,47603000000.0,132490987000000.0,134031804000000.0,-1540817000000.0,38611544000000.0,11827809000000.0,28821509000000.0,-2037774000000.0,,1593000000.0,-10578000000.0,2054258000000.0,425309000000.0,9852119000000.0,5178981000000.0,2433330000000.0,174918997000000.0,0.0,161678000000.0,3075000000000.0,2901457000000.0,8711240000000.0,2374178000000.0,0.0,,,,
ACB,2015,3,,ACB,balance_sheet,,3200128000000.0,,,,,,,2479978000000.0,8384000000.0,733163000000.0,,,192996908000000.0,180381873000000.0,,,12615035000000.0,,1692952000000.0,,0.0,192996908000000.0,,,,,,,9376965000000.0,,,,,,741846000000.0,,,4766892000000.0,8055620000000.0,444697000000.0,447473000000.0,-2776000000.0,31061000000.0,129482253000000.0,131021258000000.0,-1539005000000.0,34773494000000.0,8566082000000.0,27269561000000.0,-1062149000000.0,,1607000000.0,-10290000000.0,2053163000000.0,426815000000.0,9021238000000.0,0.0,4455178000000.0,169247540000000.0,0.0,171478000000.0,3000000000000.0,3507677000000.0,8711240000000.0,2207666000000.0,3177000000.0,,,,
ACB,2015,2,,ACB,balance_sheet,,2631978000000.0,,,,,,,2550047000000.0,8474000000.0,739460000000.0,,,189496375000000.0,177153921000000.0,,,12342454000000.0,,1411009000000.0,,0.0,189496375000000.0,,,,,,,9376965000000.0,,,,,,747930000000.0,,,2279345000000.0,5109669000000.0,991860000000.0,994606000000.0,-2746000000.0,16045000000.0,126813608000000.0,128353351000000.0,-1539743000000.0,39683473000000.0,19444891000000.0,21074621000000.0,-836039000000.0,,1607000000.0,-10077000000.0,2114412000000.0,435635000000.0,8672416000000.0,0.0,7855906000000.0,162408375000000.0,0.0,165599000000.0,3013000000000.0,3711041000000.0,8711240000000.0,2207666000000.0,12539000000.0,,,,
ACB,2015,1,,ACB,balance_sheet,,2598743000000.0,,,,,,,2559810000000.0,8564000000.0,884425000000.0,,,187311237000000.0,174631371000000.0,,,12679866000000.0,,1758510000000.0,,0.0,187311237000000.0,,,,,,,9376965000000.0,,,,,,927930000000.0,,,5317249000000.0,3973911000000.0,2451428000000.0,2476450000000.0,-25022000000.0,4919000000.0,117524968000000.0,119200874000000.0,-1675906000000.0,42217474000000.0,25644273000000.0,17069507000000.0,-496306000000.0,,1607000000.0,-45112000000.0,2122640000000.0,437170000000.0,9769746000000.0,199681000000.0,10870605000000.0,156733708000000.0,0.0,172489000000.0,3078000000000.0,3576888000000.0,8711240000000.0,2207666000000.0,2450000000.0,,,,
ACB,2014,4,,ACB,balance_sheet,,2496287000000.0,,,,,,,2804555000000.0,8654000000.0,886568000000.0,,,179609771000000.0,167212468000000.0,,,12397303000000.0,,1477796000000.0,,0.0,179609771000000.0,,,,,,,9376965000000.0,,,,,,948030000000.0,,,3357730000000.0,4559007000000.0,1105122000000.0,1108232000000.0,-3110000000.0,14403000000.0,114745251000000.0,116324055000000.0,-1578804000000.0,39676852000000.0,23683261000000.0,16386318000000.0,-392727000000.0,,1607000000.0,-63069000000.0,2384923000000.0,419632000000.0,9955342000000.0,0.0,6145238000000.0,154613588000000.0,0.0,188155000000.0,3078000000000.0,3187487000000.0,8711841000000.0,2207666000000.0,0.0,,,,
ACB,2014,3,,ACB,balance_sheet,,2365114000000.0,,,,,,,2639078000000.0,8745000000.0,903163000000.0,,,179381374000000.0,166873974000000.0,,,12507400000000.0,,1531220000000.0,,0.0,179381374000000.0,,,,,,,9376965000000.0,,,,,,972780000000.0,,,1304900000000.0,6133165000000.0,1641837000000.0,1643570000000.0,-1733000000.0,17298000000.0,111268690000000.0,113163118000000.0,-1894428000000.0,42857409000000.0,15087555000000.0,28104627000000.0,-334773000000.0,,1578000000.0,-71195000000.0,2292957000000.0,346121000000.0,10241975000000.0,0.0,10034007000000.0,150182864000000.0,0.0,335219000000.0,3000000000000.0,3321884000000.0,8920769000000.0,2039910000000.0,15501000000.0,,,,
ACB,2014,2,,ACB,balance_sheet,,2369171000000.0,,,,,,,2667352000000.0,9015000000.0,937320000000.0,,,177294676000000.0,165022482000000.0,,,12272194000000.0,,1267026000000.0,,0.0,177294676000000.0,,,,,,,9376965000000.0,,,,,,1009334000000.0,,,2251783000000.0,8451262000000.0,2437773000000.0,2454338000000.0,-16565000000.0,9513000000.0,108810216000000.0,110751759000000.0,-1941543000000.0,38994956000000.0,10600809000000.0,28747455000000.0,-353308000000.0,,1578000000.0,-73592000000.0,2315499000000.0,351853000000.0,10356315000000.0,0.0,11375646000000.0,147173237000000.0,0.0,344284000000.0,3300000000000.0,2829315000000.0,8920769000000.0,2039910000000.0,44489000000.0,,,,
ACB,2014,1,,ACB,balance_sheet,,2257901000000.0,,,,,,,2506809000000.0,9015000000.0,928397000000.0,,,173390522000000.0,160628787000000.0,,,12761735000000.0,,1600614000000.0,,0.0,173390522000000.0,,,,,,,9376965000000.0,,,,,,1009334000000.0,,,3077563000000.0,7267026000000.0,2395869000000.0,2426022000000.0,-30153000000.0,11506000000.0,105250187000000.0,106910379000000.0,-1660192000000.0,38767898000000.0,9599608000000.0,29394741000000.0,-226451000000.0,,1578000000.0,-82515000000.0,2235857000000.0,270952000000.0,10918351000000.0,0.0,9198469000000.0,144409345000000.0,0.0,361792000000.0,3600000000000.0,3059181000000.0,9112716000000.0,2032658000000.0,15747000000.0,,,,
ACB,2013,4,,ACB,balance_sheet,,2043490000000.0,,,,,,,2552768000000.0,0.0,922976000000.0,,,166737706000000.0,154235538000000.0,,,12502168000000.0,,1350293000000.0,,0.0,166737706000000.0,,,,,,,9376965000000.0,,,,,,1009334000000.0,,,3065322000000.0,7215518000000.0,1436444000000.0,1663592000000.0,-227148000000.0,150000000.0,105642038000000.0,107190021000000.0,-1547983000000.0,33482828000000.0,7232001000000.0,26502417000000.0,-251590000000.0,,1578000000.0,-87936000000.0,2279114000000.0,273654000000.0,10376172000000.0,1583146000000.0,7793776000000.0,138110836000000.0,0.0,363345000000.0,3500000000000.0,2884435000000.0,9117544000000.0,2034331000000.0,0.0,,,,
ACB,2013,3,,ACB,balance_sheet,,2701543000000.0,,,,,,,1710467000000.0,0.0,1101641000000.0,,,160477468000000.0,147666497000000.0,,,12810971000000.0,,1783321000000.0,,0.0,160477468000000.0,,,,,,,9376965000000.0,,,,,,1179205000000.0,,,1936786000000.0,9932272000000.0,1144071000000.0,1387229000000.0,-243158000000.0,6795000000.0,102699889000000.0,104457272000000.0,-1757383000000.0,29492465000000.0,5798625000000.0,23978509000000.0,-284669000000.0,,1576000000.0,-79140000000.0,1619470000000.0,90997000000.0,9751539000000.0,0.0,7077005000000.0,133674054000000.0,0.0,324472000000.0,3300000000000.0,3290966000000.0,9117544000000.0,1903269000000.0,6837000000.0,,,,
ACB,2013,2,,ACB,balance_sheet,,2762881000000.0,,,,,,,1612510000000.0,0.0,1098401000000.0,,,168793839000000.0,156359059000000.0,,,12434780000000.0,,1382497000000.0,,0.0,168793839000000.0,,,,,,,9376965000000.0,,,,,,1193322000000.0,,,2218649000000.0,12838471000000.0,1029276000000.0,1258889000000.0,-229613000000.0,3987000000.0,108786829000000.0,110477427000000.0,-1690598000000.0,27783829000000.0,7445564000000.0,20656071000000.0,-317806000000.0,,1576000000.0,-96497000000.0,1561841000000.0,50669000000.0,10659006000000.0,0.0,7140823000000.0,141994173000000.0,0.0,296226000000.0,3400000000000.0,3527837000000.0,9148761000000.0,1911998000000.0,-8476000000.0,,,,
ACB,2013,1,,ACB,balance_sheet,,5806521000000.0,,,,,,,1677570000000.0,0.0,1414477000000.0,,,175909974000000.0,162986200000000.0,,,12923774000000.0,,972153000000.0,,0.0,175909974000000.0,,,,,,,9376965000000.0,,,,,,1462954000000.0,,,2091513000000.0,17601408000000.0,937382000000.0,1176713000000.0,-239331000000.0,981000000.0,105467202000000.0,107139670000000.0,-1672468000000.0,28132195000000.0,8130323000000.0,20299769000000.0,-297897000000.0,,1576000000.0,-50053000000.0,1643170000000.0,34400000000.0,12780725000000.0,0.0,11176110000000.0,135305348000000.0,0.0,296040000000.0,12689408000000.0,3519294000000.0,9376965000000.0,2567911000000.0,6745000000.0,,,,
ACB,2008,3,,ACB,balance_sheet,,7484047000000.0,,,,,,,697936000000.0,0.0,673657000000.0,,,110665578000000.0,103319229000000.0,,,7346349000000.0,,1204301000000.0,,0.0,110665578000000.0,,,,,,,2630060000000.0,,,,,,0.0,,,6157310000000.0,28539669000000.0,0.0,0.0,0.0,0.0,36497471000000.0,36743117000000.0,-245646000000.0,15281787000000.0,13281787000000.0,2000000000000.0,0.0,,673657000000.0,0.0,697936000000.0,0.0,15333701000000.0,0.0,5617304000000.0,64044505000000.0,0.0,318837000000.0,17882417000000.0,15456166000000.0,2630060000000.0,3576351000000.0,-64363000000.0,,,,
VIC,2025,4,,VIC,balance_sheet,660924812000000.0,73526497000000.0,8253330000000.0,257058692000000.0,206993940000000.0,115092353000000.0,460532216000000.0,1546164000000.0,194150775000000.0,19714879000000.0,39623386000000.0,0.0,54401563000000.0,1121457028000000.0,970001804000000.0,592409830000000.0,377591974000000.0,151455224000000.0,151455224000000.0,55668366000000.0,0.0,2819223000000.0,1121457028000000.0,84801731000000.0,8438394000000.0,218339351000000.0,96636385000000.0,0.0,77060310000000.0,77334919000000.0,221434236000000.0,139356585000000.0,113955484000000.0,3955994000000.0,9249236000000.0,32104649000000.0,18864737000000.0,21114307000000.0,,,,,,,,,,,,,,,,,,,,,,,,,,,,,,,15306530000000.0,3081207000000.0,
VIC,2025,3,,VIC,balance_sheet,590641891000000.0,72150719000000.0,7918430000000.0,267274537000000.0,185624958000000.0,57673247000000.0,497228434000000.0,11892765000000.0,185370711000000.0,18934011000000.0,32709444000000.0,0.0,109926939000000.0,1087870325000000.0,925966426000000.0,557896380000000.0,368070046000000.0,161903899000000.0,161903899000000.0,52505390000000.0,0.0,16193864000000.0,1087870325000000.0,72962931000000.0,24092071000000.0,199871279000000.0,39384463000000.0,0.0,38530155000000.0,38804764000000.0,204805693000000.0,154865321000000.0,117122101000000.0,4097359000000.0,9212159000000.0,24743866000000.0,12733642000000.0,25550797000000.0,,,,,,,,,,,,,,,,,,,,,,,,,,,,,,,15306530000000.0,3411935000000.0,
VIC,2025,2,,VIC,balance_sheet,529134246000000.0,74759825000000.0,9592662000000.0,254128765000000.0,135055347000000.0,55597647000000.0,429101195000000.0,22880838000000.0,184762254000000.0,11603410000000.0,31399347000000.0,0.0,45416514000000.0,958235441000000.0,799543551000000.0,512360784000000.0,287182767000000.0,158691890000000.0,158691890000000.0,51052527000000.0,0.0,14336935000000.0,958235441000000.0,59998585000000.0,20180389000000.0,149377545000000.0,39184133000000.0,0.0,38236616000000.0,38785833000000.0,156309167000000.0,106640102000000.0,122630037000000.0,4238916000000.0,9225455000000.0,23026722000000.0,9701525000000.0,33675384000000.0,,,,,,,,,,,,,,,,,,,,,,,,,,,,,,,15306530000000.0,3806580000000.0,
VIC,2025,1,,VIC,balance_sheet,372183892000000.0,32491938000000.0,7480260000000.0,179643132000000.0,110814852000000.0,41753710000000.0,451086356000000.0,29615230000000.0,180969752000000.0,12770851000000.0,26832752000000.0,0.0,25912728000000.0,823270248000000.0,665817661000000.0,440710635000000.0,225107026000000.0,157452587000000.0,157452587000000.0,51447113000000.0,0.0,13026603000000.0,823270248000000.0,52193588000000.0,512206000000.0,124925405000000.0,27803173000000.0,0.0,38236616000000.0,38785833000000.0,149589087000000.0,90162798000000.0,98216347000000.0,4378934000000.0,8468210000000.0,19407044000000.0,58258943000000.0,89374815000000.0,,,,,,,,,,,,,,,,,,,,,,,,,,,,,,,15306530000000.0,3720189000000.0,
VIC,2024,4,,VIC,balance_sheet,396479911000000.0,42582366000000.0,8718884000000.0,190046565000000.0,114090183000000.0,41041913000000.0,440123992000000.0,23359127000000.0,182943333000000.0,13033418000000.0,27060860000000.0,0.0,21164104000000.0,836603903000000.0,682769422000000.0,505292040000000.0,177477382000000.0,153834481000000.0,153834481000000.0,44468350000000.0,0.0,16437647000000.0,836603903000000.0,40937213000000.0,1478525000000.0,127068459000000.0,25937361000000.0,0.0,38236616000000.0,38785833000000.0,129041914000000.0,138374890000000.0,95189145000000.0,4517414000000.0,8641393000000.0,19388427000000.0,57573484000000.0,82564248000000.0,,,,,,,,,,,,,,,,,,,,,,,,,,,,,,,15306530000000.0,3688998000000.0,
VIC,2024,3,,VIC,balance_sheet,423990500000000.0,27040242000000.0,6424590000000.0,217470663000000.0,128229866000000.0,44825139000000.0,367483444000000.0,2854876000000.0,186833298000000.0,15067665000000.0,23657660000000.0,0.0,17246291000000.0,791473944000000.0,627217065000000.0,470411783000000.0,156805282000000.0,164256879000000.0,164256879000000.0,41791856000000.0,0.0,29427206000000.0,791473944000000.0,38449157000000.0,10684528000000.0,139923090000000.0,29946013000000.0,0.0,38236616000000.0,38785833000000.0,115120855000000.0,97033850000000.0,96768964000000.0,1660480000000.0,7821923000000.0,16092357000000.0,11375130000000.0,15381144000000.0,,,,,,,,,,,,,,,,,,,,,,,,,,,,,,,15306530000000.0,3600189000000.0,
VIC,2024,2,,VIC,balance_sheet,351053988000000.0,28565428000000.0,4219258000000.0,168284080000000.0,106890810000000.0,43094412000000.0,371076200000000.0,15415355000000.0,184376245000000.0,16709756000000.0,30220404000000.0,0.0,12358292000000.0,722130188000000.0,559830905000000.0,414505239000000.0,145325666000000.0,162299283000000.0,162299283000000.0,36489289000000.0,0.0,32722567000000.0,722130188000000.0,36456365000000.0,2186313000000.0,118493519000000.0,28812013000000.0,0.0,38236616000000.0,38785833000000.0,111176545000000.0,69213109000000.0,110794386000000.0,1714600000000.0,7761315000000.0,16926510000000.0,11418442000000.0,27769220000000.0,,,,,,,,,,,,,,,,,,,,,,,,,,,,,,,15306530000000.0,0.0,
VIC,2024,1,,VIC,balance_sheet,350049998000000.0,26653084000000.0,4416936000000.0,177746167000000.0,99346636000000.0,41887175000000.0,343898795000000.0,2414656000000.0,175829606000000.0,15899295000000.0,33296747000000.0,0.0,9754046000000.0,693948793000000.0,536196058000000.0,394383059000000.0,141812999000000.0,157752735000000.0,157752735000000.0,36490377000000.0,0.0,27382060000000.0,693948793000000.0,37812849000000.0,11170022000000.0,109769644000000.0,28812013000000.0,0.0,38236616000000.0,38785833000000.0,106799696000000.0,52093288000000.0,119716720000000.0,403879000000.0,6243034000000.0,23947574000000.0,7833580000000.0,10997880000000.0,,,,,,,,,,,,,,,,,,,,,,,,,,,,,,,15306530000000.0,0.0,
VIC,2023,4,,VIC,balance_sheet,342609157000000.0,29289535000000.0,5671500000000.0,165398901000000.0,92730270000000.0,49518951000000.0,327007916000000.0,1147876000000.0,159594207000000.0,38210694000000.0,15252380000000.0,0.0,10246711000000.0,669617073000000.0,521595497000000.0,386669534000000.0,134925963000000.0,148021576000000.0,148021576000000.0,21809007000000.0,0.0,26468350000000.0,669617073000000.0,34411258000000.0,7637650000000.0,102504620000000.0,35843634000000.0,0.0,38236616000000.0,38785833000000.0,98789828000000.0,44000286000000.0,114522806000000.0,492625000000.0,5566420000000.0,13892460000000.0,5953109000000.0,7829676000000.0,,,,,,,,,,,,,,,,,,,,,,,,,,,,,,,22021072000000.0,0.0,
VIC,2023,3,,VIC,balance_sheet,298026710000000.0,16882015000000.0,7369738000000.0,152023108000000.0,83672447000000.0,38079402000000.0,327360635000000.0,518826000000.0,147864388000000.0,39451116000000.0,11014438000000.0,0.0,10104960000000.0,625387345000000.0,478444829000000.0,344773342000000.0,133671487000000.0,146942516000000.0,146942516000000.0,23428624000000.0,0.0,24077179000000.0,625387345000000.0,36512248000000.0,9426913000000.0,91859083000000.0,25299696000000.0,0.0,38139356000000.0,38688573000000.0,98292858000000.0,46585028000000.0,95183876000000.0,571009000000.0,6366189000000.0,9627698000000.0,6312876000000.0,7416267000000.0,,,,,,,,,,,,,,,,,,,,,,,,,,,,,,,22020365000000.0,0.0,
VIC,2023,2,,VIC,balance_sheet,279229101000000.0,18445846000000.0,4919214000000.0,144449651000000.0,84742609000000.0,26671781000000.0,319948038000000.0,5818300000000.0,143635620000000.0,39780799000000.0,10657937000000.0,0.0,10148849000000.0,599177139000000.0,461474523000000.0,338939145000000.0,122535378000000.0,137702616000000.0,137702616000000.0,17279082000000.0,0.0,24708835000000.0,599177139000000.0,34245504000000.0,4723802000000.0,92250092000000.0,14865254000000.0,0.0,38139356000000.0,38688573000000.0,89096108000000.0,60718449000000.0,86955653000000.0,636024000000.0,6362514000000.0,9250972000000.0,6194244000000.0,14153728000000.0,,,,,,,,,,,,,,,,,,,,,,,,,,,,,,,18481872000000.0,9892369000000.0,
VIC,2023,1,,VIC,balance_sheet,291950102000000.0,17449584000000.0,7151127000000.0,149222786000000.0,91911380000000.0,26215225000000.0,304927080000000.0,2491207000000.0,135367481000000.0,39607843000000.0,10228952000000.0,0.0,9571811000000.0,596877182000000.0,460565227000000.0,316175727000000.0,144389500000000.0,136311955000000.0,136311955000000.0,15463409000000.0,0.0,25048317000000.0,596877182000000.0,38536483000000.0,8104630000000.0,99659336000000.0,14268865000000.0,0.0,38139356000000.0,38688573000000.0,114346529000000.0,69296654000000.0,64421582000000.0,700469000000.0,6287383000000.0,9246752000000.0,5770239000000.0,10051662000000.0,,,,,,,,,,,,,,,,,,,,,,,,,,,,,,,18481872000000.0,9826651000000.0,
VIC,2022,4,,VIC,balance_sheet,272222529000000.0,26209213000000.0,4367612000000.0,117446829000000.0,98527655000000.0,25671220000000.0,302584761000000.0,2486207000000.0,122908696000000.0,38400267000000.0,11170860000000.0,0.0,8920254000000.0,574807290000000.0,439194193000000.0,296551641000000.0,142642552000000.0,135613097000000.0,135613097000000.0,14009307000000.0,0.0,25915402000000.0,574807290000000.0,38926568000000.0,8257466000000.0,103707060000000.0,13300057000000.0,0.0,38139356000000.0,38688573000000.0,120091950000000.0,74825233000000.0,48068184000000.0,764567000000.0,5642485000000.0,10707516000000.0,645829000000.0,10020595000000.0,,,,,,,,,,,,,,,,,,,,,,,,,,,,,,,18481872000000.0,9866970000000.0,
VIC,2022,3,,VIC,balance_sheet,269408836000000.0,26449568000000.0,2196725000000.0,129462314000000.0,85750571000000.0,25549658000000.0,286162181000000.0,760000000000.0,114594496000000.0,39287565000000.0,10535545000000.0,0.0,8553436000000.0,555571017000000.0,418345604000000.0,286327011000000.0,132018593000000.0,137225413000000.0,137225413000000.0,14947729000000.0,0.0,26462392000000.0,555571017000000.0,44267122000000.0,16414064000000.0,91632929000000.0,13998301000000.0,0.0,38139356000000.0,38688573000000.0,109703346000000.0,72443004000000.0,62819714000000.0,848710000000.0,5204514000000.0,10244970000000.0,578058000000.0,8226617000000.0,,,,,,,,,,,,,,,,,,,,,,,,,,,,,,,18481872000000.0,9975926000000.0,
VIC,2022,2,,VIC,balance_sheet,257499676000000.0,42208684000000.0,6096584000000.0,104422003000000.0,80978106000000.0,23794299000000.0,271458225000000.0,1000000000.0,113397188000000.0,39659054000000.0,10523548000000.0,0.0,8499494000000.0,528957901000000.0,396914172000000.0,264119744000000.0,132794428000000.0,132043729000000.0,132043729000000.0,9873003000000.0,0.0,26380160000000.0,528957901000000.0,37192055000000.0,15694064000000.0,85863413000000.0,13998311000000.0,0.0,38139356000000.0,38688573000000.0,110949499000000.0,62718522000000.0,45924301000000.0,958706000000.0,5209615000000.0,10200737000000.0,426196000000.0,7393553000000.0,,,,,,,,,,,,,,,,,,,,,,,,,,,,,,,18481872000000.0,9714070000000.0,
VIC,2022,1,,VIC,balance_sheet,169506762000000.0,15241944000000.0,3648828000000.0,83585995000000.0,52375294000000.0,14654701000000.0,271859761000000.0,840000000000.0,127068186000000.0,38162022000000.0,10313117000000.0,0.0,7481974000000.0,441366523000000.0,306808076000000.0,148450387000000.0,158357689000000.0,134558447000000.0,134558447000000.0,6487625000000.0,0.0,32215228000000.0,441366523000000.0,30163319000000.0,13892113000000.0,54514850000000.0,5881540000000.0,0.0,38139356000000.0,38688573000000.0,109348630000000.0,18973690000000.0,30199211000000.0,1036814000000.0,5370221000000.0,9305815000000.0,555175000000.0,1395175000000.0,,,,,,,,,,,,,,,,,,,,,,,,,,,,,,,18481872000000.0,9518301000000.0,
VIC,2021,4,,VIC,balance_sheet,163350836000000.0,19653270000000.0,6758243000000.0,74342928000000.0,50910386000000.0,11686009000000.0,263973098000000.0,455249000000.0,130455105000000.0,35128444000000.0,9151771000000.0,0.0,8334919000000.0,427323934000000.0,268177346000000.0,144444929000000.0,123732417000000.0,159146588000000.0,159146588000000.0,3897264000000.0,0.0,59500115000000.0,427323934000000.0,21767291000000.0,14824123000000.0,53074286000000.0,2895599000000.0,0.0,38052148000000.0,38675533000000.0,102180175000000.0,22352075000000.0,20035038000000.0,1859464000000.0,5806361000000.0,8831485000000.0,143707000000.0,598956000000.0,,,,,,,,,,,,,,,,,,,,,,,,,,,,,,,18481872000000.0,9550120000000.0,
VIC,2021,3,,VIC,balance_sheet,180400355000000.0,21262502000000.0,7601808000000.0,83792891000000.0,55382094000000.0,12361060000000.0,253202280000000.0,713250000000.0,123390828000000.0,34584614000000.0,7264511000000.0,0.0,10432560000000.0,433602635000000.0,269305555000000.0,148238154000000.0,121067401000000.0,164297080000000.0,164297080000000.0,3670170000000.0,0.0,64865034000000.0,433602635000000.0,20028857000000.0,14583666000000.0,57978250000000.0,3671599000000.0,0.0,38052148000000.0,38675533000000.0,102280509000000.0,29008286000000.0,26628727000000.0,2036798000000.0,7256790000000.0,6852073000000.0,357177000000.0,1070427000000.0,,,,,,,,,,,,,,,,,,,,,,,,,,,,,,,18481872000000.0,9529823000000.0,
VIC,2021,2,,VIC,balance_sheet,167653553000000.0,23302535000000.0,10327516000000.0,64858568000000.0,56696855000000.0,12468079000000.0,251294495000000.0,2580500000000.0,126706848000000.0,34349500000000.0,7126676000000.0,0.0,10598792000000.0,418948048000000.0,274560500000000.0,159335062000000.0,115225438000000.0,144387548000000.0,144387548000000.0,8881396000000.0,0.0,55154462000000.0,418948048000000.0,18101577000000.0,12882666000000.0,58901807000000.0,4320808000000.0,0.0,33824306000000.0,34447691000000.0,105405709000000.0,37293446000000.0,32767397000000.0,2229284000000.0,7082575000000.0,6702715000000.0,357711000000.0,2938211000000.0,,,,,,,,,,,,,,,,,,,,,,,,,,,,,,,7235206000000.0,0.0,
VIC,2021,1,,VIC,balance_sheet,162828936000000.0,23042288000000.0,5969254000000.0,59565070000000.0,62787770000000.0,11464554000000.0,257003769000000.0,5938500000000.0,125039799000000.0,34418773000000.0,7424927000000.0,0.0,12250583000000.0,419832705000000.0,280058250000000.0,162523560000000.0,117534690000000.0,139774455000000.0,139774455000000.0,6428726000000.0,0.0,58523318000000.0,419832705000000.0,17743218000000.0,7804268000000.0,64183158000000.0,3058624000000.0,0.0,33824306000000.0,34447691000000.0,98827099000000.0,34851877000000.0,34038016000000.0,2371491000000.0,7700159000000.0,6930517000000.0,1483208000000.0,7421708000000.0,,,,,,,,,,,,,,,,,,,,,,,,,,,,,,,7235206000000.0,5503265000000.0,
VIC,2020,4,,VIC,balance_sheet,164454221000000.0,28175943000000.0,11763511000000.0,55764939000000.0,57224825000000.0,11525003000000.0,259813564000000.0,6015000000000.0,125080437000000.0,34965684000000.0,7413792000000.0,0.0,13176930000000.0,424267785000000.0,288510783000000.0,174675122000000.0,113835661000000.0,135757002000000.0,135757002000000.0,4089007000000.0,0.0,56769798000000.0,424267785000000.0,18340419000000.0,8539910000000.0,58259220000000.0,3134972000000.0,0.0,33824306000000.0,34447691000000.0,98309224000000.0,37196791000000.0,26849120000000.0,2523804000000.0,8169982000000.0,4576668000000.0,1220669000000.0,7235669000000.0,,,,,,,,,,,,,,,,,,,,,,,,,,,,,,,7235206000000.0,5505646000000.0,
VIC,2020,3,,VIC,balance_sheet,182768718000000.0,30288635000000.0,4987739000000.0,58665039000000.0,72027916000000.0,16799389000000.0,247241896000000.0,5371000000000.0,120698373000000.0,33422672000000.0,13240747000000.0,0.0,10661691000000.0,430010614000000.0,305459007000000.0,183306409000000.0,122152598000000.0,124551607000000.0,124551607000000.0,7211234000000.0,0.0,42455716000000.0,430010614000000.0,16284325000000.0,10285997000000.0,73829548000000.0,8351044000000.0,0.0,33824306000000.0,34447691000000.0,107564345000000.0,44251546000000.0,30629236000000.0,1917072000000.0,6734036000000.0,9552258000000.0,1132227000000.0,6503227000000.0,,,,,,,,,,,,,,,,,,,,,,,,,,,,,,,7235206000000.0,5518344000000.0,
VIC,2020,2,,VIC,balance_sheet,185917400000000.0,26969148000000.0,870606000000.0,62466261000000.0,82724131000000.0,12887254000000.0,241266647000000.0,5385970000000.0,119489039000000.0,33207072000000.0,12450799000000.0,0.0,10191839000000.0,427184047000000.0,303486797000000.0,192732567000000.0,110754230000000.0,123697250000000.0,123697250000000.0,6305909000000.0,0.0,42509188000000.0,427184047000000.0,17507318000000.0,11148978000000.0,84917536000000.0,4487177000000.0,0.0,33824306000000.0,34447691000000.0,96280752000000.0,50315233000000.0,42123105000000.0,2094681000000.0,6646274000000.0,10361992000000.0,1027927000000.0,6413897000000.0,,,,,,,,,,,,,,,,,,,,,,,,,,,,,,,7235206000000.0,5516245000000.0,
VIC,2020,1,,VIC,balance_sheet,189221713000000.0,10999921000000.0,9483443000000.0,60437375000000.0,84452449000000.0,23848525000000.0,224391138000000.0,916620000000.0,114066902000000.0,33081926000000.0,5985927000000.0,0.0,10887494000000.0,413612851000000.0,291500509000000.0,189055700000000.0,102444809000000.0,122112342000000.0,122112342000000.0,2934433000000.0,0.0,44294382000000.0,413612851000000.0,17955010000000.0,16101377000000.0,86640801000000.0,13341952000000.0,0.0,33824306000000.0,34447691000000.0,83793105000000.0,52583702000000.0,42353364000000.0,2200462000000.0,7262442000000.0,3885538000000.0,249478000000.0,1166098000000.0,,,,,,,,,,,,,,,,,,,,,,,,,,,,,,,7235206000000.0,10458341000000.0,
VIC,2019,4,,VIC,balance_sheet,201493474000000.0,18488606000000.0,10419573000000.0,68076284000000.0,83273298000000.0,21235713000000.0,207079197000000.0,907650000000.0,108679270000000.0,33546796000000.0,4671124000000.0,0.0,10856808000000.0,408572671000000.0,287972083000000.0,183615768000000.0,104356315000000.0,120600588000000.0,120600588000000.0,7757874000000.0,0.0,44172327000000.0,408572671000000.0,19279650000000.0,21322039000000.0,85402745000000.0,12863952000000.0,0.0,33685755000000.0,34309140000000.0,86480517000000.0,52381513000000.0,31044532000000.0,2181810000000.0,6985630000000.0,1706242000000.0,235398000000.0,1143048000000.0,,,,,,,,,,,,,,,,,,,,,,,,,,,,,,,7235206000000.0,10259215000000.0,
VIC,2019,3,,VIC,balance_sheet,166285993086361.0,16526657094574.0,879925574841.0,64302652242636.0,77341470740345.0,7235287433965.0,190873242790586.0,66650000000.0,79447014055939.0,28693657790892.0,4673236225345.0,0.0,13547979543319.0,357159235876947.0,231751079032904.0,151188430465008.0,80562648567896.0,125408156844043.0,125408156844043.0,5127322914526.0,0.0,48489593133905.0,357159235876947.0,27254170150508.0,17493009106330.0,78174972209679.0,1008827875074.0,0.0,33459353890000.0,34299353890000.0,63037914450280.0,38194446764944.0,33803461524653.0,3602660255910.0,8113489640498.0,1512615516552.0,352863734772.0,419513734772.0,,,,,,,,,,,,,,,,,,,,,,,,,,,,,,,7235205990828.0,10264070778943.0,
VIC,2019,2,,VIC,balance_sheet,163522165245209.0,23549297107100.0,1050958199431.0,73341336346951.0,49297331550115.0,16283242041612.0,174833726505225.0,66650000000.0,79081862102633.0,28258662091257.0,5420768174178.0,0.0,14542221345268.0,338355891750434.0,212134512079406.0,125574372939809.0,86560139139597.0,126221379671028.0,126221379671028.0,8653759536817.0,0.0,45745621291964.0,338355891750434.0,25971950378443.0,4645509106330.0,50062459254646.0,11402586412830.0,0.0,33459353890000.0,34299353890000.0,68906450232545.0,28190817616758.0,23112984974306.0,3778001076205.0,7538961288394.0,1749917700319.0,403756044968.0,470406044968.0,,,,,,,,,,,,,,,,,,,,,,,,,,,,,,,7235205990828.0,10284997394987.0,
VIC,2019,1,,VIC,balance_sheet,153900473523258.0,7441890315078.0,1845851929698.0,78463042610957.0,55827435337602.0,10322253329923.0,160225180193050.0,55000000000.0,50921653119491.0,25895578408415.0,6122513102924.0,0.0,12851270082019.0,314125653716308.0,211752772145368.0,123932777511927.0,87819994633441.0,102372881570940.0,102372881570940.0,6468691109246.0,0.0,47416312629152.0,314125653716308.0,31610113339576.0,4346524106330.0,56032008069399.0,5072422882128.0,0.0,31916212300000.0,32756212300000.0,69906218241843.0,32666396275187.0,22197134376642.0,4394384756670.0,5547372654217.0,1612138347237.0,292031334399.0,347031334399.0,,,,,,,,,,,,,,,,,,,,,,,,,,,,,,,7235205990828.0,10225743672677.0,
VIC,2018,4,,VIC,balance_sheet,132457316789570.0,13558510960848.0,1951597849480.0,48316265888486.0,53205960623623.0,15424981467133.0,156647779954035.0,4505000000000.0,47270468873063.0,28880200692994.0,6090552704984.0,0.0,10076131934724.0,289105096743605.0,190046044262483.0,110666924217531.0,79379120044952.0,99059052481122.0,99059052481122.0,4824798066710.0,0.0,45732014278946.0,289105096743605.0,19386853427592.0,627857439663.0,54113514894337.0,9610317572378.0,0.0,31916212300000.0,32756212300000.0,71976376885859.0,24728293712406.0,19115963139737.0,4125582972589.0,4403729161547.0,1594869498288.0,401359857879.0,4906359857879.0,,,,,,,,,,,,,,,,,,,,,,,,,,,,,,,7235205990828.0,0.0,
VIC,2018,3,,VIC,balance_sheet,128742276570646.0,15942086048860.0,1446121558696.0,55351270040756.0,45116873727956.0,10885925194378.0,139487875565474.0,58257497661.0,42870071167861.0,24590711488372.0,5844089740687.0,0.0,9698165067647.0,268230152136120.0,170119841630437.0,109882411951061.0,60237429679376.0,98110310505683.0,98110310505683.0,11145637673211.0,0.0,46007390314122.0,268230152136120.0,24120358680296.0,4526787942002.0,45466226838882.0,4108918382878.0,0.0,31916212310000.0,32756212310000.0,54447659960983.0,37986989392796.0,15041352547118.0,4214222244537.0,4082734077959.0,1252793290919.0,361244302977.0,419501800638.0,,,,,,,,,,,,,,,,,,,,,,,,,,,,,,,0.0,0.0,
VIC,2018,2,,VIC,balance_sheet,114930874060944.0,13304249477986.0,1509574585629.0,34734901263518.0,54358066771256.0,11024081962555.0,134074190681397.0,58257497661.0,40611261933569.0,22986763373299.0,5847292616501.0,0.0,9414211830401.0,249005064742341.0,162018499271028.0,110781117437547.0,51237381833481.0,86986565471313.0,86986565471313.0,10190920117679.0,0.0,45160346845284.0,249005064742341.0,18754900136920.0,5541880368968.0,54606787730906.0,4812020220991.0,0.0,26377079540000.0,26377079540000.0,35677379574618.0,39250958158446.0,12112214999898.0,4400293888271.0,3396849517081.0,1303193293918.0,9186079066736.0,9244336564397.0,,,,,,,,,,,,,,,,,,,,,,,,,,,,,,,5539132760000.0,7317011298686.0,
VIC,2018,1,,VIC,balance_sheet,96804413963610.0,7547647471744.0,1184473692918.0,28041326092597.0,49944951289330.0,10086015417021.0,126833422271009.0,81725938515.0,37151260573825.0,20256331696351.0,5813061509252.0,0.0,18907160883818.0,223637836234619.0,164171128050630.0,124907596401023.0,39263531649607.0,59466708183989.0,59466708183989.0,7111134214920.0,0.0,26264408220719.0,223637836234619.0,12810631293464.0,5728839828536.0,50310572458397.0,4006282050378.0,0.0,26377079540000.0,26377079540000.0,31320449128443.0,49715616810735.0,23847580092618.0,4802297691844.0,3139697273599.0,1186193290918.0,298746205651.0,380472144166.0,,,,,,,,,,,,,,,,,,,,,,,,,,,,,,,0.0,0.0,
VIC,2017,4,,VIC,balance_sheet,100528907402875.0,8610503937845.0,203015859912.0,28978152968896.0,48615074256804.0,14122160379418.0,114326190623114.0,9257497663.0,35646902056243.0,17372961681177.0,6528162235221.0,0.0,8882272950130.0,214855098025989.0,162548919039784.0,124896668273191.0,37652250766593.0,52306178986205.0,52306178986205.0,5151847774308.0,0.0,21089872499982.0,214855098025989.0,10438753206842.0,7728268399963.0,48879371589513.0,8023966955293.0,0.0,26377079540000.0,26377079540000.0,31456562477905.0,56976376690771.0,17924743413096.0,5461583523561.0,3059312822219.0,2176054659423.0,469241005620.0,478498503283.0,,,,,,,,,,,,,,,,,,,,,,,,,,,,,,,0.0,0.0,
VIC,2017,3,,VIC,balance_sheet,100624617684472.0,6947208189094.0,300507409070.0,27652475974651.0,52179217204328.0,13545208907329.0,104313322252617.0,364400978855.0,29932578776239.0,17048800001885.0,5743347768912.0,0.0,10262099040044.0,204937939937089.0,155219857627641.0,114442105965023.0,40777751662618.0,49718082309448.0,49718082309448.0,1762487816387.0,0.0,22069350553690.0,204937939937089.0,9332803020483.0,7025192114249.0,52333290766785.0,7911691533588.0,0.0,26377079540000.0,26377079540000.0,34671898869703.0,60858054239594.0,11501639999569.0,7326763591379.0,2540948516606.0,2166246473235.0,411229711077.0,775630689932.0,,,,,,,,,,,,,,,,,,,,,,,,,,,,,,,0.0,0.0,
VIC,2017,2,,VIC,balance_sheet,93085693261025.0,9531328169866.0,88650535127.0,21594015620699.0,52372887201317.0,9498811734016.0,100676252819713.0,364400978855.0,28988806254170.0,16985051322578.0,5382959349475.0,0.0,11599844887415.0,193761946080738.0,150401707608165.0,112599254281753.0,37802453326412.0,43360238472573.0,43360238472573.0,860082549458.0,0.0,16435697186833.0,193761946080738.0,7707940752405.0,7108459038852.0,52531433075068.0,4227530001148.0,0.0,26377079540000.0,26377079540000.0,32779121080801.0,59164314080951.0,11327640756797.0,7632803865023.0,2502688228282.0,1935598636008.0,389492928956.0,753893907811.0,,,,,,,,,,,,,,,,,,,,,,,,,,,,,,,0.0,0.0,
VIC,2017,1,,VIC,balance_sheet,90043249067843.0,13699824350754.0,196569832758.0,17638753957935.0,50759812010281.0,7748288916115.0,97212463812450.0,1151326442901.0,26504026676894.0,17594839168449.0,4133827647117.0,0.0,10496777342960.0,187255712880293.0,144098188793320.0,102353099612649.0,41745089180671.0,43157524086973.0,43157524086973.0,298764254039.0,0.0,16918799515040.0,187255712880293.0,6235479702814.0,2873821386253.0,50841804103534.0,2138247489770.0,0.0,26377079540000.0,26377079540000.0,37982802980193.0,53135228215044.0,6798126803914.0,7953043395582.0,2218311091818.0,1820074455183.0,569472325332.0,1720798768233.0,,,,,,,,,,,,,,,,,,,,,,,,,,,,,,,0.0,0.0,
VIC,2016,4,,VIC,balance_sheet,70686264804718.0,9971285683831.0,494156904807.0,20887069777209.0,32045142734831.0,7288609704040.0,109119319302361.0,58989915115.0,25115925131602.0,18342385819490.0,3343675746991.0,0.0,11047883888429.0,179805584107079.0,135224264332172.0,97311503594905.0,37912760737267.0,44581319774907.0,44581319774907.0,446043742703.0,0.0,18196421207300.0,179805584107079.0,4814681595145.0,6228758638813.0,32133977525624.0,2860117449302.0,0.0,26377079540000.0,26377079540000.0,34157721480964.0,49514035931698.0,5379310813038.0,8482853940771.0,2306493560226.0,1610707431327.0,430246505512.0,489236420627.0,,,,,,,,,,,,,,,,,,,,,,,,,,,,,,,0.0,0.0,
VIC,2016,3,,VIC,balance_sheet,84004795434053.0,9653393353822.0,2984771571891.0,23107620255656.0,37731669124664.0,10527341128020.0,89229165809492.0,62559839164.0,23601509497846.0,15601371835646.0,7158821898909.0,0.0,9662412419309.0,173233961243545.0,131329367041259.0,83779893220821.0,47549473820438.0,41904594202286.0,41904594202286.0,164614443350.0,0.0,15833155964571.0,173233961243545.0,7487736810086.0,4100954022355.0,37870571415464.0,6447613667847.0,0.0,26377079540000.0,26377079540000.0,40276068681229.0,37829335485812.0,4484911311877.0,6635860335723.0,2835067079465.0,2151228934429.0,379957072671.0,442516911835.0,,,,,,,,,,,,,,,,,,,,,,,,,,,,,,,0.0,0.0,
VIC,2016,2,,VIC,balance_sheet,77943608451949.0,4871883290078.0,4621218612914.0,22641373254373.0,33629177612584.0,12179955682000.0,80221670191939.0,62559839165.0,23182763314476.0,15730377804379.0,12760210091207.0,0.0,9944627937265.0,158165278643888.0,113831187995559.0,72680858111232.0,41150329884327.0,44334090648329.0,44334090648329.0,490905094914.0,0.0,17936361759049.0,158165278643888.0,5390752134088.0,1589836789906.0,33758350871681.0,9075116281524.0,0.0,21532347920000.0,21532347920000.0,33939516448303.0,27128685866120.0,4874520126530.0,6887949205101.0,2848180292565.0,1894215762285.0,381599532937.0,444159372102.0,,,,,,,,,,,,,,,,,,,,,,,,,,,,,,,0.0,0.0,
VIC,2016,1,,VIC,balance_sheet,68546488948872.0,4680600576496.0,11011925902250.0,16299192326596.0,25331360593221.0,11223409550309.0,80375326524623.0,62559839165.0,21109246822305.0,17008072304104.0,10124482872815.0,0.0,12853162309716.0,148921815473495.0,107942531883962.0,64876114429936.0,43066417454026.0,40979283589533.0,40979283589533.0,2147791783204.0,0.0,15074352040207.0,148921815473495.0,7161917441983.0,2378999412802.0,25418871450575.0,8843173231654.0,0.0,19398548510000.0,19398548510000.0,36382485645320.0,20483274692981.0,3030850793969.0,8285217876950.0,1415124983620.0,3487165993681.0,426385396636.0,488945235801.0,,,,,,,,,,,,,,,,,,,,,,,,,,,,,,,0.0,0.0,
VIC,2015,4,,VIC,balance_sheet,66451288511822.0,7636578798711.0,10430239506903.0,13582321848787.0,26966061377808.0,7836086979613.0,79605423726007.0,62559839165.0,19702651975208.0,16810184034469.0,9698722572532.0,0.0,14616108141179.0,146056712237829.0,108603013144392.0,65390435906565.0,43212577237827.0,37453699093437.0,37453699093437.0,1378413815347.0,0.0,14543739126179.0,146056712237829.0,7258270074222.0,1763123912802.0,27024539524263.0,5667667304518.0,0.0,18681880870000.0,18681880870000.0,33176402695829.0,20975224126168.0,1400131037786.0,8605119027116.0,1755850963522.0,2882019433681.0,172877151099.0,234387981893.0,,,,,,,,,,,,,,,,,,,,,,,,,,,,,,,0.0,2382401760582.0,
VIC,2015,3,,VIC,balance_sheet,60726434232996.0,9895961264635.0,6268383881368.0,11091890342245.0,22485171401773.0,10985027342975.0,65207518612774.0,935232629265.0,13470843722064.0,14401324227839.0,3057575434788.0,0.0,11474866129235.0,125933952845770.0,94313930401127.0,54497874353235.0,39816056047892.0,31620022444643.0,31620022444643.0,1372657437874.0,0.0,9424103804417.0,125933952845770.0,4512857352626.0,2181951122702.0,22596206849127.0,8045208458134.0,0.0,18460745440000.0,18460745440000.0,30363195706045.0,15976190294631.0,3207003937066.0,6123021271058.0,1155224791535.0,1841292443945.0,176006735859.0,1111239365124.0,,,,,,,,,,,,,,,,,,,,,,,,,,,,,,,0.0,3098596321186.0,
VIC,2015,2,,VIC,balance_sheet,49448999265017.0,8828151979168.0,7154438377626.0,8316655685168.0,20907211559470.0,4242541663585.0,61180641495896.0,935232629265.0,12641270104407.0,14308762720789.0,2913522829524.0,0.0,12109784122703.0,110629640760913.0,79887370754761.0,39736531002684.0,40150839752077.0,30742270006152.0,30742270006152.0,5062878845048.0,0.0,8947219363916.0,110629640760913.0,3436726794774.0,2181951122702.0,20995115932785.0,2971713182970.0,0.0,14587886850000.0,14587886850000.0,30832991161347.0,7364181270583.0,3712297179585.0,6049631373641.0,1177772715015.0,1813291443945.0,116616345772.0,1051848975037.0,,,,,,,,,,,,,,,,,,,,,,,,,,,,,,,0.0,3340471852595.0,
VIC,2015,1,,VIC,balance_sheet,38940060857274.0,5399732443220.0,6137593854939.0,6722103517329.0,16027037034619.0,4653594007167.0,57116785120954.0,0.0,25333116126273.0,15586575219083.0,2851617470807.0,6014325131875.0,6196293050770.0,96056845978228.0,68107005347903.0,29085410242695.0,39021595105208.0,20828022444257.0,20828022444257.0,4652016273745.0,0.0,0.0,96056845978228.0,2613591460140.0,0.0,16113425265922.0,3867224188710.0,22845114930.0,14545550980000.0,14545550980000.0,32411832544961.0,5857714276686.0,3713895293411.0,0.0,1126024428532.0,1813191443945.0,1134858122146.0,1134858122146.0,,,,,,,,,,,,,,,,,,,,,,,,,,,,,,,0.0,0.0,
VIC,2014,4,,VIC,balance_sheet,31608846896530.0,7607513719673.0,6320171238968.0,2935913960384.0,11880287767169.0,2864960210336.0,58874117535910.0,0.0,27055304966786.0,15412109589913.0,4797144342211.0,6142918452874.0,5466640184126.0,90482964432440.0,63205460292318.0,19724033191154.0,43481427101164.0,20416465789413.0,20416465789413.0,4240459618900.0,0.0,0.0,90482964432440.0,1279790537669.0,0.0,11935183432936.0,1980171789480.0,0.0,14545550980000.0,14545550980000.0,32014819167101.0,6315231308535.0,1321194605718.0,0.0,1614089328827.0,3769649610841.0,0.0,0.0,,,,,,,,,,,,,,,,,,,,,,,,,,,,,,,0.0,0.0,
VIC,2014,3,,VIC,balance_sheet,36550263468338.0,5209108954978.0,7235314686306.0,4548163562289.0,13607211035291.0,5950465229474.0,46241674807211.0,0.0,21760091615152.0,14859073309138.0,3542468135179.0,4887476928394.0,1192564819348.0,82791938275549.0,55496405803121.0,18675297482344.0,36821108320777.0,18426424611027.0,18426424611027.0,3885576948082.0,0.0,0.0,82791938275549.0,2166475710228.0,0.0,13612624455291.0,5381930664710.0,0.0,14299574100000.0,14299574100000.0,29935405978219.0,7897538219504.0,1774522508624.0,0.0,1135916050022.0,2563629470812.0,0.0,0.0,,,,,,,,,,,,,,,,,,,,,,,,,,,,,,,0.0,0.0,
VIC,2014,2,,VIC,balance_sheet,42980597308088.0,6721056604833.0,6343541682038.0,4360459143521.0,15113687560623.0,10441852317073.0,41120387424323.0,0.0,15479146094710.0,16613350689150.0,3574905712045.0,4343600973631.0,1109383954787.0,84100984732411.0,60053993785075.0,25334333095147.0,34719660689928.0,17529274130658.0,17529274130658.0,9368573674599.0,0.0,0.0,84100984732411.0,1745518590559.0,0.0,15119100980623.0,10043517622681.0,0.0,9296385120000.0,9296385120000.0,28177693748351.0,10748134421469.0,4589317229193.0,0.0,1061436376854.0,2607062704599.0,0.0,0.0,,,,,,,,,,,,,,,,,,,,,,,,,,,,,,,0.0,0.0,
VIC,2014,1,,VIC,balance_sheet,40148556779479.0,8134099718214.0,6295009323855.0,3085495237156.0,16831365238900.0,5802587261354.0,38157816024068.0,0.0,15723347167042.0,13403131871710.0,3184593009108.0,4688955589269.0,1157788386939.0,78306372803547.0,57162449462163.0,23647758404558.0,33514691057605.0,15549593894476.0,15549593894476.0,8803605509494.0,0.0,0.0,78306372803547.0,1256263769228.0,0.0,16840303773247.0,5494359713788.0,0.0,9296385120000.0,9296385120000.0,26945016369843.0,13385758661471.0,3785525981021.0,0.0,1115758826964.0,2442233561481.0,0.0,0.0,,,,,,,,,,,,,,,,,,,,,,,,,,,,,,,0.0,0.0,
VIC,2013,4,,VIC,balance_sheet,37064962999598.0,7534048703295.0,5627408695820.0,6743895307006.0,15910267049224.0,1249343244253.0,37915380924173.0,0.0,14162574134312.0,13099658312013.0,4552095665414.0,4803912193646.0,1297140618788.0,74980343923771.0,56255152071513.0,21356173997596.0,34898978073917.0,17758824096352.0,17758824096352.0,7704433391370.0,0.0,0.0,74980343923771.0,1205236578116.0,0.0,15919205583571.0,888207902645.0,0.0,9296036790000.0,9296036790000.0,24360164494408.0,11856565285313.0,3023470785606.0,0.0,1253510264478.0,2725357458124.0,0.0,0.0,,,,,,,,,,,,,,,,,,,,,,,,,,,,,,,3301163320000.0,0.0,
VIC,2013,3,,VIC,balance_sheet,29979359131076.0,6269792833617.0,2327110874394.0,3509092573842.0,16660865204224.0,1212497644999.0,31601378069668.0,0.0,11270994515690.0,9303188330505.0,4980199915336.0,4914743004604.0,1132252303533.0,61580737200744.0,44878257785053.0,27006902612538.0,17871355172515.0,16398567573267.0,16398567573267.0,6882071828285.0,0.0,0.0,61580737200744.0,1616546687967.0,0.0,16669803738571.0,894643935530.0,0.0,9288068790000.0,9288068790000.0,17369312471254.0,18388900879823.0,2457528823792.0,0.0,1089702515397.0,4287536127079.0,0.0,0.0,,,,,,,,,,,,,,,,,,,,,,,,,,,,,,,2829568560000.0,0.0,
VIC,2013,2,,VIC,balance_sheet,31528576685563.0,2386537155551.0,3932751365965.0,3294891548516.0,19994105947377.0,1920290668154.0,27009581851557.0,0.0,13153121979638.0,4235107043027.0,3403332024304.0,5062212049391.0,1155808755197.0,58538158537120.0,43487131510245.0,25829828348309.0,17657303161936.0,14637821147073.0,14637821147073.0,5007365678008.0,0.0,0.0,58538158537120.0,1869705544468.0,0.0,20003044481724.0,1397704364174.0,0.0,9286327130000.0,9286327130000.0,17153571550333.0,18209706498626.0,1919175203719.0,0.0,1111976331575.0,1797313346647.0,0.0,0.0,,,,,,,,,,,,,,,,,,,,,,,,,,,,,,,0.0,0.0,
VIC,2013,1,,VIC,balance_sheet,31359745592337.0,4175172391881.0,1616386811709.0,3634656217361.0,19870376075499.0,2063154095887.0,27489280366662.0,0.0,11413043388497.0,6595132082243.0,3163614014112.0,5176406094178.0,1141084787632.0,58849025958999.0,47301714087216.0,29600327459084.0,17701386628132.0,10845724826082.0,10845724826082.0,1249529357017.0,0.0,0.0,58849025958999.0,1956607795820.0,0.0,19879314609846.0,1535155912187.0,0.0,9281450480000.0,9281450480000.0,17132806179885.0,18691813183076.0,6118400933620.0,0.0,1096715254403.0,1535550787227.0,0.0,0.0,,,,,,,,,,,,,,,,,,,,,,,,,,,,,,,0.0,0.0,
VIC,2008,2,,VIC,balance_sheet,4165811568897.0,550875285481.0,2876053338877.0,714250326732.0,16186359198.0,8446258609.0,1190711031161.0,0.0,440877819104.0,251809109298.0,206201245039.0,0.0,291822857720.0,5356522600058.0,3440824927924.0,382007105451.0,3058817822473.0,1800562014845.0,1800564064845.0,348436492345.0,-2050000.0,0.0,5356522600058.0,65136058265.0,0.0,16186359198.0,1456981967.0,36454000.0,1199831560000.0,1199831560000.0,3000000000000.0,158818100.0,0.0,0.0,193743827935.0,53154577033.0,0.0,0.0,,,,,,,,,,,,,,,,,,,,,,,,,,,,,,,0.0,0.0,
VHM,2025,4,,VHM,balance_sheet,500834700000000.0,49948510000000.0,2259178000000.0,215216410000000.0,134792654000000.0,98617948000000.0,285540547000000.0,6001345000000.0,22055774000000.0,16070174000000.0,12417827000000.0,,72987138000000.0,786375247000000.0,538469649000000.0,345174167000000.0,193295482000000.0,247905598000000.0,247905598000000.0,200768971000000.0,,11701801000000.0,786375247000000.0,67668451000000.0,4404937000000.0,134898102000000.0,94186513000000.0,,41074120000000.0,41074120000000.0,102878889000000.0,89157012000000.0,43376867000000.0,294302000000.0,4306757000000.0,12222095000000.0,62616458000000.0,68617803000000.0,,,,,,,,,,,,,,,,,,,,,,,,,,,,,,,0.0,,
VHM,2025,3,,VHM,balance_sheet,436436596000000.0,48767614000000.0,2116747000000.0,218408164000000.0,125608165000000.0,41535906000000.0,331827957000000.0,10859889000000.0,18119705000000.0,16221717000000.0,12435017000000.0,,127848067000000.0,768264553000000.0,533334874000000.0,329506259000000.0,203828615000000.0,234929679000000.0,234929679000000.0,181864292000000.0,,17630561000000.0,768264553000000.0,54859079000000.0,14508677000000.0,125689997000000.0,37298399000000.0,,41074120000000.0,41074120000000.0,93117003000000.0,100841103000000.0,48372781000000.0,331731000000.0,4044605000000.0,12222095000000.0,61344541000000.0,72204430000000.0,,,,,,,,,,,,,,,,,,,,,,,,,,,,,,,0.0,,
VHM,2025,2,,VHM,balance_sheet,387915470000000.0,48671892000000.0,3437044000000.0,214264630000000.0,80555168000000.0,40986736000000.0,265891354000000.0,19389313000000.0,17393991000000.0,15205122000000.0,12495673000000.0,,62935067000000.0,653806824000000.0,423301025000000.0,286758448000000.0,136542577000000.0,230505799000000.0,230505799000000.0,177669489000000.0,,17401484000000.0,653806824000000.0,41766680000000.0,14857073000000.0,80629689000000.0,37649283000000.0,,41074120000000.0,41074120000000.0,42850814000000.0,47943400000000.0,47550488000000.0,368805000000.0,3765271000000.0,12284236000000.0,60755882000000.0,80145195000000.0,,,,,,,,,,,,,,,,,,,,,,,,,,,,,,,0.0,,
VHM,2025,1,,VHM,balance_sheet,259860077000000.0,21492706000000.0,3346766000000.0,149281209000000.0,55672832000000.0,30066564000000.0,301643481000000.0,17988808000000.0,14474497000000.0,16787442000000.0,12502754000000.0,,51189580000000.0,561503558000000.0,338107549000000.0,237524644000000.0,100582905000000.0,223396009000000.0,223396009000000.0,169894769000000.0,,18071414000000.0,561503558000000.0,35921181000000.0,440996000000.0,55730707000000.0,27309584000000.0,,41074120000000.0,41074120000000.0,54525866000000.0,43294133000000.0,33423836000000.0,444157000000.0,2827698000000.0,12294236000000.0,105500607000000.0,123489415000000.0,,,,,,,,,,,,,,,,,,,,,,,,,,,,,,,0.0,,
VHM,2024,4,,VHM,balance_sheet,285478928000000.0,28780123000000.0,5391872000000.0,168405984000000.0,54696048000000.0,28204901000000.0,278730432000000.0,10896805000000.0,14622184000000.0,16916463000000.0,12519070000000.0,,45011920000000.0,564209360000000.0,343465385000000.0,278532295000000.0,64933090000000.0,220743975000000.0,220743975000000.0,167205815000000.0,,18108334000000.0,564209360000000.0,23593399000000.0,8429883000000.0,54753923000000.0,25843774000000.0,,41074120000000.0,41074120000000.0,47015689000000.0,40286424000000.0,34276497000000.0,481878000000.0,2875918000000.0,12294236000000.0,96773515000000.0,107670320000000.0,,,,,,,,,,,,,,,,,,,,,,,,,,,,,,,0.0,,
VHM,2024,3,,VHM,balance_sheet,302730495000000.0,20621483000000.0,3802114000000.0,187108837000000.0,57981046000000.0,33217015000000.0,221953857000000.0,4509196000000.0,17352385000000.0,17237951000000.0,9736355000000.0,,47595558000000.0,524684352000000.0,308718618000000.0,246563570000000.0,62155048000000.0,215965734000000.0,215965734000000.0,154216100000000.0,,15834620000000.0,524684352000000.0,20586548000000.0,10503541000000.0,58034209000000.0,29804229000000.0,,43543675000000.0,43543675000000.0,47969250000000.0,49421223000000.0,24201679000000.0,520728000000.0,2701347000000.0,9513399000000.0,45159183000000.0,49668379000000.0,,,,,,,,,,,,,,,,,,,,,,,,,,,,,,,0.0,,
VHM,2024,2,,VHM,balance_sheet,259728446000000.0,17179976000000.0,3673995000000.0,145799709000000.0,58659923000000.0,34414843000000.0,233721916000000.0,10930572000000.0,12268758000000.0,19830562000000.0,10374902000000.0,,51240776000000.0,493450362000000.0,286518100000000.0,227951712000000.0,58566388000000.0,206932262000000.0,206932262000000.0,146351374000000.0,,14665874000000.0,493450362000000.0,20207313000000.0,1468250000000.0,58712830000000.0,31533354000000.0,,43543675000000.0,43543675000000.0,44599750000000.0,47710091000000.0,25901229000000.0,559203000000.0,2611669000000.0,10158325000000.0,55522548000000.0,66453120000000.0,,,,,,,,,,,,,,,,,,,,,,,,,,,,,,,0.0,,
VHM,2024,1,,VHM,balance_sheet,255295711000000.0,9524619000000.0,3629316000000.0,152936619000000.0,58756231000000.0,30448926000000.0,209188983000000.0,240000000000.0,10972789000000.0,17632901000000.0,8021445000000.0,,71593584000000.0,464484694000000.0,268268453000000.0,214974936000000.0,53293517000000.0,196216241000000.0,196216241000000.0,136335857000000.0,,13970370000000.0,464484694000000.0,16571862000000.0,17774275000000.0,58808531000000.0,27620229000000.0,,43543675000000.0,43543675000000.0,39496110000000.0,43551036000000.0,24400865000000.0,597677000000.0,1863562000000.0,7831546000000.0,33342332000000.0,33582332000000.0,,,,,,,,,,,,,,,,,,,,,,,,,,,,,,,0.0,,
VHM,2023,4,,VHM,balance_sheet,240250006000000.0,14104131000000.0,3832848000000.0,126607372000000.0,52342813000000.0,43362842000000.0,207110770000000.0,1050800000000.0,11731171000000.0,17931541000000.0,7760265000000.0,,71653840000000.0,447360776000000.0,264991288000000.0,214020096000000.0,50971192000000.0,182369488000000.0,182369488000000.0,133124962000000.0,,3334512000000.0,447360776000000.0,17197498000000.0,4944650000000.0,52379650000000.0,41001850000000.0,,43543675000000.0,43543675000000.0,38393923000000.0,54503801000000.0,18289641000000.0,636151000000.0,1645894000000.0,7624903000000.0,33012930000000.0,34063730000000.0,,,,,,,,,,,,,,,,,,,,,,,,,,,,,,,0.0,,
VHM,2023,3,,VHM,balance_sheet,215057869000000.0,2909914000000.0,4638593000000.0,121815245000000.0,55103757000000.0,30590360000000.0,201981605000000.0,4135750000000.0,12051633000000.0,18977835000000.0,7323414000000.0,,63978562000000.0,417039474000000.0,236174964000000.0,196258996000000.0,39915968000000.0,180864510000000.0,180864510000000.0,132283582000000.0,,3296288000000.0,417039474000000.0,17038457000000.0,17108362000000.0,55168949000000.0,27484755000000.0,,43543675000000.0,43543675000000.0,29488390000000.0,38103070000000.0,13637750000000.0,1049517000000.0,2041088000000.0,7097406000000.0,32658870000000.0,36794620000000.0,,,,,,,,,,,,,,,,,,,,,,,,,,,,,,,0.0,,
VHM,2023,2,,VHM,balance_sheet,190310276000000.0,5105284000000.0,4332267000000.0,107914098000000.0,55700371000000.0,17258256000000.0,201020262000000.0,16310449000000.0,10095671000000.0,18419445000000.0,7372380000000.0,,62799190000000.0,391330538000000.0,221147885000000.0,185305307000000.0,35842578000000.0,170182653000000.0,170182653000000.0,121583083000000.0,,3267508000000.0,391330538000000.0,15314563000000.0,3167313000000.0,55782923000000.0,13855802000000.0,,43543675000000.0,43543675000000.0,25988263000000.0,49290769000000.0,17380568000000.0,1101546000000.0,2135268000000.0,7094305000000.0,31130923000000.0,47441372000000.0,,,,,,,,,,,,,,,,,,,,,,,,,,,,,,,0.0,,
VHM,2023,1,,VHM,balance_sheet,205327661000000.0,1889644000000.0,6721768000000.0,117198683000000.0,60946992000000.0,18570574000000.0,172294006000000.0,1276000000000.0,9163042000000.0,17100320000000.0,7603129000000.0,,59200256000000.0,377621667000000.0,217203532000000.0,190748131000000.0,26455401000000.0,160418135000000.0,160418135000000.0,111914769000000.0,,3225892000000.0,377621667000000.0,14783310000000.0,14010339000000.0,61005199000000.0,14203126000000.0,,43543675000000.0,43543675000000.0,21320072000000.0,56809803000000.0,18378828000000.0,1153010000000.0,2015286000000.0,7094305000000.0,22085881000000.0,23361881000000.0,,,,,,,,,,,,,,,,,,,,,,,,,,,,,,,0.0,,
VHM,2022,4,,VHM,balance_sheet,185196368000000.0,10812720000000.0,3928457000000.0,77325507000000.0,65816129000000.0,27313555000000.0,176007330000000.0,1568000000000.0,9245788000000.0,16176769000000.0,7492106000000.0,,59071661000000.0,361203698000000.0,212799760000000.0,187128409000000.0,25671351000000.0,148403938000000.0,148403938000000.0,99342539000000.0,,3781759000000.0,361203698000000.0,15497701000000.0,5039856000000.0,65871394000000.0,21205057000000.0,,43543675000000.0,43543675000000.0,21006302000000.0,62336909000000.0,15170840000000.0,1203909000000.0,1656662000000.0,7625468000000.0,20301980000000.0,21869980000000.0,,,,,,,,,,,,,,,,,,,,,,,,,,,,,,,0.0,,
VHM,2022,3,,VHM,balance_sheet,179330798000000.0,14743348000000.0,1171529000000.0,81793532000000.0,54628205000000.0,26994184000000.0,162270417000000.0,340000000000.0,8862564000000.0,16681766000000.0,11734203000000.0,,48211712000000.0,341601215000000.0,201469484000000.0,178927848000000.0,22541636000000.0,140131731000000.0,140131731000000.0,90383655000000.0,,4415023000000.0,341601215000000.0,14899638000000.0,6052056000000.0,54667856000000.0,19920853000000.0,,43543675000000.0,43543675000000.0,18568972000000.0,60421311000000.0,21583456000000.0,1255938000000.0,1612425000000.0,8094674000000.0,16956966000000.0,17296966000000.0,,,,,,,,,,,,,,,,,,,,,,,,,,,,,,,0.0,,
VHM,2022,2,,VHM,balance_sheet,181594498000000.0,29813549000000.0,3799199000000.0,59954849000000.0,57189556000000.0,30837345000000.0,137510832000000.0,936343000000.0,8237918000000.0,16874929000000.0,11846090000000.0,,30235315000000.0,319105330000000.0,189596618000000.0,173121096000000.0,16475522000000.0,129508712000000.0,129508712000000.0,75756844000000.0,,8418815000000.0,319105330000000.0,11390830000000.0,4457056000000.0,57273200000000.0,27107853000000.0,,43543675000000.0,43543675000000.0,12633753000000.0,49016210000000.0,19227213000000.0,1307833000000.0,1616975000000.0,8089674000000.0,16258637000000.0,17194980000000.0,,,,,,,,,,,,,,,,,,,,,,,,,,,,,,,0.0,,
VHM,2022,1,,VHM,balance_sheet,94888743000000.0,5628313000000.0,2621355000000.0,44040609000000.0,29742659000000.0,12855807000000.0,139073841000000.0,0.0,7431527000000.0,17322765000000.0,11833087000000.0,,36768450000000.0,233962584000000.0,97890687000000.0,70673122000000.0,27217565000000.0,136071897000000.0,136071897000000.0,83893061000000.0,,6850783000000.0,233962584000000.0,9439465000000.0,4060613000000.0,29816857000000.0,10925976000000.0,,43543675000000.0,43543675000000.0,19352528000000.0,5810294000000.0,6114220000000.0,1359365000000.0,1698991000000.0,8089674000000.0,20177640000000.0,20177640000000.0,,,,,,,,,,,,,,,,,,,,,,,,,,,,,,,0.0,,
VHM,2021,4,,VHM,balance_sheet,91216562000000.0,4823696000000.0,4781458000000.0,37928893000000.0,28542791000000.0,15139724000000.0,139201127000000.0,8937663000000.0,7455509000000.0,11973125000000.0,10951996000000.0,,49168629000000.0,230417689000000.0,98718528000000.0,75081616000000.0,23636912000000.0,131699161000000.0,131699161000000.0,83050099000000.0,,3316010000000.0,230417689000000.0,8763879000000.0,3921463000000.0,28567889000000.0,13112076000000.0,,43543675000000.0,43543675000000.0,19667987000000.0,8916237000000.0,250820000000.0,1410121000000.0,1717557000000.0,7263751000000.0,6017480000000.0,14955143000000.0,,,,,,,,,,,,,,,,,,,,,,,,,,,,,,,0.0,,
VHM,2021,3,,VHM,balance_sheet,102471473000000.0,4504657000000.0,7097859000000.0,50375165000000.0,31955358000000.0,8538434000000.0,117167271000000.0,0.0,5932230000000.0,11838600000000.0,10073783000000.0,,48540634000000.0,219638744000000.0,100096479000000.0,81301092000000.0,18795387000000.0,119542265000000.0,119542265000000.0,68737523000000.0,,5471690000000.0,219638744000000.0,8580578000000.0,10845863000000.0,31995475000000.0,7425910000000.0,,43543675000000.0,43543675000000.0,15520443000000.0,15805521000000.0,5988258000000.0,2444826000000.0,1954827000000.0,6410356000000.0,6019434000000.0,6019434000000.0,,,,,,,,,,,,,,,,,,,,,,,,,,,,,,,0.0,,
VHM,2021,2,,VHM,balance_sheet,101733721000000.0,8417973000000.0,5629801000000.0,42835185000000.0,35875029000000.0,8975733000000.0,109115772000000.0,2000000000.0,6051979000000.0,11512342000000.0,10059936000000.0,,43225039000000.0,210849493000000.0,111402165000000.0,94918698000000.0,16483467000000.0,99447328000000.0,99447328000000.0,67057265000000.0,,3625498000000.0,210849493000000.0,8991933000000.0,12924863000000.0,35915146000000.0,7869698000000.0,,33495139000000.0,33495139000000.0,12884057000000.0,23025587000000.0,9977807000000.0,2523705000000.0,1768369000000.0,6418722000000.0,6005140000000.0,6007140000000.0,,,,,,,,,,,,,,,,,,,,,,,,,,,,,,,0.0,,
VHM,2021,1,,VHM,balance_sheet,94043347000000.0,7746445000000.0,1795510000000.0,34311891000000.0,41595779000000.0,8593722000000.0,113671327000000.0,4000000000000.0,5839814000000.0,8636399000000.0,9992478000000.0,,44811475000000.0,207714674000000.0,113109997000000.0,93266933000000.0,19843064000000.0,94604677000000.0,94604677000000.0,61655554000000.0,,3508017000000.0,207714674000000.0,9225582000000.0,7760463000000.0,41633358000000.0,6832475000000.0,,33495139000000.0,33495139000000.0,13730672000000.0,25293296000000.0,9365037000000.0,2601727000000.0,2337136000000.0,6361884000000.0,7040602000000.0,11040602000000.0,,,,,,,,,,,,,,,,,,,,,,,,,,,,,,,0.0,,
VHM,2020,4,,VHM,balance_sheet,102010303000000.0,12479392000000.0,3295387000000.0,34023922000000.0,43226901000000.0,8984701000000.0,112927190000000.0,4130000000000.0,6248149000000.0,8434762000000.0,9737316000000.0,,51176219000000.0,214937493000000.0,125252007000000.0,101308749000000.0,23943258000000.0,89685486000000.0,89685486000000.0,56508726000000.0,,3537850000000.0,214937493000000.0,8286689000000.0,8326493000000.0,43264479000000.0,6532775000000.0,,33495139000000.0,33495139000000.0,13957735000000.0,27309718000000.0,10998297000000.0,2679239000000.0,2354297000000.0,3969035000000.0,1200301000000.0,5330301000000.0,,,,,,,,,,,,,,,,,,,,,,,,,,,,,,,0.0,,
VHM,2020,3,,VHM,balance_sheet,141229902000000.0,13547878000000.0,2449214000000.0,46862595000000.0,49008127000000.0,29362088000000.0,79279237000000.0,5837650000000.0,2833322000000.0,7214172000000.0,6399338000000.0,,22963776000000.0,220509139000000.0,141731332000000.0,118476910000000.0,23254422000000.0,78777807000000.0,78777807000000.0,44835648000000.0,,3875680000000.0,220509139000000.0,7413985000000.0,11639762000000.0,49022653000000.0,24389261000000.0,,33495139000000.0,33495139000000.0,19874488000000.0,34401835000000.0,11935398000000.0,931954000000.0,1395426000000.0,3652414000000.0,1303391000000.0,7141041000000.0,,,,,,,,,,,,,,,,,,,,,,,,,,,,,,,0.0,,
VHM,2020,2,,VHM,balance_sheet,141342852000000.0,11859527000000.0,503975000000.0,53621486000000.0,58562449000000.0,16795415000000.0,83446699000000.0,12803620000000.0,2843468000000.0,6578008000000.0,2952950000000.0,,24923842000000.0,224789551000000.0,149003684000000.0,124703255000000.0,24300429000000.0,75785867000000.0,75785867000000.0,38232990000000.0,,7486398000000.0,224789551000000.0,8128116000000.0,11334643000000.0,58573393000000.0,12842803000000.0,,33495139000000.0,33495139000000.0,21293527000000.0,37874120000000.0,20131329000000.0,965798000000.0,1396786000000.0,2738270000000.0,1050069000000.0,13853689000000.0,,,,,,,,,,,,,,,,,,,,,,,,,,,,,,,0.0,,
VHM,2020,1,,VHM,balance_sheet,141421460000000.0,4439856000000.0,353741000000.0,53058225000000.0,61642053000000.0,21927585000000.0,61585689000000.0,5745520000000.0,621365000000.0,6309514000000.0,2952950000000.0,,16549150000000.0,203007149000000.0,130668570000000.0,121111829000000.0,9556741000000.0,72338579000000.0,72338579000000.0,32883509000000.0,,9415532000000.0,203007149000000.0,9339081000000.0,16910092000000.0,61648573000000.0,18397913000000.0,,33495139000000.0,33495139000000.0,6957612000000.0,41221834000000.0,19668821000000.0,922622000000.0,2515339000000.0,2738270000000.0,410427000000.0,6155947000000.0,,,,,,,,,,,,,,,,,,,,,,,,,,,,,,,0.0,,
VHM,2019,4,,VHM,balance_sheet,133821706000000.0,7231388000000.0,331243000000.0,53875313000000.0,60075323000000.0,12308439000000.0,63348427000000.0,7863900000000.0,281660000000.0,6613349000000.0,773312000000.0,,19557192000000.0,197170133000000.0,132414037000000.0,121053194000000.0,11360843000000.0,64756096000000.0,64756096000000.0,25540903000000.0,,9158714000000.0,197170133000000.0,8793328000000.0,16507454000000.0,60085091000000.0,9102913000000.0,,33495139000000.0,33495139000000.0,8343025000000.0,40700721000000.0,18162354000000.0,954181000000.0,2562021000000.0,558632000000.0,80262000000.0,7944162000000.0,,,,,,,,,,,,,,,,,,,,,,,,,,,,,,,0.0,,
VHM,2019,3,,VHM,balance_sheet,112763374085401.0,9038091555930.0,319071383180.0,42174179407771.0,49772220626916.0,11459811111604.0,48898156738744.0,1935000000000.0,377998332584.0,6166489025948.0,478312164507.0,,13007337542052.0,161661530824145.0,98178200445317.0,74441769825065.0,23736430620252.0,63483330378828.0,63483330378828.0,18094589217061.0,,9782332614133.0,161661530824145.0,8005882247362.0,15783424106330.0,49794623159119.0,9319842081221.0,,33495139180000.0,33495139180000.0,20679970601694.0,29906820199065.0,8745482930628.0,986085998244.0,2124598497945.0,378632164507.0,100246473263.0,2035246473263.0,,,,,,,,,,,,,,,,,,,,,,,,,,,,,,,0.0,,
VHM,2019,2,,VHM,balance_sheet,103263325121450.0,14035726372516.0,576495062487.0,49900229202921.0,27629827279959.0,11121047203567.0,35672019794984.0,1302000000000.0,280620111680.0,6020703693196.0,478312164507.0,,8856237857859.0,138935344916434.0,79962451164023.0,57473636326673.0,22488814837350.0,58972893752411.0,58972893752411.0,17536117689180.0,,5830367515597.0,138935344916434.0,4724788395321.0,2845924106330.0,27675868329847.0,9834033169935.0,,33495139180000.0,33495139180000.0,19900515001654.0,17839751594073.0,6161391721204.0,1017990856694.0,2133148079181.0,378632164507.0,209729344242.0,1511729344242.0,,,,,,,,,,,,,,,,,,,,,,,,,,,,,,,0.0,,
VHM,2019,1,,VHM,balance_sheet,96614245780097.0,2387016056828.0,831024056998.0,47303771369743.0,36886776624018.0,9205657672510.0,31857866515770.0,0.0,217582044663.0,5833159677264.0,478312164507.0,,6911000931613.0,128472112295867.0,77716281439628.0,54862053253340.0,22854228186288.0,50755830856239.0,50755830856239.0,10167140718353.0,,4982281590252.0,128472112295867.0,3953618653519.0,2846524106330.0,37010301533186.0,6512328187792.0,,33495139180000.0,33495139180000.0,20010972764585.0,21844769716480.0,6325846587030.0,1049548923202.0,495345954110.0,378632164507.0,40407387013.0,40407387013.0,,,,,,,,,,,,,,,,,,,,,,,,,,,,,,,0.0,,
VHM,2018,4,,VHM,balance_sheet,80465682928899.0,3515572453074.0,1009404569232.0,41761058868963.0,27090038846487.0,7089608191143.0,37341987805469.0,4450000000000.0,398391031446.0,5904210856228.0,478312164507.0,,3286177243188.0,117807670734368.0,69688995569906.0,41057661343703.0,28631334226203.0,48118675164462.0,48118675164462.0,7556052037943.0,,4945234965448.0,117807670734368.0,4876399107759.0,77857439663.0,27296838412270.0,5787020818492.0,,33495139180000.0,33495139180000.0,25505722594751.0,13969112888147.0,6402913383759.0,1018689774715.0,505772292194.0,378632164507.0,139690864013.0,4589690864013.0,,,,,,,,,,,,,,,,,,,,,,,,,,,,,,,0.0,,
VHM,2018,3,,VHM,balance_sheet,107648617911024.0,5928624411953.0,1193862323632.0,55429467796119.0,38316304130542.0,6780359248778.0,30546015137654.0,3257497661.0,395635420062.0,5759951934771.0,72223000000.0,,4346069352873.0,138194633048678.0,91919408264058.0,64012184847128.0,27907223416930.0,46275224784620.0,46275224784620.0,12565479799058.0,,5079078487122.0,138194633048678.0,6478940380477.0,16424599942002.0,38392795541846.0,5374128187792.0,,26796115500000.0,26796115500000.0,25685578253688.0,19863490090061.0,15911868004218.0,1144821394249.0,482571827696.0,22223000000.0,138368967335.0,141626464996.0,,,,,,,,,,,,,,,,,,,,,,,,,,,,,,,1834550998440.0,,
VHM,2018,2,,VHM,balance_sheet,79522351482962.0,4718599887522.0,1183838995291.0,27355804715079.0,36789016064805.0,9475091820265.0,37890490194200.0,3257497661.0,98624721893.0,5876278148593.0,189223000000.0,,3797814392145.0,117412841677162.0,74860008578929.0,61267870377485.0,13592138201444.0,42552833098233.0,42552833098233.0,9142752169807.0,,4752445907859.0,117412841677162.0,6285223172463.0,4769599942002.0,37001716994876.0,8088882566016.0,,26796115500000.0,26796115500000.0,6850833614271.0,18674344281808.0,22313100000000.0,1173150357111.0,521020975464.0,139223000000.0,9076798745262.0,9080056242923.0,,,,,,,,,,,,,,,,,,,,,,,,,,,,,,,0.0,,
VHM,2018,1,,VHM,balance_sheet,63034145841192.0,2062432049868.0,730617271237.0,17623139609227.0,25840259374721.0,16777697536139.0,31658608878592.0,3257497661.0,2742274059718.0,2280314604787.0,208315169556.0,,8570786954753.0,94692754719784.0,56445110719097.0,47588527798620.0,8856582920477.0,38247644000687.0,38247644000687.0,5004652644050.0,,4625138178482.0,94692754719784.0,3582247903951.0,6008491012120.0,26117747383045.0,15667673702653.0,,26796115500000.0,26796115500000.0,6843026474853.0,16991759749448.0,9554239981916.0,1151738280087.0,445758969748.0,148867327643.0,134228155073.0,137485652734.0,,,,,,,,,,,,,,,,,,,,,,,,,,,,,,,0.0,,
VHM,2017,4,,VHM,balance_sheet,44421050167080.0,1561577770818.0,0.0,24774715203806.0,17006259676992.0,1078497515464.0,6882768858975.0,3257497661.0,1355894476327.0,163038247202.0,1754972107124.0,,1059070162884.0,51303819026055.0,41180033529612.0,34223057193372.0,6956976336240.0,10123785496443.0,10123785496443.0,5003298133184.0,,3219605214270.0,51303819026055.0,1695194896147.0,9477028513431.0,17265369555979.0,206578466985.0,,2000000000000.0,2000000000000.0,6627686696069.0,16845744264404.0,8699590490328.0,626811318467.0,392514863581.0,1695528410000.0,84480824736.0,87738322397.0,,,,,,,,,,,,,,,,,,,,,,,,,,,,,,,0.0,,
VHM,2017,1,,VHM,balance_sheet,17588966907958.0,3130787814820.0,0.0,6581696792056.0,7193756083267.0,682726217815.0,21896079418563.0,3989915115.0,3210903049444.0,2057167351364.0,10635715306480.0,,737967757721.0,39485046326521.0,29167961409008.0,28036274639358.0,1131686769650.0,10317084917513.0,10317084917513.0,3710860555377.0,,7374847041442.0,39485046326521.0,738621843700.0,5219473499719.0,7202142963005.0,96816638037.0,,2000000000000.0,2000000000000.0,0.0,10193240889952.0,9968432569431.0,679520584365.0,50191999331.0,1657317823200.0,242866539736.0,246856454851.0,,,,,,,,,,,,,,,,,,,,,,,,,,,,,,,0.0,,
VHM,2016,4,,VHM,balance_sheet,13289555996333.0,2802422910160.0,0.0,4698395475334.0,5189415136375.0,599322474464.0,21028188226553.0,3989915115.0,3103907347589.0,1135706826631.0,10878265384839.0,,3599353253071.0,34317744222886.0,27831585674942.0,26658567757222.0,1173017917720.0,6486158547944.0,6486158547944.0,3354603743436.0,,3942877981794.0,34317744222886.0,496777421006.0,3122655962694.0,5197802016113.0,96816638030.0,,2000000000000.0,2000000000000.0,0.0,10662330125207.0,8929678052030.0,3534381475308.0,58190146520.0,1654613852400.0,101801490833.0,105791405948.0,,,,,,,,,,,,,,,,,,,,,,,,,,,,,,,0.0,,
VHM,2016,3,,VHM,balance_sheet,16984303421610.0,756280167021.0,0.0,7233230648413.0,8021397872553.0,973394733623.0,16796568537957.0,7559839165.0,5088127450165.0,244179429474.0,7758728790099.0,,482454652428.0,33780871959567.0,29380298180629.0,28956795841990.0,423502338639.0,4400573778938.0,4400573778938.0,1859345356488.0,,3365031679302.0,33780871959567.0,1022519625584.0,361362643357.0,8025119439217.0,259789445786.0,,2000000000000.0,2000000000000.0,365056933529.0,12691167293745.0,8667085361359.0,393403128474.0,88924592655.0,1618307823200.0,46494257238.0,54054096403.0,,,,,,,,,,,,,,,,,,,,,,,,,,,,,,,0.0,,
VHM,2016,2,,VHM,balance_sheet,10523132392811.0,252928903892.0,53324400539.0,1208526623033.0,8099856924609.0,908495540738.0,17698555639928.0,7559839165.0,3198651302659.0,219232374535.0,12228867907015.0,,468578508270.0,28221688032739.0,21563669330998.0,21129628249548.0,434041081450.0,6658018701741.0,6658018701741.0,1342830128804.0,,3379961588479.0,28221688032739.0,577113045622.0,361868557701.0,8103069223105.0,259789445787.0,,2000000000000.0,2000000000000.0,376056384382.0,11686119086705.0,2622062118926.0,404139872608.0,59412753436.0,1571256960200.0,13199544587.0,20759383752.0,,,,,,,,,,,,,,,,,,,,,,,,,,,,,,,0.0,,
VHM,2016,1,,VHM,balance_sheet,11043961481674.0,870801186357.0,664700267493.0,1972577930272.0,6428518771659.0,1107363325893.0,17615127389796.0,7559839165.0,2775778427825.0,221816653386.0,12577131056516.0,,479653500278.0,28659088871470.0,21429731673119.0,20981030530565.0,448701142554.0,7229357198351.0,7229357198351.0,1875418198513.0,,3395155278051.0,28659088871470.0,972515008546.0,88939790100.0,6431246071757.0,586772755922.0,,2000000000000.0,2000000000000.0,386205595974.0,9537384088966.0,5122954593816.0,419368488668.0,54756541161.0,1694186960200.0,12364919407.0,19924758572.0,,,,,,,,,,,,,,,,,,,,,,,,,,,,,,,0.0,,
BID,2025,4,0.0,BID,balance_sheet,,13075066000000.0,,,,,,,13123582000000.0,,4372522000000.0,,,3330903761000000.0,3157292456000000.0,,,173611305000000.0,,44829192000000.0,,5565938000000.0,3330903761000000.0,,,,,,,70213619000000.0,,,,,,183050000000.0,,,123629833000000.0,457353626000000.0,30152465000000.0,30183812000000.0,-31347000000.0,0.0,2338010761000000.0,2372955112000000.0,-34944351000000.0,285463101000000.0,171882436000000.0,113629492000000.0,-48827000000.0,0.0,4293675000000.0,-104203000000.0,7541322000000.0,5582260000000.0,65722805000000.0,218825525000000.0,417740843000000.0,2223224542000000.0,230557000000.0,12043069000000.0,225407774000000.0,59820146000000.0,90089431000000.0,33720959000000.0,-594215000000.0,0.0,1000084000000.0,,0.0
BID,2025,3,0.0,BID,balance_sheet,,10523745000000.0,,,,,,,12010249000000.0,,4049117000000.0,,,3071970196000000.0,2903983495000000.0,,,167986701000000.0,,50816786000000.0,,5436604000000.0,3071970196000000.0,,,,,,,70213619000000.0,,,,,,183050000000.0,,,48303371000000.0,453483597000000.0,24553325000000.0,24608059000000.0,-54734000000.0,0.0,2197470752000000.0,2237119279000000.0,-39648527000000.0,261755305000000.0,144811922000000.0,118044532000000.0,-1101149000000.0,0.0,3969661000000.0,-103594000000.0,6844000000000.0,5166249000000.0,59820735000000.0,215823611000000.0,329639455000000.0,2087181421000000.0,622180000000.0,12335086000000.0,204714065000000.0,53667677000000.0,90089431000000.0,21878833000000.0,-234953000000.0,0.0,1000084000000.0,,0.0
BID,2025,2,0.0,BID,balance_sheet,,11226888000000.0,,,,,,,11797774000000.0,,3849702000000.0,,,2991644165000000.0,2828906855000000.0,,,162737310000000.0,,45989929000000.0,,5375705000000.0,2991644165000000.0,,,,,,,70213619000000.0,,,,,,183023000000.0,,,82653786000000.0,392598164000000.0,24033427000000.0,24070086000000.0,-36659000000.0,0.0,2141443805000000.0,2179879608000000.0,-38435803000000.0,266227690000000.0,149555637000000.0,117777936000000.0,-1105883000000.0,0.0,3769837000000.0,-103158000000.0,6582985000000.0,5214789000000.0,57812929000000.0,162609396000000.0,296709453000000.0,2074787517000000.0,889430000000.0,11678398000000.0,231465862000000.0,50766799000000.0,89541970000000.0,22095156000000.0,-265450000000.0,0.0,452623000000.0,,0.0
BID,2025,1,0.0,BID,balance_sheet,,10980778000000.0,,,,,,,11896448000000.0,,3755518000000.0,,,2856110951000000.0,2700204641000000.0,,,155906310000000.0,,42040986000000.0,,5356591000000.0,2856110951000000.0,,,,,,,70213619000000.0,,,,,,182968000000.0,,,65199611000000.0,342941105000000.0,15240465000000.0,15286000000000.0,-45535000000.0,0.0,2068679098000000.0,2107329969000000.0,-38650871000000.0,279416922000000.0,161722749000000.0,118899792000000.0,-1205619000000.0,0.0,3674877000000.0,-102327000000.0,6635972000000.0,5260476000000.0,58001006000000.0,147605567000000.0,304697708000000.0,1976945954000000.0,375751000000.0,11914656000000.0,210630789000000.0,48034216000000.0,89541970000000.0,19400591000000.0,-433828000000.0,0.0,452623000000.0,,0.0
BID,2024,4,0.0,BID,balance_sheet,,10772890000000.0,,,,,,,12119817000000.0,,3423594000000.0,,,2760791854000000.0,2615880741000000.0,,,144911113000000.0,,36192494000000.0,,5234039000000.0,2760791854000000.0,,,,,,,68975153000000.0,,,,,,182914000000.0,,,92341029000000.0,279971515000000.0,12734060000000.0,12773340000000.0,-39280000000.0,663256000000.0,2018043649000000.0,2056082420000000.0,-38038771000000.0,277838108000000.0,157918828000000.0,121120044000000.0,-1200764000000.0,0.0,3348512000000.0,-107832000000.0,6799205000000.0,5320612000000.0,52883936000000.0,168388958000000.0,232954067000000.0,1953165486000000.0,0.0,11981467000000.0,198900165000000.0,50490598000000.0,84788796000000.0,19396820000000.0,-701036000000.0,0.0,452623000000.0,,0.0
BID,2024,3,0.0,BID,balance_sheet,,11014213000000.0,,,,,,,11555180000000.0,,3401330000000.0,,,2575981275000000.0,2437541619000000.0,,,138439656000000.0,,45498918000000.0,,5089779000000.0,2575981275000000.0,,,,,,,57004359000000.0,,,,,,214786000000.0,,,47435666000000.0,257504027000000.0,13275111000000.0,13309349000000.0,-34238000000.0,55744000000.0,1914427576000000.0,1953065238000000.0,-38637662000000.0,252241222000000.0,149878420000000.0,104039495000000.0,-1676693000000.0,0.0,3300404000000.0,-113860000000.0,6428898000000.0,5126282000000.0,65071206000000.0,95416021000000.0,216251762000000.0,1873724961000000.0,0.0,11608178000000.0,193317084000000.0,47223613000000.0,72818002000000.0,15715341000000.0,-682384000000.0,0.0,452623000000.0,,0.0
BID,2024,2,0.0,BID,balance_sheet,,10282845000000.0,,,,,,,11585508000000.0,,3410230000000.0,,,2521071363000000.0,2386354090000000.0,,,134717273000000.0,,41935478000000.0,,5048208000000.0,2521071363000000.0,,,,,,,57004359000000.0,,,,,,214837000000.0,,,52441064000000.0,266793924000000.0,8185847000000.0,8224631000000.0,-38784000000.0,0.0,1844886186000000.0,1882815402000000.0,-37929216000000.0,247600890000000.0,146198303000000.0,102594720000000.0,-1192133000000.0,0.0,3310155000000.0,-114762000000.0,6512449000000.0,5073059000000.0,75884869000000.0,131128722000000.0,193205817000000.0,1806924961000000.0,398343000000.0,11963263000000.0,197648493000000.0,45084491000000.0,72712639000000.0,15705624000000.0,-684676000000.0,0.0,347260000000.0,,0.0
BID,2024,1,0.0,BID,balance_sheet,,10421506000000.0,,,,,,,10891070000000.0,,3218494000000.0,,,2328730752000000.0,2199712917000000.0,,,129017835000000.0,,36136858000000.0,,5056307000000.0,2328730752000000.0,,,,,,,57004359000000.0,,,,,,214871000000.0,,,36833913000000.0,231693608000000.0,6972570000000.0,7003036000000.0,-30466000000.0,34319000000.0,1752683396000000.0,1793930234000000.0,-41246838000000.0,220214344000000.0,125391541000000.0,96015588000000.0,-1192785000000.0,0.0,3118381000000.0,-114758000000.0,6235651000000.0,4655419000000.0,55767532000000.0,57022834000000.0,167810233000000.0,1734779072000000.0,0.0,12190069000000.0,180564550000000.0,47346159000000.0,72711297000000.0,15670702000000.0,-557329000000.0,0.0,345918000000.0,,0.0
BID,2023,4,0.0,BID,balance_sheet,,11029204000000.0,,,,,,,11096285000000.0,,3113075000000.0,,,2300814314000000.0,2177897270000000.0,,,122917044000000.0,,33588517000000.0,,4966455000000.0,2300814314000000.0,,,,,,,57004359000000.0,,,,,,214888000000.0,,,51615657000000.0,211808501000000.0,6972474000000.0,7003656000000.0,-31182000000.0,0.0,1737244618000000.0,1777664882000000.0,-40420264000000.0,222393123000000.0,127572432000000.0,95722385000000.0,-901694000000.0,0.0,3012284000000.0,-114097000000.0,6401506000000.0,4694779000000.0,45541377000000.0,35896488000000.0,182252124000000.0,1704269050000000.0,328155000000.0,12207729000000.0,189486736000000.0,53456988000000.0,72711297000000.0,12454226000000.0,-803451000000.0,0.0,345918000000.0,,0.0
BID,2023,3,0.0,BID,balance_sheet,,10731001000000.0,,,,,,,10485941000000.0,,3139652000000.0,,,2132854577000000.0,2013766739000000.0,,,119087838000000.0,,36007993000000.0,,4840773000000.0,2132854577000000.0,,,,,,,50585239000000.0,,,,,,214905000000.0,,,42654276000000.0,194288953000000.0,5577810000000.0,5598114000000.0,-20304000000.0,0.0,1611643506000000.0,1653452141000000.0,-41808635000000.0,207553029000000.0,128583434000000.0,79616354000000.0,-646759000000.0,0.0,3038666000000.0,-113919000000.0,5997552000000.0,4488389000000.0,46780409000000.0,13241998000000.0,187836067000000.0,1583543509000000.0,397807000000.0,12498953000000.0,162017847000000.0,54230558000000.0,66282564000000.0,12431580000000.0,-475072000000.0,0.0,345918000000.0,,0.0
BID,2023,2,0.0,BID,balance_sheet,,11488667000000.0,,,,,,,10612120000000.0,,3012561000000.0,,,2124767632000000.0,2010615988000000.0,,,114151644000000.0,,31423098000000.0,,4754650000000.0,2124767632000000.0,,,,,,,50585239000000.0,,,,,,219426000000.0,,,47536512000000.0,199656173000000.0,3423599000000.0,3444114000000.0,-20515000000.0,270403000000.0,1589707330000000.0,1629066617000000.0,-39359287000000.0,219223829000000.0,147037878000000.0,72538241000000.0,-352290000000.0,0.0,2906741000000.0,-113606000000.0,6111439000000.0,4500681000000.0,39836438000000.0,51539169000000.0,191545847000000.0,1545569148000000.0,0.0,12840055000000.0,156249679000000.0,52872090000000.0,66204497000000.0,12486332000000.0,-716933000000.0,0.0,267851000000.0,,0.0
BID,2023,1,0.0,BID,balance_sheet,,12400755000000.0,,,,,,,10375801000000.0,,3026702000000.0,,,2106864549000000.0,1997016087000000.0,,,109848462000000.0,,27028393000000.0,,4826819000000.0,2106864549000000.0,,,,,,,50585239000000.0,,,,,,215211000000.0,,,74131546000000.0,174793284000000.0,1602918000000.0,1624018000000.0,-21100000000.0,196039000000.0,1554793891000000.0,1597152494000000.0,-42358603000000.0,236748894000000.0,163982486000000.0,73147741000000.0,-381333000000.0,0.0,2920663000000.0,-109172000000.0,5988232000000.0,4387569000000.0,38794719000000.0,123421894000000.0,146847411000000.0,1497395473000000.0,0.0,13116035000000.0,169979258000000.0,46256016000000.0,66204497000000.0,12450446000000.0,-661693000000.0,0.0,267851000000.0,,0.0
BID,2022,4,0.0,BID,balance_sheet,,13745227000000.0,,,,,,,10532205000000.0,,2977388000000.0,,,2120527692000000.0,2016322127000000.0,,,104205565000000.0,,24321599000000.0,,4719327000000.0,2120527692000000.0,,,,,,,50585239000000.0,,,,,,215076000000.0,,,111418448000000.0,221146701000000.0,1701421000000.0,1748478000000.0,-47057000000.0,1038214000000.0,1484030778000000.0,1522228544000000.0,-38197766000000.0,235636449000000.0,162283083000000.0,73734542000000.0,-381176000000.0,0.0,2871541000000.0,-109229000000.0,6096042000000.0,4436163000000.0,38300861000000.0,152752718000000.0,178797484000000.0,1473604981000000.0,0.0,13237626000000.0,157051601000000.0,40877717000000.0,66204497000000.0,9730169000000.0,-770027000000.0,0.0,267851000000.0,,0.0
BID,2022,3,0.0,BID,balance_sheet,,12176802000000.0,,,,,,,10131837000000.0,,3090065000000.0,,,2048952718000000.0,1948027658000000.0,,,100925060000000.0,,20593079000000.0,,4667816000000.0,2048952718000000.0,,,,,,,50585239000000.0,,,,,,215211000000.0,,,45003431000000.0,259681711000000.0,1110756000000.0,1164743000000.0,-53987000000.0,231930000000.0,1451882428000000.0,1494903866000000.0,-43021438000000.0,231923491000000.0,158009095000000.0,74133661000000.0,-219265000000.0,0.0,2984967000000.0,-110113000000.0,5800792000000.0,4331045000000.0,33720267000000.0,134768423000000.0,199716316000000.0,1414224009000000.0,0.0,14422278000000.0,144209004000000.0,40687628000000.0,66204497000000.0,9725622000000.0,-265954000000.0,0.0,267851000000.0,,0.0
BID,2022,2,0.0,BID,balance_sheet,,11894083000000.0,,,,,,,10259927000000.0,,2964250000000.0,,,1979292691000000.0,1885375152000000.0,,,93917539000000.0,,16317462000000.0,,2977607000000.0,1979292691000000.0,,,,,,,50585239000000.0,,,,,,215534000000.0,,,48204728000000.0,216987172000000.0,1879386000000.0,1918275000000.0,-38889000000.0,0.0,1443231372000000.0,1483038764000000.0,-39807392000000.0,214473399000000.0,139398156000000.0,75304721000000.0,-229478000000.0,0.0,2858229000000.0,-109513000000.0,5953329000000.0,4306598000000.0,29398374000000.0,84297021000000.0,208128128000000.0,1406297004000000.0,14923000000.0,14191937000000.0,134647176000000.0,37798963000000.0,65145472000000.0,9748561000000.0,-271563000000.0,0.0,267851000000.0,,0.0
BID,2022,1,0.0,BID,balance_sheet,,12191932000000.0,,,,,,,10509295000000.0,,2860964000000.0,,,1847704434000000.0,1757866709000000.0,,,89837725000000.0,,12262506000000.0,,3206428000000.0,1847704434000000.0,,,,,,,50585239000000.0,,,,,,216431000000.0,,,58216772000000.0,163893889000000.0,3274752000000.0,3286806000000.0,-12054000000.0,70158000000.0,1382262545000000.0,1417854147000000.0,-35591602000000.0,190687268000000.0,119832064000000.0,71149082000000.0,-293878000000.0,0.0,2748553000000.0,-104020000000.0,6156731000000.0,4352564000000.0,23736859000000.0,53362966000000.0,128450020000000.0,1396301169000000.0,0.0,14229737000000.0,127868050000000.0,37654767000000.0,65145472000000.0,9695744000000.0,-472425000000.0,0.0,267851000000.0,,0.0
BID,2021,4,0.0,BID,balance_sheet,,12660583000000.0,,,,,,,10741157000000.0,,2873924000000.0,,,1761938950000000.0,1675572305000000.0,,,86366645000000.0,,10269320000000.0,,3184070000000.0,1761938950000000.0,,,,,,,50585239000000.0,,,,,,215617000000.0,,,68851444000000.0,135940238000000.0,6066664000000.0,6083163000000.0,-16499000000.0,192282000000.0,1325577562000000.0,1354632643000000.0,-29055081000000.0,177089395000000.0,111675313000000.0,65710756000000.0,-296674000000.0,0.0,2729682000000.0,-71375000000.0,6338007000000.0,4403150000000.0,21945701000000.0,25340018000000.0,98003606000000.0,1380401585000000.0,0.0,14349996000000.0,123681757000000.0,33795343000000.0,65145472000000.0,8136443000000.0,-368660000000.0,0.0,267851000000.0,,0.0
BID,2021,3,0.0,BID,balance_sheet,,11440685000000.0,,,,,,,10382490000000.0,,2902893000000.0,,,1686678164000000.0,1600659921000000.0,,,86018243000000.0,,20131244000000.0,,3190936000000.0,1686678164000000.0,,,,,,,40220180000000.0,,,,,,215903000000.0,,,64251759000000.0,115503372000000.0,6350644000000.0,6374417000000.0,-23773000000.0,378534000000.0,1298625215000000.0,1328679993000000.0,-30054778000000.0,149752439000000.0,108253571000000.0,41950552000000.0,-451684000000.0,0.0,2758223000000.0,-71233000000.0,6073131000000.0,4309359000000.0,27090133000000.0,15994609000000.0,111856972000000.0,1309952776000000.0,0.0,13718677000000.0,114974920000000.0,34161967000000.0,54780413000000.0,8113154000000.0,-197504000000.0,0.0,267851000000.0,,0.0
BID,2021,2,0.0,BID,balance_sheet,,11073415000000.0,,,,,,,10152116000000.0,,2856693000000.0,,,1642336884000000.0,1557788374000000.0,,,84548510000000.0,,18484503000000.0,,3185720000000.0,1642336884000000.0,,,,,,,40220180000000.0,,,,,,216045000000.0,,,37588465000000.0,145957757000000.0,3610379000000.0,3633620000000.0,-23241000000.0,236204000000.0,1269426338000000.0,1297445087000000.0,-28018749000000.0,135148274000000.0,107379705000000.0,28840121000000.0,-1071552000000.0,0.0,2744990000000.0,-104342000000.0,5924840000000.0,4227276000000.0,26287243000000.0,16532216000000.0,102454280000000.0,1293956654000000.0,0.0,12601501000000.0,97819039000000.0,34424684000000.0,54780413000000.0,8113368000000.0,-15494000000.0,0.0,267851000000.0,,0.0
BID,2021,1,0.0,BID,balance_sheet,,10770158000000.0,,,,,,,10241492000000.0,,2842564000000.0,,,1558887407000000.0,1476624113000000.0,,,82263294000000.0,,16156679000000.0,,3235123000000.0,1558887407000000.0,,,,,,,40220180000000.0,,,,,,216069000000.0,,,91672598000000.0,85087146000000.0,3574042000000.0,3586841000000.0,-12799000000.0,221388000000.0,1210123489000000.0,1233545783000000.0,-23422294000000.0,118019339000000.0,104553274000000.0,14379156000000.0,-913091000000.0,0.0,2730734000000.0,-104239000000.0,6009491000000.0,4232001000000.0,26335191000000.0,27563388000000.0,112052995000000.0,1225957672000000.0,0.0,12704814000000.0,66194902000000.0,32150342000000.0,54780413000000.0,8072474000000.0,18605000000.0,0.0,267851000000.0,,0.0
BID,2020,4,0.0,BID,balance_sheet,,12294194000000.0,,,,,,,10413985000000.0,,2763768000000.0,,,1516869903000000.0,1437081446000000.0,,,79788457000000.0,,14680111000000.0,,3226920000000.0,1516869903000000.0,,,,,,,40220180000000.0,,,,,,215470000000.0,,,49434766000000.0,85348812000000.0,10069208000000.0,10082433000000.0,-13225000000.0,167933000000.0,1195433107000000.0,1214295917000000.0,-18862810000000.0,125215357000000.0,112192338000000.0,13603212000000.0,-580193000000.0,0.0,2643474000000.0,-95176000000.0,6154218000000.0,4259767000000.0,25728773000000.0,17222797000000.0,82353246000000.0,1226673942000000.0,0.0,12853270000000.0,63236692000000.0,34741499000000.0,54780413000000.0,7050915000000.0,50098000000.0,0.0,267851000000.0,,0.0
BID,2020,3,0.0,BID,balance_sheet,,10401494000000.0,,,,,,,10168812000000.0,,2706855000000.0,,,1467805954000000.0,1386365229000000.0,,,81440725000000.0,,16305732000000.0,,3196928000000.0,1467805954000000.0,,,,,,,40220180000000.0,,,,,,215496000000.0,,,40335703000000.0,116003134000000.0,5681751000000.0,5688349000000.0,-6598000000.0,222404000000.0,1125740176000000.0,1145358910000000.0,-19618734000000.0,128835457000000.0,112696335000000.0,16758820000000.0,-619698000000.0,0.0,2595476000000.0,-104117000000.0,5973387000000.0,4195425000000.0,27710168000000.0,22468994000000.0,84989916000000.0,1145003968000000.0,0.0,12413555000000.0,83247645000000.0,38241151000000.0,54780413000000.0,7044607000000.0,113045000000.0,0.0,267851000000.0,,0.0
BID,2020,2,0.0,BID,balance_sheet,,11822072000000.0,,,,,,,10317039000000.0,,2700985000000.0,,,1446040448000000.0,1366394306000000.0,,,79646142000000.0,,14522079000000.0,,3149408000000.0,1446040448000000.0,,,,,,,40220180000000.0,,,,,,215539000000.0,,,28062207000000.0,107702884000000.0,4970625000000.0,4986402000000.0,-15777000000.0,208119000000.0,1120783412000000.0,1139226525000000.0,-18443113000000.0,133058358000000.0,116708149000000.0,17057953000000.0,-707744000000.0,0.0,2589563000000.0,-104117000000.0,6078364000000.0,4238675000000.0,26414747000000.0,32953523000000.0,67567177000000.0,1131397775000000.0,0.0,12384593000000.0,85395126000000.0,36696112000000.0,54780413000000.0,7044619000000.0,149623000000.0,0.0,267851000000.0,,0.0
BID,2020,1,0.0,BID,balance_sheet,,9097015000000.0,,,,,,,10397552000000.0,,2833666000000.0,,,1446044081000000.0,1366774763000000.0,,,79269318000000.0,,14015338000000.0,,3169406000000.0,1446044081000000.0,,,,,,,40220180000000.0,,,,,,215591000000.0,,,26782623000000.0,121290315000000.0,5721025000000.0,5815488000000.0,-94463000000.0,210196000000.0,1088942409000000.0,1105558635000000.0,-16616226000000.0,152666141000000.0,139280889000000.0,14069879000000.0,-684627000000.0,0.0,2722192000000.0,-104117000000.0,6125427000000.0,4272125000000.0,28103139000000.0,66443740000000.0,84502099000000.0,1100292897000000.0,0.0,12260010000000.0,67611653000000.0,35664364000000.0,54780413000000.0,7005898000000.0,298263000000.0,0.0,267851000000.0,,0.0
BID,2019,4,0.0,BID,balance_sheet,,14116670000000.0,,,,,,,10604693000000.0,,2745490000000.0,,,1490104755000000.0,1412338473000000.0,,,77766282000000.0,,13998143000000.0,,3118388000000.0,1490104755000000.0,,,,,,,40220180000000.0,,,,,,214679000000.0,,,135255429000000.0,54290120000000.0,6346190000000.0,6380379000000.0,-34189000000.0,92130000000.0,1102493985000000.0,1116924879000000.0,-14430894000000.0,138122423000000.0,121819089000000.0,23262431000000.0,-6959097000000.0,0.0,2628836000000.0,-98025000000.0,6294526000000.0,4310167000000.0,26037625000000.0,108760008000000.0,76607606000000.0,1114231270000000.0,0.0,12386421000000.0,62772362000000.0,37580806000000.0,54780413000000.0,5743756000000.0,125582000000.0,0.0,267851000000.0,,0.0
BID,2019,3,0.0,BID,balance_sheet,,12638511000000.0,,,,,,,10223581000000.0,,2682443000000.0,,,1425398552000000.0,1366021552000000.0,,,59377000000000.0,,15862761000000.0,,3116816000000.0,1425398552000000.0,,,,,,,34187153000000.0,,,,,,214690000000.0,,,42191695000000.0,130025743000000.0,2096049000000.0,2139394000000.0,-43345000000.0,99899000000.0,1055970052000000.0,1073510550000000.0,-17540498000000.0,142425871000000.0,125036793000000.0,24556870000000.0,-7167792000000.0,0.0,2589058000000.0,-121305000000.0,5947299000000.0,4276282000000.0,27044708000000.0,94246424000000.0,89486907000000.0,1084798261000000.0,0.0,12468156000000.0,49544214000000.0,35477590000000.0,34485310000000.0,5739691000000.0,172422000000.0,0.0,267851000000.0,,0.0
BID,2019,2,0.0,BID,balance_sheet,,10274109000000.0,,,,,,,10391738000000.0,,2616027000000.0,,,1400111946000000.0,1342583471000000.0,,,57528475000000.0,,14137927000000.0,,3076002000000.0,1400111946000000.0,,,,,,,34187153000000.0,,,,,,214715000000.0,,,15351805000000.0,141847419000000.0,1369687000000.0,1453556000000.0,-83869000000.0,95015000000.0,1049681804000000.0,1065030363000000.0,-15348559000000.0,140931407000000.0,122325988000000.0,26973408000000.0,-8367989000000.0,0.0,2522724000000.0,-121412000000.0,6084015000000.0,4307723000000.0,27552935000000.0,90275153000000.0,95902394000000.0,1059790493000000.0,0.0,12598267000000.0,48978420000000.0,35038744000000.0,34396605000000.0,5737923000000.0,180018000000.0,0.0,179146000000.0,,0.0
BID,2019,1,0.0,BID,balance_sheet,,9808400000000.0,,,,,,,10578239000000.0,,2657370000000.0,,,1342938577000000.0,1286286275000000.0,,,56652302000000.0,,14294633000000.0,,3095467000000.0,1342938577000000.0,,,,,,,34187153000000.0,,,,,,213320000000.0,,,32963975000000.0,112271066000000.0,4436776000000.0,4534358000000.0,-97582000000.0,130096000000.0,1011891188000000.0,1024434938000000.0,-12543750000000.0,132222416000000.0,111939653000000.0,28530356000000.0,-8247593000000.0,0.0,2565462000000.0,-121412000000.0,6248936000000.0,4329303000000.0,25979051000000.0,98575149000000.0,85946985000000.0,1014934561000000.0,0.0,12598881000000.0,42102483000000.0,32128216000000.0,34396605000000.0,4645340000000.0,220257000000.0,0.0,179146000000.0,,0.0
BID,2018,4,0.0,BID,balance_sheet,,10507558000000.0,,,,,,,10666712000000.0,,2613521000000.0,,,1313037674000000.0,1258344568000000.0,,,54693106000000.0,,12483070000000.0,,3038860000000.0,1313037674000000.0,,,,,,,34187153000000.0,,,,,,213320000000.0,,,50185159000000.0,104113340000000.0,673639000000.0,790210000000.0,-116571000000.0,79755000000.0,976333888000000.0,988738780000000.0,-12404892000000.0,133142950000000.0,111419195000000.0,29847625000000.0,-8123870000000.0,0.0,2522835000000.0,-122634000000.0,6352251000000.0,4314461000000.0,24721152000000.0,105297399000000.0,79198149000000.0,989671155000000.0,0.0,12296196000000.0,39991361000000.0,31890308000000.0,34396605000000.0,4617990000000.0,156581000000.0,0.0,179146000000.0,,0.0
BID,2018,3,0.0,BID,balance_sheet,,8722392000000.0,,,,,,,10079113000000.0,,2682196000000.0,,,1268412620000000.0,1214692692000000.0,,,53719928000000.0,,11212823000000.0,,3151850000000.0,1268412620000000.0,,,,,,,34187153000000.0,,,,,,234040000000.0,,,34107349000000.0,81842839000000.0,1055736000000.0,1067193000000.0,-11457000000.0,12386000000.0,953925133000000.0,968752333000000.0,-14827200000000.0,150499158000000.0,124015316000000.0,36346891000000.0,-9863049000000.0,0.0,2536351000000.0,-88195000000.0,5800584000000.0,4278529000000.0,25486318000000.0,84628068000000.0,74093887000000.0,953512834000000.0,0.0,11995112000000.0,56207877000000.0,34254914000000.0,34396605000000.0,4599041000000.0,359609000000.0,0.0,179146000000.0,,0.0
BID,2018,2,0.0,BID,balance_sheet,,8712476000000.0,,,,,,,10184778000000.0,,2651744000000.0,,,1268266720000000.0,1215066822000000.0,,,53199898000000.0,,10790130000000.0,,3108058000000.0,1268266720000000.0,,,,,,,34187153000000.0,,,,,,253040000000.0,,,20930738000000.0,101895742000000.0,4131050000000.0,4151499000000.0,-20449000000.0,0.0,917403838000000.0,929167956000000.0,-11764118000000.0,177539264000000.0,149533200000000.0,37003689000000.0,-8997625000000.0,0.0,2486899000000.0,-88195000000.0,5862462000000.0,4322316000000.0,24817090000000.0,72982248000000.0,78010124000000.0,964542964000000.0,45554000000.0,11902926000000.0,57504335000000.0,30078671000000.0,34369933000000.0,4598337000000.0,333440000000.0,0.0,152474000000.0,,0.0
BID,2018,1,0.0,BID,balance_sheet,,9441772000000.0,,,,,,,10157583000000.0,,2617453000000.0,,,1226942713000000.0,1176139467000000.0,,,50803246000000.0,,8931155000000.0,,2973504000000.0,1226942713000000.0,,,,,,,34187153000000.0,,,,,,253040000000.0,,,33804082000000.0,119261308000000.0,15448290000000.0,15465070000000.0,-16780000000.0,239856000000.0,867289606000000.0,878752977000000.0,-11463371000000.0,144638709000000.0,114362098000000.0,37710599000000.0,-7433988000000.0,0.0,2447545000000.0,-83132000000.0,5800659000000.0,4356924000000.0,24044054000000.0,81334733000000.0,78920209000000.0,910053496000000.0,0.0,11726912000000.0,64808937000000.0,29295180000000.0,34369933000000.0,4454838000000.0,73816000000.0,0.0,152474000000.0,,0.0
BID,2017,4,0.0,BID,balance_sheet,,8185368000000.0,,,,,,,10319315000000.0,,2580777000000.0,,,1201661645000000.0,1152676017000000.0,,,48985628000000.0,,7261939000000.0,,2872057000000.0,1201661645000000.0,,,,,,,34187153000000.0,,,,,,253040000000.0,,,29350955000000.0,118249055000000.0,9613759000000.0,9672282000000.0,-58523000000.0,150122000000.0,854948489000000.0,866000044000000.0,-11051555000000.0,146105710000000.0,118097616000000.0,38364138000000.0,-10356044000000.0,0.0,2410869000000.0,-83132000000.0,5921005000000.0,4398310000000.0,22158095000000.0,77510659000000.0,91057406000000.0,859785722000000.0,0.0,11722727000000.0,83738429000000.0,28861074000000.0,34369894000000.0,4427470000000.0,54268000000.0,0.0,152435000000.0,,0.0
BID,2017,3,0.0,BID,balance_sheet,,7853188000000.0,,,,,,,9913181000000.0,,2590544000000.0,,,1125908666000000.0,1079372560000000.0,,,46536106000000.0,,5955429000000.0,,2774077000000.0,1125908666000000.0,,,,,,,34187153000000.0,,,,,,255712000000.0,,,29516918000000.0,85093478000000.0,11452531000000.0,11536744000000.0,-84213000000.0,295296000000.0,813528138000000.0,828007024000000.0,-14478886000000.0,144127877000000.0,116449647000000.0,36942961000000.0,-9264731000000.0,0.0,2416875000000.0,-82043000000.0,5541412000000.0,4371769000000.0,21537515000000.0,58313248000000.0,91634526000000.0,823073422000000.0,0.0,11595991000000.0,69224118000000.0,25531255000000.0,34328961000000.0,3552454000000.0,0.0,-74815000000.0,111502000000.0,,0.0
BID,2017,2,0.0,BID,balance_sheet,,8521995000000.0,,,,,,,9910457000000.0,,2772629000000.0,,,1099210264000000.0,1051070527000000.0,,,48139737000000.0,,7361000000000.0,,2941202000000.0,1099210264000000.0,,,,,,,34187153000000.0,,,,,,269743000000.0,,,31171132000000.0,78258195000000.0,9057299000000.0,9129176000000.0,-71877000000.0,198488000000.0,793605183000000.0,806444869000000.0,-12839686000000.0,146031508000000.0,115495776000000.0,38247248000000.0,-7711516000000.0,0.0,2584869000000.0,-81983000000.0,5480665000000.0,4429792000000.0,19683378000000.0,52302804000000.0,95909471000000.0,810131074000000.0,0.0,11554421000000.0,55445705000000.0,25727052000000.0,34304553000000.0,3460972000000.0,72010000000.0,0.0,87094000000.0,,0.0
BID,2017,1,0.0,BID,balance_sheet,,8441615000000.0,,,,,,,9525346000000.0,,4567792000000.0,,,1026251638000000.0,980500669000000.0,,,45750969000000.0,,6368988000000.0,,1631656000000.0,1026251638000000.0,,,,,,,34187153000000.0,,,,,,434886000000.0,,,25725935000000.0,63945761000000.0,3756902000000.0,3821249000000.0,-64347000000.0,24406000000.0,746941423000000.0,758530120000000.0,-11588697000000.0,143447552000000.0,113427131000000.0,36981767000000.0,-6961346000000.0,0.0,4267804000000.0,-134898000000.0,5216385000000.0,4308961000000.0,19874906000000.0,40751628000000.0,86689525000000.0,762402016000000.0,0.0,11471868000000.0,55491214000000.0,23694418000000.0,34304553000000.0,3377463000000.0,68309000000.0,0.0,87094000000.0,,0.0
BID,2016,4,0.0,BID,balance_sheet,,7106546000000.0,,,,,,,9721971000000.0,,4332542000000.0,,,1006635168000000.0,962417764000000.0,,,44217404000000.0,,5052981000000.0,,1603484000000.0,1006635168000000.0,,,,,,,34187153000000.0,,,,,,457466000000.0,,,35824409000000.0,62862794000000.0,10016260000000.0,10086214000000.0,-69954000000.0,0.0,713681558000000.0,723697407000000.0,-10015849000000.0,144192808000000.0,113149624000000.0,37332990000000.0,-6289806000000.0,0.0,3994120000000.0,-119044000000.0,5373524000000.0,4348447000000.0,18896280000000.0,43392136000000.0,92449724000000.0,726185075000000.0,103320000000.0,11361960000000.0,66642041000000.0,22283508000000.0,34304553000000.0,3366960000000.0,-110574000000.0,0.0,87094000000.0,,0.0
BID,2016,3,0.0,BID,balance_sheet,,7044288000000.0,,,,,,,8388058000000.0,,4444526000000.0,,,950377914000000.0,904464860000000.0,,,45913054000000.0,,7742151000000.0,,1398026000000.0,950377914000000.0,,,,,,,34187153000000.0,,,,,,445310000000.0,,,14740194000000.0,77178121000000.0,11758138000000.0,12048694000000.0,-290556000000.0,77766000000.0,664598285000000.0,675211926000000.0,-10613641000000.0,139745964000000.0,105790813000000.0,39054949000000.0,-5099798000000.0,0.0,4106520000000.0,-107304000000.0,4426561000000.0,3961497000000.0,22402574000000.0,46421476000000.0,78678458000000.0,709881032000000.0,0.0,11436064000000.0,37280406000000.0,20767424000000.0,34271776000000.0,2508280000000.0,-7179000000.0,0.0,54317000000.0,,0.0
BID,2016,2,0.0,BID,balance_sheet,,7322912000000.0,,,,,,,8334736000000.0,,4434937000000.0,,,930457634000000.0,886036771000000.0,,,44420863000000.0,,6233043000000.0,,1384591000000.0,930457634000000.0,,,,,,,34187153000000.0,,,,,,464174000000.0,,,27425759000000.0,65176517000000.0,11273430000000.0,11563617000000.0,-290187000000.0,78105000000.0,647649624000000.0,657574379000000.0,-9924755000000.0,137351657000000.0,102097415000000.0,38988346000000.0,-3734104000000.0,0.0,4078067000000.0,-107304000000.0,4348045000000.0,3986691000000.0,21409957000000.0,38135002000000.0,76737106000000.0,692818664000000.0,0.0,18271442000000.0,40778128000000.0,19296429000000.0,34271776000000.0,2467998000000.0,63455000000.0,0.0,54317000000.0,,0.0
BID,2016,1,0.0,BID,balance_sheet,,6636528000000.0,,,,,,,8459969000000.0,,4472018000000.0,,,858962424000000.0,815199182000000.0,,,43763242000000.0,,5617562000000.0,,1409912000000.0,858962424000000.0,,,,,,,34187153000000.0,,,,,,532943000000.0,,,10485479000000.0,59857030000000.0,8790503000000.0,8816974000000.0,-26471000000.0,55212000000.0,614994652000000.0,623740516000000.0,-8745864000000.0,123414893000000.0,87201825000000.0,39276189000000.0,-3063121000000.0,0.0,4098657000000.0,-159582000000.0,4512993000000.0,3946976000000.0,21796140000000.0,20688427000000.0,86516836000000.0,612338872000000.0,0.0,30289566000000.0,46367519000000.0,18997962000000.0,34271776000000.0,2464005000000.0,-13000000.0,0.0,54317000000.0,,0.0
BID,2015,4,1395024000000.0,BID,balance_sheet,,6588860000000.0,,,,,,,8535138000000.0,,5250650000000.0,,,850748064000000.0,808419328000000.0,,,40933712000000.0,,4242029000000.0,,0.0,850748064000000.0,,,,,,,34187153000000.0,,,,,,539662000000.0,,,21705301000000.0,67188969000000.0,8872216000000.0,8903189000000.0,-30973000000.0,0.0,591091131000000.0,598456601000000.0,-7365470000000.0,121404980000000.0,87437078000000.0,36860978000000.0,-2893076000000.0,0.0,4870439000000.0,-159451000000.0,4554713000000.0,3980425000000.0,20110819000000.0,45401599000000.0,79750569000000.0,564588887000000.0,4067000000.0,35295248000000.0,65542241000000.0,17836717000000.0,34271776000000.0,2462392000000.0,-42485000000.0,0.0,54317000000.0,,0.0
BID,2015,3,280749000000.0,BID,balance_sheet,,5953426000000.0,,,,,,,7539734000000.0,,5333203000000.0,,,786161308000000.0,746180700000000.0,,,39699859000000.0,,3573463000000.0,,0.0,786161308000000.0,,,,,,,34187153000000.0,,,,,,592603000000.0,,,20870002000000.0,65374425000000.0,8128137000000.0,8180567000000.0,-52430000000.0,0.0,541668711000000.0,550302435000000.0,-8633724000000.0,109990720000000.0,75754506000000.0,36642071000000.0,-2405857000000.0,0.0,4906500000000.0,-165900000000.0,3787905000000.0,3751829000000.0,21302950000000.0,17864795000000.0,81232254000000.0,543117601000000.0,16569000000.0,33178175000000.0,52010756000000.0,18760550000000.0,34271776000000.0,1688186000000.0,166434000000.0,0.0,54317000000.0,,0.0
BID,2015,2,0.0,BID,balance_sheet,,6668609000000.0,,,,,,,7655824000000.0,,5052319000000.0,,,724761897000000.0,689243673000000.0,,,35244251000000.0,,2061042000000.0,,273973000000.0,724761897000000.0,,,,,,,31481237000000.0,,,,,,609653000000.0,,,25470618000000.0,49051710000000.0,3523935000000.0,3563056000000.0,-39121000000.0,13483000000.0,509015603000000.0,518252943000000.0,-9237340000000.0,98957501000000.0,70910511000000.0,30241968000000.0,-2194978000000.0,0.0,4608566000000.0,-165900000000.0,3880063000000.0,3775761000000.0,19352295000000.0,15028320000000.0,74043345000000.0,531062885000000.0,0.0,34561250000000.0,15037913000000.0,19509960000000.0,31565860000000.0,1688378000000.0,-71029000000.0,0.0,54317000000.0,,0.0
BID,2015,1,345534000000.0,BID,balance_sheet,,5688195000000.0,,,,,,,6597852000000.0,,4600920000000.0,,,662205689000000.0,626954315000000.0,,,34905840000000.0,,5116403000000.0,,0.0,662205689000000.0,,,,,,,28112026000000.0,,,,,,421871000000.0,,,13506646000000.0,42726263000000.0,12475047000000.0,12511164000000.0,-36117000000.0,81772000000.0,457574958000000.0,465174747000000.0,-7599789000000.0,95913981000000.0,76404660000000.0,21210949000000.0,-1701628000000.0,0.0,4318309000000.0,-139260000000.0,3390731000000.0,3207121000000.0,23040055000000.0,14830009000000.0,87986471000000.0,463566173000000.0,0.0,31403272000000.0,15462751000000.0,13705639000000.0,28142332000000.0,1656813000000.0,-9708000000.0,0.0,0.0,,0.0
BID,2014,4,335673366369.0,BID,balance_sheet,,5393845132561.0,,,,,,,6672040369041.0,,4797057753676.0,,,650363736768585.0,616661021923886.0,,,33367041478330.0,,3600257285391.0,,0.0,650363736768585.0,,,,,,,28112026440000.0,,,,,,621834614467.0,,,23097742685911.0,50062367254860.0,8430818138551.0,8461175274232.0,-30357135681.0,0.0,439154335637787.0,445693100274482.0,-6538764636695.0,91635095276938.0,73993122223310.0,19528126873965.0,-1886153820337.0,0.0,4314382882338.0,-139159743129.0,3458405190716.0,3213635178325.0,21120434519260.0,20120993119037.0,86186208632007.0,440471588952563.0,74760347252.0,35445267393686.0,20077031075455.0,14285172403886.0,28142332545741.0,1654965930923.0,-30514283725.0,0.0,0.0,,0.0
BID,2014,3,327825111521.0,BID,balance_sheet,,4417070321775.0,,,,,,,5305594023826.0,,4773356345958.0,,,598942480881498.0,566567026485216.0,,,32047629284761.0,,3088170271308.0,,0.0,598942480881498.0,,,,,,,28112026440000.0,,,,,,769791254077.0,,,9661712400147.0,58136897854357.0,4280292881444.0,4304663545126.0,-24370663682.0,0.0,405158201205955.0,412433580390187.0,-7275379184232.0,82628439433797.0,66138736765178.0,17506578203131.0,-1016875534512.0,0.0,4279500854520.0,-275935762639.0,3046549727331.0,2259044296495.0,24580916414239.0,22597070499800.0,60113441405536.0,399573612418733.0,143527380727.0,43255525190089.0,25315029333153.0,15568820257178.0,28142332545741.0,953446912291.0,-136320444579.0,0.0,0.0,,0.0
BID,2014,2,0.0,BID,balance_sheet,,4736256000000.0,,,,,,,5110431000000.0,,4503292000000.0,,,578648864000000.0,545214944000000.0,,,33132937000000.0,,4167028000000.0,,300983000000.0,578648864000000.0,,,,,,,28112026000000.0,,,,,,884339000000.0,,,7462050000000.0,57060069000000.0,9660200000000.0,9685700000000.0,-25500000000.0,79330000000.0,389653363000000.0,397428424000000.0,-7775061000000.0,77445307000000.0,63457784000000.0,15012287000000.0,-1024764000000.0,0.0,3894889000000.0,-275936000000.0,2846382000000.0,2264049000000.0,22938566000000.0,18169197000000.0,60267895000000.0,385786476000000.0,0.0,44154994000000.0,22412453000000.0,14423929000000.0,28142332000000.0,953096000000.0,-129519000000.0,0.0,0.0,,0.0
BID,2014,1,299056041275.0,BID,balance_sheet,,4376772243275.0,,,,,,,5143847091683.0,,4452745072013.0,,,572262674167788.0,538513167556490.0,,,33450450570023.0,,5107795075025.0,,0.0,572262674167788.0,,,,,,,28112026440000.0,,,,,,890856354573.0,,,5222710412317.0,58123897078404.0,6848901405284.0,6875211395347.0,-26309990063.0,196292920017.0,391709209268135.0,398286825653714.0,-6577616385579.0,73672315958697.0,60212381952115.0,13795032653452.0,-335098646870.0,0.0,3890328532263.0,-328439814823.0,2635453042162.0,2277232939144.0,22515982717963.0,13818593716474.0,60532721095504.0,357856434472944.0,0.0,62488422000038.0,30279326574564.0,13537669696966.0,28142022298214.0,379082798591.0,-178449601807.0,0.0,0.0,,231161110377.0
BID,2013,4,251641794661.0,BID,balance_sheet,,3862685505457.0,,,,,,,5201099269778.0,,4392181501154.0,,,548511388913930.0,516190106708006.0,,,32069640411263.0,,3607119102085.0,,0.0,548511388913930.0,,,,,,,28112026440000.0,,,,,,919192338277.0,,,12834854572235.0,47658555007240.0,1557981904571.0,1590265825547.0,-32283920976.0,239871757696.0,384837316274769.0,391036377109713.0,-6199060834944.0,68072439463129.0,56842104511595.0,11565433619404.0,-335098667870.0,3285985103965.0,516012045049.0,-329007986137.0,2682617164535.0,2277772316462.0,19854403657901.0,16495829820479.0,47565279691092.0,339135417772422.0,0.0,67245420369600.0,33254352912209.0,12493806142204.0,28142022232024.0,377911591283.0,-57412514129.0,0.0,0.0,,240709788781.0
BID,2013,3,247897766732.0,BID,balance_sheet,,3862884937323.0,,,,,,,3941363357808.0,,4474698516158.0,,,535794170465457.0,504100741267799.0,,,31445531430926.0,,2915622075831.0,,0.0,535794170465457.0,,,,,,,28112026440000.0,,,,,,996547739413.0,,,10893623319431.0,50176564453447.0,2378214841937.0,2413220373396.0,-35005531459.0,153050923789.0,365890278107671.0,373204758176067.0,-7314480068396.0,73779409221314.0,65557836725344.0,8605320159816.0,-383747663846.0,0.0,3857099352167.0,-378948575422.0,1554454250315.0,2164113399422.0,20244082786579.0,11045181141748.0,50805407296558.0,340844002386515.0,0.0,71671491285417.0,17707793001281.0,12026866156280.0,28142022232024.0,378152761974.0,9734361097.0,0.0,0.0,,222795708071.0
BID,2013,2,0.0,BID,balance_sheet,,4230051000000.0,,,,,,,3978991000000.0,,4415372000000.0,,,520714645000000.0,492377891000000.0,,,28121804000000.0,,3346300000000.0,,214950000000.0,520714645000000.0,,,,,,,23011705000000.0,,,,,,996095000000.0,,,12349356000000.0,47882191000000.0,7434733000000.0,7469896000000.0,-35163000000.0,0.0,357424628000000.0,364771312000000.0,-7346684000000.0,64778643000000.0,58292286000000.0,6900105000000.0,-413748000000.0,0.0,3794423000000.0,-375146000000.0,1581814000000.0,2155835000000.0,18220680000000.0,10567921000000.0,45326779000000.0,335008850000000.0,201947000000.0,71967828000000.0,16746811000000.0,12557755000000.0,24429611000000.0,378444000000.0,-32551000000.0,0.0,1387910000000.0,,241342000000.0
BID,2013,1,213312453665.0,BID,balance_sheet,,3883141865081.0,,,,,,,4121447269072.0,,4321888962793.0,,,485923015573649.0,458051255802627.0,,,27658447317357.0,,2884798156159.0,,0.0,485923015573649.0,,,,,,,23011705420000.0,,,,,,996094955709.0,,,9081807858871.0,46665541100396.0,6887446680897.0,6933326108463.0,-45879427566.0,0.0,338146075537069.0,344893379493348.0,-6747303956279.0,55358065299878.0,54009169173259.0,1782225799086.0,-433329672467.0,0.0,3693410693042.0,-367616685958.0,1692911345808.0,2159612558351.0,17457600999592.0,8750599136245.0,39763896262580.0,320039353795861.0,206720515676.0,60900062741698.0,16832873155022.0,11557750195545.0,24429610794226.0,375848066787.0,-31809699815.0,0.0,1387909582202.0,,268923364913.0
CTG,2025,4,0.0,CTG,balance_sheet,,12583484000000.0,,,,,,,10826743000000.0,,4428296000000.0,,,2767699300000000.0,2588058119000000.0,,,179641181000000.0,,58201597000000.0,,1206433000000.0,2767699300000000.0,,,,,,,77669446000000.0,,,,,,234462000000.0,,,35225543000000.0,476487530000000.0,2942431000000.0,3044151000000.0,-101720000000.0,228448000000.0,1957462503000000.0,1992272868000000.0,-34810365000000.0,211880390000000.0,203605111000000.0,8806918000000.0,-531639000000.0,,4193834000000.0,0.0,6729017000000.0,4097726000000.0,55633932000000.0,144592357000000.0,417724115000000.0,1793732057000000.0,0.0,2113898000000.0,174030352000000.0,55865340000000.0,88218675000000.0,31651728000000.0,362748000000.0,,1574563000000.0,,
CTG,2025,3,0.0,CTG,balance_sheet,,11927654000000.0,,,,,,,9979231000000.0,,4385480000000.0,,,2761550938000000.0,2591669938000000.0,,,169881000000000.0,,78693609000000.0,,1165959000000.0,2761550938000000.0,,,,,,,53699917000000.0,,,,,,234462000000.0,,,26381835000000.0,487526891000000.0,2624628000000.0,2727659000000.0,-103031000000.0,223329000000.0,1952226906000000.0,1990563217000000.0,-38336311000000.0,218460721000000.0,204922227000000.0,14068921000000.0,-530427000000.0,,4158353000000.0,-7335000000.0,6091227000000.0,3888004000000.0,47814263000000.0,167351110000000.0,412057260000000.0,1775527421000000.0,0.0,2117928000000.0,182199719000000.0,52416500000000.0,64249146000000.0,25361600000000.0,410686000000.0,,1574563000000.0,,
CTG,2025,2,0.0,CTG,balance_sheet,,11463197000000.0,,,,,,,9957216000000.0,,4231173000000.0,,,2609788006000000.0,2445961810000000.0,,,163826196000000.0,,72903163000000.0,,1102280000000.0,2609788006000000.0,,,,,,,53699917000000.0,,,,,,234462000000.0,,,13692083000000.0,428879341000000.0,2209173000000.0,2326459000000.0,-117286000000.0,0.0,1865914070000000.0,1899351501000000.0,-33437431000000.0,227708956000000.0,208353252000000.0,19874993000000.0,-519289000000.0,,4004046000000.0,-7335000000.0,6117422000000.0,3839794000000.0,45732797000000.0,138527513000000.0,306985657000000.0,1719957759000000.0,641551000000.0,2163542000000.0,227953926000000.0,49731862000000.0,64067733000000.0,25343661000000.0,409359000000.0,,1393150000000.0,,
CTG,2025,1,0.0,CTG,balance_sheet,,11517746000000.0,,,,,,,9800697000000.0,,4071083000000.0,,,2469863401000000.0,2315881229000000.0,,,153982172000000.0,,63803161000000.0,,1051241000000.0,2469863401000000.0,,,,,,,53699917000000.0,,,,,,234462000000.0,,,13043069000000.0,406579256000000.0,3066934000000.0,3211458000000.0,-144524000000.0,0.0,1762190229000000.0,1800459242000000.0,-38269013000000.0,215370170000000.0,191116235000000.0,24769426000000.0,-515491000000.0,,3843956000000.0,-7335000000.0,5998739000000.0,3801958000000.0,44224217000000.0,138574667000000.0,309038693000000.0,1621227454000000.0,532504000000.0,2115411000000.0,203356202000000.0,41036298000000.0,63583999000000.0,25314098000000.0,229673000000.0,,909405000000.0,,
CTG,2024,4,0.0,CTG,balance_sheet,,11147549000000.0,,,,,,,10002157000000.0,,3933844000000.0,,,2385387732000000.0,2236883024000000.0,,,148504708000000.0,,58390118000000.0,,970729000000.0,2385387732000000.0,,,,,,,53699917000000.0,,,,,,234462000000.0,,,34431657000000.0,378482885000000.0,2798875000000.0,2990692000000.0,-191817000000.0,0.0,1685290589000000.0,1721954714000000.0,-36664125000000.0,214607153000000.0,188557477000000.0,26635861000000.0,-586185000000.0,,3706673000000.0,-7291000000.0,6149216000000.0,3852941000000.0,44693023000000.0,154284104000000.0,276141255000000.0,1606316685000000.0,390841000000.0,2179950000000.0,151678090000000.0,45892099000000.0,63583999000000.0,25316757000000.0,243105000000.0,,909405000000.0,,
CTG,2024,3,0.0,CTG,balance_sheet,,10239086000000.0,,,,,,,9622806000000.0,,3761550000000.0,,,2229791111000000.0,2088805155000000.0,,,140985956000000.0,,57471783000000.0,,890808000000.0,2229791111000000.0,,,,,,,53699917000000.0,,,,,,234462000000.0,,,26611768000000.0,378231233000000.0,3234357000000.0,3417931000000.0,-183574000000.0,350654000000.0,1569844441000000.0,1605381436000000.0,-35536995000000.0,181055780000000.0,159435714000000.0,22215768000000.0,-595702000000.0,,3541519000000.0,-14431000000.0,5780898000000.0,3841908000000.0,46839436000000.0,95457490000000.0,298636949000000.0,1516890438000000.0,0.0,2104778000000.0,131825535000000.0,43889965000000.0,63510626000000.0,19077178000000.0,35561000000.0,,836032000000.0,,
CTG,2024,2,0.0,CTG,balance_sheet,,9457900000000.0,,,,,,,9763538000000.0,,3743822000000.0,,,2161436302000000.0,2025463448000000.0,,,135972854000000.0,,52284565000000.0,,924155000000.0,2161436302000000.0,,,,,,,53699917000000.0,,,,,,234462000000.0,,,28980462000000.0,351233814000000.0,2259106000000.0,2439833000000.0,-180727000000.0,0.0,1543489193000000.0,1571529403000000.0,-28040210000000.0,159855150000000.0,149246016000000.0,11003443000000.0,-394309000000.0,,3523791000000.0,-14431000000.0,5870057000000.0,3893481000000.0,52653317000000.0,111854927000000.0,297408527000000.0,1466830363000000.0,1378025000000.0,2232594000000.0,100256876000000.0,45502136000000.0,63510626000000.0,19070977000000.0,182531000000.0,,836032000000.0,,
CTG,2024,1,0.0,CTG,balance_sheet,,9408384000000.0,,,,,,,9921221000000.0,,3530248000000.0,,,2077615056000000.0,1947032568000000.0,,,130582488000000.0,,46998456000000.0,,899613000000.0,2077615056000000.0,,,,,,,53699917000000.0,,,,,,234462000000.0,,,17340570000000.0,332707091000000.0,1935074000000.0,2119491000000.0,-184417000000.0,265425000000.0,1483622353000000.0,1514397585000000.0,-30775232000000.0,164156445000000.0,158650480000000.0,5865343000000.0,-359378000000.0,,3310217000000.0,-14431000000.0,5961800000000.0,3959421000000.0,54728245000000.0,46137063000000.0,325515909000000.0,1427664878000000.0,0.0,2201409000000.0,101543990000000.0,43969319000000.0,63510626000000.0,19048471000000.0,125322000000.0,,836032000000.0,,
CTG,2023,4,0.0,CTG,balance_sheet,,9759580000000.0,,,,,,,10125534000000.0,,3426624000000.0,,,2032690017000000.0,1905119435000000.0,,,127570582000000.0,,44054853000000.0,,861317000000.0,2032690017000000.0,,,,,,,53699917000000.0,,,,,,234462000000.0,,,40597059000000.0,279841639000000.0,2487905000000.0,2676130000000.0,-188225000000.0,0.0,1445571643000000.0,1473344564000000.0,-27772921000000.0,181310531000000.0,180695473000000.0,864999000000.0,-249941000000.0,,3206452000000.0,-14290000000.0,6133262000000.0,3992272000000.0,59569502000000.0,21814105000000.0,304424134000000.0,1410899038000000.0,555946000000.0,2237779000000.0,115375727000000.0,49812706000000.0,63510626000000.0,19056816000000.0,86970000000.0,,836032000000.0,,
CTG,2023,3,0.0,CTG,balance_sheet,,9468579000000.0,,,,,,,9766512000000.0,,3287036000000.0,,,1888338295000000.0,1766333172000000.0,,,122005123000000.0,,47147795000000.0,,837568000000.0,1888338295000000.0,,,,,,,48057506000000.0,,,,,,234462000000.0,,,34735212000000.0,254955175000000.0,1567526000000.0,1769594000000.0,-202068000000.0,0.0,1353619192000000.0,1386280071000000.0,-32660879000000.0,163427518000000.0,162251506000000.0,1266778000000.0,-90766000000.0,,3070755000000.0,-18181000000.0,5791752000000.0,3974760000000.0,57511545000000.0,21577020000000.0,288612623000000.0,1310323594000000.0,50406000000.0,2498010000000.0,87878620000000.0,55392899000000.0,57868215000000.0,16089954000000.0,61591000000.0,,836032000000.0,,
CTG,2023,2,0.0,CTG,balance_sheet,,10173535000000.0,,,,,,,9867790000000.0,,3269660000000.0,,,1860104522000000.0,1742044149000000.0,,,118060373000000.0,,43293999000000.0,,805548000000.0,1860104522000000.0,,,,,,,48057506000000.0,,,,,,234462000000.0,,,23584485000000.0,230782730000000.0,1441612000000.0,1622489000000.0,-180877000000.0,1370944000000.0,1330128708000000.0,1359356681000000.0,-29227973000000.0,193231588000000.0,192015273000000.0,1266778000000.0,-50463000000.0,,3053379000000.0,-18181000000.0,5842698000000.0,4025092000000.0,56253470000000.0,5438198000000.0,263937809000000.0,1310048451000000.0,0.0,2406112000000.0,112618359000000.0,47595220000000.0,57868215000000.0,16085751000000.0,6860000000.0,,836032000000.0,,
CTG,2023,1,0.0,CTG,balance_sheet,,10509894000000.0,,,,,,,10057208000000.0,,3547286000000.0,,,1823962183000000.0,1711017010000000.0,,,112945173000000.0,,38167405000000.0,,758783000000.0,1823962183000000.0,,,,,,,48057506000000.0,,,,,,234462000000.0,,,22479729000000.0,207791425000000.0,1145892000000.0,1368952000000.0,-223060000000.0,2157082000000.0,1303638965000000.0,1333109461000000.0,-29470496000000.0,200464866000000.0,198828280000000.0,1696778000000.0,-60192000000.0,,3331005000000.0,-18181000000.0,5966505000000.0,4090703000000.0,62169836000000.0,100058595000000.0,177278728000000.0,1272350383000000.0,0.0,2318712000000.0,111592448000000.0,47418144000000.0,57868215000000.0,16075417000000.0,75353000000.0,,836032000000.0,,
CTG,2022,4,0.0,CTG,balance_sheet,,11066956000000.0,,,,,,,10202191000000.0,,3586415000000.0,,,1809188549000000.0,1700883827000000.0,,,108304722000000.0,,33487474000000.0,,743527000000.0,1809188549000000.0,,,,,,,48057506000000.0,,,,,,302650000000.0,,,29727110000000.0,243099096000000.0,1419789000000.0,1622967000000.0,-203178000000.0,3077852000000.0,1245057876000000.0,1274821709000000.0,-29763833000000.0,180312848000000.0,178685028000000.0,1696778000000.0,-68958000000.0,,3303160000000.0,-19395000000.0,6047480000000.0,4154711000000.0,81638416000000.0,104779302000000.0,210159957000000.0,1249181034000000.0,0.0,2392201000000.0,91370419000000.0,43000914000000.0,57868215000000.0,16084513000000.0,120993000000.0,,836032000000.0,,
CTG,2022,3,0.0,CTG,balance_sheet,,10642176000000.0,,,,,,,10007629000000.0,,3484883000000.0,,,1750789603000000.0,1644680947000000.0,,,106108656000000.0,,33954333000000.0,,730309000000.0,1750789603000000.0,,,,,,,48057506000000.0,,,,,,234462000000.0,,,14378541000000.0,238664064000000.0,1174872000000.0,1330176000000.0,-155304000000.0,6466331000000.0,1205989335000000.0,1245238538000000.0,-39249203000000.0,187035417000000.0,185475277000000.0,1696926000000.0,-136786000000.0,,3271614000000.0,-21193000000.0,5847374000000.0,4160255000000.0,72946355000000.0,98639999000000.0,232869143000000.0,1189722937000000.0,0.0,2428762000000.0,80824047000000.0,40196059000000.0,57612478000000.0,13657091000000.0,154445000000.0,,580298000000.0,,
CTG,2022,2,0.0,CTG,balance_sheet,,9828518000000.0,,,,,,,10122739000000.0,,3330367000000.0,,,1691061895000000.0,1588279814000000.0,,,102782081000000.0,,30646543000000.0,,748973000000.0,1691061895000000.0,,,,,,,48057506000000.0,,,,,,234462000000.0,,,25161218000000.0,188515680000000.0,1262081000000.0,1275396000000.0,-13315000000.0,7482072000000.0,1206862124000000.0,1238483280000000.0,-31621156000000.0,178123432000000.0,175554195000000.0,2696926000000.0,-127689000000.0,,3117098000000.0,-21193000000.0,5912813000000.0,4209926000000.0,60373664000000.0,59478812000000.0,217176920000000.0,1205567462000000.0,0.0,2460313000000.0,65446788000000.0,38149519000000.0,57612492000000.0,13658609000000.0,115464000000.0,,580298000000.0,,
CTG,2022,1,0.0,CTG,balance_sheet,,9731856000000.0,,,,,,,10273641000000.0,,3410049000000.0,,,1663730167000000.0,1565433744000000.0,,,98296423000000.0,,26125429000000.0,,724536000000.0,1663730167000000.0,,,,,,,48057506000000.0,,,,,,234462000000.0,,,19945813000000.0,177089244000000.0,4169069000000.0,4256339000000.0,-87270000000.0,3329136000000.0,1199357414000000.0,1229579098000000.0,-30221684000000.0,182530487000000.0,180142378000000.0,2696932000000.0,-308823000000.0,,3196780000000.0,-21193000000.0,6035257000000.0,4238384000000.0,53893458000000.0,51244665000000.0,194897542000000.0,1212678007000000.0,0.0,2457433000000.0,67896785000000.0,36259312000000.0,57548112000000.0,13672052000000.0,226294000000.0,,515908000000.0,,
CTG,2021,4,0.0,CTG,balance_sheet,,11330659000000.0,,,,,,,10496153000000.0,,3290088000000.0,,,1531468324000000.0,1437815206000000.0,,,93653118000000.0,,21493885000000.0,,695192000000.0,1531468324000000.0,,,,,,,48057506000000.0,,,,,,240662000000.0,,,23383443000000.0,149265358000000.0,2475309000000.0,2522807000000.0,-47498000000.0,1454790000000.0,1104872766000000.0,1130667767000000.0,-25795001000000.0,177544548000000.0,174973469000000.0,2696832000000.0,-125753000000.0,,3073356000000.0,-23930000000.0,6192823000000.0,4303330000000.0,47355210000000.0,33294404000000.0,138833846000000.0,1161796827000000.0,0.0,2527930000000.0,64496785000000.0,36865414000000.0,57548112000000.0,13667287000000.0,248642000000.0,,515908000000.0,,
CTG,2021,3,0.0,CTG,balance_sheet,,9843822000000.0,,,,,,,10251153000000.0,,3221319000000.0,,,1447809011000000.0,1352207779000000.0,,,95601232000000.0,,25386698000000.0,,630303000000.0,1447809011000000.0,,,,,,,48057506000000.0,,,,,,240662000000.0,,,27798897000000.0,112616156000000.0,3931998000000.0,4084278000000.0,-152280000000.0,1312378000000.0,1063141547000000.0,1084605792000000.0,-21464245000000.0,169797283000000.0,167390277000000.0,2616811000000.0,-209805000000.0,,3004587000000.0,-23930000000.0,5985898000000.0,4265255000000.0,45894458000000.0,17290591000000.0,160353249000000.0,1072892689000000.0,0.0,2554400000000.0,70193874000000.0,28922976000000.0,57548112000000.0,11612828000000.0,423291000000.0,,515908000000.0,,
CTG,2021,2,0.0,CTG,balance_sheet,,8952203000000.0,,,,,,,10424057000000.0,,3151500000000.0,,,1473013792000000.0,1379766341000000.0,,,93247451000000.0,,33775594000000.0,,624447000000.0,1473013792000000.0,,,,,,,37234046000000.0,,,,,,240662000000.0,,,37858344000000.0,152888570000000.0,3375866000000.0,3455359000000.0,-79493000000.0,1441177000000.0,1057905018000000.0,1076580794000000.0,-18675776000000.0,153323706000000.0,151148357000000.0,2616789000000.0,-441440000000.0,,2934768000000.0,-23930000000.0,6099543000000.0,4324514000000.0,43693351000000.0,79885745000000.0,164527010000000.0,1039512563000000.0,0.0,2654011000000.0,64960567000000.0,28226445000000.0,46724652000000.0,11616766000000.0,505992000000.0,,515908000000.0,,
CTG,2021,1,0.0,CTG,balance_sheet,,8512099000000.0,,,,,,,10594037000000.0,,3470443000000.0,,,1343984509000000.0,1252147404000000.0,,,91837105000000.0,,32438131000000.0,,602621000000.0,1343984509000000.0,,,,,,,37234046000000.0,,,,,,240662000000.0,,,10213007000000.0,139620432000000.0,1714943000000.0,1794656000000.0,-79713000000.0,2494187000000.0,1003228487000000.0,1017140022000000.0,-13911535000000.0,124271909000000.0,122125838000000.0,2616788000000.0,-470717000000.0,,3253711000000.0,-23930000000.0,6248344000000.0,4345693000000.0,39864965000000.0,33117292000000.0,123597851000000.0,1003700363000000.0,0.0,2685092000000.0,59875570000000.0,29171236000000.0,46724652000000.0,11605409000000.0,466292000000.0,,515908000000.0,,
CTG,2020,4,0.0,CTG,balance_sheet,,9930181000000.0,,,,,,,10810593000000.0,,3321069000000.0,,,1341392922000000.0,1255997908000000.0,,,85395014000000.0,,25984590000000.0,,598693000000.0,1341392922000000.0,,,,,,,37234046000000.0,,,,,,240662000000.0,,,57616650000000.0,102532918000000.0,5601747000000.0,5723160000000.0,-121413000000.0,137122000000.0,1002770924000000.0,1015333270000000.0,-12562346000000.0,114941998000000.0,112677836000000.0,2616778000000.0,-352616000000.0,,3113631000000.0,-33224000000.0,6408904000000.0,4401689000000.0,33729720000000.0,44597188000000.0,128519115000000.0,990331385000000.0,0.0,2733251000000.0,59875570000000.0,29941399000000.0,46724652000000.0,11605298000000.0,481781000000.0,,515908000000.0,,
CTG,2020,3,0.0,CTG,balance_sheet,,8128568000000.0,,,,,,,10596961000000.0,,3201275000000.0,,,1261204481000000.0,1177882018000000.0,,,83322463000000.0,,25895094000000.0,,569094000000.0,1261204481000000.0,,,,,,,37234046000000.0,,,,,,240662000000.0,,,17214434000000.0,128657592000000.0,3486087000000.0,3729764000000.0,-243677000000.0,587411000000.0,942889055000000.0,958011088000000.0,-15122033000000.0,110486984000000.0,104996531000000.0,9289880000000.0,-3799427000000.0,,2993837000000.0,-33224000000.0,6212644000000.0,4384317000000.0,35956114000000.0,14715033000000.0,125879374000000.0,939175387000000.0,0.0,5660599000000.0,63075573000000.0,29376052000000.0,46724652000000.0,9606249000000.0,527374000000.0,,515908000000.0,,
CTG,2020,2,0.0,CTG,balance_sheet,,8172306000000.0,,,,,,,10795062000000.0,,3122888000000.0,,,1239556783000000.0,1158537342000000.0,,,81019441000000.0,,23579527000000.0,,564100000000.0,1239556783000000.0,,,,,,,37234046000000.0,,,,,,240662000000.0,,,12877566000000.0,130011162000000.0,1720065000000.0,1939636000000.0,-219571000000.0,461071000000.0,928563088000000.0,941487524000000.0,-12924436000000.0,108755067000000.0,103400956000000.0,9259865000000.0,-3905754000000.0,,2915450000000.0,-33224000000.0,6335805000000.0,4459257000000.0,35078508000000.0,44380201000000.0,113721935000000.0,913319796000000.0,0.0,5703857000000.0,51266354000000.0,30145199000000.0,46724637000000.0,9607617000000.0,543560000000.0,,515908000000.0,,
CTG,2020,1,0.0,CTG,balance_sheet,,7357800000000.0,,,,,,,11009239000000.0,,3444235000000.0,,,1222651543000000.0,1143840309000000.0,,,78811234000000.0,,21287557000000.0,,551673000000.0,1222651543000000.0,,,,,,,37234046000000.0,,,,,,240662000000.0,,,25157456000000.0,126351102000000.0,1062874000000.0,1402836000000.0,-339962000000.0,0.0,910544322000000.0,923623069000000.0,-13078747000000.0,104957339000000.0,98083693000000.0,12244371000000.0,-5370725000000.0,,3203573000000.0,0.0,6492772000000.0,4516467000000.0,32767176000000.0,64983557000000.0,91560433000000.0,895750503000000.0,150870000000.0,5812081000000.0,57066368000000.0,28516497000000.0,46724637000000.0,9605683000000.0,641684000000.0,,515908000000.0,,
CTG,2019,4,0.0,CTG,balance_sheet,,8282726000000.0,,,,,,,10996975000000.0,,3352087000000.0,,,1240789413000000.0,1163433833000000.0,,,77355580000000.0,,19837055000000.0,,562770000000.0,1240789413000000.0,,,,,,,37234046000000.0,,,,,,335122000000.0,,,24873714000000.0,129315202000000.0,3825374000000.0,4051245000000.0,-225871000000.0,469712000000.0,922330111000000.0,935270945000000.0,-12940834000000.0,104614674000000.0,97131414000000.0,15367993000000.0,-7884733000000.0,,3016965000000.0,0.0,6422382000000.0,4574593000000.0,32728838000000.0,70602893000000.0,109483059000000.0,892782111000000.0,0.0,5775899000000.0,57066353000000.0,27723518000000.0,46724182000000.0,9606080000000.0,625493000000.0,,515453000000.0,,
CTG,2019,3,0.0,CTG,balance_sheet,,9126688000000.0,,,,,,,10246291000000.0,,3363900000000.0,,,1202209786000000.0,1127331143000000.0,,,74878643000000.0,,18752062000000.0,,561275000000.0,1202209786000000.0,,,,,,,37234046000000.0,,,,,,348122000000.0,,,23706522000000.0,124579397000000.0,6156938000000.0,6335465000000.0,-178527000000.0,166316000000.0,882446539000000.0,899056206000000.0,-16609667000000.0,107800001000000.0,97943709000000.0,16013551000000.0,-6157259000000.0,,3016965000000.0,-1187000000.0,5852656000000.0,4393635000000.0,34617194000000.0,73504342000000.0,93380834000000.0,865466194000000.0,0.0,5816935000000.0,55116359000000.0,34046479000000.0,46724637000000.0,8178233000000.0,662436000000.0,,515893000000.0,,
CTG,2019,2,0.0,CTG,balance_sheet,,7557058000000.0,,,,,,,10513334000000.0,,3280430000000.0,,,1183795177000000.0,1111297934000000.0,,,72497243000000.0,,16231997000000.0,,588697000000.0,1183795177000000.0,,,,,,,37234046000000.0,,,,,,264652000000.0,,,31819095000000.0,120643395000000.0,8176232000000.0,8329452000000.0,-153220000000.0,275014000000.0,872427307000000.0,885535114000000.0,-13107807000000.0,93309850000000.0,83477464000000.0,16013551000000.0,-6181165000000.0,,3016965000000.0,-1187000000.0,5911147000000.0,4602187000000.0,35793462000000.0,71482368000000.0,96386168000000.0,846859983000000.0,0.0,5901876000000.0,59516363000000.0,31151176000000.0,46729363000000.0,8178825000000.0,768361000000.0,,520619000000.0,,
CTG,2019,1,0.0,CTG,balance_sheet,,7159806000000.0,,,,,,,10923490000000.0,,3572318000000.0,,,1146773760000000.0,1076648264000000.0,,,70125496000000.0,,14512713000000.0,,307145000000.0,1146773760000000.0,,,,,,,37234046000000.0,,,,,,557045000000.0,,,32079140000000.0,110916146000000.0,4873810000000.0,4969738000000.0,-95928000000.0,317945000000.0,845319469000000.0,861590291000000.0,-16270822000000.0,96965471000000.0,83506493000000.0,16238985000000.0,-2780007000000.0,,3016965000000.0,-1692000000.0,6031026000000.0,4892464000000.0,34646165000000.0,58048220000000.0,95782417000000.0,824612550000000.0,0.0,5906646000000.0,46216359000000.0,46082072000000.0,46416214000000.0,8172689000000.0,716735000000.0,,207470000000.0,,
CTG,2018,4,0.0,CTG,balance_sheet,,7028347000000.0,,,,,,,11114703000000.0,,3310455000000.0,,,1164318266000000.0,1096849459000000.0,,,67468807000000.0,,12009703000000.0,,300324000000.0,1164318266000000.0,,,,,,,37234046000000.0,,,,,,412645000000.0,,,23182208000000.0,130562013000000.0,3249935000000.0,3379561000000.0,-129626000000.0,281166000000.0,851921034000000.0,864925948000000.0,-13004914000000.0,101947808000000.0,88416344000000.0,16227592000000.0,-2696128000000.0,,2899502000000.0,-1692000000.0,6193478000000.0,4921225000000.0,31720597000000.0,62600159000000.0,110873268000000.0,825816119000000.0,0.0,5934029000000.0,46216359000000.0,45409525000000.0,46416214000000.0,8153616000000.0,588950000000.0,,207470000000.0,,
CTG,2018,3,0.0,CTG,balance_sheet,,6945214000000.0,,,,,,,11065778000000.0,,3276573000000.0,,,1172517257000000.0,1102602132000000.0,,,69915125000000.0,,15153067000000.0,,311632000000.0,1172517257000000.0,,,,,,,37234046000000.0,,,,,,412645000000.0,,,7990998000000.0,103957229000000.0,1772106000000.0,1844309000000.0,-72203000000.0,104283000000.0,875799289000000.0,891617481000000.0,-15818192000000.0,124180204000000.0,121913144000000.0,2770774000000.0,-503714000000.0,,2865620000000.0,-1692000000.0,6117501000000.0,4948277000000.0,37425583000000.0,60513882000000.0,123346939000000.0,825749141000000.0,0.0,6598132000000.0,41116885000000.0,45277153000000.0,46208744000000.0,7559591000000.0,682091000000.0,,0.0,,
CTG,2018,2,0.0,CTG,balance_sheet,,8080738000000.0,,,,,,,11214019000000.0,,3141561000000.0,,,1140117457000000.0,1072074994000000.0,,,68042463000000.0,,13372385000000.0,,310209000000.0,1140117457000000.0,,,,,,,37234046000000.0,,,,,,412645000000.0,,,4381164000000.0,82099838000000.0,3113598000000.0,3166704000000.0,-53106000000.0,0.0,855081224000000.0,867566175000000.0,-12484951000000.0,137510740000000.0,135336693000000.0,2651129000000.0,-477082000000.0,,2730608000000.0,-1692000000.0,6212443000000.0,5001576000000.0,35494575000000.0,50176449000000.0,84202709000000.0,852447029000000.0,98116000000.0,6545121000000.0,31116883000000.0,47488687000000.0,46208756000000.0,7493676000000.0,657437000000.0,,0.0,,
CTG,2018,1,0.0,CTG,balance_sheet,,6458767000000.0,,,,,,,11262193000000.0,,3214509000000.0,,,1114094907000000.0,1047923020000000.0,,,66171887000000.0,,11603442000000.0,,305983000000.0,1114094907000000.0,,,,,,,37234046000000.0,,,,,,412645000000.0,,,14178763000000.0,104458035000000.0,4331351000000.0,4355055000000.0,-23704000000.0,651838000000.0,816310042000000.0,826357266000000.0,-10047224000000.0,118456926000000.0,116258348000000.0,2726748000000.0,-528170000000.0,,2805312000000.0,-3448000000.0,6253885000000.0,5008308000000.0,34772483000000.0,28084689000000.0,111967071000000.0,789272736000000.0,0.0,6500627000000.0,22501764000000.0,89596133000000.0,46208756000000.0,7484222000000.0,569484000000.0,,0.0,,
CTG,2017,4,0.0,CTG,balance_sheet,,5979830000000.0,,,,,,,11436527000000.0,,3114101000000.0,,,1095022339000000.0,1031336939000000.0,,,63685400000000.0,,9165251000000.0,,295669000000.0,1095022339000000.0,,,,,,,37234046000000.0,,,,,,412645000000.0,,,20756531000000.0,107505056000000.0,3528982000000.0,3602443000000.0,-73461000000.0,528762000000.0,782385040000000.0,790688059000000.0,-8303019000000.0,128389636000000.0,125756532000000.0,5133392000000.0,-2500288000000.0,,2704255000000.0,-2799000000.0,6386736000000.0,5049791000000.0,31397874000000.0,15206899000000.0,115655865000000.0,752370223000000.0,0.0,6426742000000.0,22501773000000.0,119175437000000.0,46208756000000.0,7465123000000.0,550601000000.0,,0.0,,
CTG,2017,3,0.0,CTG,balance_sheet,,6375509000000.0,,,,,,,10275456000000.0,,3239497000000.0,,,1062291875000000.0,1000011803000000.0,,,62280072000000.0,,8796990000000.0,,276119000000.0,1062291875000000.0,,,,,,,37234046000000.0,,,,,,430445000000.0,,,21320447000000.0,92536624000000.0,9007324000000.0,9065251000000.0,-57927000000.0,346083000000.0,753886890000000.0,763162857000000.0,-9275967000000.0,134021142000000.0,128893650000000.0,10804856000000.0,-5677364000000.0,,2811851000000.0,-2799000000.0,6112979000000.0,4162477000000.0,31282903000000.0,30734153000000.0,113113780000000.0,725041404000000.0,0.0,6460570000000.0,18302221000000.0,106359675000000.0,46208756000000.0,6433568000000.0,564639000000.0,,0.0,,
CTG,2017,2,0.0,CTG,balance_sheet,,6380043000000.0,,,,,,,10276171000000.0,,3179094000000.0,,,1035620544000000.0,975300484000000.0,,,60320060000000.0,,6897572000000.0,,274727000000.0,1035620544000000.0,,,,,,,37234046000000.0,,,,,,430445000000.0,,,16210207000000.0,107779682000000.0,9818635000000.0,9890844000000.0,-72209000000.0,411572000000.0,721967181000000.0,730050316000000.0,-8083135000000.0,129430973000000.0,123578024000000.0,11041106000000.0,-5188157000000.0,,2751448000000.0,-2799000000.0,6130965000000.0,4145206000000.0,30166986000000.0,25770825000000.0,119223170000000.0,692930741000000.0,0.0,6505687000000.0,18302672000000.0,112567389000000.0,46208767000000.0,6378915000000.0,560079000000.0,,0.0,,
CTG,2017,1,0.0,CTG,balance_sheet,,5918079000000.0,,,,,,,10420417000000.0,,3235923000000.0,,,987383026000000.0,928919393000000.0,,,58463633000000.0,,5130282000000.0,,267805000000.0,987383026000000.0,,,,,,,37234046000000.0,,,,,,430445000000.0,,,21590976000000.0,87317146000000.0,4592492000000.0,4648189000000.0,-55697000000.0,311326000000.0,690325740000000.0,697742411000000.0,-7416671000000.0,132935824000000.0,125238026000000.0,11712637000000.0,-4014839000000.0,,2808052000000.0,-2574000000.0,6263709000000.0,4156708000000.0,30735103000000.0,30979362000000.0,110412210000000.0,666327688000000.0,0.0,6417774000000.0,23870675000000.0,90911684000000.0,46208767000000.0,6366280000000.0,490499000000.0,,0.0,,
CTG,2016,4,0.0,CTG,balance_sheet,,5187131000000.0,,,,,,,10615329000000.0,,3203596000000.0,,,948699076000000.0,885726893000000.0,,,62972183000000.0,,9662525000000.0,,260333000000.0,948699076000000.0,,,,,,,37234046000000.0,,,,,,430445000000.0,,,13502594000000.0,94469281000000.0,1894690000000.0,1974670000000.0,-79980000000.0,682690000000.0,655125731000000.0,661987797000000.0,-6862066000000.0,134226686000000.0,125238894000000.0,12078021000000.0,-3090229000000.0,,2775725000000.0,-2574000000.0,6422482000000.0,4192847000000.0,29791348000000.0,4808417000000.0,85151867000000.0,654422705000000.0,0.0,6712911000000.0,23849453000000.0,110781540000000.0,46208767000000.0,6361723000000.0,478835000000.0,,0.0,,
CTG,2016,3,0.0,CTG,balance_sheet,,5448406000000.0,,,,,,,8483767000000.0,,3313966000000.0,,,900754353000000.0,839453672000000.0,,,61300681000000.0,,9069773000000.0,,251580000000.0,900754353000000.0,,,,,,,37234046000000.0,,,,,,595598000000.0,,,14452478000000.0,79086786000000.0,5912331000000.0,6028888000000.0,-116557000000.0,531744000000.0,618512355000000.0,625406860000000.0,-6894505000000.0,134288048000000.0,125380207000000.0,12703095000000.0,-3795254000000.0,,2721347000000.0,-2979000000.0,4266029000000.0,4217738000000.0,30724472000000.0,4936219000000.0,67360857000000.0,625486042000000.0,0.0,7859228000000.0,19985882000000.0,113825444000000.0,46208767000000.0,5337070000000.0,433491000000.0,,0.0,,
CTG,2016,2,0.0,CTG,balance_sheet,,5192530000000.0,,,,,,,8602198000000.0,,3268750000000.0,,,850209814000000.0,790698411000000.0,,,59511403000000.0,,7344844000000.0,,247217000000.0,850209814000000.0,,,,,,,37234046000000.0,,,,,,595598000000.0,,,20574590000000.0,81757505000000.0,1711359000000.0,1798704000000.0,-87345000000.0,164947000000.0,586830459000000.0,592866483000000.0,-6036024000000.0,113221703000000.0,103737797000000.0,12668814000000.0,-3184908000000.0,,2676131000000.0,-2979000000.0,4365854000000.0,4236344000000.0,28885773000000.0,4695138000000.0,88102101000000.0,576364532000000.0,0.0,26491022000000.0,20462919000000.0,74582699000000.0,46208778000000.0,5283763000000.0,426801000000.0,,0.0,,
CTG,2016,1,0.0,CTG,balance_sheet,,4891359000000.0,,,,,,,8614633000000.0,,3822574000000.0,,,791737399000000.0,733719657000000.0,,,58017742000000.0,,5876090000000.0,,246582000000.0,791737399000000.0,,,,,,,37234046000000.0,,,,,,1120954000000.0,,,19326606000000.0,64102464000000.0,212198000000.0,238802000000.0,-26604000000.0,76370000000.0,547865959000000.0,553392731000000.0,-5526772000000.0,114699659000000.0,104044888000000.0,12928649000000.0,-2273878000000.0,,2723499000000.0,-21879000000.0,4343956000000.0,4270677000000.0,28125577000000.0,4045940000000.0,104462465000000.0,503441169000000.0,0.0,55146270000000.0,16214641000000.0,50409172000000.0,46208778000000.0,5274808000000.0,411484000000.0,,0.0,,
CTG,2015,4,242426000000.0,CTG,balance_sheet,,5090768000000.0,,,,,,,8665767000000.0,,3892314000000.0,,,779483487000000.0,723373341000000.0,,,55867720000000.0,,3942373000000.0,,0.0,779483487000000.0,,,,,,,37234046000000.0,,,,,,1131164000000.0,,,11892969000000.0,66018789000000.0,3346354000000.0,3373406000000.0,-27052000000.0,0.0,533530118000000.0,538079829000000.0,-4549711000000.0,120024229000000.0,108940288000000.0,12928649000000.0,-1844708000000.0,,2782845000000.0,-21695000000.0,4374977000000.0,4290790000000.0,27022179000000.0,13227115000000.0,99169216000000.0,492960064000000.0,117619000000.0,54237247000000.0,20860497000000.0,42801583000000.0,46208778000000.0,5275032000000.0,441537000000.0,,0.0,,
CTG,2015,3,247337000000.0,CTG,balance_sheet,,4578630000000.0,,,,,,,8460488000000.0,,3900724000000.0,,,710691568000000.0,654779250000000.0,,,55664981000000.0,,4617037000000.0,,0.0,710691568000000.0,,,,,,,37234046000000.0,,,,,,1131164000000.0,,,7809427000000.0,57024216000000.0,761671000000.0,768038000000.0,-6367000000.0,17058000000.0,494898422000000.0,499582333000000.0,-4683911000000.0,105094331000000.0,95762493000000.0,11071977000000.0,-1740139000000.0,,2795633000000.0,-26073000000.0,4297451000000.0,4163037000000.0,28146601000000.0,2493125000000.0,91515867000000.0,468834821000000.0,0.0,52347332000000.0,13785503000000.0,25802602000000.0,46208816000000.0,4390407000000.0,448721000000.0,,0.0,,
CTG,2015,2,0.0,CTG,balance_sheet,,4206148000000.0,,,,,,,8474196000000.0,,3876315000000.0,,,685746598000000.0,631151183000000.0,,,54363322000000.0,,3516450000000.0,,232093000000.0,685746598000000.0,,,,,,,37234046000000.0,,,,,,1029326000000.0,,,13645139000000.0,47885834000000.0,1326248000000.0,1336191000000.0,-9943000000.0,0.0,475529003000000.0,480573082000000.0,-5044079000000.0,104168763000000.0,95771935000000.0,9413991000000.0,-1017163000000.0,,2918062000000.0,-71073000000.0,4298929000000.0,4175267000000.0,26634952000000.0,1925073000000.0,103807877000000.0,449204510000000.0,366275000000.0,40695703000000.0,9904527000000.0,25247218000000.0,46208816000000.0,4256121000000.0,381935000000.0,,0.0,,
CTG,2015,1,228316000000.0,CTG,balance_sheet,,4220288000000.0,,,,,,,8642406000000.0,,3852772000000.0,,,645834914000000.0,589299508000000.0,,,56307090000000.0,,5486396000000.0,,0.0,645834914000000.0,,,,,,,37234046000000.0,,,,,,1030326000000.0,,,9764518000000.0,56311199000000.0,4585769000000.0,4590830000000.0,-5061000000.0,0.0,444261060000000.0,450056795000000.0,-5795735000000.0,87116653000000.0,79575295000000.0,8200704000000.0,-659346000000.0,,2880220000000.0,-57774000000.0,4464914000000.0,4177492000000.0,27080249000000.0,1588186000000.0,77750049000000.0,428455767000000.0,926746000000.0,38351137000000.0,5363982000000.0,36863641000000.0,46208816000000.0,4251143000000.0,360735000000.0,,0.0,,
CTG,2014,4,225369915575.0,CTG,balance_sheet,,4630739535450.0,,,,,,,8872165234411.0,,3784907741923.0,,,661131588577250.0,605893410829510.0,,,55012807832165.0,,4215157150285.0,,0.0,661131588577250.0,,,,,,,37234045560000.0,,,,,,1030326170000.0,,,9876450843820.0,75433624168791.0,3647897426715.0,3654333271530.0,-6435844815.0,0.0,435523078452520.0,439869026573815.0,-4345948121295.0,93404409859437.0,87338961822648.0,6708858089281.0,-643410052492.0,,2843745306962.0,-89163735039.0,4661629583853.0,4210535650558.0,25958315314183.0,4731403416270.0,103769864501216.0,424181173700182.0,415778486562.0,32021693238882.0,5294072720997.0,35479424765401.0,46208815611208.0,4250372214745.0,338462855927.0,,0.0,,
CTG,2014,3,211651866560.0,CTG,balance_sheet,,3673630421037.0,,,,,,,7148030894527.0,,3778571364699.0,,,620999086766294.0,566184971360860.0,,,54602463538874.0,,4680739353233.0,,0.0,620999086766294.0,,,,,,,37234045560000.0,,,,,,1040326170000.0,,,5096644742688.0,60469949227134.0,4732277330880.0,4735657160928.0,-3379830048.0,0.0,393466651016689.0,398879183072898.0,-5412532056209.0,115598553750585.0,108069630505784.0,7781181621151.0,-252258376350.0,,2821904381307.0,-83659186608.0,3487258384338.0,3660772510189.0,27034778018055.0,725729594701.0,93873419442827.0,397867365058654.0,418305553495.0,25808762452217.0,5357766122472.0,42133623136494.0,46205812623429.0,3379900411285.0,336011150927.0,,0.0,,
CTG,2014,2,0.0,CTG,balance_sheet,,4343509000000.0,,,,,,,7288937000000.0,,3727302000000.0,,,597636191000000.0,544054345000000.0,,,53364042000000.0,,3439919000000.0,,217804000000.0,597636191000000.0,,,,,,,37234046000000.0,,,,,,1029326000000.0,,,18014881000000.0,54066164000000.0,3494314000000.0,3497800000000.0,-3486000000.0,0.0,372499172000000.0,377992284000000.0,-5493112000000.0,109097493000000.0,106766907000000.0,2586748000000.0,-256162000000.0,,2775896000000.0,-77920000000.0,3626887000000.0,3662050000000.0,25104419000000.0,569235000000.0,88388535000000.0,377690458000000.0,22389000000.0,31391083000000.0,5368838000000.0,40623807000000.0,46205524000000.0,3379895000000.0,338704000000.0,,0.0,,
CTG,2014,1,217250978029.0,CTG,balance_sheet,,3729929613594.0,,,,,,,6716352192857.0,,3151578951516.0,,,558784227245910.0,503374533616307.0,,,55192442651574.0,,5295267619531.0,,0.0,558784227245910.0,,,,,,,37234045560000.0,,,,,,321108350000.0,,,6715208913334.0,69042430074499.0,3577004792268.0,3577984652741.0,-979860473.0,83023378426.0,349837758304576.0,354222562638432.0,-4384804333856.0,90709418434984.0,88335543724767.0,2586747900000.0,-212873189783.0,,2833878676118.0,-3408074602.0,3321146271654.0,3395205921203.0,25221522589856.0,347732651211.0,72339453882616.0,354302318472554.0,0.0,32730831304208.0,7588613015969.0,36065584289749.0,46205524371177.0,3374963602965.0,316687057901.0,,0.0,,
CTG,2013,4,212918717958.0,CTG,balance_sheet,,2834504632991.0,,,,,,,7080387967311.0,,3114375785509.0,,,576383611897467.0,522094238617564.0,,,54076454561945.0,,4205473979167.0,,0.0,576383611897467.0,,,,,,,37234045560000.0,,,,,,321108350000.0,,,10159563699174.0,73079475509539.0,820066521994.0,822692949055.0,-2626427061.0,164333978291.0,372989118506598.0,376288967727617.0,-3299849221019.0,82840024998125.0,80461692898991.0,2586747900000.0,-208415800866.0,,2795383344430.0,-2115908921.0,3464588888678.0,3615799078633.0,23301760297935.0,147371183167.0,80464091233244.0,364497658846180.0,0.0,32424518798872.0,16564766121697.0,27995832434404.0,46205524371177.0,3347815102419.0,317641109182.0,,0.0,,
CTG,2013,3,208638599398.0,CTG,balance_sheet,,3455021136694.0,,,,,,,5861772910827.0,,3098694831325.0,,,528608920350869.0,478290605131445.0,,,50109676620026.0,,5695007812435.0,,0.0,528608920350869.0,,,,,,,32661443480000.0,,,,,,322248350000.0,,,11483021576889.0,62862206158702.0,561274025086.0,564070544145.0,-2796519059.0,82565435925.0,339399258003775.0,345555669765645.0,-6156411761870.0,79167401920734.0,76722928805127.0,2586747900000.0,-142274784393.0,,2778562390246.0,-2115908921.0,2973368149542.0,2888404761285.0,22637704350912.0,232914223732.0,76514892522742.0,329479805191960.0,0.0,31376428542946.0,15516654019890.0,25169910630175.0,41633051891177.0,2466585092175.0,315031824239.0,,0.0,,
CTG,2013,2,0.0,CTG,balance_sheet,,3279780000000.0,,,,,,,5371078000000.0,,2760773000000.0,,,522220602000000.0,474073589000000.0,,,48147013000000.0,,3508604000000.0,,216084000000.0,522220602000000.0,,,,,,,32661443000000.0,,,,,,322248000000.0,,,21351292000000.0,61746128000000.0,448747000000.0,453376000000.0,-4629000000.0,0.0,329247025000000.0,334607264000000.0,-5360239000000.0,77222490000000.0,75117486000000.0,2250000000000.0,-144996000000.0,,2440641000000.0,-2116000000.0,2938052000000.0,2433026000000.0,20793289000000.0,256228000000.0,80785438000000.0,307267055000000.0,30353000000.0,28449477000000.0,28820524000000.0,28464514000000.0,41633051000000.0,2468779000000.0,320495000000.0,,0.0,,
CTG,2013,1,218746860165.0,CTG,balance_sheet,,3305732865261.0,,,,,,,5198668285438.0,,2941654299881.0,,,499847288619622.0,464981297074845.0,,,34647244684612.0,,5689073962480.0,,0.0,499847288619622.0,,,,,,,26217545370000.0,,,,,,322108600000.0,,,11643160830326.0,51874781693404.0,408824916528.0,415422161120.0,-6597244592.0,0.0,319746200264948.0,324625829432397.0,-4879629167449.0,83586829456864.0,81254777011789.0,2450000000000.0,-117947554925.0,,2620369408771.0,-823708890.0,2816300553399.0,2382367732039.0,21141436006972.0,259918692185.0,87413212107329.0,302797098300021.0,90992388804.0,35219757985377.0,18464735159910.0,20735582441219.0,26219755424864.0,2436314833272.0,302100463996.0,,0.0,,
CTG,2012,2,0.0,CTG,balance_sheet,,3082829000000.0,,,,,,,3920353000000.0,,2998320000000.0,,,404867884000000.0,374072771000000.0,,,30587139000000.0,,2570015000000.0,,207974000000.0,404867884000000.0,,,,,,,26217545000000.0,,,,,,298440000000.0,,,10453560000000.0,20950247000000.0,314702000000.0,324911000000.0,-10209000000.0,30947000000.0,279328757000000.0,284662581000000.0,-5333824000000.0,68039788000000.0,65893077000000.0,2400000000000.0,-253289000000.0,,2700704000000.0,-824000000.0,2361574000000.0,1558779000000.0,15748381000000.0,427894000000.0,43844323000000.0,253374214000000.0,0.0,38200863000000.0,14223065000000.0,24002412000000.0,26219755000000.0,1495225000000.0,302144000000.0,,0.0,,
CTG,2010,2,0.0,CTG,balance_sheet,,2775147000000.0,,,,,,,2703769000000.0,,1477333000000.0,,,295009569000000.0,281499957000000.0,,,13509612000000.0,,1701298000000.0,,210884000000.0,295009569000000.0,,,,,,,11252973000000.0,,,,,,169248000000.0,,,5208491000000.0,33891953000000.0,301548000000.0,325820000000.0,-24272000000.0,12129000000.0,184911080000000.0,187091565000000.0,-2180485000000.0,54790044000000.0,48302317000000.0,6487727000000.0,0.0,,1308085000000.0,0.0,1920527000000.0,783242000000.0,8938075000000.0,26911333000000.0,20049744000000.0,155965141000000.0,5854000000.0,47353308000000.0,17875131000000.0,13339446000000.0,11341317000000.0,153938000000.0,102175000000.0,,0.0,,
CTG,2009,2,0.0,CTG,balance_sheet,,2152219000000.0,,,,,,,2168940000000.0,,1107547000000.0,,,218561995000000.0,204985759000000.0,,,13576236000000.0,,133378000000.0,,194496000000.0,218561995000000.0,,,,,,,7730368000000.0,,,,,,161452000000.0,,,5336878000000.0,26444874000000.0,502707000000.0,503862000000.0,-1155000000.0,0.0,136385609000000.0,138230424000000.0,-1844815000000.0,35538416000000.0,31679242000000.0,3859174000000.0,0.0,,946095000000.0,0.0,1413061000000.0,755879000000.0,8924805000000.0,1389169000000.0,6876423000000.0,139413318000000.0,316471000000.0,42192152000000.0,3861411000000.0,10936815000000.0,8226182000000.0,4936298000000.0,85882000000.0,,209395000000.0,,
PNJ,2025,4,,PNJ,balance_sheet,18617297232257.0,522025257031.0,2007488137408.0,156742123121.0,15835506447900.0,95535266797.0,1551178536633.0,,857341845784.0,0.0,5930000000.0,0.0,471732974279.0,20168475768890.0,6892720947176.0,6878322933176.0,14398014000.0,13275754821714.0,13275754821714.0,4411809882338.0,,,20168475768890.0,40846965819.0,8000000000.0,15881309718303.0,0.0,3471447556918.0,3413186660000.0,3413186660000.0,0.0,182492529057.0,4223385635653.0,,144757228261.0,401201613400.0,121168536356.0,121168536356.0,,,,,,,,,,,,,,,,,,,,,,,,,,,,,,,,,
PNJ,2025,3,,PNJ,balance_sheet,15664103070660.0,584695579192.0,2246459134416.0,259873714991.0,12448786823997.0,124287818064.0,1386604619560.0,,864837183955.0,0.0,5930000000.0,0.0,366950619371.0,17050707690220.0,5058685745602.0,5046824044102.0,11861701500.0,11992021944618.0,11992021944618.0,3192900805242.0,,,17050707690220.0,58899696598.0,40000000000.0,12494991997766.0,0.0,3471447556918.0,3380747760000.0,3380747760000.0,0.0,127598662992.0,2332603024492.0,,166095473834.0,401201613400.0,118147518870.0,118147518870.0,,,,,,,,,,,,,,,,,,,,,,,,,,,,,,,,,
PNJ,2025,2,,PNJ,balance_sheet,15713933648138.0,346404312952.0,1369091673893.0,166359422956.0,13708719465746.0,123358772591.0,1439843389653.0,,853355575866.0,0.0,5930000000.0,0.0,406807325748.0,17153777037791.0,5184392368530.0,5173829954780.0,10562413750.0,11969384669261.0,11969384669261.0,3170263529885.0,,,17153777037791.0,52739479784.0,0.0,13753709950595.0,0.0,3471447556918.0,3380747760000.0,3380747760000.0,0.0,133331530693.0,3096292371490.0,,206309098650.0,401201613400.0,117815539075.0,117815539075.0,,,,,,,,,,,,,,,,,,,,,,,,,,,,,,,,,
PNJ,2025,1,,PNJ,balance_sheet,15949659613642.0,256848695849.0,1620725651855.0,304632445702.0,13647265729372.0,120187090864.0,1469657699207.0,,871957813290.0,0.0,3980000000.0,0.0,445182919148.0,17419317312849.0,5689025894402.0,5678483480652.0,10542413750.0,11730291418447.0,11730291418447.0,3776336279071.0,,,17419317312849.0,117957363803.0,40000000000.0,13705778487258.0,0.0,2626281556918.0,3380747760000.0,3380747760000.0,0.0,143136652593.0,3488032587304.0,,248312003324.0,399251613400.0,118129206365.0,118129206365.0,,,,,,,,,,,,,,,,,,,,,,,,,,,,,,,,,
PNJ,2024,4,,PNJ,balance_sheet,15692597267632.0,1122712392130.0,1020170000000.0,401134922152.0,13015170477311.0,133409476039.0,1515133510053.0,,857118818527.0,0.0,3980000000.0,0.0,473732557913.0,17207730777685.0,5952424147163.0,5941881733413.0,10542413750.0,11255306630522.0,11255306630522.0,3301351491146.0,,,17207730777685.0,253102611434.0,40000000000.0,13074586927914.0,0.0,2626281556918.0,3380747760000.0,3380747760000.0,0.0,188182044409.0,3341542016760.0,,276525499295.0,399251613400.0,115599492454.0,115599492454.0,,,,,,,,,,,,,,,,,,,,,,,,,,,,,,,,,
PNJ,2024,3,,PNJ,balance_sheet,13535308084055.0,1396669666014.0,950170000000.0,278283783093.0,10801601688892.0,108582946056.0,1427177199972.0,,862234627072.0,0.0,3980000000.0,0.0,410351804419.0,14962485284027.0,4438053268724.0,4428672526724.0,9380742000.0,10524432015303.0,10524432015303.0,2570476875927.0,,,14962485284027.0,93239686351.0,40000000000.0,10849406684029.0,0.0,2626281556918.0,3380747760000.0,3380747760000.0,0.0,170384977642.0,1470419844988.0,,280096384533.0,399251613400.0,113559945788.0,113559945788.0,,,,,,,,,,,,,,,,,,,,,,,,,,,,,,,,,
PNJ,2024,2,,PNJ,balance_sheet,11537870168993.0,1544061575711.0,170000000.0,195854790073.0,9713005981593.0,84777821616.0,1429844612909.0,,862653524107.0,0.0,3980000000.0,0.0,424951005448.0,12967714781902.0,2252908567487.0,2243527825487.0,9380742000.0,10714806214415.0,10714806214415.0,2827708995039.0,,,12967714781902.0,50811288209.0,40000000000.0,9754430718324.0,0.0,2626281556918.0,3347291800000.0,3347291800000.0,0.0,194693693028.0,259634186392.0,,295069201397.0,399251613400.0,109252196104.0,109252196104.0,,,,,,,,,,,,,,,,,,,,,,,,,,,,,,,,,
PNJ,2024,1,,PNJ,balance_sheet,11535215072835.0,1661537697277.0,100170000000.0,178219136989.0,9511111544269.0,84176694300.0,1433713681749.0,,867205620321.0,0.0,3980000000.0,0.0,428712042613.0,12968928754584.0,2494544996441.0,2485164254441.0,9380742000.0,10474383758143.0,10474383758143.0,3277170538767.0,,,12968928754584.0,29770024192.0,40000000000.0,9516922591777.0,0.0,1936397556918.0,3347291800000.0,3347291800000.0,0.0,367133143830.0,363505217783.0,,308751010776.0,399251613400.0,104808131565.0,104808131565.0,,,,,,,,,,,,,,,,,,,,,,,,,,,,,,,,,
PNJ,2023,4,,PNJ,balance_sheet,12960105195555.0,896147917336.0,810100000000.0,217022941135.0,10940937959289.0,95896377795.0,1469837823096.0,,882715109732.0,0.0,3980000000.0,0.0,449406425848.0,14429943018651.0,4623377386675.0,4613956644675.0,9420742000.0,9806565631976.0,9806565631976.0,2740484252600.0,,,14429943018651.0,25335539636.0,90000000000.0,10944749006797.0,0.0,1936397556918.0,3281691880000.0,3281691880000.0,0.0,212784493413.0,2384288254693.0,,329182091504.0,399251613400.0,104636239106.0,104636239106.0,,,,,,,,,,,,,,,,,,,,,,,,,,,,,,,,,
PNJ,2023,3,,PNJ,balance_sheet,11615760175676.0,484626441925.0,990100000000.0,340516675915.0,9709322163713.0,91194894123.0,1439402544432.0,,877758400149.0,0.0,3980000000.0,0.0,426236933180.0,13055162720108.0,3618163773368.0,3608198200368.0,9965573000.0,9436998946740.0,9436998946740.0,2370917567364.0,,,13055162720108.0,63010900161.0,165000000000.0,9713633211221.0,0.0,1936397556918.0,3281691880000.0,3281691880000.0,0.0,165339743006.0,1714452068045.0,,306516184812.0,399251613400.0,102535062693.0,102535062693.0,,,,,,,,,,,,,,,,,,,,,,,,,,,,,,,,,
PNJ,2023,2,,PNJ,balance_sheet,12082561770023.0,498816248687.0,1000067000000.0,382804171033.0,10126952381180.0,73921969123.0,1410292303608.0,,877944089401.0,0.0,3980000000.0,0.0,398717860448.0,13492854073631.0,4298799532178.0,4288833959178.0,9965573000.0,9194054541453.0,9194054541453.0,2127973162077.0,,,13492854073631.0,55784415983.0,202000000000.0,10131421428688.0,0.0,1936397556918.0,3281691880000.0,3281691880000.0,0.0,143468997285.0,2246151537712.0,,279274384192.0,399251613400.0,100634495382.0,100634495382.0,,,,,,,,,,,,,,,,,,,,,,,,,,,,,,,,,
PNJ,2023,1,,PNJ,balance_sheet,11431928999885.0,549688731182.0,720000000000.0,318431448191.0,9766979047118.0,76829773394.0,1398899167838.0,,885404017845.0,0.0,0.0,0.0,387559420570.0,12830828167723.0,3638139765841.0,3621992685992.0,16147079849.0,9192688401882.0,9192688401882.0,3270859702506.0,,,12830828167723.0,26955159075.0,180000000000.0,9771539141750.0,0.0,1212120556918.0,3281691880000.0,3281691880000.0,0.0,249384527807.0,1674560502485.0,,267471292940.0,395271613400.0,96806929059.0,96806929059.0,,,,,,,,,,,,,,,,,,,,,,,,,,,,,,,,,
PNJ,2022,4,,PNJ,balance_sheet,11957919037553.0,879548130711.0,200000000000.0,292693996754.0,10505985403103.0,79691506985.0,1363185641918.0,,882432821075.0,0.0,0.0,0.0,357769168471.0,13321104679471.0,4733304359351.0,4723338786351.0,9965573000.0,8587800320120.0,8587800320120.0,2665971620744.0,,,13321104679471.0,61321514449.0,140000000000.0,10507995497735.0,0.0,1212120556918.0,2461716200000.0,2461716200000.0,0.0,216009853540.0,2683045875772.0,,243656590750.0,395271613400.0,93956493011.0,93956493011.0,,,,,,,,,,,,,,,,,,,,,,,,,,,,,,,,,
PNJ,2022,3,,PNJ,balance_sheet,11157831550618.0,1175216404790.0,400000000000.0,220264984992.0,9286907120718.0,75443040118.0,1305377323166.0,,883551694600.0,0.0,0.0,0.0,302687704292.0,12463208873784.0,4144990823455.0,4135929639455.0,9061184000.0,8318218050329.0,8318218050329.0,2396354350953.0,,,12463208873784.0,68164967296.0,77000000000.0,9288603138318.0,0.0,1212120556918.0,2462478600000.0,2462478600000.0,0.0,184948192360.0,1745693867417.0,,201393054845.0,395271613400.0,89897250337.0,89897250337.0,,,,,,,,,,,,,,,,,,,,,,,,,,,,,,,,,
PNJ,2022,2,,PNJ,balance_sheet,9707246758752.0,1308721905645.0,200000000000.0,171293270697.0,7959338719249.0,67892863161.0,1312179959503.0,,889464140789.0,0.0,0.0,0.0,305517702539.0,11019426718255.0,2989799059705.0,2980737875705.0,9061184000.0,8029627658550.0,8029627658550.0,2144083939174.0,,,11019426718255.0,62698734000.0,30000000000.0,7959338719249.0,0.0,1212120556918.0,2426123620000.0,2426123620000.0,0.0,163273954464.0,877359587501.0,,204561322248.0,395271613400.0,87676280011.0,87676280011.0,,,,,,,,,,,,,,,,,,,,,,,,,,,,,,,,,
PNJ,2022,1,,PNJ,balance_sheet,10092832404086.0,2450596250067.0,0.0,131493899893.0,7448444344430.0,62297909696.0,1317373237619.0,,894266197733.0,0.0,0.0,0.0,306946265512.0,11410205641705.0,3401972397021.0,3324873267299.0,77099129722.0,8008233244684.0,8008233244684.0,2534306525308.0,,,11410205641705.0,43381886893.0,0.0,7448444344430.0,0.0,800503556918.0,2426123620000.0,2426123620000.0,0.0,146405849411.0,1831480344426.0,,206156100246.0,395271613400.0,85386002764.0,85386002764.0,,,,,,,,,,,,,,,,,,,,,,,,,,,,,,,,,
PNJ,2021,4,,PNJ,balance_sheet,9220118021024.0,357670904557.0,0.0,110020597981.0,8686598916157.0,65827602329.0,1326524308701.0,,909985491983.0,0.0,0.0,0.0,301911940704.0,10546642329725.0,4530132101076.0,4521070917076.0,9061184000.0,6016510228649.0,6016510228649.0,1953530059273.0,,,10546642329725.0,32879654451.0,0.0,8686598916157.0,0.0,800503556918.0,2276123620000.0,2276123620000.0,0.0,150380769671.0,2721930701144.0,,201443147089.0,395271613400.0,83831506164.0,83831506164.0,,,,,,,,,,,,,,,,,,,,,,,,,,,,,,,,,
PNJ,2021,3,,PNJ,balance_sheet,7887307408212.0,192167536492.0,0.0,130549895333.0,7509947396534.0,54642579853.0,1281574284269.0,,907945361625.0,0.0,0.0,0.0,257490962570.0,9168881692481.0,3609548956327.0,3600397079327.0,9151877000.0,5559332736154.0,5559332736154.0,1496352566778.0,,,9168881692481.0,88334752951.0,0.0,7509947396534.0,0.0,800503556918.0,2276123620000.0,2276123620000.0,0.0,162632431069.0,2418927507939.0,,175099517123.0,395271613400.0,82687340927.0,82687340927.0,,,,,,,,,,,,,,,,,,,,,,,,,,,,,,,,,
PNJ,2021,2,,PNJ,balance_sheet,7870491749539.0,249812159909.0,0.0,105113932707.0,7451118456406.0,64447200517.0,1305162162313.0,,920192115698.0,0.0,0.0,0.0,268543499304.0,9175653911852.0,3456792784634.0,3447640907634.0,9151877000.0,5718861127218.0,5718861127218.0,1655880957842.0,,,9175653911852.0,64702563720.0,0.0,7451118456406.0,0.0,800503556918.0,2276123620000.0,2276123620000.0,0.0,132713498796.0,2125777008055.0,,186666335287.0,395271613400.0,82975928164.0,82975928164.0,,,,,,,,,,,,,,,,,,,,,,,,,,,,,,,,,
PNJ,2021,1,,PNJ,balance_sheet,6821147568701.0,213388374979.0,0.0,120418640082.0,6420735030803.0,66605522837.0,1315064563507.0,,917377116513.0,0.0,0.0,0.0,287170440188.0,8136212132208.0,2383262858390.0,2374110981390.0,9151877000.0,5752949273818.0,5752949273818.0,2117693104442.0,,,8136212132208.0,48183706864.0,0.0,6420735030803.0,0.0,372779556918.0,2276123620000.0,2276123620000.0,0.0,114385751460.0,1111925863523.0,,196308248556.0,395271613400.0,77589358997.0,77589358997.0,,,,,,,,,,,,,,,,,,,,,,,,,,,,,,,,,
PNJ,2020,4,,PNJ,balance_sheet,7144153839482.0,422234781061.0,0.0,100363015565.0,6544772899429.0,76783143427.0,1339217061954.0,,931617117533.0,0.0,0.0,0.0,297285460058.0,8483370901436.0,3241509036428.0,3232132159428.0,9376877000.0,5241861865008.0,5241861865008.0,1605080895632.0,,,8483370901436.0,20451588108.0,0.0,6544772899429.0,0.0,372779556918.0,2276123620000.0,2276123620000.0,0.0,157182968364.0,1839275064065.0,,206301766031.0,395271613400.0,77310617360.0,77310617360.0,,,,,,,,,,,,,,,,,,,,,,,,,,,,,,,,,
PNJ,2020,3,,PNJ,balance_sheet,6786221907161.0,232282631402.0,0.0,152348983567.0,6325882645841.0,75707646351.0,1304820087941.0,,930591478766.0,0.0,0.0,0.0,267575282472.0,8091041995102.0,3187782828715.0,3179894880715.0,7887948000.0,4903259166387.0,4903259166387.0,1312853737011.0,,,8091041995102.0,66233386070.0,0.0,6325882645841.0,0.0,372779556918.0,2252935850000.0,2252935850000.0,3700000000.0,119197760835.0,2256805035825.0,,178338251629.0,395271613400.0,76108442474.0,76108442474.0,,,,,,,,,,,,,,,,,,,,,,,,,,,,,,,,,
PNJ,2020,2,,PNJ,balance_sheet,6863106067235.0,229987203630.0,0.0,129548501902.0,6429976715037.0,73593646666.0,1299227844894.0,,938076521741.0,0.0,0.0,0.0,253105230252.0,8162333912129.0,3461160621841.0,3453322835841.0,7837786000.0,4701173290288.0,4701173290288.0,1110767860912.0,,,8162333912129.0,68140354530.0,0.0,6429976715037.0,0.0,372779556918.0,2252935850000.0,2252935850000.0,3700000000.0,61982838768.0,2643717877980.0,,164222484028.0,395271613400.0,76854821913.0,76854821913.0,,,,,,,,,,,,,,,,,,,,,,,,,,,,,,,,,
PNJ,2020,1,,PNJ,balance_sheet,7097183484440.0,302103503463.0,0.0,139070900485.0,6588676104694.0,67332975798.0,1292238930273.0,,936470578613.0,0.0,0.0,0.0,249837042932.0,8389422414713.0,3403894433583.0,3396056647583.0,7837786000.0,4985527981130.0,4985527981130.0,1453535551754.0,,,8389422414713.0,72509054776.0,0.0,6588676104694.0,0.0,313083556918.0,2252935850000.0,2252935850000.0,3700000000.0,74832469996.0,2411542316831.0,,160883811098.0,395271613400.0,76235813750.0,76235813750.0,,,,,,,,,,,,,,,,,,,,,,,,,,,,,,,,,
PNJ,2019,4,,PNJ,balance_sheet,7330560395743.0,95224439008.0,0.0,138567465634.0,7018737129550.0,78031361551.0,1269751574731.0,,923870354474.0,0.0,0.0,0.0,246702198714.0,8600311970474.0,4026276679791.0,4018438893791.0,7837786000.0,4574035290683.0,4574035290683.0,1042042861307.0,,,8600311970474.0,72063365836.0,0.0,7018737129550.0,0.0,313083556918.0,2252935850000.0,2252935850000.0,3700000000.0,95353052369.0,2610902622222.0,,158318980481.0,395271613400.0,70721623109.0,70721623109.0,,,,,,,,,,,,,,,,,,,,,,,,,,,,,,,,,
PNJ,2019,3,,PNJ,balance_sheet,6396512783624.0,96330641186.0,0.0,329967505655.0,5892523509005.0,77691127778.0,1229039043471.0,,899585263279.0,0.0,0.0,0.0,234365501693.0,7625551827095.0,3505252235260.0,3493714449260.0,11537786000.0,4120299591835.0,4120299591835.0,657239662459.0,,,7625551827095.0,115276318562.0,0.0,5892523509005.0,0.0,313083556918.0,2226679600000.0,2226679600000.0,7400000000.0,76729280441.0,2266464058852.0,,149013676855.0,395271613400.0,66585290259.0,66585290259.0,,,,,,,,,,,,,,,,,,,,,,,,,,,,,,,,,
PNJ,2019,2,,PNJ,balance_sheet,5333229717294.0,121615518832.0,0.0,219769348628.0,4934047011207.0,57797838627.0,1193267841816.0,,810221547394.0,0.0,0.0,0.0,208173157692.0,6526497559110.0,2433963524658.0,2422425738658.0,11537786000.0,4092534034452.0,4092534034452.0,627380105076.0,,,6526497559110.0,113793516156.0,0.0,4934047011207.0,0.0,313083556918.0,2226679600000.0,2226679600000.0,7400000000.0,81603564435.0,1447517973488.0,,122821332854.0,395271613400.0,61170071942.0,61170071942.0,,,,,,,,,,,,,,,,,,,,,,,,,,,,,,,,,
PNJ,2019,1,,PNJ,balance_sheet,5065794862560.0,94972214431.0,0.0,263389389780.0,4643581939618.0,63851318731.0,1086357374791.0,,723934807053.0,0.0,0.0,0.0,190175808175.0,6152152237351.0,2111934312567.0,2096859969567.0,15074343000.0,4040217924784.0,4040217924784.0,1179709775408.0,,,6152152237351.0,62743702172.0,0.0,4643581939618.0,0.0,265087556918.0,1670029820000.0,1670029820000.0,7400000000.0,70557838216.0,1103495374698.0,,104823983337.0,395271613400.0,59632337327.0,59632337327.0,,,,,,,,,,,,,,,,,,,,,,,,,,,,,,,,,
PNJ,2018,4,,PNJ,balance_sheet,5280216054578.0,206721179629.0,0.0,175780393688.0,4815524650057.0,82189831204.0,1022969076235.0,,719287274744.0,0.0,0.0,0.0,178199566632.0,6303185130813.0,2557872112611.0,2542367769611.0,15504343000.0,3745313018202.0,3745313018202.0,884804868826.0,,,6303185130813.0,57981679200.0,0.0,4815524650057.0,0.0,265087556918.0,1670029820000.0,1670029820000.0,7800000000.0,103181369233.0,1558482498026.0,,96381505058.0,395271613400.0,57498444869.0,57498444869.0,,,,,,,,,,,,,,,,,,,,,,,,,,,,,,,,,
PNJ,2018,3,,PNJ,balance_sheet,4491049840793.0,117587302131.0,0.0,171250035910.0,4124177973673.0,78034529079.0,990183116721.0,,684360427987.0,0.0,0.0,0.0,167087146345.0,5481232957514.0,2098971628269.0,2072792761269.0,26178867000.0,3382261329245.0,3382261329245.0,619026339869.0,,,5481232957514.0,55978181269.0,0.0,4124177973673.0,0.0,265087556918.0,1621393240000.0,1621393240000.0,18474524000.0,66178193807.0,1286629994818.0,,85593804241.0,395271613400.0,51390752399.0,51390752399.0,,,,,,,,,,,,,,,,,,,,,,,,,,,,,,,,,
PNJ,2018,2,,PNJ,balance_sheet,4233070851415.0,96738062787.0,65000000.0,125498489397.0,3936094231986.0,74675067245.0,940610834341.0,,683360736408.0,0.0,0.0,0.0,151729541293.0,5173681685756.0,1806969622460.0,1747623490460.0,59346132000.0,3366712063296.0,3366712063296.0,603477073920.0,,,5173681685756.0,50739682013.0,0.0,3936094231986.0,0.0,265087556918.0,1621393240000.0,1621393240000.0,51641789000.0,44737781196.0,985614342214.0,,70236199189.0,395271613400.0,49007477674.0,49007477674.0,,,,,,,,,,,,,,,,,,,,,,,,,,,,,,,,,
PNJ,2018,1,,PNJ,balance_sheet,3872677138687.0,81899944010.0,65000000.0,108604897949.0,3607975543026.0,74131753702.0,815719289943.0,,668852820114.0,0.0,0.0,0.0,66037970399.0,4688396428630.0,1489492690119.0,1403604033119.0,85888657000.0,3198903738511.0,3198903738511.0,1021041649135.0,,,4688396428630.0,44366799350.0,0.0,3607975543026.0,0.0,220087556918.0,1081020340000.0,1081020340000.0,78184314000.0,44632906145.0,700313899131.0,,63598950975.0,395271613400.0,46243189214.0,46243189214.0,,,,,,,,,,,,,,,,,,,,,,,,,,,,,,,,,
PNJ,2017,4,,PNJ,balance_sheet,3896408805576.0,335208552187.0,65000000.0,84889368233.0,3401959226624.0,74286658532.0,596103931401.0,,487243774697.0,0.0,0.0,0.0,56647340000.0,4492512736977.0,1542211467858.0,1523407124858.0,18804343000.0,2950301269119.0,2950301269119.0,772439179743.0,,,4492512736977.0,33682107963.0,0.0,3401959226624.0,0.0,220087556918.0,1081020340000.0,1081020340000.0,11100000000.0,23134893786.0,881413714200.0,,53968320576.0,395271613400.0,42547737738.0,42547737738.0,,,,,,,,,,,,,,,,,,,,,,,,,,,,,,,,,
PNJ,2017,3,,PNJ,balance_sheet,3480268461950.0,111657001658.0,160065000000.0,83624988524.0,3051807804935.0,73113666833.0,583192586990.0,,408781227381.0,0.0,0.0,0.0,46110317257.0,4063461048940.0,1335005524185.0,1313200322941.0,21805201244.0,2728455524755.0,2728455524755.0,550593435379.0,,,4063461048940.0,23256541372.0,0.0,3051807804935.0,0.0,220087556918.0,1081020340000.0,1081020340000.0,14800000000.0,21939957576.0,734705823277.0,,42947233283.0,395271613400.0,40705613386.0,40705613386.0,,,,,,,,,,,,,,,,,,,,,,,,,,,,,,,,,
PNJ,2017,2,,PNJ,balance_sheet,3055471974810.0,39646956214.0,65000000.0,77491735468.0,2883130982100.0,55137301028.0,505534701476.0,,406404351639.0,0.0,0.0,0.0,40234596066.0,3561006676286.0,1825564647086.0,1773662445842.0,51902201244.0,1735442029200.0,1735442029200.0,532615792282.0,,,3561006676286.0,27362848778.0,0.0,2883130982100.0,0.0,220087556918.0,982745770000.0,982745770000.0,44897000000.0,22232965302.0,1270387148867.0,,37311512092.0,395271613400.0,34332674805.0,34332674805.0,,,,,,,,,,,,,,,,,,,,,,,,,,,,,,,,,
PNJ,2017,1,,PNJ,balance_sheet,3106733884652.0,126661720400.0,0.0,83361232464.0,2846786698766.0,49924233022.0,489074288074.0,,412868939849.0,0.0,0.0,0.0,37506069037.0,3595808172726.0,1846742364983.0,1784913163739.0,61829201244.0,1749065807743.0,1749065807743.0,622239570825.0,,,3595808172726.0,28514419433.0,0.0,2846786698766.0,0.0,144087556918.0,982745770000.0,982745770000.0,54824000000.0,20069969984.0,1227218218054.0,,34342985063.0,395271613400.0,29036200222.0,29036200222.0,,,,,,,,,,,,,,,,,,,,,,,,,,,,,,,,,
PNJ,2016,4,,PNJ,balance_sheet,3108046307584.0,155348026509.0,65000000.0,68187622387.0,2838689610580.0,45756048108.0,485407101396.0,,415801415193.0,0.0,0.0,0.0,35869659513.0,3593453408980.0,2092899905680.0,2026900704436.0,65999201244.0,1500553503300.0,1500553503300.0,373123574406.0,,,3593453408980.0,18769437915.0,0.0,2838689610580.0,0.0,144691248894.0,982745770000.0,982745770000.0,58994000000.0,62039039794.0,1448954945047.0,,32706575539.0,395271613400.0,26203208792.0,26203208792.0,,,,,,,,,,,,,,,,,,,,,,,,,,,,,,,,,
PNJ,2016,3,,PNJ,balance_sheet,2682807813233.0,85134930384.0,65000000.0,56593460998.0,2469053128545.0,71961293306.0,547056659752.0,,372047788431.0,0.0,81060572614.0,0.0,29867087619.0,3229864472985.0,1646873986757.0,1585942143513.0,60931843244.0,1582990486228.0,1582990486228.0,380604195445.0,,,3229864472985.0,20532332128.0,0.0,2469053128545.0,0.0,219647610783.0,982745770000.0,982745770000.0,54121000000.0,18532450177.0,1182611874912.0,,27370135549.0,395271613400.0,24210941252.0,24210941252.0,,,,,,,,,,,,,,,,,,,,,,,,,,,,,,,,,
PNJ,2016,2,,PNJ,balance_sheet,2600942303205.0,114026739688.0,50065000000.0,74362675325.0,2323127119809.0,39360768383.0,511508624962.0,,362734232626.0,0.0,81060572614.0,0.0,30031045628.0,3112450928167.0,1640709328764.0,1575589572520.0,65119756244.0,1471741599403.0,1471741599403.0,269355308620.0,,,3112450928167.0,25722745208.0,0.0,2323127119809.0,0.0,219647610783.0,982745770000.0,982745770000.0,58291000000.0,14464834492.0,1078134791153.0,,27534093558.0,395271613400.0,23406927807.0,23406927807.0,,,,,,,,,,,,,,,,,,,,,,,,,,,,,,,,,
PNJ,2016,1,,PNJ,balance_sheet,2403312820944.0,34044523513.0,65000000.0,66789405292.0,2256431073630.0,45982818509.0,623852806939.0,,481571786980.0,0.0,81456903930.0,0.0,28313624200.0,3027165627883.0,1559151415716.0,1486987242764.0,72164172952.0,1468014212167.0,1468014212167.0,265627921384.0,,,3027165627883.0,25012794159.0,0.0,2256431073630.0,0.0,219647610783.0,982745770000.0,982745770000.0,65296000000.0,24201676396.0,1089855708153.0,,25816672130.0,395271613400.0,22779737142.0,22779737142.0,,,,,,,,,,,,,,,,,,,,,,,,,,,,,,,,,
PNJ,2015,4,,PNJ,balance_sheet,2266347045154.0,37884639212.0,65000000.0,48333428942.0,2135224563617.0,44839413383.0,708687621415.0,,486102562173.0,0.0,166666226389.0,0.0,28422253669.0,2975034666569.0,1579857655668.0,1502015428299.0,77842227369.0,1395177010901.0,1395177010901.0,192790720118.0,,,2975034666569.0,9292551705.0,0.0,2135224563617.0,0.0,219647610783.0,982745770000.0,982745770000.0,70998000000.0,21610799788.0,1190650458896.0,,27342224660.0,395271613400.0,21217170462.0,21217170462.0,,,,,,,,,,,,,,,,,,,,,,,,,,,,,,,,,
PNJ,2015,3,,PNJ,balance_sheet,2338713069545.0,32305517975.0,65000000.0,128208207299.0,2140676690620.0,37457653651.0,873468126043.0,,468728758499.0,0.0,351703604953.0,0.0,22901963627.0,3212181195588.0,1815657761019.0,1585032231919.0,230625529100.0,1396523434569.0,1396523434569.0,194137143786.0,,,3212181195588.0,29163357429.0,0.0,2140676690620.0,375695422.0,219647610783.0,982745770000.0,982745770000.0,230330500000.0,25633109942.0,1294009279884.0,,21505168733.0,460651988400.0,19534187694.0,19534187694.0,,,,,,,,,,,,,,,,,,,,,,,,,,,,,,,,,
PNJ,2015,2,,PNJ,balance_sheet,2389992008028.0,26658810975.0,65000000.0,80543758690.0,2260987893633.0,21736544730.0,919348085338.0,,462533125487.0,0.0,401454442642.0,0.0,25491257485.0,3309340093366.0,2033018618045.0,1847181088945.0,185837529100.0,1276321475321.0,1276321475321.0,149531514538.0,,,3309340093366.0,28918717908.0,0.0,2260987893633.0,0.0,265805050783.0,755970350000.0,755970350000.0,185542500000.0,72728694012.0,1444061288072.0,,24094462591.0,460651988400.0,19269648454.0,19269648454.0,,,,,,,,,,,,,,,,,,,,,,,,,,,,,,,,,
PNJ,2015,1,,PNJ,balance_sheet,1996730832964.0,36710490349.0,65000000.0,69530458361.0,1852868003072.0,37556881182.0,1030696687245.0,,468805976655.0,0.0,531996178222.0,0.0,29894532368.0,3027427520209.0,1636379640401.0,1498955611301.0,137424029100.0,1391047879808.0,1391047879808.0,297257919025.0,,,3027427520209.0,18374653631.0,0.0,1852868003072.0,2327803538.0,232805050783.0,755970350000.0,755970350000.0,137129000000.0,13394390354.0,1250369563846.0,,14375141187.0,460651988400.0,0.0,0.0,,,,,,,,,,,,,,,,,,,,,,,,,,,,,,,,,
PNJ,2014,4,,PNJ,balance_sheet,1834190701104.0,272305336075.0,0.0,74644596219.0,1437415596122.0,49825172688.0,997892069116.0,,452468356455.0,0.0,531955101929.0,0.0,13468610732.0,2832082770220.0,1535514207286.0,1397929825186.0,137584382100.0,1296568562934.0,1296568562934.0,202778602151.0,,,2832082770220.0,16213997161.0,0.0,1437415596122.0,14233207051.0,166070897000.0,755970350000.0,755970350000.0,137129000000.0,10669068253.0,1131686128041.0,,12547147880.0,460716988400.0,0.0,0.0,,,,,,,,,,,,,,,,,,,,,,,,,,,,,,,,,
PNJ,2014,3,,PNJ,balance_sheet,1872146659014.0,289436318608.0,0.0,236254270120.0,1302049502502.0,44406567784.0,1035726076219.0,,450965021819.0,0.0,572553370344.0,0.0,12207684056.0,2907872735233.0,1578423923518.0,1429354639018.0,149069284500.0,1329448811715.0,1329448811715.0,235658850932.0,,,2907872735233.0,9039130289.0,0.0,1302049502502.0,14028585438.0,166070897000.0,755970350000.0,755970350000.0,148643000000.0,8326898717.0,1197663332915.0,,11156023942.0,503216908400.0,0.0,0.0,,,,,,,,,,,,,,,,,,,,,,,,,,,,,,,,,
PNJ,2014,2,,PNJ,balance_sheet,1878285761333.0,472511893599.0,0.0,76601725569.0,1287960873111.0,41211269054.0,1230465405174.0,,481197370522.0,75221657375.0,578850613936.0,80516146825.0,14679616516.0,3108751166507.0,1735715117673.0,1588704215454.0,147010902219.0,1279913667155.0,1279913667155.0,185632899892.0,,,3108751166507.0,10852648663.0,0.0,1287960873111.0,13748934406.0,166070897000.0,755970350000.0,755970350000.0,141393129719.0,5952591383.0,1356869058516.0,,13627956402.0,513512908400.0,0.0,0.0,,,,,,,,,,,,,,,,,,,,,,,,,,,,,,,,,
PNJ,2014,1,,PNJ,balance_sheet,1689870387104.0,428146003013.0,0.0,81033399054.0,1136739107904.0,43951877133.0,1245020770011.0,,507219933553.0,52027519119.0,589556728964.0,82752706459.0,13463881916.0,2934891157115.0,1619868704764.0,1472013802545.0,147854902219.0,1223380432202.0,1223380432202.0,129590471419.0,,,2934891157115.0,15612735889.0,0.0,1136739107904.0,13812930071.0,166070897000.0,755970350000.0,755970350000.0,142302129719.0,12659186960.0,1118459527314.0,,13429638583.0,523602408400.0,0.0,0.0,,,,,,,,,,,,,,,,,,,,,,,,,,,,,,,,,
PNJ,2013,4,,PNJ,balance_sheet,1718782507903.0,507821745184.0,0.0,77211175171.0,1087344363095.0,46405224453.0,1243508215188.0,,497858382162.0,52150619987.0,594781310041.0,85016342070.0,13701560928.0,2962290723091.0,1551911474308.0,1416711387159.0,135200087149.0,1322431501651.0,1322431501651.0,277741540868.0,,,2962290723091.0,8940504316.0,0.0,1087344363095.0,12633728820.0,126070897000.0,755970350000.0,755970350000.0,129583036649.0,8520860904.0,1163972366976.0,,13701560928.0,523602408400.0,0.0,0.0,,,,,,,,,,,,,,,,,,,,,,,,,,,,,,,,,
PNJ,2013,3,,PNJ,balance_sheet,1553273081635.0,479356624890.0,0.0,74729371767.0,959370646788.0,39816438190.0,1236017029885.0,,488669224662.0,52273907918.0,593533296099.0,89490886389.0,12049714817.0,2789290111520.0,1463706846332.0,1379895995832.0,83810850500.0,1240235475204.0,1240235475204.0,231537514421.0,,,2789290111520.0,14446570356.0,0.0,959370646788.0,13681822585.0,126070897000.0,719978350000.0,719978350000.0,78128000000.0,5192770234.0,1194508118217.0,,11991425945.0,523537408400.0,0.0,0.0,,,,,,,,,,,,,,,,,,,,,,,,,,,,,,,,,
PNJ,2013,2,,PNJ,balance_sheet,1187086511626.0,237094440410.0,0.0,60089711974.0,859300590011.0,30601769231.0,1206758347592.0,,433864729115.0,0.0,763711551382.0,0.0,9182067095.0,2393844859218.0,1185241829468.0,1106687544968.0,78554284500.0,1208603029750.0,1208603029750.0,199905068967.0,,,2393844859218.0,10684172689.0,0.0,859300590011.0,13458711017.0,126070897000.0,719978350000.0,719978350000.0,78128000000.0,2306916645.0,962853905201.0,,8046120284.0,513241408400.0,0.0,0.0,,,,,,,,,,,,,,,,,,,,,,,,,,,,,,,,,
PNJ,2013,1,,PNJ,balance_sheet,1473004836118.0,598866034275.0,2000000000.0,74570510243.0,762822452860.0,34745838740.0,1208077498331.0,,436156782404.0,0.0,760927863152.0,0.0,10992852775.0,2681082334449.0,1374183695007.0,1203401744507.0,170781950500.0,1306898639442.0,1306898639442.0,339458099659.0,,,2681082334449.0,13493499657.0,0.0,762822452860.0,15128640530.0,96070897000.0,719978350000.0,719978350000.0,170355666000.0,1219440610.0,1049431977465.0,,10992852775.0,513241408400.0,0.0,0.0,,,,,,,,,,,,,,,,,,,,,,,,,,,,,,,,,
REE,2025,4,,REE,balance_sheet,13700374618038.0,3045833042094.0,4651697807437.0,4188841135917.0,1523627823536.0,290374809054.0,26375490113340.0,72924300000.0,14129557344273.0,2478048502242.0,6311835983854.0,0.0,915192022219.0,40075864731378.0,15279611871394.0,5148557871106.0,10131054000288.0,24796252859984.0,24796252859984.0,14103293167221.0,,3850402577987.0,40075864731378.0,413403893891.0,0.0,1583041906325.0,0.0,413029494152.0,5416581390000.0,5416581390000.0,9379675887231.0,1187388721551.0,1472604495027.0,415804515965.0,361980341948.0,265849911604.0,34746273473.0,107670573473.0,,,,,,,,,,,,,,,,,,,,,,,,,,,,,,,0.0,,
REE,2025,3,,REE,balance_sheet,12359235870047.0,3356120292119.0,3650601171553.0,3801027090768.0,1291160053507.0,260327262100.0,25906761167467.0,72924300000.0,14386472451373.0,2406474652815.0,6310253706829.0,0.0,871409522975.0,38265997037514.0,14100981703005.0,4276976052607.0,9824005650398.0,24165015334509.0,24165015334509.0,13481307176488.0,,3838589272708.0,38265997037514.0,453740492621.0,0.0,1387241086117.0,0.0,415591264689.0,5416581390000.0,5416581390000.0,9081408054107.0,1021839037503.0,1264555282263.0,427833572512.0,352815625142.0,265849911604.0,32072933764.0,105833033764.0,,,,,,,,,,,,,,,,,,,,,,,,,,,,,,,0.0,,
REE,2025,2,,REE,balance_sheet,11912726111876.0,4779867178468.0,2018068818560.0,3679706848282.0,1240817458635.0,194265807931.0,25103183778522.0,72924300000.0,14257177907320.0,2454009065022.0,6385245024869.0,0.0,853272437532.0,37015909890398.0,13528541671216.0,4144635033247.0,9383906637969.0,23487368219182.0,23487368219182.0,12806267272430.0,,3835982061439.0,37015909890398.0,461055048509.0,0.0,1337481496838.0,0.0,415591264689.0,5416581390000.0,5416581390000.0,8661142973014.0,954533426210.0,1400227525266.0,407352950873.0,356225890781.0,265849911604.0,31997013128.0,104921313128.0,,,,,,,,,,,,,,,,,,,,,,,,,,,,,,,0.0,,
REE,2025,1,,REE,balance_sheet,11941000364115.0,5411419859093.0,1302663372989.0,3636820728214.0,1390349253901.0,199747149918.0,24948410404892.0,72924300000.0,13801343965620.0,2495866156037.0,6214916246941.0,0.0,859707308608.0,36889410769007.0,13661919056483.0,3963297615951.0,9698621440532.0,23227491712524.0,23227491712524.0,13366960041774.0,,3721860175437.0,36889410769007.0,330148332791.0,0.0,1487949370196.0,0.0,415591264689.0,4710134000000.0,4710134000000.0,8992667814263.0,1086635188703.0,1264798973805.0,424952593127.0,350716700470.0,265849911604.0,31972322543.0,106112422543.0,,,,,,,,,,,,,,,,,,,,,,,,,,,,,,,0.0,,
REE,2024,4,,REE,balance_sheet,11285775224595.0,5635908856765.0,1060073372989.0,3129681988376.0,1276815964044.0,183295042421.0,25076564658982.0,0.0,13961348221477.0,2542405763957.0,6198537115816.0,0.0,885254387865.0,36362339883577.0,13907555789461.0,4070052841712.0,9837502947749.0,22454784094116.0,22454784094116.0,12761421317915.0,,3554691280888.0,36362339883577.0,243554086604.0,0.0,1379188278200.0,0.0,415591264689.0,4710134000000.0,4710134000000.0,9142740044801.0,998575490194.0,1254303152582.0,442552235390.0,357349937409.0,265849911604.0,36440426781.0,36440426781.0,,,,,,,,,,,,,,,,,,,,,,,,,,,,,,,0.0,,
REE,2024,3,,REE,balance_sheet,10627102970555.0,5068969563782.0,1119089292234.0,3021072202669.0,1229430486404.0,188541425466.0,25021637893040.0,0.0,14196014257697.0,2590192707914.0,6221628587108.0,0.0,883061399547.0,35648740863595.0,13860699299941.0,3497046905287.0,10363652394654.0,21788041563654.0,21788041563654.0,12081954940901.0,,3567415127440.0,35648740863595.0,411680888511.0,0.0,1317666005842.0,0.0,415591264689.0,4710134000000.0,4710134000000.0,9646991567753.0,988355635703.0,940158594057.0,460151877643.0,349351403184.0,265849915133.0,37384006403.0,37524006403.0,,,,,,,,,,,,,,,,,,,,,,,,,,,,,,,0.0,,
REE,2024,2,,REE,balance_sheet,9567637996607.0,3675601596434.0,1177088132367.0,3154530111452.0,1351560776857.0,208857379497.0,25174296695603.0,0.0,14439170002374.0,2637979651871.0,6162106996153.0,0.0,891583964808.0,34741934692210.0,13496031295585.0,4110084767123.0,9385946528462.0,21245903396625.0,21245903396625.0,11602300045176.0,,3515011006136.0,34741934692210.0,180604791630.0,50000000.0,1440458725485.0,27890000.0,415591264689.0,4710134000000.0,4710134000000.0,8668160814257.0,886756269214.0,1264392016114.0,477751519904.0,338195024303.0,265849915133.0,36438272015.0,36438272015.0,,,,,,,,,,,,,,,,,,,,,,,,,,,,,,,0.0,,
REE,2024,1,,REE,balance_sheet,9985294065762.0,3319609374469.0,1259688234197.0,3760845189907.0,1408631830926.0,236519436263.0,25155474824853.0,0.0,14662835639054.0,1317055348319.0,6234246308067.0,0.0,923836604761.0,35140768890615.0,14286415397539.0,4013972431008.0,10272442966531.0,20854353493076.0,20854353493076.0,11870809165919.0,,3467943381844.0,35140768890615.0,208970989887.0,100000000.0,1501062664995.0,0.0,415591264689.0,4097142600000.0,4097142600000.0,9561904879628.0,697702060149.0,1135121813110.0,495351162159.0,343108282406.0,286508615133.0,31246662315.0,31246662315.0,,,,,,,,,,,,,,,,,,,,,,,,,,,,,,,0.0,,
REE,2023,4,,REE,balance_sheet,9522301155735.0,3022796277503.0,1132366903888.0,3777035068930.0,1353834235393.0,236268670021.0,25388025025540.0,0.0,14916512381498.0,1345379933498.0,6560455880296.0,0.0,939736905195.0,34910326181275.0,14140000235760.0,3936139840148.0,10203860395612.0,20770325945515.0,20770325945515.0,11803320970584.0,,3451404029618.0,34910326181275.0,184191073833.0,125000000.0,1408746219655.0,0.0,415591264689.0,4097142600000.0,4097142600000.0,9510034072199.0,705703871065.0,1232784873038.0,512950804417.0,346996281754.0,286508615133.0,18158176315.0,18158176315.0,,,,,,,,,,,,,,,,,,,,,,,,,,,,,,,0.0,,
REE,2023,3,,REE,balance_sheet,9367076920443.0,2085304198461.0,1436290479678.0,4296703262058.0,1328062526120.0,220716454126.0,25222008235319.0,0.0,15157965502005.0,1373796566900.0,6779252758343.0,0.0,927695605540.0,34589085155762.0,14072391414264.0,4519768584696.0,9552622829568.0,20516693741498.0,20516693741498.0,11480522946352.0,,3701482476845.0,34589085155762.0,283105879197.0,125000000.0,1347378792683.0,0.0,234678637677.0,4097142600000.0,4097142600000.0,8857891146095.0,826427553727.0,1992511964139.0,530550446675.0,340948862109.0,286508615133.0,18143776315.0,18143776315.0,,,,,,,,,,,,,,,,,,,,,,,,,,,,,,,0.0,,
REE,2023,2,,REE,balance_sheet,8932281664995.0,1620219594145.0,1410157981733.0,4291447153119.0,1386382793938.0,224074142060.0,25340003674001.0,0.0,15423112280065.0,1400084352622.0,6783645848369.0,0.0,934566355714.0,34272285338996.0,14212782790413.0,3942007277166.0,10270775513247.0,20059502548583.0,20059502548583.0,11030682773044.0,,3694131457238.0,34272285338996.0,284164103210.0,46875000000.0,1405716866201.0,27890000.0,234678637677.0,4097142600000.0,4097142600000.0,9580529049330.0,819092145235.0,1212804622964.0,548150088936.0,330719527287.0,286508615133.0,31780276915.0,31780276915.0,,,,,,,,,,,,,,,,,,,,,,,,,,,,,,,0.0,,
REE,2023,1,,REE,balance_sheet,9046535835587.0,1395512798370.0,1310184212591.0,4697121425211.0,1412299182963.0,231418216452.0,25275366550045.0,150000000.0,15604255259000.0,1428434459581.0,6680466161585.0,0.0,947772801267.0,34321902385632.0,14524123618113.0,3835177127999.0,10688946490114.0,19797778767519.0,19797778767519.0,11075172647547.0,,3920955561671.0,34321902385632.0,427259565246.0,73850000000.0,1432125505129.0,0.0,234678637677.0,3564104840000.0,3564104840000.0,10000627498270.0,865239751964.0,1160884746057.0,565749731191.0,325086030492.0,286508615133.0,19486564650.0,19636564650.0,,,,,,,,,,,,,,,,,,,,,,,,,,,,,,,0.0,,
REE,2022,4,,REE,balance_sheet,8586476962774.0,1151270491294.0,1749361611727.0,4012828277938.0,1421790160972.0,251226420843.0,25341617724040.0,150000000.0,15841877918963.0,1456784566540.0,6490632669262.0,0.0,969023798717.0,33928094686814.0,14716793015493.0,4091037228536.0,10625755786957.0,19211301671321.0,19211301671321.0,10706160897582.0,,3703490215438.0,33928094686814.0,299562750913.0,94850000000.0,1429139313627.0,0.0,234678637677.0,3564104840000.0,3564104840000.0,9945950959393.0,810331843598.0,1455134067019.0,583349373449.0,328328304594.0,286508615133.0,34020930892.0,34170930892.0,,,,,,,,,,,,,,,,,,,,,,,,,,,,,,,0.0,,
REE,2022,3,,REE,balance_sheet,7506675610574.0,1061800033013.0,1634634684811.0,3288635236369.0,1254924875614.0,266680780767.0,25538141960600.0,200000000.0,15875069271093.0,1485155298510.0,6491467430869.0,0.0,980833059074.0,33044817571174.0,14814490914580.0,3793038404506.0,11021452510074.0,18230326656594.0,18230326656594.0,9987277949229.0,,3441398149064.0,33044817571174.0,277949699406.0,68800000000.0,1260248686932.0,0.0,234678637677.0,3564104840000.0,3564104840000.0,10350203154158.0,917779572050.0,1170604773547.0,600949015707.0,332712213009.0,286508615133.0,25157692250.0,25357692250.0,,,,,,,,,,,,,,,,,,,,,,,,,,,,,,,0.0,,
REE,2022,2,,REE,balance_sheet,7624756748927.0,1607323675858.0,1521644344567.0,3220814947180.0,1019530809821.0,255442971501.0,24876912216340.0,200000000.0,15588719160687.0,1513526030439.0,6424859752100.0,0.0,664515453511.0,32501668965267.0,14931341290834.0,3962627482215.0,10968713808619.0,17570327674433.0,17570327674433.0,9471046483113.0,,3297630633019.0,32501668965267.0,224246968150.0,61800000000.0,1025622253004.0,0.0,234678637677.0,3564104840000.0,3564104840000.0,10303153962786.0,986801775110.0,1345193619089.0,289387811924.0,325133497406.0,286508615133.0,37522056550.0,37722056550.0,,,,,,,,,,,,,,,,,,,,,,,,,,,,,,,0.0,,
REE,2022,1,,REE,balance_sheet,7459877470927.0,1776626110212.0,1239184012457.0,3277695550804.0,910206552576.0,256165244878.0,24942527353527.0,0.0,15802686420404.0,1541896762368.0,6429036454110.0,0.0,676204385880.0,32402404824454.0,15456796830481.0,4087802635839.0,11368994194642.0,16945607993973.0,16945607993973.0,9344612387763.0,,3262861477909.0,32402404824454.0,214049359714.0,21383880000.0,916775331859.0,0.0,234678637677.0,3100588410000.0,3100588410000.0,10701595831466.0,912818990220.0,1237490161167.0,298758433030.0,329129541050.0,286508615133.0,37189676300.0,37189676300.0,,,,,,,,,,,,,,,,,,,,,,,,,,,,,,,0.0,,
REE,2021,4,,REE,balance_sheet,6755532739018.0,1830901134902.0,863912122575.0,2985755102581.0,798892271240.0,276072107720.0,25070816618701.0,0.0,16057664537081.0,1570332277547.0,6311443381526.0,0.0,688233586126.0,31826349357719.0,15470347761793.0,4356127025190.0,11114220736603.0,16356001595926.0,16356001595926.0,8962393307280.0,,3055474160345.0,31826349357719.0,144703089589.0,21000000000.0,805464106620.0,0.0,234678637677.0,3100588410000.0,3100588410000.0,10650116813508.0,820328773291.0,1323841836561.0,308129054137.0,329728703772.0,286508615133.0,37189676300.0,37189676300.0,,,,,,,,,,,,,,,,,,,,,,,,,,,,,,,0.0,,
REE,2021,3,,REE,balance_sheet,6644771621774.0,2075494945581.0,586685427340.0,2752165864022.0,850380387681.0,380044997150.0,24284395886412.0,0.0,12722692650352.0,1679105092160.0,6257330087512.0,0.0,627347109786.0,30929167508186.0,15264641592460.0,3845288712893.0,11419352879567.0,15664525915726.0,15664525915726.0,8170594652108.0,,3155797135317.0,30929167508186.0,358739481208.0,0.0,855048771000.0,0.0,234678637677.0,3100588410000.0,3100588410000.0,10701636067583.0,860709693902.0,853474308600.0,317499675244.0,264857115267.0,294089687133.0,36833763275.0,36859129871.0,,,,,,,,,,,,,,,,,,,,,,,,,,,,,,,0.0,,
REE,2021,2,,REE,balance_sheet,7083302905366.0,2301828977307.0,899880457718.0,2773684720668.0,898359216604.0,209549533069.0,23293561833649.0,0.0,12931242411943.0,1710700779341.0,6384185166373.0,0.0,639833823842.0,30376864739015.0,14987859778065.0,4604047957609.0,10383811820456.0,15389004960950.0,15389004960950.0,7907126143351.0,,3143744689298.0,30376864739015.0,467532921911.0,0.0,903025556868.0,0.0,234678637677.0,3100588410000.0,3100588410000.0,9675112026674.0,725242077010.0,1284559722806.0,326870296351.0,267958987501.0,294089687133.0,38953763275.0,38979129871.0,,,,,,,,,,,,,,,,,,,,,,,,,,,,,,,0.0,,
REE,2021,1,,REE,balance_sheet,5968812897468.0,1177800418926.0,865891279760.0,2937677687284.0,833780267864.0,153663243634.0,14848515878608.0,0.0,2588002833638.0,1741499298319.0,9488435649538.0,0.0,543666602834.0,20817328776076.0,8189844112127.0,3127228400175.0,5062615711952.0,12627484663949.0,12627484663949.0,7529962988583.0,,759387547065.0,20817328776076.0,609297973563.0,273000000000.0,838466739345.0,0.0,234678637677.0,3100588410000.0,3100588410000.0,4509644118292.0,787347372982.0,1234080662688.0,242061575064.0,269257328381.0,307894164509.0,45059033156.0,45084399752.0,,,,,,,,,,,,,,,,,,,,,,,,,,,,,,,0.0,,
REE,2020,4,,REE,balance_sheet,6013639106954.0,657638665185.0,1328559221660.0,3082086528134.0,807507044477.0,137847647498.0,14522777220189.0,0.0,2584784885734.0,1773066914071.0,9287154637594.0,0.0,550997781489.0,20536416327143.0,8323794442801.0,3435673617850.0,4888120824951.0,12212621884342.0,12212621884342.0,7114794437554.0,,759650361416.0,20536416327143.0,582919928420.0,466600000000.0,813557931672.0,0.0,234721594748.0,3100588410000.0,3100588410000.0,4347547338577.0,791049110244.0,1257771119063.0,242735059233.0,274213352353.0,307894164509.0,50793122087.0,50818488683.0,,,,,,,,,,,,,,,,,,,,,,,,,,,,,,,0.0,,
REE,2020,3,,REE,balance_sheet,5809082339976.0,696804827748.0,1207674282801.0,2843714200021.0,953762389570.0,107126639836.0,14001899611491.0,0.0,1946248771237.0,1804634529823.0,9339080425592.0,0.0,556629448034.0,19810981951467.0,8224627795755.0,2944631973220.0,5279995822535.0,11586354155712.0,11586354155712.0,6463597737100.0,,737078478379.0,19810981951467.0,662799784375.0,288600000000.0,967139570848.0,0.0,234683246107.0,3100588410000.0,3100588410000.0,4738348927311.0,865719493473.0,839589707044.0,249596497917.0,276015778895.0,717033198709.0,55918313275.0,56136565119.0,,,,,,,,,,,,,,,,,,,,,,,,,,,,,,,0.0,,
REE,2020,2,,REE,balance_sheet,6003915219700.0,785928804242.0,1413803945521.0,2562381402686.0,1147204245622.0,94596821629.0,13766069444254.0,0.0,1886668086990.0,1836202145575.0,9290892444839.0,0.0,571040640781.0,19769984663954.0,8586713257878.0,3368107072191.0,5218606185687.0,11183271406076.0,11183271406076.0,6117900440967.0,,679720064351.0,19769984663954.0,421254212851.0,298392000000.0,1159878065085.0,0.0,234656206632.0,3100588410000.0,3100588410000.0,4687917479325.0,916597096674.0,1130123277939.0,256457936601.0,281565765015.0,763940368587.0,41277313275.0,41495465119.0,,,,,,,,,,,,,,,,,,,,,,,,,,,,,,,0.0,,
REE,2020,1,,REE,balance_sheet,5926660045049.0,1296596309665.0,1371111357788.0,2136332631203.0,1009683333603.0,112936412790.0,13671048950316.0,0.0,1872307521079.0,1832846029570.0,9267135866635.0,0.0,579913914490.0,19597708995365.0,8817803273808.0,3572437380488.0,5245365893320.0,10779905721557.0,10779905721557.0,5744143622463.0,,650110586554.0,19597708995365.0,120811389983.0,245100000000.0,1022636950837.0,0.0,234656818414.0,3100588410000.0,3100588410000.0,4729278214927.0,963372418638.0,932571208479.0,263319375285.0,278644533565.0,785076503187.0,38738773275.0,38957025119.0,,,,,,,,,,,,,,,,,,,,,,,,,,,,,,,0.0,,
REE,2019,4,,REE,balance_sheet,6012735641914.0,1559577051904.0,1201295628592.0,2153036224441.0,987203880889.0,111622856088.0,13606705573817.0,0.0,1859029456603.0,1856448851637.0,9211249462875.0,0.0,588365821917.0,19619441215731.0,8518063356605.0,3265708596509.0,5252354760096.0,11101377859126.0,11101377859126.0,6005469532951.0,,704641957758.0,19619441215731.0,230844673692.0,98600000000.0,999666629701.0,0.0,240271674291.0,3100588410000.0,3100588410000.0,4739198675041.0,966231900835.0,887611982957.0,270180813969.0,280209693011.0,791898218587.0,38712034275.0,38930286120.0,,,,,,,,,,,,,,,,,,,,,,,,,,,,,,,0.0,,
REE,2019,3,,REE,balance_sheet,7887549252658.0,1779170129188.0,1746371167518.0,3357654166445.0,971460705199.0,32893084308.0,10035597007860.0,0.0,409461360301.0,1887336284251.0,7412645820163.0,0.0,284300151441.0,17923146260518.0,7345479619897.0,2604648181843.0,4740831438054.0,10577666640621.0,10577666640621.0,5556224831609.0,,630175440595.0,17923146260518.0,224292950409.0,119231805480.0,983825776689.0,0.0,240271674291.0,3100588410000.0,3100588410000.0,4223130284659.0,960575073269.0,505608522285.0,0.0,263335253948.0,791918218587.0,34647034275.0,34957021739.0,,,,,,,,,,,,,,,,,,,,,,,,,,,,,,,0.0,,
REE,2019,2,,REE,balance_sheet,7970814965102.0,1486152246568.0,2266348176635.0,3216789430932.0,958496691696.0,43028419271.0,9822486817381.0,0.0,423083771756.0,1552183513265.0,7186749206344.0,0.0,282936387625.0,17793301782483.0,7629362601232.0,2914275287118.0,4715087314114.0,10163939181251.0,10163939181251.0,5153243240339.0,,619429572495.0,17793301782483.0,138759704023.0,56161295797.0,971548036811.0,0.0,240271674291.0,3100588410000.0,3100588410000.0,4214706251411.0,954149826854.0,824482067499.0,0.0,259121056220.0,817219529234.0,34823093883.0,35251553156.0,,,,,,,,,,,,,,,,,,,,,,,,,,,,,,,0.0,,
REE,2019,1,,REE,balance_sheet,8151760446273.0,1645023948911.0,2718607852912.0,2834113353435.0,904894449352.0,49120841663.0,9706612132094.0,0.0,432147226422.0,1577502813871.0,7110351474044.0,0.0,292213727167.0,17858372578367.0,8152740683926.0,3314575877862.0,4838164806064.0,9705631894441.0,9705631894441.0,4718941420146.0,,595424105878.0,17858372578367.0,236202992240.0,0.0,917861522076.0,0.0,240271674291.0,3100588410000.0,3100588410000.0,4346145546055.0,1108277496316.0,741913271552.0,400356666.0,267684488464.0,806955577789.0,34958084083.0,35703150670.0,,,,,,,,,,,,,,,,,,,,,,,,,,,,,,,0.0,,
REE,2018,4,,REE,balance_sheet,6016429663343.0,1865096744967.0,1168925962847.0,1966047634090.0,969073762968.0,47285558471.0,9483157553217.0,0.0,445423380673.0,1602831205980.0,6962207022155.0,0.0,285915039801.0,15499587216560.0,5571218783919.0,3055703378231.0,2515515405688.0,9928368432641.0,9928368432641.0,4927777363724.0,,609518422630.0,15499587216560.0,149786966464.0,0.0,984759591543.0,0.0,240077952161.0,3100588410000.0,3100588410000.0,2069934163316.0,968810093621.0,1111455193347.0,800713329.0,260467939728.0,862146487612.0,32812869960.0,33557936547.0,,,,,,,,,,,,,,,,,,,,,,,,,,,,,,,0.0,,
REE,2018,3,,REE,balance_sheet,5634191097451.0,1272855205301.0,1396192364858.0,1572085119268.0,1342121626239.0,50936781785.0,9316393200648.0,0.0,453311885101.0,1607891265674.0,6854019338241.0,0.0,274378431702.0,14950584298099.0,5566943746149.0,2680362926831.0,2886580819318.0,9383640551950.0,9383640551950.0,4376504069138.0,,614562676986.0,14950584298099.0,201275461858.0,0.0,1359088538046.0,0.0,240259268975.0,3100588410000.0,3100588410000.0,2458474644640.0,1056768562922.0,688438213426.0,1201069992.0,253224588514.0,1033177277209.0,32865452460.0,33813193489.0,,,,,,,,,,,,,,,,,,,,,,,,,,,,,,,0.0,,
REE,2018,2,,REE,balance_sheet,4667701747175.0,1332173823176.0,628808503985.0,1281388392765.0,1374636629192.0,50694398057.0,9779817063220.0,0.0,465703871735.0,1633478424540.0,7301786626665.0,0.0,281041417595.0,14447518810395.0,5376428281777.0,2602975683392.0,2773452598385.0,9071090528618.0,9071090528618.0,4082833331194.0,,595817027916.0,14447518810395.0,204263715824.0,0.0,1399990377392.0,0.0,240259268975.0,3100588410000.0,3100588410000.0,2346821123882.0,1034724820192.0,769417251445.0,1601426653.0,252781442010.0,1110232530432.0,33557918460.0,34740189801.0,,,,,,,,,,,,,,,,,,,,,,,,,,,,,,,0.0,,
REE,2018,1,,REE,balance_sheet,4960189673184.0,1499281152036.0,565831751647.0,1321422556068.0,1531227043312.0,42427170121.0,9644438028664.0,0.0,478835111373.0,612371152943.0,7161742194397.0,0.0,84529069058.0,14604627701848.0,6065451367818.0,3170644559450.0,2894806808368.0,8539176334030.0,8539176334030.0,3525584287490.0,,621622179730.0,14604627701848.0,204180797669.0,0.0,1556295468048.0,0.0,239845570570.0,3100588410000.0,3100588410000.0,2490316087939.0,1373301790398.0,572983845513.0,2001783318.0,55493536926.0,1043877256704.0,34728665706.0,36390629072.0,,,,,,,,,,,,,,,,,,,,,,,,,,,,,,,0.0,,
REE,2017,4,,REE,balance_sheet,5665882506819.0,2397186656336.0,516561743653.0,1136714361110.0,1555629874625.0,59789871095.0,8634786335126.0,0.0,492274382836.0,624011258648.0,6274300677479.0,0.0,80303232859.0,14300668841945.0,5607391640856.0,2932379533768.0,2675012107088.0,8693277201089.0,8693277201089.0,3642388392065.0,,658949283159.0,14300668841945.0,178558081135.0,0.0,1580982461238.0,0.0,239845570570.0,3100588410000.0,3100588410000.0,2308624663112.0,1310588823460.0,672101562482.0,2402139981.0,46457439601.0,1099528485702.0,34492179457.0,36154142823.0,,,,,,,,,,,,,,,,,,,,,,,,,,,,,,,0.0,,
REE,2017,3,,REE,balance_sheet,5835864049498.0,2507556350185.0,336625694961.0,1242696566014.0,1707040455628.0,41944982710.0,7668585722727.0,0.0,499719513300.0,503882905747.0,5629794007551.0,0.0,43828376352.0,13504449772225.0,5271439303561.0,2855652005164.0,2415787298397.0,8233010468664.0,8233010468664.0,3304296547064.0,,536780170447.0,13504449772225.0,365888591618.0,0.0,1734169961919.0,0.0,239830905124.0,3100588410000.0,3100588410000.0,2164582193139.0,1456050335649.0,461366395654.0,3182768113.0,14559972392.0,1513306648467.0,34409399782.0,36828542017.0,,,,,,,,,,,,,,,,,,,,,,,,,,,,,,,0.0,,
REE,2017,2,,REE,balance_sheet,4584819523497.0,1236468292645.0,359981094323.0,1454605285975.0,1471486221835.0,62278628719.0,7312395685427.0,0.0,510837424793.0,514229723170.0,5464330965630.0,0.0,45060851794.0,11897215208924.0,4032206508150.0,3051825439258.0,980381068892.0,7865008700774.0,7865008700774.0,2932729921641.0,,540341384375.0,11897215208924.0,308802700699.0,0.0,1498660153513.0,0.0,239830905124.0,3100588410000.0,3100588410000.0,826532206205.0,1623744294823.0,518638650226.0,3963396245.0,12788388675.0,1513256648467.0,34298999782.0,36718142017.0,,,,,,,,,,,,,,,,,,,,,,,,,,,,,,,0.0,,
REE,2017,1,,REE,balance_sheet,4189130893636.0,1181695676454.0,569705045595.0,1068245310615.0,1343512992000.0,25971868972.0,7406079466318.0,0.0,518549778646.0,524623221870.0,5634797535498.0,0.0,62186244383.0,11595210359954.0,4022353548488.0,2941924433056.0,1080429115432.0,7572856811466.0,7572856811466.0,2600090582669.0,,582529868212.0,11595210359954.0,329034633123.0,0.0,1369999596476.0,0.0,238118820390.0,3100588410000.0,3100588410000.0,878043746214.0,1319875422339.0,498225743915.0,12228974732.0,12899474854.0,1530720648467.0,34282999782.0,37084963496.0,,,,,,,,,,,,,,,,,,,,,,,,,,,,,,,0.0,,
REE,2016,4,,REE,balance_sheet,4104230758004.0,959184890496.0,750013228917.0,1148605019028.0,1230324976676.0,16102642887.0,7310604209305.0,0.0,528600671462.0,673433406527.0,5393528424309.0,0.0,104835449767.0,11414834967309.0,3677518639897.0,2603170595738.0,1074348044159.0,7737316327412.0,7737316327412.0,2782016675182.0,,565048425724.0,11414834967309.0,253790458307.0,0.0,1256875479200.0,0.0,238118820390.0,3100588410000.0,3100588410000.0,899220584250.0,1169282520486.0,594470465413.0,20494553214.0,46774146724.0,1437605391646.0,34151299782.0,38721678370.0,,,,,,,,,,,,,,,,,,,,,,,,,,,,,,,0.0,,
REE,2016,3,,REE,balance_sheet,4193165953524.0,685854474565.0,771050850916.0,1823150840266.0,880216119466.0,32893668311.0,5905828763167.0,0.0,500609206073.0,550932006949.0,4252012215539.0,0.0,65456648889.0,10098994716691.0,3156250103528.0,2385903872296.0,770346231232.0,6942744613163.0,6942744613163.0,2163509217192.0,,389147152819.0,10098994716691.0,268525886143.0,0.0,923775543374.0,0.0,238118820390.0,3100588410000.0,3100588410000.0,621941813181.0,1270349402702.0,521699283818.0,28760131696.0,11354460662.0,1144387989415.0,33869156257.0,38573723915.0,,,,,,,,,,,,,,,,,,,,,,,,,,,,,,,0.0,,
REE,2016,2,,REE,balance_sheet,3964506549223.0,1019428437263.0,817338151752.0,1399064187705.0,689901462411.0,38774310092.0,5625400145588.0,0.0,471203661813.0,563066424831.0,4067398764130.0,0.0,57317796306.0,9589906694811.0,2937266309087.0,2276884059895.0,660382249192.0,6652640385724.0,6652640385724.0,1917531377956.0,,345011937131.0,9589906694811.0,262996392226.0,0.0,732209801458.0,0.0,238118820390.0,3100588410000.0,3100588410000.0,512443305086.0,1446132617806.0,323116731432.0,32221430217.0,364283568.0,993464310863.0,33981633017.0,33981633017.0,,,,,,,,,,,,,,,,,,,,,,,,,,,,,,,0.0,,
REE,2016,1,,REE,balance_sheet,3546908206266.0,1173265912265.0,464371841600.0,1252983200091.0,623977954146.0,32309298164.0,5805249309155.0,0.0,472541010995.0,572901037332.0,4276989571698.0,0.0,66980752825.0,9352157515421.0,2828612839482.0,2143622266399.0,684990573083.0,6523544675939.0,6523544675939.0,2178744873535.0,,359793025288.0,9352157515421.0,214911611515.0,0.0,666558299441.0,0.0,194784660605.0,2696168100000.0,2696168100000.0,540507480597.0,1304590112664.0,424553566447.0,40086652036.0,1496508931.0,1030402147975.0,33818334157.0,33818334157.0,,,,,,,,,,,,,,,,,,,,,,,,,,,,,,,42598429318.0,,
REE,2015,4,,REE,balance_sheet,3747425820726.0,1419715236964.0,381491325361.0,1368956404978.0,547093860649.0,30168992774.0,5861517471810.0,0.0,483507065078.0,584938280334.0,4369132998280.0,0.0,73935379620.0,9608943292536.0,2925943458869.0,2225628841950.0,700314616919.0,6682999833667.0,6682999833667.0,2349511348273.0,,348643878866.0,9608943292536.0,81772899224.0,0.0,589859322220.0,0.0,194784660605.0,2696168100000.0,2696168100000.0,561131881423.0,1214713332820.0,429904075283.0,47951873855.0,1257089501.0,1031513187975.0,33818334157.0,33818334157.0,,,,,,,,,,,,,,,,,,,,,,,,,,,,,,,42598429318.0,,
REE,2015,3,,REE,balance_sheet,3291972869573.0,1357884807696.0,244294939581.0,1269771460984.0,405604235587.0,14417425725.0,5798104523021.0,26000000000.0,471095746761.0,596975523341.0,4333976753875.0,0.0,92106684550.0,9090077392594.0,2638422224906.0,1895081284773.0,743340940133.0,6451655167688.0,6451655167688.0,2086718890881.0,,392121168175.0,9090077392594.0,65892910146.0,0.0,449645598575.0,0.0,218952097514.0,2690705390000.0,2690705390000.0,606803708852.0,1012713789522.0,465016814587.0,55817095674.0,2139754712.0,1052037310059.0,43816931872.0,69816931872.0,,,,,,,,,,,,,,,,,,,,,,,,,,,,,,,18430992409.0,,
REE,2015,2,,REE,balance_sheet,3119210428147.0,1271166573992.0,200641029758.0,1176362320638.0,457402671709.0,13637832050.0,5459033862300.0,26000000000.0,480977885261.0,609012766347.0,4141588421294.0,0.0,98652604865.0,8578244290447.0,2339257207906.0,1540447688523.0,798809519383.0,6238987082541.0,6238987082541.0,1878408965061.0,,387832163062.0,8578244290447.0,41301591829.0,0.0,502577884523.0,0.0,218951946408.0,2690705390000.0,2690705390000.0,665151631351.0,690489797660.0,388498642263.0,63682317493.0,190544671.0,1031734454711.0,42371429882.0,68371429882.0,,,,,,,,,,,,,,,,,,,,,,,,,,,,,,,18430992409.0,,
REE,2015,1,,REE,balance_sheet,2886094293982.0,1096467589601.0,155120940255.0,1063261986868.0,560397705114.0,10846072144.0,5521902656017.0,0.0,543402847129.0,621765639376.0,4216164348290.0,71801053625.0,37848893987.0,8407996949999.0,2370700838191.0,1495628227414.0,875072610777.0,5616823903733.0,5616823903733.0,1644135285550.0,,0.0,8407996949999.0,38792732338.0,0.0,606038144647.0,0.0,218952010426.0,2690705390000.0,2690705390000.0,741209477562.0,706169671594.0,321772043697.0,0.0,2467398894.0,1003982940514.0,30919873610.0,30919873610.0,,,,,,,,,,,,,,,,,,,,,,,,,,,,,,,18430992409.0,,
REE,2014,4,,REE,balance_sheet,2966628104400.0,1036655683725.0,249839701655.0,1031341875227.0,598432151160.0,50358692633.0,5436599961513.0,0.0,563895510668.0,635021928112.0,4117399245545.0,79412761131.0,40870516057.0,8403228065913.0,2064942683194.0,1551100054954.0,513842628240.0,5910243592550.0,5910243592550.0,1939391674994.0,,0.0,8403228065913.0,49613867487.0,0.0,644280881448.0,36408900877.0,70417784211.0,2690705390000.0,2690705390000.0,409904067962.0,690786774969.0,300900213273.0,0.0,273265509.0,928408727545.0,0.0,0.0,,,,,,,,,,,,,,,,,,,,,,,,,,,,,,,0.0,,
REE,2014,3,,REE,balance_sheet,2983184535092.0,1159282898467.0,195786706759.0,991437121771.0,582745179843.0,53932628252.0,4749496356575.0,0.0,516006726766.0,648278216854.0,3462130044997.0,82334453853.0,40746914105.0,7732680891667.0,1856349066362.0,1518156430464.0,338192635898.0,5453927360175.0,5453927360175.0,1558294875723.0,,0.0,7732680891667.0,116206288087.0,0.0,631173626490.0,43507238969.0,70417784211.0,2656515390000.0,2656515390000.0,238332852742.0,730591635902.0,268329194233.0,0.0,184172606.0,846398457945.0,0.0,0.0,,,,,,,,,,,,,,,,,,,,,,,,,,,,,,,0.0,,
REE,2014,2,,REE,balance_sheet,2973930690841.0,962044058016.0,251044928015.0,1048038752721.0,653611268381.0,59191683708.0,4769033357417.0,0.0,512951406308.0,661534505594.0,3464924543591.0,89819404203.0,39803497721.0,7742964048258.0,2121276565885.0,1802321944110.0,318954621775.0,5211199024929.0,5211199024929.0,1315618379107.0,,0.0,7742964048258.0,66605555723.0,0.0,704961478024.0,36843643336.0,70417784211.0,2656515390000.0,2656515390000.0,220658530520.0,830555691340.0,415145152509.0,0.0,408098170.0,837328383210.0,0.0,0.0,,,,,,,,,,,,,,,,,,,,,,,,,,,,,,,0.0,,
REE,2014,1,,REE,balance_sheet,2251264707627.0,352359466608.0,346276278160.0,954922577928.0,539962093011.0,57744291920.0,4417764141507.0,0.0,40956426719.0,674790794330.0,3668238158071.0,0.0,33778762387.0,6669028849134.0,1675880380481.0,1341024113986.0,334856266495.0,4985692235113.0,4985692235113.0,1109821501255.0,,0.0,6669028849134.0,134334545902.0,0.0,582818392520.0,38796819339.0,70417784211.0,2636863850000.0,2636863850000.0,237768269070.0,419464606003.0,363729171766.0,0.0,527832694.0,774256899490.0,0.0,0.0,,,,,,,,,,,,,,,,,,,,,,,,,,,,,,,0.0,,
REE,2013,4,,REE,balance_sheet,2533944607744.0,535795608464.0,416693781071.0,974698328461.0,544225285698.0,62531604050.0,4392508231552.0,0.0,41715151193.0,688047083066.0,3628846104919.0,0.0,33899892374.0,6926452839296.0,1725227384441.0,1370206464925.0,355020919516.0,5196648998117.0,5196648998117.0,1353702993223.0,,0.0,6926452839296.0,107603320550.0,0.0,587081585207.0,46413218135.0,70417784211.0,2636863850000.0,2636863850000.0,237768269070.0,535150664935.0,285115492833.0,0.0,467827702.0,854925101755.0,0.0,0.0,,,,,,,,,,,,,,,,,,,,,,,,,,,,,,,0.0,,
REE,2013,3,,REE,balance_sheet,2791166994452.0,804521118490.0,348896036662.0,1035904391366.0,542646917086.0,59198530848.0,4072248207253.0,0.0,38780323280.0,701317421168.0,3304959570956.0,0.0,27190891849.0,6863415201705.0,2221061815586.0,1403339986191.0,817721829395.0,4642117455544.0,4642117455544.0,1218900735303.0,,0.0,6863415201705.0,246187260758.0,0.0,559813592154.0,40387989665.0,70417784211.0,2446433850000.0,2446433850000.0,690257815300.0,612440262420.0,259200444052.0,0.0,597629480.0,852524346158.0,0.0,0.0,,,,,,,,,,,,,,,,,,,,,,,,,,,,,,,0.0,,
REE,2013,2,,REE,balance_sheet,2682543039284.0,760025725790.0,474461209951.0,897870104668.0,496324240825.0,53861758050.0,3922617173967.0,0.0,38906162256.0,714612735908.0,3140630793628.0,0.0,28467482175.0,6605160213251.0,2163223650232.0,1392028727505.0,771194922727.0,4441703666673.0,4441703666673.0,1018513551355.0,,0.0,6605160213251.0,142927974726.0,0.0,513531402897.0,48053396855.0,70417784211.0,2446433850000.0,2446433850000.0,673596808530.0,590961254561.0,94792443570.0,0.0,530447231.0,735487804995.0,0.0,0.0,,,,,,,,,,,,,,,,,,,,,,,,,,,,,,,0.0,,
REE,2013,1,,REE,balance_sheet,3094734992068.0,1084975687509.0,606325751983.0,863476277034.0,496884165291.0,43073110251.0,3681468333413.0,0.0,40446515114.0,727917693609.0,2891128279211.0,0.0,21975845479.0,6776203325481.0,2863258292554.0,2075460039715.0,787798252839.0,3912715011644.0,3912715011644.0,489618221362.0,,0.0,6776203325481.0,110399024617.0,0.0,511445287749.0,37831758023.0,70417784211.0,2446433850000.0,2446433850000.0,690257815300.0,628068148715.0,101490664604.0,0.0,248655364.0,889424761075.0,0.0,0.0,,,,,,,,,,,,,,,,,,,,,,,,,,,,,,,0.0,,
HDB,2025,4,0.0,HDB,balance_sheet,,4126643000000.0,,,,,,,1860436000000.0,0.0,1149501000000.0,,,931101281000000.0,852836677000000.0,,,78264604000000.0,,17146327000000.0,,2715392000000.0,931101281000000.0,,,,,,,50052763000000.0,,,,,,125667000000.0,,,59907114000000.0,184262209000000.0,490537000000.0,490537000000.0,0.0,0.0,539068773000000.0,546370779000000.0,-7302006000000.0,76811704000000.0,72904811000000.0,4039836000000.0,-132943000000.0,,1031691000000.0,-7857000000.0,973157000000.0,887279000000.0,39677939000000.0,11425972000000.0,169207295000000.0,560714282000000.0,427000000.0,2721952000000.0,87434265000000.0,21332484000000.0,51327726000000.0,7075159000000.0,0.0,,,,
HDB,2025,3,0.0,HDB,balance_sheet,,3679667000000.0,,,,,,,1756018000000.0,0.0,994299000000.0,,,781937368000000.0,713530315000000.0,,,68407053000000.0,,21792003000000.0,,2602454000000.0,781937368000000.0,,,,,,,35101423000000.0,,,,,,125666000000.0,,,24751052000000.0,153845277000000.0,549696000000.0,549696000000.0,0.0,148153000000.0,482446820000000.0,488594897000000.0,-6148077000000.0,63385953000000.0,59301804000000.0,4228551000000.0,-144402000000.0,,876175000000.0,-7542000000.0,883151000000.0,872867000000.0,49559526000000.0,9992000000.0,130268141000000.0,487862978000000.0,0.0,2734577000000.0,74613874000000.0,18040753000000.0,35224020000000.0,8781740000000.0,6836000000.0,,,,
HDB,2025,2,0.0,HDB,balance_sheet,,3944656000000.0,,,,,,,1756858000000.0,0.0,939185000000.0,,,784096287000000.0,719469924000000.0,,,64626363000000.0,,18145365000000.0,,2450275000000.0,784096287000000.0,,,,,,,35101423000000.0,,,,,,125666000000.0,,,9728909000000.0,132104675000000.0,2411264000000.0,2411264000000.0,0.0,40229000000.0,502451955000000.0,508548842000000.0,-6096887000000.0,71362330000000.0,67243887000000.0,4231266000000.0,-112823000000.0,,821061000000.0,-7542000000.0,889163000000.0,867695000000.0,59356226000000.0,9952000000.0,99269338000000.0,478700229000000.0,0.0,2787202000000.0,83686176000000.0,55017027000000.0,35224020000000.0,8833680000000.0,-26977000000.0,,,,
HDB,2025,1,0.0,HDB,balance_sheet,,3597997000000.0,,,,,,,1748509000000.0,0.0,869471000000.0,,,711310758000000.0,650278221000000.0,,,61032537000000.0,,17166824000000.0,,2289076000000.0,711310758000000.0,,,,,,,35101423000000.0,,,,,,134666000000.0,,,18197837000000.0,126666260000000.0,14526258000000.0,14526258000000.0,0.0,0.0,440468264000000.0,446106052000000.0,-5637788000000.0,49726466000000.0,45597975000000.0,4233951000000.0,-105460000000.0,,753307000000.0,-18502000000.0,865919000000.0,882590000000.0,55509696000000.0,27856000000.0,73678438000000.0,465321208000000.0,279539000000.0,2729948000000.0,88350608000000.0,19890624000000.0,35224020000000.0,6321741000000.0,30876000000.0,,,,
HDB,2024,4,0.0,HDB,balance_sheet,,3105355000000.0,,,,,,,1765927000000.0,0.0,857783000000.0,,,697366458000000.0,640709197000000.0,,,56657261000000.0,,12953881000000.0,,2166158000000.0,697366458000000.0,,,,,,,35101423000000.0,,,,,,146546000000.0,,,26680270000000.0,101600254000000.0,21955775000000.0,21955775000000.0,0.0,0.0,436606237000000.0,442484841000000.0,-5878604000000.0,48751284000000.0,31407524000000.0,17436610000000.0,-92850000000.0,,729739000000.0,-18502000000.0,887455000000.0,878472000000.0,56043573000000.0,15434000000.0,99460579000000.0,437505165000000.0,18449000000.0,2788443000000.0,81349744000000.0,19571383000000.0,35224020000000.0,6313202000000.0,0.0,,,,
HDB,2024,3,0.0,HDB,balance_sheet,,3127639000000.0,,,,,,,1669306000000.0,0.0,811249000000.0,,,629569112000000.0,575985137000000.0,,,53583975000000.0,,15734849000000.0,,2293584000000.0,629569112000000.0,,,,,,,29076321000000.0,,,,,,149546000000.0,,,29410506000000.0,98656083000000.0,15274541000000.0,15274541000000.0,0.0,0.0,393739706000000.0,398724457000000.0,-4984751000000.0,34611149000000.0,28086753000000.0,6668285000000.0,-143889000000.0,,679662000000.0,-17959000000.0,811751000000.0,857555000000.0,52268933000000.0,17920000000.0,92302927000000.0,397018666000000.0,113837000000.0,2698648000000.0,67367167000000.0,16465972000000.0,29198918000000.0,6257868000000.0,98756000000.0,,,,
HDB,2024,2,0.0,HDB,balance_sheet,,3102598000000.0,,,,,,,1542886000000.0,0.0,789226000000.0,,,624443499000000.0,571617789000000.0,,,52825710000000.0,,15223523000000.0,,2171824000000.0,624443499000000.0,,,,,,,29076321000000.0,,,,,,149546000000.0,,,22236514000000.0,83923363000000.0,8606526000000.0,8606526000000.0,0.0,381092000000.0,381419719000000.0,386186737000000.0,-4767018000000.0,60762059000000.0,38311638000000.0,22570977000000.0,-120556000000.0,,657639000000.0,-17959000000.0,785388000000.0,757498000000.0,61679516000000.0,20978000000.0,118687414000000.0,386573343000000.0,0.0,2856478000000.0,44592656000000.0,18886920000000.0,29198918000000.0,6259588000000.0,-28143000000.0,,,,
HDB,2024,1,0.0,HDB,balance_sheet,,2891213000000.0,,,,,,,1493213000000.0,0.0,143781000000.0,,,602551570000000.0,552851320000000.0,,,49700250000000.0,,13671470000000.0,,2034863000000.0,602551570000000.0,,,,,,,29076321000000.0,,,,,,163921000000.0,,,22525499000000.0,87659830000000.0,12929307000000.0,12929307000000.0,0.0,124577000000.0,358835149000000.0,363449382000000.0,-4614233000000.0,55248147000000.0,33368663000000.0,21991503000000.0,-112019000000.0,,0.0,-20140000000.0,729332000000.0,763881000000.0,60700854000000.0,20159000000.0,107009010000000.0,378789084000000.0,0.0,2796221000000.0,46301878000000.0,17934968000000.0,29198918000000.0,4707618000000.0,87381000000.0,,,,
HDB,2023,4,0.0,HDB,balance_sheet,,2810044000000.0,,,,,,,1422759000000.0,0.0,143781000000.0,,,602314859000000.0,555914537000000.0,,,46400322000000.0,,10561698000000.0,,1931463000000.0,602314859000000.0,,,,,,,29076321000000.0,,,,,,163921000000.0,,,41481638000000.0,96514863000000.0,18580932000000.0,18580932000000.0,0.0,110079000000.0,339349838000000.0,343404295000000.0,-4054457000000.0,44092289000000.0,31871688000000.0,12304873000000.0,-84272000000.0,,0.0,-20140000000.0,713141000000.0,709618000000.0,57808636000000.0,26590000000.0,112086978000000.0,370777888000000.0,0.0,2811129000000.0,50938148000000.0,19273804000000.0,29198918000000.0,4708243000000.0,0.0,,,,
HDB,2023,3,0.0,HDB,balance_sheet,,2765559000000.0,,,,,,,1326266000000.0,0.0,143858000000.0,,,508263253000000.0,465237672000000.0,,,43025581000000.0,,7256245000000.0,,1827743000000.0,508263253000000.0,,,,,,,29076321000000.0,,,,,,163921000000.0,,,31970237000000.0,55427300000000.0,21599611000000.0,21599611000000.0,0.0,0.0,288136806000000.0,291716649000000.0,-3579843000000.0,51041447000000.0,26700855000000.0,24395825000000.0,-55233000000.0,,0.0,-20063000000.0,652896000000.0,673370000000.0,55852169000000.0,29829000000.0,51537699000000.0,341712982000000.0,272222000000.0,2811290000000.0,52132702000000.0,16740948000000.0,29198918000000.0,4685355000000.0,57320000000.0,,,,
HDB,2023,2,0.0,HDB,balance_sheet,,2902517000000.0,,,,,,,1307970000000.0,0.0,143858000000.0,,,483935823000000.0,443459075000000.0,,,40476748000000.0,,8548698000000.0,,1793025000000.0,483935823000000.0,,,,,,,25303429000000.0,,,,,,163921000000.0,,,14769196000000.0,87190858000000.0,7305631000000.0,7305631000000.0,0.0,205729000000.0,283565064000000.0,287355418000000.0,-3790354000000.0,44652422000000.0,37610068000000.0,7085653000000.0,-43299000000.0,,0.0,-20063000000.0,637441000000.0,670529000000.0,41892578000000.0,30124000000.0,62766342000000.0,309645137000000.0,0.0,2800933000000.0,54880424000000.0,13336115000000.0,25426026000000.0,4692965000000.0,16034000000.0,,,,
HDB,2023,1,0.0,HDB,balance_sheet,,2691430000000.0,,,,,,,1292178000000.0,0.0,144023000000.0,,,458802678000000.0,417974887000000.0,,,40827791000000.0,,10087795000000.0,,1772051000000.0,458802678000000.0,,,,,,,25303429000000.0,,,,,,163921000000.0,,,12162272000000.0,56768627000000.0,3867579000000.0,3867579000000.0,0.0,0.0,285239105000000.0,288528712000000.0,-3289607000000.0,55793600000000.0,42515463000000.0,13306242000000.0,-28105000000.0,,0.0,-19898000000.0,617503000000.0,674675000000.0,40843864000000.0,36079000000.0,97327589000000.0,249802943000000.0,76916000000.0,2791568000000.0,56238326000000.0,11701466000000.0,25426026000000.0,3522956000000.0,18963000000.0,,,,
HDB,2022,4,0.0,HDB,balance_sheet,,2937994000000.0,,,,,,,1315057000000.0,0.0,144023000000.0,,,416273023000000.0,377278137000000.0,,,38994886000000.0,,7999785000000.0,,2041348000000.0,416273023000000.0,,,,,,,25303429000000.0,,,,,,163921000000.0,,,11273345000000.0,49132317000000.0,1797822000000.0,1797822000000.0,0.0,0.0,260754811000000.0,263856383000000.0,-3101572000000.0,48789184000000.0,35375058000000.0,13444130000000.0,-30004000000.0,,0.0,-19898000000.0,631621000000.0,683436000000.0,40128470000000.0,10821258000000.0,92653200000000.0,215797174000000.0,226480000000.0,2860155000000.0,44161640000000.0,10758230000000.0,25426026000000.0,3527727000000.0,0.0,,,,
HDB,2022,3,0.0,HDB,balance_sheet,,2596855000000.0,,,,,,,1303783000000.0,0.0,143820000000.0,,,399152573000000.0,361989908000000.0,,,37162665000000.0,,11360677000000.0,,1978179000000.0,399152573000000.0,,,,,,,20272906000000.0,,,,,,163921000000.0,,,9869836000000.0,50666808000000.0,2383237000000.0,2386118000000.0,-2881000000.0,0.0,243426139000000.0,246497884000000.0,-3071745000000.0,56383097000000.0,41012653000000.0,15434181000000.0,-63737000000.0,,0.0,-20101000000.0,632761000000.0,671022000000.0,32378998000000.0,58565000000.0,99636997000000.0,207780769000000.0,179100000000.0,2905881000000.0,42765762000000.0,8662834000000.0,20395503000000.0,3465624000000.0,-37318000000.0,,,,
HDB,2022,2,0.0,HDB,balance_sheet,,2709876000000.0,,,,,,,1294275000000.0,0.0,143820000000.0,,,384266740000000.0,348899749000000.0,,,35366991000000.0,,9344689000000.0,,2174678000000.0,384266740000000.0,,,,,,,20272906000000.0,,,,,,163921000000.0,,,11127254000000.0,41470126000000.0,3407027000000.0,3409908000000.0,-2881000000.0,16070000000.0,234742051000000.0,237688422000000.0,-2946371000000.0,59200131000000.0,46951408000000.0,12325996000000.0,-77273000000.0,,0.0,-20101000000.0,624601000000.0,669674000000.0,30156110000000.0,69414000000.0,86186983000000.0,212520096000000.0,0.0,2906854000000.0,39104392000000.0,8112010000000.0,20395503000000.0,3465914000000.0,-13793000000.0,,,,
HDB,2022,1,0.0,HDB,balance_sheet,,2627817000000.0,,,,,,,1318816000000.0,0.0,143331000000.0,,,381046023000000.0,348234538000000.0,,,32811485000000.0,,8206256000000.0,,1858712000000.0,381046023000000.0,,,,,,,20072906000000.0,,,,,,163921000000.0,,,9808491000000.0,49371645000000.0,10046933000000.0,10049814000000.0,-2881000000.0,0.0,222466108000000.0,225153895000000.0,-2687787000000.0,60494732000000.0,43512725000000.0,17071519000000.0,-89512000000.0,,0.0,-20590000000.0,640621000000.0,678195000000.0,24768150000000.0,81615000000.0,93473766000000.0,201490028000000.0,45007000000.0,2859595000000.0,42099369000000.0,8185158000000.0,20195503000000.0,2537221000000.0,13793000000.0,,,,
HDB,2021,4,0.0,HDB,balance_sheet,,2445611000000.0,,,,,,,1366325000000.0,0.0,123831000000.0,,,374611571000000.0,343821459000000.0,,,30790112000000.0,,6290473000000.0,,1756671000000.0,374611571000000.0,,,,,,,20072906000000.0,,,,,,144421000000.0,,,11847980000000.0,55942644000000.0,11198067000000.0,11200948000000.0,-2881000000.0,0.0,200758833000000.0,203210901000000.0,-2452068000000.0,65513425000000.0,43656434000000.0,21955594000000.0,-98603000000.0,,0.0,-20590000000.0,663478000000.0,702847000000.0,25414855000000.0,92656000000.0,107242582000000.0,183283118000000.0,15550000000.0,2936864000000.0,42756113000000.0,7494576000000.0,20195503000000.0,2547465000000.0,0.0,,,,
HDB,2021,3,0.0,HDB,balance_sheet,,1940895000000.0,,,,,,,1175974000000.0,20823000000.0,143003000000.0,,,346355019000000.0,317084891000000.0,,,29270128000000.0,,8826515000000.0,,1674988000000.0,346355019000000.0,,,,,,,16088488000000.0,,,,,,166421000000.0,,,8949735000000.0,52371403000000.0,12880397000000.0,12883602000000.0,-3205000000.0,48528000000.0,189346267000000.0,191514813000000.0,-2168546000000.0,58820275000000.0,34270440000000.0,24647047000000.0,-97212000000.0,,0.0,-23418000000.0,579736000000.0,596238000000.0,20657719000000.0,104874000000.0,81351880000000.0,194429468000000.0,0.0,2921231000000.0,30995597000000.0,7281841000000.0,16211085000000.0,2492954000000.0,64586000000.0,,,,
HDB,2021,2,0.0,HDB,balance_sheet,,2194774000000.0,,,,,,,1179213000000.0,20835000000.0,143003000000.0,,,330969917000000.0,303239461000000.0,,,27730456000000.0,,7395450000000.0,,1593015000000.0,330969917000000.0,,,,,,,16088488000000.0,,,,,,166421000000.0,,,9633778000000.0,44824126000000.0,10440600000000.0,10443805000000.0,-3205000000.0,56611000000.0,189796578000000.0,191841072000000.0,-2044494000000.0,54467346000000.0,29205781000000.0,25349148000000.0,-87583000000.0,,0.0,-23418000000.0,596011000000.0,583202000000.0,18213053000000.0,117309000000.0,60258786000000.0,198533937000000.0,0.0,3022568000000.0,33315209000000.0,7991652000000.0,16211085000000.0,2492954000000.0,37952000000.0,,,,
HDB,2021,1,0.0,HDB,balance_sheet,,2351092000000.0,,,,,,,1198085000000.0,20847000000.0,153636000000.0,,,325821442000000.0,299409970000000.0,,,26411472000000.0,,6502578000000.0,,1823419000000.0,325821442000000.0,,,,,,,16088488000000.0,,,,,,185117000000.0,,,6209185000000.0,50447584000000.0,10977154000000.0,10977297000000.0,-143000000.0,85426000000.0,185334408000000.0,187279481000000.0,-1945073000000.0,53219476000000.0,28693530000000.0,24612582000000.0,-86636000000.0,,0.0,-31481000000.0,604856000000.0,593229000000.0,15824549000000.0,130009000000.0,69869067000000.0,184987517000000.0,0.0,3029863000000.0,34278134000000.0,7115380000000.0,16211085000000.0,1844467000000.0,29923000000.0,,,,
HDB,2020,4,0.0,HDB,balance_sheet,,2257255000000.0,,,,,,,1059428000000.0,20860000000.0,153636000000.0,,,319127257000000.0,294423432000000.0,,,24703825000000.0,,4938967000000.0,,1706692000000.0,319127257000000.0,,,,,,,16088488000000.0,,,,,,185117000000.0,,,7788112000000.0,44810934000000.0,12478102000000.0,12478245000000.0,-143000000.0,0.0,176387656000000.0,178323092000000.0,-1935436000000.0,58236806000000.0,30143484000000.0,28180901000000.0,-87579000000.0,,0.0,-31481000000.0,601398000000.0,458030000000.0,15934468000000.0,142771000000.0,75175573000000.0,174620270000000.0,215182000000.0,3037163000000.0,34332257000000.0,6900216000000.0,16211085000000.0,1847081000000.0,0.0,,,,
HDB,2020,3,0.0,HDB,balance_sheet,,2123658000000.0,,,,,,,1008126000000.0,35425000000.0,154887000000.0,,,273289529000000.0,249404367000000.0,,,23885162000000.0,,8768067000000.0,,1918443000000.0,273289529000000.0,,,,,,,9810000000000.0,,,,,,185117000000.0,,,4661966000000.0,32765417000000.0,9221967000000.0,9243665000000.0,-21698000000.0,0.0,162533281000000.0,164462771000000.0,-1929490000000.0,48949397000000.0,18965327000000.0,30090341000000.0,-106271000000.0,,0.0,-30230000000.0,591131000000.0,416995000000.0,11835405000000.0,159657000000.0,41769606000000.0,168443457000000.0,31072000000.0,3048436000000.0,29838063000000.0,6114076000000.0,11381507000000.0,1789350000000.0,27795000000.0,,,,
HDB,2020,2,0.0,HDB,balance_sheet,,2298266000000.0,,,,,,,940810000000.0,44068000000.0,154887000000.0,,,242445051000000.0,219751209000000.0,,,22693842000000.0,,7678938000000.0,,1831068000000.0,242445051000000.0,,,,,,,9810000000000.0,,,,,,185117000000.0,,,3185578000000.0,23330471000000.0,3049574000000.0,3071272000000.0,-21698000000.0,0.0,158574053000000.0,160371930000000.0,-1797877000000.0,39903427000000.0,13379712000000.0,26623949000000.0,-100234000000.0,,0.0,-30230000000.0,539196000000.0,401614000000.0,10963917000000.0,181767000000.0,32358700000000.0,149805037000000.0,52629000000.0,3048933000000.0,28719063000000.0,5585080000000.0,11381507000000.0,1787170000000.0,15159000000.0,,,,
HDB,2020,1,0.0,HDB,balance_sheet,,1892955000000.0,,,,,,,901646000000.0,44083000000.0,161050000000.0,,,231773724000000.0,210385915000000.0,,,21387809000000.0,,7019397000000.0,,1721220000000.0,231773724000000.0,,,,,,,9810000000000.0,,,,,,185117000000.0,,,1891534000000.0,18920348000000.0,4812614000000.0,4816174000000.0,-3560000000.0,0.0,150733323000000.0,152405077000000.0,-1671754000000.0,40553562000000.0,16118458000000.0,25052541000000.0,-617437000000.0,,0.0,-24067000000.0,529520000000.0,372126000000.0,11862609000000.0,602990000000.0,43244856000000.0,132822498000000.0,23069000000.0,3088121000000.0,25174063000000.0,5430318000000.0,11381661000000.0,1246161000000.0,19370000000.0,,,,
HDB,2019,4,0.0,HDB,balance_sheet,,2004563000000.0,,,,,,,903561000000.0,44098000000.0,166821000000.0,,,229477262000000.0,209096146000000.0,,,20381116000000.0,,6130768000000.0,,1308544000000.0,229477262000000.0,,,,,,,9810000000000.0,,,,,,185117000000.0,,,4503540000000.0,24664877000000.0,4643488000000.0,4650988000000.0,-7500000000.0,0.0,144699636000000.0,146324378000000.0,-1624742000000.0,36041894000000.0,15749443000000.0,20696368000000.0,-403917000000.0,,0.0,-18296000000.0,532147000000.0,371414000000.0,11804784000000.0,209151000000.0,45977699000000.0,126018576000000.0,14262000000.0,3043492000000.0,25013063000000.0,8819903000000.0,11693415000000.0,1248389000000.0,0.0,,,,
HDB,2019,3,0.0,HDB,balance_sheet,,2039463000000.0,,,,,,,859406000000.0,44108000000.0,166821000000.0,,,217245156000000.0,197651382000000.0,,,19593774000000.0,,5069988000000.0,,1473241000000.0,217245156000000.0,,,,,,,9810000000000.0,,,,,,185117000000.0,,,6403131000000.0,21531562000000.0,1847534000000.0,1853534000000.0,-6000000000.0,1650000000.0,138631393000000.0,140167685000000.0,-1536292000000.0,38026229000000.0,21764039000000.0,17211731000000.0,-949541000000.0,,0.0,-18296000000.0,492663000000.0,366743000000.0,7693859000000.0,2205063000000.0,42943712000000.0,124917876000000.0,0.0,3048112000000.0,20027400000000.0,4509219000000.0,11852342000000.0,1189112000000.0,9091000000.0,,,,
HDB,2019,2,0.0,HDB,balance_sheet,,1949797000000.0,,,,,,,858226000000.0,51892000000.0,166821000000.0,,,210291471000000.0,191687896000000.0,,,18603575000000.0,,4171307000000.0,,1382883000000.0,210291471000000.0,,,,,,,9810000000000.0,,,,,,185117000000.0,,,1724662000000.0,21501935000000.0,2091898000000.0,2097898000000.0,-6000000000.0,0.0,136295829000000.0,137781337000000.0,-1485508000000.0,36659984000000.0,22410441000000.0,15157992000000.0,-908449000000.0,,0.0,-18296000000.0,490153000000.0,368073000000.0,8990427000000.0,2167416000000.0,33921883000000.0,130057580000000.0,30099000000.0,3059677000000.0,17746000000000.0,4705241000000.0,11852342000000.0,1189799000000.0,7244000000.0,,,,
HDB,2019,1,0.0,HDB,balance_sheet,,1997844000000.0,,,,,,,1607734000000.0,51923000000.0,164931000000.0,,,202562505000000.0,184849346000000.0,,,17713159000000.0,,3805844000000.0,,1272880000000.0,202562505000000.0,,,,,,,9810000000000.0,,,,,,185117000000.0,,,3416086000000.0,19600096000000.0,1933944000000.0,1936944000000.0,-3000000000.0,0.0,127556296000000.0,128936571000000.0,-1380275000000.0,38842836000000.0,22959264000000.0,16793735000000.0,-910163000000.0,,0.0,-20186000000.0,564302000000.0,1043432000000.0,7390815000000.0,2180507000000.0,34233100000000.0,126694184000000.0,2114000000.0,3046889000000.0,14129681000000.0,4562871000000.0,11852342000000.0,774036000000.0,8057000000.0,,,,
HDB,2018,4,0.0,HDB,balance_sheet,,2096395000000.0,,,,,,,1615456000000.0,51955000000.0,164931000000.0,,,216107406000000.0,199279266000000.0,,,16828140000000.0,,3007022000000.0,,1192976000000.0,216107406000000.0,,,,,,,9810000000000.0,,,,,,185117000000.0,,,5385604000000.0,32425544000000.0,2596626000000.0,2603376000000.0,-6750000000.0,208294000000.0,121791723000000.0,123131648000000.0,-1339925000000.0,42694913000000.0,25754996000000.0,17888621000000.0,-948704000000.0,,0.0,-20186000000.0,569227000000.0,1046229000000.0,7075965000000.0,7911883000000.0,40689261000000.0,128060094000000.0,0.0,3045666000000.0,14927000000000.0,4645362000000.0,11852342000000.0,775800000000.0,0.0,,,,
HDB,2018,3,0.0,HDB,balance_sheet,,1828908000000.0,,,,,,,1511330000000.0,51985000000.0,375407000000.0,,,199380170000000.0,183425608000000.0,,,15954562000000.0,,2279482000000.0,,1080568000000.0,199380170000000.0,,,,,,,9810000000000.0,,,,,,487357000000.0,,,2418896000000.0,23317555000000.0,2337487000000.0,2342829000000.0,-5342000000.0,11337000000.0,119572248000000.0,120892934000000.0,-1320686000000.0,40679792000000.0,31867922000000.0,9655484000000.0,-843614000000.0,,0.0,-111950000000.0,506913000000.0,1004417000000.0,7274905000000.0,2151945000000.0,29656727000000.0,129966300000000.0,0.0,3063519000000.0,14750000000000.0,3837117000000.0,11852342000000.0,725546000000.0,16624000000.0,,,,
HDB,2018,2,0.0,HDB,balance_sheet,,2151586000000.0,,,,,,,1508844000000.0,52016000000.0,375407000000.0,,,191293246000000.0,175992415000000.0,,,15300831000000.0,,1712346000000.0,,992073000000.0,191293246000000.0,,,,,,,9810000000000.0,,,,,,487357000000.0,,,3309444000000.0,23538842000000.0,1889877000000.0,1898619000000.0,-8742000000.0,13401000000.0,118965247000000.0,120338093000000.0,-1372846000000.0,32818835000000.0,26700583000000.0,6966054000000.0,-847802000000.0,,0.0,-111950000000.0,511185000000.0,997659000000.0,6665872000000.0,131179000000.0,26372072000000.0,126776964000000.0,0.0,3008715000000.0,14410637000000.0,5292848000000.0,11852342000000.0,726426000000.0,17644000000.0,,,,
HDB,2018,1,0.0,HDB,balance_sheet,,1649501000000.0,,,,,,,1522636000000.0,52048000000.0,375507000000.0,,,190374307000000.0,174595050000000.0,,,15779257000000.0,,2526763000000.0,,910203000000.0,190374307000000.0,,,,,,,9810000000000.0,,,,,,487357000000.0,,,2269185000000.0,19681403000000.0,2850111000000.0,2853111000000.0,-3000000000.0,28122000000.0,114673489000000.0,115886169000000.0,-1212680000000.0,39386619000000.0,31737506000000.0,8851858000000.0,-1202745000000.0,,0.0,-111850000000.0,525242000000.0,997394000000.0,7881811000000.0,127488000000.0,41010855000000.0,117302099000000.0,0.0,2947308000000.0,9446000000000.0,3761300000000.0,11852342000000.0,452344000000.0,37605000000.0,,,,
HDB,2017,4,0.0,HDB,balance_sheet,,1511629000000.0,,,,,,,1526618000000.0,45769000000.0,378237000000.0,,,189334259000000.0,174575168000000.0,,,14759091000000.0,,1769492000000.0,,683549000000.0,189334259000000.0,,,,,,,9810000000000.0,,,,,,490087000000.0,,,1922256000000.0,21861168000000.0,4690398000000.0,4693398000000.0,-3000000000.0,0.0,103336328000000.0,104497027000000.0,-1160699000000.0,45802141000000.0,37417732000000.0,9614647000000.0,-1230238000000.0,,0.0,-111850000000.0,526448000000.0,1000170000000.0,8255840000000.0,156253000000.0,37217378000000.0,120537469000000.0,70098000000.0,2927741000000.0,9793000000000.0,3873229000000.0,11852342000000.0,453708000000.0,0.0,,,,
HDB,2017,3,615403000000.0,HDB,balance_sheet,,1272228000000.0,,,,,,,1305255000000.0,58412000000.0,370187000000.0,,,174594270000000.0,163307433000000.0,,,10671434000000.0,,2017947000000.0,,0.0,174594270000000.0,,,,,,,8100000000000.0,,,,,,483418000000.0,,,2330443000000.0,20772785000000.0,642333000000.0,645333000000.0,-3000000000.0,98303000000.0,95489766000000.0,96612423000000.0,-1122657000000.0,42682806000000.0,35127944000000.0,8718121000000.0,-1163259000000.0,,0.0,-113231000000.0,482210000000.0,823045000000.0,9567877000000.0,152470000000.0,27568310000000.0,118116320000000.0,0.0,2928041000000.0,10582000000000.0,3960292000000.0,8104686000000.0,585756000000.0,-36955000000.0,,,,
HDB,2017,2,0.0,HDB,balance_sheet,,1361279000000.0,,,,,,,1315165000000.0,58444000000.0,372427000000.0,,,169528338000000.0,158879493000000.0,,,10648845000000.0,,1364964000000.0,,719843000000.0,169528338000000.0,,,,,,,8100000000000.0,,,,,,485658000000.0,,,5583069000000.0,22723038000000.0,397000000000.0,400000000000.0,-3000000000.0,0.0,95875982000000.0,96945442000000.0,-1069460000000.0,32459476000000.0,25016638000000.0,8508655000000.0,-1065817000000.0,,0.0,-113231000000.0,487161000000.0,828004000000.0,9376969000000.0,153157000000.0,25107077000000.0,115710752000000.0,88896000000.0,2907267000000.0,11353000000000.0,3559344000000.0,8104686000000.0,463362000000.0,-4010000000.0,,,,
HDB,2017,1,668068000000.0,HDB,balance_sheet,,1409281000000.0,,,,,,,1336057000000.0,89585000000.0,374118000000.0,,,163349249000000.0,153101799000000.0,,,9579382000000.0,,1014205000000.0,,0.0,163349249000000.0,,,,,,,8100000000000.0,,,,,,485657000000.0,,,1328926000000.0,24105563000000.0,705369000000.0,708369000000.0,-3000000000.0,51505000000.0,87142559000000.0,88116321000000.0,-973762000000.0,37076750000000.0,27763167000000.0,10366859000000.0,-1053276000000.0,,0.0,-111539000000.0,504978000000.0,831079000000.0,9724047000000.0,2050776000000.0,20074349000000.0,112876523000000.0,0.0,2868026000000.0,11754000000000.0,3478125000000.0,8104686000000.0,462622000000.0,-2131000000.0,,,,
HDB,2016,4,625630000000.0,HDB,balance_sheet,,1636010000000.0,,,,,,,1351960000000.0,88381000000.0,384406000000.0,,,150294272000000.0,140351629000000.0,,,9317013000000.0,,747047000000.0,,0.0,150294272000000.0,,,,,,,8100000000000.0,,,,,,495945000000.0,,,2389302000000.0,18580047000000.0,396937000000.0,400000000000.0,-3063000000.0,0.0,81303975000000.0,82224372000000.0,-920397000000.0,34261091000000.0,24267353000000.0,11020813000000.0,-1027075000000.0,,0.0,-111539000000.0,524984000000.0,826976000000.0,9896674000000.0,177635000000.0,19684665000000.0,103299771000000.0,9326000000.0,2843432000000.0,11027014000000.0,3309786000000.0,8104686000000.0,465280000000.0,0.0,,,,
HDB,2016,3,577584000000.0,HDB,balance_sheet,,1376202000000.0,,,,,,,767947000000.0,73662000000.0,427646000000.0,,,138872460000000.0,129217316000000.0,,,9077560000000.0,,547633000000.0,,0.0,138872460000000.0,,,,,,,8100000000000.0,,,,,,539559000000.0,,,2244384000000.0,16047689000000.0,452652000000.0,456046000000.0,-3394000000.0,1545000000.0,73448682000000.0,74500897000000.0,-1052215000000.0,33197003000000.0,28600670000000.0,5410592000000.0,-814259000000.0,,0.0,-111913000000.0,479131000000.0,288816000000.0,10835048000000.0,192596000000.0,14160842000000.0,97815709000000.0,0.0,2817410000000.0,11086000000000.0,3144759000000.0,8104686000000.0,439283000000.0,-14042000000.0,,,,
HDB,2016,2,0.0,HDB,balance_sheet,,1569671000000.0,,,,,,,752724000000.0,62413000000.0,435119000000.0,,,128983966000000.0,119630995000000.0,,,9352971000000.0,,276315000000.0,,528159000000.0,128983966000000.0,,,,,,,8100000000000.0,,,,,,547032000000.0,,,1532113000000.0,14718584000000.0,916034000000.0,922956000000.0,-6922000000.0,103963000000.0,70815074000000.0,71779198000000.0,-964124000000.0,27930032000000.0,24186711000000.0,4455761000000.0,-712440000000.0,,0.0,-111913000000.0,486269000000.0,266455000000.0,10142750000000.0,221763000000.0,11741011000000.0,93167357000000.0,0.0,2811847000000.0,8995000000000.0,2694017000000.0,8104686000000.0,439283000000.0,4528000000.0,,,,
HDB,2016,1,485026000000.0,HDB,balance_sheet,,1392843000000.0,,,,,,,779806000000.0,62487000000.0,440178000000.0,,,118950018000000.0,108851444000000.0,,,9613548000000.0,,1143507000000.0,,0.0,118950018000000.0,,,,,,,8100000000000.0,,,,,,551252000000.0,,,946400000000.0,15502467000000.0,985837000000.0,995176000000.0,-9339000000.0,697000000.0,65555709000000.0,66342898000000.0,-787189000000.0,22353989000000.0,17926902000000.0,4966437000000.0,-539350000000.0,,0.0,-111074000000.0,507620000000.0,272186000000.0,10929605000000.0,261470000000.0,8095321000000.0,86085606000000.0,0.0,2818337000000.0,9097000000000.0,2493710000000.0,8104686000000.0,378066000000.0,-12711000000.0,,,,
HDB,2015,4,0.0,HDB,balance_sheet,,1472407000000.0,,,,,,,805214000000.0,64838000000.0,419118000000.0,,,106485935000000.0,96644256000000.0,,,9392415000000.0,,909128000000.0,,449264000000.0,106485935000000.0,,,,,,,8100000000000.0,,,,,,530192000000.0,,,2742385000000.0,11994220000000.0,916034000000.0,922956000000.0,-6922000000.0,39044000000.0,55853240000000.0,56558835000000.0,-705595000000.0,21197715000000.0,16705365000000.0,5011604000000.0,-519254000000.0,,0.0,-111074000000.0,518828000000.0,286386000000.0,10976231000000.0,2488321000000.0,6594931000000.0,74542719000000.0,2822563000000.0,0.0,7847000000000.0,2348722000000.0,8104686000000.0,378601000000.0,0.0,,,,
HDB,2015,1,324794119286.0,HDB,balance_sheet,,791463790192.0,,,,,,,531986806444.0,0.0,220758224309.0,,,88920767476917.0,79589236076689.0,,,9006737280942.0,,644788566186.0,,0.0,88920767476917.0,,,,,,,8100000000000.0,,,,,,241852189881.0,,,859783130204.0,8567815019372.0,1621628150750.0,1629930462500.0,-8302311750.0,29038402991.0,40492051499583.0,41021470465810.0,-529418966227.0,24044944173186.0,20752270874499.0,3507503170766.0,-214829872079.0,,0.0,-21093965572.0,298197528359.0,233789278085.0,11761298279886.0,183161265747.0,12859399291930.0,60994935873854.0,0.0,38402789052.0,3831000000000.0,1682336856106.0,8104685517995.0,255813069047.0,1450127714.0,,,,
HDB,2014,1,0.0,HDB,balance_sheet,,608530482303.0,,,,,,,587940374636.0,0.0,89966857830.0,,,76279586024902.0,67652893714917.0,,,8626692309985.0,,306634011178.0,,0.0,76279586024902.0,,,,,,,8100000000000.0,,,,,,131791310665.0,,,595519953050.0,6444099636752.0,918079088105.0,919000000000.0,-920911895.0,9510398880.0,31464558193682.0,32150485492405.0,-685927298723.0,20922864803913.0,20054388993839.0,1054975987426.0,-186500177352.0,,0.0,-41824452835.0,368612630718.0,219327743918.0,14638516235751.0,186029849290.0,7646373557669.0,55477283611803.0,0.0,59105428789.0,2505200000000.0,1778901267366.0,8104685517995.0,209866848560.0,5505932252.0,,,,
HDB,2013,4,0.0,HDB,balance_sheet,,632025391095.0,,,,,,,590246279022.0,0.0,95066857830.0,,,86226641414683.0,77627093490822.0,,,8599547923861.0,,283331357306.0,,0.0,86226641414683.0,,,,,,,8100000000000.0,,,,,,136891310665.0,,,1595174271111.0,11340653348174.0,667545285887.0,668466197782.0,-920911895.0,1847975080.0,43332980653728.0,44030492200344.0,-697511546616.0,13456295781674.0,12033115421317.0,1609680537709.0,-186500177352.0,,0.0,-41824452835.0,369550322297.0,220695956725.0,14514805571082.0,128173419004.0,11289316884831.0,62383934049007.0,0.0,116109678789.0,2503000000000.0,1206559459191.0,8104685517995.0,211531048560.0,0.0,,,,
HDB,2013,3,0.0,HDB,balance_sheet,,392332453562.0,,,,,,,284410116939.0,0.0,55616952338.0,,,60850696893821.0,55614311389289.0,,,5236385504532.0,,139770069914.0,,0.0,60850696893821.0,,,,,,,5000000000000.0,,,,,,59491310665.0,,,1231251373008.0,8859664866092.0,400000000000.0,400000000000.0,0.0,99082800.0,25164260326276.0,25458803921132.0,-294543594856.0,13056221399867.0,11442032585086.0,1740597125934.0,-126408311153.0,,0.0,-3874358327.0,220370093910.0,64040023029.0,11406840322939.0,125044678718.0,10147183637952.0,43271668408879.0,0.0,0.0,1079060500000.0,991354163740.0,5004043016800.0,101389991974.0,-8817574156.0,,,,
HDB,2013,2,0.0,HDB,balance_sheet,,499534681237.0,,,,,,,281360598704.0,0.0,57616952338.0,,,58615599137771.0,53413060033450.0,,,5202539104321.0,,133532653359.0,,0.0,58615599137771.0,,,,,,,5000000000000.0,,,,,,61491310665.0,,,1364044115113.0,5308971644545.0,0.0,0.0,0.0,0.0,22352120050234.0,22630885062138.0,-278765011904.0,13546034282936.0,11928479355702.0,1743963238387.0,-126408311153.0,,0.0,-3874358327.0,222171662130.0,59188936574.0,15205916812664.0,130718735504.0,7494822386171.0,42827453617680.0,0.0,0.0,1953400000000.0,1006665294095.0,5004043016800.0,105024584888.0,-40061150726.0,,,,
HDB,2013,1,0.0,HDB,balance_sheet,,495784419493.0,,,,,,,307506492953.0,0.0,57616952338.0,,,60734959982256.0,55287923379509.0,,,5447036602747.0,,392564912240.0,,0.0,60734959982256.0,,,,,,,5000000000000.0,,,,,,61491310665.0,,,856443621626.0,5947454970860.0,207405555556.0,207405555556.0,0.0,4135825000.0,22638355501739.0,22879016627525.0,-240661125786.0,14935619483851.0,13376027051656.0,1681755731272.0,-122163299077.0,,0.0,-3874358327.0,245564529497.0,61941963456.0,15284637158840.0,152331937051.0,6382633462181.0,44787994041633.0,0.0,0.0,2800481254861.0,1164482683783.0,5004043016800.0,52101351586.0,-1672677879.0,,,,
VRE,2025,4,,VRE,balance_sheet,7961052000000.0,4434617000000.0,133239000000.0,2885735000000.0,236158000000.0,271303000000.0,53318097000000.0,0.0,273087000000.0,27231260000000.0,0.0,,25526195000000.0,61279149000000.0,12910946000000.0,5173857000000.0,7737089000000.0,48368203000000.0,48368203000000.0,27040431000000.0,,0.0,61279149000000.0,1298757000000.0,0.0,236158000000.0,0.0,,23288184000000.0,23288184000000.0,6380455000000.0,309096000000.0,20626000000.0,0.0,480417000000.0,0.0,20493000000.0,20493000000.0,,,,,,,,,,,,,,,,,,,,,,,,,,,,,,,0.0,,
VRE,2025,3,,VRE,balance_sheet,13768246000000.0,2808595000000.0,1134172000000.0,3756420000000.0,267655000000.0,5801404000000.0,47496447000000.0,0.0,238338000000.0,27288938000000.0,0.0,,19663203000000.0,61264693000000.0,15554965000000.0,8346821000000.0,7208144000000.0,45709728000000.0,45709728000000.0,24381594000000.0,,362000000.0,61264693000000.0,1244041000000.0,0.0,267655000000.0,5516595000000.0,,23288184000000.0,23288184000000.0,6383723000000.0,184478000000.0,21875000000.0,4782000000.0,437158000000.0,0.0,17267000000.0,17267000000.0,,,,,,,,,,,,,,,,,,,,,,,,,,,,,,,0.0,,
VRE,2025,2,,VRE,balance_sheet,14764329000000.0,5235253000000.0,127528000000.0,2069206000000.0,299001000000.0,7033341000000.0,43477387000000.0,0.0,245029000000.0,26511710000000.0,0.0,,15654389000000.0,58241716000000.0,13782973000000.0,11707371000000.0,2075602000000.0,44458743000000.0,44458743000000.0,23005165000000.0,,125806000000.0,58241716000000.0,138775000000.0,0.0,299001000000.0,6853998000000.0,,23288184000000.0,23288184000000.0,171637000000.0,174456000000.0,4445140000000.0,16846000000.0,442206000000.0,0.0,19860000000.0,19860000000.0,,,,,,,,,,,,,,,,,,,,,,,,,,,,,,,0.0,,
VRE,2025,1,,VRE,balance_sheet,12922667000000.0,2916158000000.0,126098000000.0,2586953000000.0,273913000000.0,7019545000000.0,43024139000000.0,0.0,211756000000.0,26809898000000.0,0.0,,15158411000000.0,55946806000000.0,12846767000000.0,8587849000000.0,4258918000000.0,43100039000000.0,43100039000000.0,21771905000000.0,,362000000.0,55946806000000.0,126236000000.0,0.0,273913000000.0,6853998000000.0,,23288184000000.0,23288184000000.0,2549207000000.0,156067000000.0,2014332000000.0,32008000000.0,437469000000.0,0.0,18479000000.0,18479000000.0,,,,,,,,,,,,,,,,,,,,,,,,,,,,,,,0.0,,
VRE,2024,4,,VRE,balance_sheet,12312424000000.0,2884680000000.0,125918000000.0,2016405000000.0,295010000000.0,6990411000000.0,42913731000000.0,0.0,221394000000.0,27084397000000.0,0.0,,14787058000000.0,55226155000000.0,13303514000000.0,5920740000000.0,7382774000000.0,41922641000000.0,41922641000000.0,20594507000000.0,,362000000.0,55226155000000.0,94909000000.0,0.0,295010000000.0,6853998000000.0,,23288184000000.0,23288184000000.0,2523103000000.0,184770000000.0,2009752000000.0,49329000000.0,433005000000.0,0.0,19258000000.0,19258000000.0,,,,,,,,,,,,,,,,,,,,,,,,,,,,,,,0.0,,
VRE,2024,3,,VRE,balance_sheet,12589361000000.0,3426879000000.0,1458104000000.0,1941936000000.0,251211000000.0,5511231000000.0,40585533000000.0,0.0,225978000000.0,27034233000000.0,0.0,,11814020000000.0,53174894000000.0,12337584000000.0,6021933000000.0,6315651000000.0,40837310000000.0,40837310000000.0,19509174000000.0,,364000000.0,53174894000000.0,116238000000.0,0.0,251211000000.0,5414415000000.0,,23288184000000.0,23288184000000.0,1532235000000.0,193571000000.0,2489930000000.0,66651000000.0,453802000000.0,0.0,672812000000.0,672812000000.0,,,,,,,,,,,,,,,,,,,,,,,,,,,,,,,0.0,,
VRE,2024,2,,VRE,balance_sheet,12383653000000.0,1003225000000.0,1449460000000.0,4184154000000.0,228594000000.0,5518220000000.0,39944787000000.0,0.0,235164000000.0,27123753000000.0,0.0,,11344899000000.0,52328440000000.0,12397892000000.0,5501841000000.0,6896051000000.0,39930548000000.0,39930548000000.0,18602774000000.0,,2000000.0,52328440000000.0,65954000000.0,2350000000000.0,228594000000.0,5414415000000.0,,23288184000000.0,23288184000000.0,2152976000000.0,222701000000.0,1823792000000.0,83971000000.0,457433000000.0,0.0,458785000000.0,458785000000.0,,,,,,,,,,,,,,,,,,,,,,,,,,,,,,,0.0,,
VRE,2024,1,,VRE,balance_sheet,11393460000000.0,2921399000000.0,1017357000000.0,4321763000000.0,510806000000.0,2622135000000.0,37622735000000.0,0.0,403733000000.0,24864227000000.0,0.0,,11345509000000.0,49016195000000.0,10107118000000.0,6625267000000.0,3481851000000.0,38909077000000.0,38909077000000.0,17581303000000.0,,2000000.0,49016195000000.0,80999000000.0,2350000000000.0,510806000000.0,2515420000000.0,,23288184000000.0,23288184000000.0,2148375000000.0,731638000000.0,1807989000000.0,101292000000.0,454143000000.0,0.0,9624000000.0,9624000000.0,,,,,,,,,,,,,,,,,,,,,,,,,,,,,,,0.0,,
VRE,2023,4,,VRE,balance_sheet,10036448000000.0,4101549000000.0,1070978000000.0,1612789000000.0,639957000000.0,2611175000000.0,37617283000000.0,0.0,413363000000.0,25179848000000.0,0.0,,10983584000000.0,47653731000000.0,9826878000000.0,4472951000000.0,5353927000000.0,37826853000000.0,37826853000000.0,16475788000000.0,,23293000000.0,47653731000000.0,77967000000.0,0.0,639957000000.0,2515420000000.0,,23288184000000.0,23288184000000.0,3915693000000.0,314342000000.0,19887000000.0,118613000000.0,452965000000.0,0.0,12169000000.0,12169000000.0,,,,,,,,,,,,,,,,,,,,,,,,,,,,,,,0.0,,
VRE,2023,3,,VRE,balance_sheet,13022665000000.0,6766117000000.0,2039803000000.0,1790289000000.0,782114000000.0,1644342000000.0,31683665000000.0,0.0,409031000000.0,25517457000000.0,11930000000.0,,4971808000000.0,44706330000000.0,7946987000000.0,4385808000000.0,3561179000000.0,36759343000000.0,36759343000000.0,15408293000000.0,,23278000000.0,44706330000000.0,68093000000.0,0.0,782114000000.0,1515420000000.0,,23288184000000.0,23288184000000.0,2139190000000.0,441432000000.0,19887000000.0,135934000000.0,455281000000.0,0.0,11615000000.0,11615000000.0,,,,,,,,,,,,,,,,,,,,,,,,,,,,,,,0.0,,
VRE,2023,2,,VRE,balance_sheet,12223422000000.0,7515430000000.0,99541000000.0,1462240000000.0,1451574000000.0,1694637000000.0,31970731000000.0,0.0,417467000000.0,25836201000000.0,0.0,,5002622000000.0,44194153000000.0,8751494000000.0,5253990000000.0,3497504000000.0,35442659000000.0,35442659000000.0,14091623000000.0,,23264000000.0,44194153000000.0,54479000000.0,0.0,1451574000000.0,1515420000000.0,,23288184000000.0,23288184000000.0,2133632000000.0,1447231000000.0,19887000000.0,153255000000.0,459342000000.0,0.0,9617000000.0,9617000000.0,,,,,,,,,,,,,,,,,,,,,,,,,,,,,,,0.0,,
VRE,2023,1,,VRE,balance_sheet,11909878000000.0,7295225000000.0,97924000000.0,1354646000000.0,1427450000000.0,1734633000000.0,32349091000000.0,0.0,417028000000.0,26176341000000.0,0.0,,5045461000000.0,44258969000000.0,9816913000000.0,6294958000000.0,3521955000000.0,34442056000000.0,34442056000000.0,13091034000000.0,,23250000000.0,44258969000000.0,70291000000.0,0.0,1427450000000.0,1515420000000.0,,23288184000000.0,23288184000000.0,2127463000000.0,1421142000000.0,1068860000000.0,170881000000.0,468042000000.0,0.0,9668000000.0,9668000000.0,,,,,,,,,,,,,,,,,,,,,,,,,,,,,,,0.0,,
VRE,2022,4,,VRE,balance_sheet,10481806000000.0,7019648000000.0,97426000000.0,1351642000000.0,1178127000000.0,834963000000.0,32177007000000.0,0.0,418007000000.0,26514396000000.0,0.0,,4536886000000.0,42658813000000.0,9275421000000.0,5818481000000.0,3456940000000.0,33383392000000.0,33383392000000.0,12023308000000.0,,32312000000.0,42658813000000.0,99471000000.0,0.0,1178127000000.0,657420000000.0,,23288184000000.0,23288184000000.0,2121300000000.0,1215154000000.0,1065371000000.0,189027000000.0,477603000000.0,0.0,8222000000.0,8222000000.0,,,,,,,,,,,,,,,,,,,,,,,,,,,,,,,0.0,,
VRE,2022,3,,VRE,balance_sheet,7165237000000.0,4133898000000.0,93555000000.0,1253786000000.0,885379000000.0,798619000000.0,32786255000000.0,0.0,419346000000.0,27040005000000.0,0.0,,4663371000000.0,39951492000000.0,7354019000000.0,3936431000000.0,3417588000000.0,32597473000000.0,32597473000000.0,11232323000000.0,,37378000000.0,39951492000000.0,128517000000.0,0.0,885379000000.0,657420000000.0,,23288184000000.0,23288184000000.0,2115141000000.0,273156000000.0,1061883000000.0,207173000000.0,364347000000.0,0.0,8222000000.0,8222000000.0,,,,,,,,,,,,,,,,,,,,,,,,,,,,,,,0.0,,
VRE,2022,2,,VRE,balance_sheet,7065392000000.0,4900731000000.0,293313000000.0,1222234000000.0,555541000000.0,93573000000.0,31606371000000.0,0.0,427459000000.0,27363640000000.0,0.0,,3002546000000.0,38671763000000.0,6870201000000.0,3426906000000.0,3443295000000.0,31801562000000.0,31801562000000.0,10438921000000.0,,35152000000.0,38671763000000.0,110524000000.0,0.0,555541000000.0,0.0,,23288184000000.0,23288184000000.0,2115347000000.0,151021000000.0,1058394000000.0,225319000000.0,356775000000.0,0.0,8222000000.0,8222000000.0,,,,,,,,,,,,,,,,,,,,,,,,,,,,,,,0.0,,
VRE,2022,1,,VRE,balance_sheet,7044190000000.0,3888543000000.0,292484000000.0,1034464000000.0,554645000000.0,1274054000000.0,30686319000000.0,0.0,431242000000.0,25923481000000.0,0.0,,3041342000000.0,37730509000000.0,6702083000000.0,2386407000000.0,4315676000000.0,31028426000000.0,31028426000000.0,9665948000000.0,,34989000000.0,37730509000000.0,36571000000.0,0.0,554645000000.0,1203400000000.0,,23288184000000.0,23288184000000.0,3147557000000.0,150356000000.0,19887000000.0,243465000000.0,377425000000.0,0.0,8222000000.0,8222000000.0,,,,,,,,,,,,,,,,,,,,,,,,,,,,,,,0.0,,
VRE,2021,4,,VRE,balance_sheet,7896580000000.0,3297060000000.0,190424000000.0,1487714000000.0,582918000000.0,2338464000000.0,29976908000000.0,0.0,438775000000.0,26268764000000.0,0.0,,2007350000000.0,37873488000000.0,7222659000000.0,2890056000000.0,4332603000000.0,30650829000000.0,30650829000000.0,9288513000000.0,,34827000000.0,37873488000000.0,42620000000.0,295000000000.0,582918000000.0,2273400000000.0,,23288184000000.0,23288184000000.0,3137924000000.0,278179000000.0,19887000000.0,261611000000.0,395287000000.0,0.0,6110000000.0,6110000000.0,,,,,,,,,,,,,,,,,,,,,,,,,,,,,,,0.0,,
VRE,2021,3,,VRE,balance_sheet,5911228000000.0,2689495000000.0,174517000000.0,1630616000000.0,280049000000.0,1136551000000.0,31835098000000.0,0.0,437314000000.0,26685367000000.0,0.0,,3691525000000.0,37746326000000.0,7217370000000.0,2857864000000.0,4359506000000.0,30528956000000.0,30528956000000.0,9166702000000.0,,34765000000.0,37746326000000.0,49098000000.0,0.0,280049000000.0,1040000000000.0,,23288184000000.0,23288184000000.0,3128216000000.0,467230000000.0,19887000000.0,279757000000.0,413916000000.0,0.0,7500000000.0,7500000000.0,,,,,,,,,,,,,,,,,,,,,,,,,,,,,,,0.0,,
VRE,2021,2,,VRE,balance_sheet,5708358000000.0,2309153000000.0,674165000000.0,1313544000000.0,289541000000.0,1121955000000.0,32205269000000.0,0.0,434197000000.0,27031141000000.0,0.0,,3731189000000.0,37913627000000.0,7409046000000.0,3040554000000.0,4368492000000.0,30504581000000.0,30504581000000.0,9142451000000.0,,34641000000.0,37913627000000.0,68715000000.0,0.0,289541000000.0,1040000000000.0,,23288184000000.0,23288184000000.0,3128121000000.0,399321000000.0,19887000000.0,297903000000.0,435434000000.0,0.0,7500000000.0,7500000000.0,,,,,,,,,,,,,,,,,,,,,,,,,,,,,,,0.0,,
VRE,2021,1,,VRE,balance_sheet,5936580000000.0,3013452000000.0,1108729000000.0,1451733000000.0,286213000000.0,76453000000.0,33843608000000.0,1250000000000.0,440007000000.0,27386086000000.0,0.0,,3788849000000.0,39780188000000.0,9663235000000.0,5266410000000.0,4396825000000.0,30116953000000.0,30116953000000.0,8754938000000.0,,34526000000.0,39780188000000.0,79423000000.0,0.0,286213000000.0,0.0,,23288184000000.0,23288184000000.0,3118671000000.0,169071000000.0,2567614000000.0,316049000000.0,474948000000.0,0.0,7500000000.0,1257500000000.0,,,,,,,,,,,,,,,,,,,,,,,,,,,,,,,0.0,,
VRE,2020,4,,VRE,balance_sheet,7099011000000.0,3050907000000.0,1894314000000.0,1532703000000.0,519889000000.0,101198000000.0,32670466000000.0,0.0,450233000000.0,27598604000000.0,0.0,,3654090000000.0,39769477000000.0,10433659000000.0,3490911000000.0,6942748000000.0,29335818000000.0,29335818000000.0,7974006000000.0,,34323000000.0,39769477000000.0,97136000000.0,0.0,519889000000.0,0.0,,23288184000000.0,23288184000000.0,5706162000000.0,429835000000.0,19887000000.0,334194000000.0,514162000000.0,0.0,8308000000.0,8308000000.0,,,,,,,,,,,,,,,,,,,,,,,,,,,,,,,0.0,,
VRE,2020,3,,VRE,balance_sheet,9770627000000.0,2225517000000.0,1893283000000.0,1671928000000.0,1202985000000.0,2776914000000.0,30308549000000.0,0.0,449993000000.0,27206349000000.0,0.0,,1761463000000.0,40079176000000.0,11717909000000.0,4781388000000.0,6936521000000.0,28361267000000.0,28361267000000.0,6999606000000.0,,34172000000.0,40079176000000.0,119890000000.0,0.0,1203796000000.0,2545576000000.0,,23288184000000.0,23288184000000.0,5696058000000.0,1522690000000.0,19447000000.0,352340000000.0,507460000000.0,0.0,7405000000.0,7405000000.0,,,,,,,,,,,,,,,,,,,,,,,,,,,,,,,0.0,,
VRE,2020,2,,VRE,balance_sheet,8162385000000.0,4105252000000.0,64716000000.0,1542202000000.0,1009599000000.0,1440616000000.0,30598499000000.0,0.0,461496000000.0,27564400000000.0,0.0,,1791612000000.0,38760884000000.0,10972010000000.0,5866685000000.0,5105325000000.0,27788874000000.0,27788874000000.0,6427340000000.0,,34045000000.0,38760884000000.0,436251000000.0,0.0,1010410000000.0,1217915000000.0,,23288184000000.0,23288184000000.0,3784431000000.0,1493143000000.0,19887000000.0,370486000000.0,519463000000.0,0.0,7405000000.0,7405000000.0,,,,,,,,,,,,,,,,,,,,,,,,,,,,,,,0.0,,
VRE,2020,1,,VRE,balance_sheet,5287694000000.0,2054379000000.0,88862000000.0,782997000000.0,968779000000.0,1392677000000.0,31627889000000.0,950000000000.0,469769000000.0,27881231000000.0,0.0,,1522363000000.0,36915583000000.0,9469878000000.0,5344909000000.0,4124969000000.0,27445705000000.0,27445705000000.0,6084233000000.0,,33983000000.0,36915583000000.0,116345000000.0,0.0,969590000000.0,1217915000000.0,,23288184000000.0,23288184000000.0,2766171000000.0,988460000000.0,19415000000.0,388632000000.0,527032000000.0,0.0,8659000000.0,958659000000.0,,,,,,,,,,,,,,,,,,,,,,,,,,,,,,,0.0,,
VRE,2019,4,,VRE,balance_sheet,4368190000000.0,1388344000000.0,88537000000.0,724237000000.0,985989000000.0,1181083000000.0,31454343000000.0,0.0,473832000000.0,28063677000000.0,700000000000.0,,1567733000000.0,35822533000000.0,8872448000000.0,4767529000000.0,4104919000000.0,26950085000000.0,26950085000000.0,5588726000000.0,,33870000000.0,35822533000000.0,121081000000.0,0.0,986800000000.0,1065000000000.0,,23288184000000.0,23288184000000.0,2765306000000.0,470926000000.0,19415000000.0,406778000000.0,554712000000.0,0.0,8659000000.0,8659000000.0,,,,,,,,,,,,,,,,,,,,,,,,,,,,,,,0.0,,
VRE,2019,3,,VRE,balance_sheet,5636025386100.0,1383196409294.0,85357763534.0,1321439451937.0,899169732013.0,1946862029322.0,31949080578484.0,0.0,222511047819.0,27470146795352.0,700000000000.0,,2383515420466.0,37585105964584.0,9560993043612.0,5655211673762.0,3905781369850.0,28024112920972.0,28024112920972.0,4708721366454.0,,33644247578.0,37585105964584.0,229301430045.0,0.0,899980255674.0,1765000000000.0,,23288184100000.0,23288184100000.0,2765249513853.0,992174571119.0,18406404405.0,424924071128.0,552470675578.0,0.0,7663311860.0,7663311860.0,,,,,,,,,,,,,,,,,,,,,,,,,,,,,,,-53419891967.0,,
VRE,2019,2,,VRE,balance_sheet,4815223289934.0,702379310803.0,76125309785.0,1292915998297.0,864044166919.0,1879758504130.0,32396881992381.0,0.0,223247252000.0,27632323853869.0,830000000000.0,,2602926995858.0,37212105282315.0,9904794563294.0,5979831793450.0,3924962769844.0,27307310719021.0,27307310719021.0,3992148194107.0,,33415217974.0,37212105282315.0,419448497910.0,0.0,865293881586.0,1682000000000.0,,23288184100000.0,23288184100000.0,2764079943602.0,939296933556.0,18511048373.0,443069989430.0,574530659109.0,0.0,6193802116.0,6193802116.0,,,,,,,,,,,,,,,,,,,,,,,,,,,,,,,-53419891967.0,,
VRE,2019,1,,VRE,balance_sheet,5716028161779.0,1112607743953.0,701416674850.0,1049460122669.0,819527941327.0,2033015678980.0,32905283357116.0,0.0,299941979383.0,26521200343471.0,1832000000000.0,,2620725222154.0,38621311518895.0,9509038501717.0,5611677526531.0,3897360975186.0,29112273017178.0,29112273017178.0,5794841420955.0,,40684289283.0,38621311518895.0,246716853484.0,0.0,820820710198.0,1803813542549.0,,23288184100000.0,23288184100000.0,2763447230560.0,979206242700.0,18078835131.0,461215907733.0,574169498988.0,2000000000.0,6193802116.0,6193802116.0,,,,,,,,,,,,,,,,,,,,,,,,,,,,,,,0.0,,
VRE,2018,4,,VRE,balance_sheet,7122640820313.0,2431380824439.0,701416674850.0,1047919405624.0,901518194206.0,2040405721194.0,30981389521253.0,0.0,307841694121.0,25849769422004.0,1832000000000.0,,1638193703708.0,38104030341566.0,9593150268159.0,5678593820504.0,3914556447655.0,28510880073407.0,28510880073407.0,5192512994080.0,,41619772387.0,38104030341566.0,282451398435.0,0.0,903377872498.0,1783000000000.0,,23288184100000.0,23288184100000.0,2762382304276.0,887933520492.0,18078835131.0,479361826035.0,593378680356.0,2000000000.0,10106962116.0,10106962116.0,,,,,,,,,,,,,,,,,,,,,,,,,,,,,,,0.0,,
VRE,2018,3,,VRE,balance_sheet,7612490700119.0,2325004793606.0,14982629666.0,1226188264388.0,1380827216121.0,2665487796338.0,29162873768440.0,0.0,283421764906.0,24708793977546.0,1830000000000.0,,1513994059022.0,36775364468559.0,8961949627231.0,5211412881590.0,3750536745641.0,27813414841328.0,27813414841328.0,4502419951159.0,,34247583229.0,36775364468559.0,280147101446.0,0.0,1385069624560.0,2347000000000.0,,19010787330000.0,19010787330000.0,2761317377993.0,1516013451145.0,18078835131.0,497507744338.0,524146984284.0,0.0,7969992452.0,7969992452.0,,,,,,,,,,,,,,,,,,,,,,,,,,,,,,,0.0,,
VRE,2018,2,,VRE,balance_sheet,10217477751859.0,1532281471765.0,14982629666.0,1129069356921.0,2294077193010.0,5247067100497.0,25869757293982.0,0.0,302826859100.0,21241806995260.0,1830000000000.0,,1378811447743.0,36087235045841.0,8831540599775.0,5283420550402.0,3548120049373.0,27255694446066.0,27255694446066.0,3947926255356.0,,31020883770.0,36087235045841.0,291094202373.0,0.0,2331515606848.0,4667172915451.0,,19010787330000.0,19010787330000.0,2769978269637.0,2227763487371.0,18078835131.0,515653662641.0,366392198860.0,0.0,9916542452.0,9916542452.0,,,,,,,,,,,,,,,,,,,,,,,,,,,,,,,0.0,,
VRE,2018,1,,VRE,balance_sheet,13339606720807.0,1404510417149.0,60181546761.0,3886015542554.0,1969430771109.0,6019468443234.0,24780311068150.0,0.0,168008083922.0,20182535107678.0,1830000000000.0,,1295693182130.0,38119917788957.0,11484363797369.0,7564061359875.0,3920302437494.0,26635553991588.0,26635553991588.0,3327907539583.0,,30899145065.0,38119917788957.0,216186342947.0,2613600000000.0,1995721114816.0,5530383535897.0,,19010787330000.0,19010787330000.0,3164168997122.0,2068718218890.0,2816883001794.0,533799580943.0,418129533238.0,0.0,9501088152.0,9501088152.0,,,,,,,,,,,,,,,,,,,,,,,,,,,,,,,0.0,,
VRE,2017,4,,VRE,balance_sheet,9947736963704.0,1421529231881.0,62181546761.0,3775702071813.0,1655310507135.0,3033013606114.0,27902797834493.0,0.0,170582653735.0,20792485810840.0,1830000000000.0,,3937416566328.0,37850534798197.0,11767500077507.0,7747516841278.0,4019983236229.0,26083034720690.0,26083034720690.0,2775531829080.0,,30755584671.0,37850534798197.0,283427107972.0,2613600000000.0,1655310507135.0,2710383535897.0,,19010787330000.0,19010787330000.0,3282206902927.0,2145569369315.0,2831322103766.0,551945499246.0,219152172128.0,0.0,7594538152.0,7594538152.0,,,,,,,,,,,,,,,,,,,,,,,,,,,,,,,0.0,,
VRE,2017,3,,VRE,balance_sheet,6230831020365.0,2262618180880.0,59724265686.0,1608152059806.0,1714443461047.0,585893052946.0,30011387024425.0,2613600000000.0,185071013068.0,19098825470859.0,0.0,,7293612166163.0,36242218044790.0,11092627585067.0,7306607582525.0,3786020002542.0,25149590459723.0,25149590459723.0,1842228845413.0,,30614307372.0,36242218044790.0,436999707367.0,0.0,1714443461047.0,357383535897.0,,19010787330000.0,19010787330000.0,3031675871995.0,1979332380894.0,2800824499997.0,570091417548.0,1221837752954.0,0.0,9580138152.0,2623180138152.0,,,,,,,,,,,,,,,,,,,,,,,,,,,,,,,0.0,,
VRE,2017,2,,VRE,balance_sheet,12325989939808.0,4542872100509.0,58896443453.0,5803268587923.0,1240222105528.0,680730702395.0,24192969434346.0,2613600000000.0,176484065299.0,18921884920532.0,0.0,,1779537292530.0,36518959374154.0,11618462596140.0,7401475304987.0,4216987291153.0,24900496778014.0,24900496778014.0,2048085149939.0,,30614307373.0,36518959374154.0,358127231749.0,0.0,1240222105528.0,472358241832.0,,15166399400000.0,21091724950000.0,3487559038665.0,1233179519331.0,2799187666664.0,588237335851.0,1189494104199.0,0.0,7580138151.0,2621180138151.0,,,,,,,,,,,,,,,,,,,,,,,,,,,,,,,0.0,,
PLX,2025,4,,PLX,balance_sheet,59846284403315.0,10803153849383.0,17727397744537.0,16174564465209.0,13948225931141.0,1192942413045.0,26270236293941.0,,14483534494155.0,115829655348.0,6716908155926.0,0.0,3668889124292.0,86116520697256.0,56640123798180.0,55679642773404.0,960481024776.0,29476396899076.0,29476396899076.0,3928450993637.0,,3345507957858.0,86116520697256.0,545613980342.0,,14147031405828.0,808250628.0,2036014884811.0,12938780810000.0,12938780810000.0,618718115379.0,496360119671.0,18075346322955.0,0.0,3376753953636.0,260411708977.0,40376474226.0,40496474226.0,,,,,,,,,,,,,,,,,,,,,,,,,,,,,,,1143845379060.0,,
PLX,2025,3,,PLX,balance_sheet,65161869398069.0,12616557939958.0,17587554403693.0,17374395179920.0,16617288859733.0,966073014765.0,26413041979235.0,,13004516547436.0,104179947290.0,7668059595511.0,0.0,3564224105846.0,91574911377304.0,62675251687942.0,61730228024488.0,945023663454.0,28899659689362.0,28899659689362.0,3450147660026.0,,3245223567904.0,91574911377304.0,456947380911.0,,16852498068268.0,710339560.0,2036255532642.0,12938780810000.0,12938780810000.0,554091687617.0,346632828417.0,24663239577969.0,0.0,3256394659134.0,260411708977.0,35126198971.0,31270408971.0,,,,,,,,,,,,,,,,,,,,,,,,,,,,,,,1143832515772.0,,
PLX,2025,2,,PLX,balance_sheet,60926785823298.0,10770637171668.0,16235106665818.0,15898006476916.0,16789377724048.0,1233657784848.0,26322703704439.0,,13086516425129.0,105787074297.0,7771798740291.0,0.0,3480171986189.0,87249489527737.0,59044109329602.0,58197563961918.0,846545367684.0,28205380198135.0,28205380198135.0,2830321976089.0,,3154348822835.0,87249489527737.0,361351656811.0,,17005212435654.0,759912200.0,2036253925573.0,12938780810000.0,12938780810000.0,442509360623.0,382187536031.0,20798556890981.0,0.0,3208028961277.0,260411708977.0,35905128998.0,31249338998.0,,,,,,,,,,,,,,,,,,,,,,,,,,,,,,,1143832515772.0,,
PLX,2025,1,,PLX,balance_sheet,58986937922224.0,10446733576792.0,20016387716915.0,11896134250401.0,15677477473291.0,950204904825.0,21048936519350.0,,13248957528011.0,107389889848.0,2973417696267.0,0.0,3308339559036.0,80035874441574.0,50515699095191.0,49731701032965.0,783998062226.0,29520175346383.0,29520175346383.0,4049415332826.0,,3373133379319.0,80035874441574.0,383849823679.0,,16011682679299.0,712129793.0,2097514040161.0,12938780810000.0,12938780810000.0,463536210570.0,310432899874.0,20055168162024.0,0.0,3156124377783.0,260411708977.0,36374646665.0,31128856665.0,,,,,,,,,,,,,,,,,,,,,,,,,,,,,,,966832515772.0,,
PLX,2024,4,,PLX,balance_sheet,59543529720085.0,14933068792315.0,15108762286646.0,12465105480349.0,15673039677316.0,1363553483459.0,21731105153387.0,,13585527863398.0,107979606627.0,3221257702429.0,0.0,3339510809214.0,81274634873472.0,51966660429999.0,51179621629763.0,787038800236.0,29307974443473.0,29307974443473.0,3928809359665.0,,3285111765231.0,81274634873472.0,383629822851.0,,15746686393576.0,708194767.0,2095393107398.0,12938780810000.0,12938780810000.0,487101948000.0,300833697756.0,17384522205263.0,0.0,3196608497707.0,263775498977.0,33355357852.0,31273357852.0,,,,,,,,,,,,,,,,,,,,,,,,,,,,,,,966832515772.0,,
PLX,2024,3,,PLX,balance_sheet,49620976389763.0,12293516815584.0,12762530159825.0,10172950141660.0,13527159161356.0,864820111338.0,20568127461605.0,,13323137325894.0,112739387554.0,3090448438158.0,0.0,3023441914208.0,70189103851368.0,41514069989863.0,40691667265528.0,822402724335.0,28675033861505.0,28675033861505.0,3361020737803.0,,3223607720048.0,70189103851368.0,801291570659.0,,13572416807707.0,742026820.0,2095145833294.0,12938780810000.0,12938780810000.0,549820852640.0,245301346715.0,13058047813229.0,0.0,2880579183107.0,263775498977.0,30273451848.0,27821604848.0,,,,,,,,,,,,,,,,,,,,,,,,,,,,,,,966832515772.0,,
PLX,2024,2,,PLX,balance_sheet,53985272117977.0,15557231111566.0,11142790183777.0,11040842595033.0,15319145847336.0,925262380265.0,20715100404760.0,,13554397474049.0,113750622716.0,3274387771629.0,0.0,2928188925989.0,74700372522737.0,46117824418323.0,45325553539657.0,792270878666.0,28582548104414.0,28582548104414.0,3321122032292.0,,3160742333211.0,74700372522737.0,653134867943.0,,15329890674422.0,877213701.0,2094888299655.0,12938780810000.0,12938780810000.0,595969196062.0,240819868910.0,16906283447644.0,0.0,2829741014677.0,263775498977.0,33132716098.0,30180869098.0,,,,,,,,,,,,,,,,,,,,,,,,,,,,,,,966832515772.0,,
PLX,2024,1,,PLX,balance_sheet,58284382173273.0,17106789867259.0,8619413552464.0,14924518812554.0,16750218612666.0,883441328330.0,22447975876131.0,,13420217868715.0,114305000706.0,5159280269004.0,0.0,2816640358998.0,80732358049404.0,50419174634317.0,49633736217195.0,785438417122.0,30313183415087.0,30313183415087.0,5239838017239.0,,3314423328191.0,80732358049404.0,686926379136.0,,16761535979080.0,799164850.0,1770609963549.0,12938780810000.0,12938780810000.0,616679227364.0,202712455811.0,16007278977169.0,0.0,2732505976836.0,263775498977.0,31019457735.0,27897762735.0,,,,,,,,,,,,,,,,,,,,,,,,,,,,,,,966832515772.0,,
PLX,2023,4,,PLX,balance_sheet,56666894557096.0,13379071377082.0,16536864145068.0,10972776040794.0,14634152741500.0,1144030252652.0,22295177240441.0,,13655143465067.0,114427500594.0,4797707092312.0,0.0,2820828480237.0,78962071797537.0,49776783589778.0,48980243005567.0,796540584211.0,29185288207759.0,29185288207759.0,4185987075713.0,,3260400120518.0,78962071797537.0,663399363041.0,,14679623974167.0,782490023.0,1769538104318.0,12938780810000.0,12938780810000.0,646814450564.0,288201048281.0,19186422861280.0,0.0,2751287965498.0,263775498977.0,31524341822.0,28025260822.0,,,,,,,,,,,,,,,,,,,,,,,,,,,,,,,969028497087.0,,
PLX,2023,3,,PLX,balance_sheet,61140995552423.0,9738929836739.0,17056908938988.0,13636492285584.0,19594579714657.0,1114084776455.0,20735410783700.0,,13358953544633.0,116134172999.0,3902703868967.0,0.0,2589614172858.0,81876406336123.0,53447994481488.0,52498296413734.0,949698067754.0,28428411854635.0,28428411854635.0,3550090740429.0,,3138142739802.0,81876406336123.0,752352837985.0,,20450650280328.0,1694959369.0,1772094163737.0,12938780810000.0,12938780810000.0,758369620424.0,248516004296.0,16333617160851.0,0.0,2520273749360.0,263775498977.0,33171029950.0,29094562950.0,,,,,,,,,,,,,,,,,,,,,,,,,,,,,,,964342477627.0,,
PLX,2023,2,,PLX,balance_sheet,56867278634788.0,16148497585124.0,11018966669538.0,12634610023671.0,15594623478284.0,1470580878171.0,22844703422623.0,,13627386612225.0,117933487770.0,5802538024773.0,0.0,2614387177732.0,79711982057411.0,51778886098983.0,50866444604675.0,912441494308.0,27933095958428.0,27933095958428.0,2792529696500.0,,3143551540832.0,79711982057411.0,709183464871.0,,15674059108821.0,1202533750.0,1872543979846.0,12938780810000.0,12938780810000.0,769018606683.0,277777281289.0,17338594452050.0,0.0,2533464795196.0,263463634307.0,33339217392.0,28685364392.0,,,,,,,,,,,,,,,,,,,,,,,,,,,,,,,1109594420603.0,,
PLX,2023,1,,PLX,balance_sheet,44727892286423.0,9011729563471.0,7362006179146.0,12224056757185.0,14580944303096.0,1549155483525.0,23910988669620.0,,13914032147770.0,119742840893.0,6645167543235.0,0.0,2641673020056.0,68638880956043.0,40212984862289.0,39256787640378.0,956197221911.0,28425896093754.0,28425896093754.0,3269932795250.0,,3374668917958.0,68638880956043.0,709161825379.0,,14646995387497.0,1849301759.0,1693195636719.0,12938780810000.0,12938780810000.0,792485911508.0,293042961471.0,13552482867455.0,0.0,2572821345628.0,263463634307.0,34273142028.0,29034365028.0,,,,,,,,,,,,,,,,,,,,,,,,,,,,,,,1109594420603.0,,
PLX,2022,4,,PLX,balance_sheet,49477221511764.0,11611732569013.0,7092606800290.0,11983835692225.0,17234116930612.0,1554929519624.0,24333860691058.0,,14284148565921.0,120950457534.0,6527697846837.0,0.0,2818249399889.0,73811082202822.0,46003635211062.0,45010203410442.0,993431800620.0,27807446991760.0,27807446991760.0,2970170748177.0,,3243165604376.0,73811082202822.0,655313039959.0,,17301977439111.0,3585118433.0,1692208675970.0,12938780810000.0,12938780810000.0,823350989928.0,341956537883.0,14034368085604.0,0.0,2660724387998.0,263463634307.0,36093164319.0,30177001319.0,,,,,,,,,,,,,,,,,,,,,,,,,,,,,,,1109578340168.0,,
PLX,2022,3,,PLX,balance_sheet,45378460607445.0,7552604444429.0,10466624993325.0,10855831917854.0,14692230366991.0,1811168884846.0,25647684300523.0,,14160048970685.0,122509177756.0,7826519178783.0,0.0,2848726709588.0,71026144907968.0,44613183079613.0,43434880472954.0,1178302606659.0,26412961828355.0,26412961828355.0,1513615796928.0,,3116257891803.0,71026144907968.0,349250456824.0,,15123857132835.0,2616999482.0,1691855323310.0,12938780810000.0,12938780810000.0,1011646721802.0,290636635397.0,13329409838043.0,0.0,2658159600396.0,263463634307.0,38577938639.0,33133141125.0,,,,,,,,,,,,,,,,,,,,,,,,,,,,,,,1109578340168.0,,
PLX,2022,2,,PLX,balance_sheet,55029939228125.0,5247607426127.0,12473801703769.0,12706208128499.0,21536397075466.0,3065924894264.0,26050468085514.0,,14370019073351.0,124198782875.0,7831250912634.0,0.0,2975337774994.0,81080407313639.0,54858760810381.0,53621539858461.0,1237220951920.0,26221646503258.0,26221646503258.0,1445276208742.0,,3011065799337.0,81080407313639.0,345600755574.0,,22866890125514.0,2660127339.0,1693091667226.0,12938780810000.0,12938780810000.0,1067208516006.0,299424295147.0,17224594957435.0,0.0,2647474209629.0,263463634307.0,39149429682.0,32470238142.0,,,,,,,,,,,,,,,,,,,,,,,,,,,,,,,1109580966442.0,,
PLX,2022,1,,PLX,balance_sheet,58388394984946.0,6667783278311.0,12350221496202.0,12175001059728.0,24253627897698.0,2941761253007.0,24823644735655.0,,14423516950643.0,126058796386.0,6919890138283.0,0.0,2685732731937.0,83212039720601.0,54535985553495.0,53294486508139.0,1241499045356.0,28676054167106.0,28676054167106.0,3844588069001.0,,3171928154761.0,83212039720601.0,380039135390.0,,24776662876391.0,2911487638.0,1638541840393.0,12938780810000.0,12938780810000.0,1040387766121.0,247503964655.0,16521975653804.0,0.0,2619030870859.0,263463634307.0,39918410139.0,31708312335.0,,,,,,,,,,,,,,,,,,,,,,,,,,,,,,,1102441871233.0,,
PLX,2021,4,,PLX,balance_sheet,40797469422322.0,6188823500741.0,11836093701847.0,7089483429398.0,13160650249581.0,2522418540755.0,23500379057749.0,,14757566896018.0,127830043542.0,5284128594050.0,0.0,2669574812193.0,64297848480071.0,36062704166698.0,34834614717855.0,1228089448843.0,28235144313373.0,28235144313373.0,3391071421115.0,,3206224150211.0,64297848480071.0,356612725930.0,,13384328710290.0,21487680383.0,1637731757307.0,12938780810000.0,12938780810000.0,995939382832.0,359050848082.0,13804452824216.0,0.0,2609844280577.0,263463839507.0,35779197840.0,26880437927.0,,,,,,,,,,,,,,,,,,,,,,,,,,,,,,,1090107703278.0,,
PLX,2021,3,,PLX,balance_sheet,38377137034707.0,6368584811511.0,9859743075457.0,8541660805975.0,11737676055300.0,1869472286464.0,23202476082895.0,,14726509366050.0,129612921392.0,5150080890403.0,0.0,2583222836436.0,61579613117602.0,33985607919054.0,32564843977164.0,1420763941890.0,27594005198548.0,27594005198548.0,2893321722085.0,,3058424713551.0,61579613117602.0,426676294354.0,,11955283665825.0,9938457779.0,1639925492010.0,12938780810000.0,12938780810000.0,1171883272662.0,205554823505.0,15907458184815.0,0.0,2520717303855.0,263463839507.0,57976778963.0,30170685963.0,,,,,,,,,,,,,,,,,,,,,,,,,,,,,,,1102232881858.0,,
PLX,2021,2,,PLX,balance_sheet,44141942510337.0,7606274282467.0,10560421312567.0,10986675189496.0,12449895088516.0,2538676637291.0,23580645412349.0,,15120126247375.0,131395799248.0,5117934584693.0,0.0,2631405408473.0,67722587922686.0,40319874757603.0,38832645036429.0,1487229721174.0,27402713165083.0,27402713165083.0,2837889503740.0,,3018959277934.0,67722587922686.0,329050023141.0,,12568258232990.0,10804805472.0,1638217502210.0,12938780810000.0,12938780810000.0,1217436961250.0,169278409549.0,14459597491476.0,0.0,2569640327328.0,263463839507.0,60082351166.0,32336562166.0,,,,,,,,,,,,,,,,,,,,,,,,,,,,,,,1102292936632.0,,
PLX,2021,1,,PLX,balance_sheet,41149731991766.0,9637237339038.0,9227959098575.0,9821370405165.0,10411846490518.0,2051318658470.0,23362737609666.0,,15418059117661.0,206712095907.0,4418293128041.0,0.0,2578808980368.0,64512469601432.0,38034854052002.0,36442182178565.0,1592671873437.0,26477615549430.0,26477615549430.0,3588128411078.0,,3023857967304.0,64512469601432.0,344316182074.0,,10556873700810.0,22996196869.0,1305396729469.0,12938780810000.0,12938780810000.0,1307108903945.0,200184228748.0,13874378208041.0,0.0,2518545316457.0,310429476707.0,59475899267.0,31202641337.0,,,,,,,,,,,,,,,,,,,,,,,,,,,,,,,1127714314426.0,,
PLX,2020,4,,PLX,balance_sheet,37815910259509.0,10623961350697.0,8553715967218.0,7205532262887.0,9420844435377.0,2011856243330.0,23327301533619.0,,15546132835247.0,209439120733.0,4090019849418.0,0.0,2659719486654.0,61143211793128.0,37007089844972.0,35373458627842.0,1633631217130.0,24136121948156.0,24136121948156.0,2933775263426.0,,2958693222016.0,61143211793128.0,286231835579.0,,9442947912444.0,21981838644.0,1296892988749.0,12938780810000.0,12938780810000.0,1316930389148.0,267476082402.0,14721066779651.0,0.0,2543599126903.0,311684424707.0,57144213563.0,28923500563.0,,,,,,,,,,,,,,,,,,,,,,,,,,,,,,,1100577568826.0,,
PLX,2020,3,,PLX,balance_sheet,34540172734974.0,9388181484134.0,8592616595582.0,6436234600523.0,8331104383048.0,1792035671687.0,22931424692063.0,,15038564444295.0,212089511817.0,3874169985913.0,0.0,2816575563515.0,57471597427037.0,34166614156987.0,32662100080474.0,1504514076513.0,23304983270050.0,23304983270050.0,2030355408648.0,,2876387478455.0,57471597427037.0,355159511617.0,,8423191172325.0,21891732866.0,1296129803015.0,12938780810000.0,12938780810000.0,1273069445251.0,174552076895.0,15843156978246.0,0.0,2484627773333.0,311684424707.0,58922303348.0,30409128348.0,,,,,,,,,,,,,,,,,,,,,,,,,,,,,,,1100577568826.0,,
PLX,2020,2,,PLX,balance_sheet,36472211965454.0,12214554630923.0,4935704454487.0,8436497067191.0,8898358027114.0,1987097785739.0,23265575551098.0,,15223698730713.0,214826339778.0,3857256725127.0,0.0,2916039608525.0,59737787516552.0,36921717917676.0,35287506945550.0,1634210972126.0,22816069598876.0,22816069598876.0,2368953381456.0,,2906173909362.0,59737787516552.0,342898744354.0,,9046869770641.0,22286307682.0,1286305922195.0,12938780810000.0,12938780810000.0,1381821987516.0,258693342325.0,13986646996430.0,0.0,2459996903250.0,314632724707.0,54887579195.0,26104556195.0,,,,,,,,,,,,,,,,,,,,,,,,,,,,,,,1100577568826.0,,
PLX,2020,1,,PLX,balance_sheet,31939652110299.0,10666166858905.0,4386865013300.0,8378636168059.0,6759485858626.0,1748498211409.0,23139132793828.0,,15448827234568.0,217028032288.0,3993171445746.0,0.0,2508794342507.0,55078784904127.0,33118895948170.0,31387451629179.0,1731444318991.0,21959888955957.0,21959888955957.0,1847148848079.0,,3170056468999.0,55078784904127.0,323622265867.0,,8418347069958.0,23165951653.0,1193308456468.0,12938780810000.0,12938780810000.0,1454652164498.0,209223740611.0,14741875101140.0,0.0,2453551234911.0,314632724707.0,49978407177.0,25719998177.0,,,,,,,,,,,,,,,,,,,,,,,,,,,,,,,1100613662327.0,,
PLX,2019,4,,PLX,balance_sheet,38868922007238.0,11278868627575.0,5397276850139.0,8386949560558.0,11777433708967.0,2028393259999.0,23014994409349.0,,15401798782199.0,189753274993.0,3903295192270.0,0.0,2516018627379.0,61883916416587.0,35924442829822.0,34234365115487.0,1690077714335.0,25959473586765.0,25959473586765.0,4944958589884.0,,2887462893874.0,61883916416587.0,290439417579.0,,11814173254121.0,22740918796.0,1190009862817.0,12938780810000.0,12938780810000.0,1488456218075.0,181548229860.0,13909786003594.0,0.0,2461809751821.0,303709219507.0,52215675631.0,23490700263.0,,,,,,,,,,,,,,,,,,,,,,,,,,,,,,,1099624553522.0,,
PLX,2019,3,,PLX,balance_sheet,36323785659281.0,8202713677416.0,8193573158953.0,8497404678288.0,9866378884455.0,1563715260169.0,21717324156283.0,,14929521773455.0,189930388744.0,3197606072127.0,0.0,2268386433963.0,58041109815564.0,33134574800682.0,31339903516434.0,1794671284248.0,24906535014882.0,24906535014882.0,3868552212849.0,,2915613788089.0,58041109815564.0,604611986777.0,,10140119976675.0,23181786630.0,1190894199507.0,12938780810000.0,12938780810000.0,1563888280738.0,230878924216.0,9013788035439.0,0.0,2238834894502.0,303709219507.0,51980973955.0,22877546986.0,,,,,,,,,,,,,,,,,,,,,,,,,,,,,,,1091771313279.0,,
PLX,2019,2,,PLX,balance_sheet,37186889360988.0,9672955743406.0,5682349930190.0,9007792341892.0,11022502255955.0,1801289089545.0,21418583516359.0,,15080275460259.0,192223316379.0,3045959457668.0,0.0,2222926824928.0,58605472877347.0,35973380378348.0,34317491444733.0,1655888933615.0,22632092498999.0,22632092498999.0,3028791172879.0,,2712553520651.0,58605472877347.0,549279620171.0,,11143862069843.0,22800858430.0,1185868320558.0,12938780810000.0,12938780810000.0,1434234982028.0,224852034860.0,12688113153754.0,0.0,2192313409091.0,303709219507.0,52215698153.0,22208206153.0,,,,,,,,,,,,,,,,,,,,,,,,,,,,,,,1098901628522.0,,
PLX,2019,1,,PLX,balance_sheet,37894106661616.0,8564010819261.0,7462661838500.0,8910180509758.0,11515692436015.0,1441561058082.0,21571502607246.0,,14969334462870.0,193869283387.0,3278301569079.0,0.0,2227076342879.0,59465609268862.0,34465344248920.0,32832059779310.0,1633284469610.0,25000265019942.0,25000265019942.0,5538209966411.0,,2789661298026.0,59465609268862.0,414193194949.0,,11553814278222.0,22573783601.0,973887985282.0,12938780810000.0,12938780810000.0,1384694127549.0,121936208613.0,12485334312907.0,0.0,2198240117523.0,310914726294.0,50257922661.0,20287893624.0,,,,,,,,,,,,,,,,,,,,,,,,,,,,,,,1093793763574.0,,
PLX,2018,4,,PLX,balance_sheet,34624337216204.0,10226751168755.0,4708107680500.0,7477239532821.0,10296992521125.0,1915246313003.0,21751972978570.0,,15258566373400.0,199379225971.0,3122298871907.0,0.0,2259446308866.0,56376310194774.0,33189371291231.0,30779950925043.0,2409420366188.0,23186938903543.0,23186938903543.0,4547060533675.0,,2702075556752.0,56376310194774.0,369683510151.0,,10889045310812.0,22550718889.0,965414242646.0,12938780810000.0,12938780810000.0,2146957418075.0,122868544585.0,12548493411499.0,0.0,2231215011756.0,301127119507.0,38475911423.0,20240608353.0,,,,,,,,,,,,,,,,,,,,,,,,,,,,,,,1092504566352.0,,
PLX,2018,3,,PLX,balance_sheet,41637462239308.0,9904293659601.0,5916203472600.0,10215291273459.0,13528710922603.0,2072962911045.0,21059199751937.0,,15007392247634.0,161241137432.0,3026417718863.0,0.0,2005391058497.0,62696661991245.0,40383912785234.0,37769149312265.0,2614763472969.0,22312749206011.0,22312749206011.0,3566254178143.0,,2710775753252.0,62696661991245.0,624907361611.0,,13547779541084.0,26185358945.0,1053961920356.0,12938780810000.0,12938780810000.0,2364851163478.0,118278898917.0,14741168286089.0,0.0,1968778868644.0,301127119507.0,39770937415.0,21595960422.0,,,,,,,,,,,,,,,,,,,,,,,,,,,,,,,1091130083588.0,,
PLX,2018,2,,PLX,balance_sheet,45865671986204.0,13012612183767.0,5576967215457.0,8642267080893.0,15888578455187.0,2745247050900.0,20957951170855.0,,14815690977972.0,163180626939.0,3025838703414.0,0.0,1952885417606.0,66823623157059.0,45367679957451.0,42925843985030.0,2441835972421.0,21455943199608.0,21455943199608.0,2838767563163.0,,2591751109299.0,66823623157059.0,494676037410.0,,15912889982657.0,28851652164.0,1051327563694.0,12938780810000.0,12938780810000.0,2215270459477.0,115990783963.0,14775032225911.0,0.0,1917947131007.0,301127119507.0,35518072246.0,119856354662.0,,,,,,,,,,,,,,,,,,,,,,,,,,,,,,,1091130494108.0,,
PLX,2018,1,,PLX,balance_sheet,43673584803528.0,15165331946068.0,2069735678014.0,8952592933502.0,14627363329288.0,2858560916656.0,21129704094484.0,,15020481556497.0,167995024895.0,3023316339349.0,0.0,1998872445706.0,64803288898012.0,40551093247070.0,37922492359437.0,2628600887633.0,24252195650942.0,24252195650942.0,5391095236443.0,,2917240843420.0,64803288898012.0,483370114266.0,,14648963437215.0,35561284666.0,953370546939.0,12938780810000.0,12938780810000.0,2390670966127.0,156767880914.0,18471786824282.0,0.0,1964076410471.0,312722247265.0,38670877181.0,85324835246.0,,,,,,,,,,,,,,,,,,,,,,,,,,,,,,,1132401705797.0,,
PLX,2017,4,,PLX,balance_sheet,45084086693304.0,14481021387114.0,4902064493911.0,8357515499576.0,12686660134103.0,4656825178600.0,21466269161791.0,,15749874944723.0,251353119191.0,2424080483830.0,0.0,2072828237857.0,66550355855095.0,42290935532650.0,39600170720051.0,2690764812599.0,24259420322445.0,24259420322445.0,4471587738993.0,,3834528096790.0,66550355855095.0,415250121943.0,,12709869697057.0,1031502135875.0,960752977353.0,12938780810000.0,12938780810000.0,2432252852373.0,317474230051.0,13875312959556.0,0.0,2031408880523.0,340393997776.0,52052269669.0,99365774812.0,,,,,,,,,,,,,,,,,,,,,,,,,,,,,,,1139151364922.0,,
PLX,2017,3,,PLX,balance_sheet,38937382466060.0,12641940439133.0,4495276958755.0,8748419834089.0,10410947987107.0,2640797246976.0,21110228992119.0,,15652589767659.0,251953412388.0,2391896705388.0,0.0,1914332749398.0,60047611458179.0,36810098063393.0,33775794107013.0,3034303956380.0,23237513394786.0,23237513394786.0,3352729351861.0,,3756317182384.0,60047611458179.0,627371661962.0,,10429043865305.0,979680959617.0,901498637676.0,12938780810000.0,12938780810000.0,2737547070543.0,588937992353.0,8856676253262.0,0.0,1896199734433.0,350378275616.0,52266869574.0,87526044215.0,,,,,,,,,,,,,,,,,,,,,,,,,,,,,,,1139460956576.0,,
PLX,2017,2,,PLX,balance_sheet,37770248349608.0,11890061460545.0,3747465782345.0,7522975822074.0,11683643115590.0,2926102169054.0,20994689670374.0,,15512478764427.0,254427024976.0,2361211221235.0,0.0,1907067749518.0,58764938019982.0,33195706903380.0,30147327095934.0,3048379807446.0,25569231116602.0,25569231116602.0,6357421326742.0,,3216446748814.0,58764938019982.0,460970379452.0,,11730387979867.0,1024786993202.0,909508678470.0,12938780810000.0,12938780810000.0,2783976350851.0,479439321981.0,8857968226954.0,0.0,1888656046133.0,404034771216.0,51054196010.0,65909223550.0,,,,,,,,,,,,,,,,,,,,,,,,,,,,,,,994304773566.0,,
PLX,2017,1,,PLX,balance_sheet,37545913236674.0,12106400576347.0,2680943238895.0,8301006870522.0,11598848880412.0,2858713670498.0,20990465642591.0,,15532114351891.0,256955291124.0,2556121913033.0,0.0,1896360938178.0,58536378879265.0,34435235321738.0,31251563363421.0,3183671958317.0,24101143557527.0,24101143557527.0,5976155458679.0,,3197702213890.0,58536378879265.0,400603443428.0,,11623805220810.0,1009764379161.0,855916787949.0,12938780810000.0,12938780810000.0,2937028935791.0,528376258383.0,10119651615435.0,0.0,1878109649911.0,357582275616.0,57268178512.0,65176851856.0,,,,,,,,,,,,,,,,,,,,,,,,,,,,,,,990147069027.0,,
PLX,2016,4,,PLX,balance_sheet,33260947577801.0,11394065372037.0,2483113962495.0,6961377702169.0,8615108126419.0,3807282414681.0,20977170131792.0,,15711772442692.0,256182851727.0,2506508187417.0,0.0,1860945325951.0,54238117709593.0,31034557556134.0,27698751367280.0,3335806188854.0,23203560153459.0,23203560153459.0,5177002066659.0,,3206680537178.0,54238117709593.0,486554434228.0,,8631825293153.0,1119885439656.0,743373872134.0,12938780810000.0,12938780810000.0,3085187841980.0,520005997421.0,6774922930016.0,0.0,1845451869509.0,357499269616.0,45390540860.0,42544526360.0,,,,,,,,,,,,,,,,,,,,,,,,,,,,,,,1012052528513.0,,
PLX,2016,3,,PLX,balance_sheet,30517659757012.0,10001943049674.0,2406592673017.0,6444344542640.0,9054347910038.0,2610431581643.0,20520009698052.0,,15840505999117.0,217656456363.0,2409059727467.0,0.0,1412881664491.0,51037669455064.0,29928107439726.0,26476883207231.0,3451224232495.0,21109562015338.0,21109562015338.0,3143752733646.0,,3162062450213.0,51037669455064.0,831030779577.0,,9146410004949.0,1067776685081.0,841639460928.0,12938780810000.0,12938780810000.0,3217689426804.0,584078771483.0,7724585956317.0,1335015344.0,1398342727848.0,356528769616.0,45331547636.0,36140176919.0,,,,,,,,,,,,,,,,,,,,,,,,,,,,,,,899307095146.0,,
PLX,2016,2,,PLX,balance_sheet,34905887994678.0,11250966423911.0,2477826232602.0,8581164559396.0,9681549375487.0,2914381403282.0,20040822570700.0,,15016675391727.0,222341989575.0,2139988849755.0,0.0,1403526110997.0,54946710565378.0,32992589799105.0,29841082288246.0,3151507510859.0,21954120766273.0,21954120766273.0,4069220465407.0,,3082369827086.0,54946710565378.0,583849698728.0,,9778201114189.0,889951162750.0,845925072620.0,11388132350000.0,11388132350000.0,2921461776330.0,662511563119.0,9143674435616.0,2670030689.0,1391534052639.0,336079182616.0,43735751382.0,40992294629.0,,,,,,,,,,,,,,,,,,,,,,,,,,,,,,,894317972739.0,,
PLX,2016,1,,PLX,balance_sheet,30032665072519.0,11677916034880.0,1936199060315.0,8472493715159.0,6180836593566.0,1765219668599.0,20712767610453.0,,15180094537288.0,225006997401.0,3131195756872.0,0.0,1368466908133.0,50745432682972.0,33320372405739.0,30054307619453.0,3266064786286.0,17425060277233.0,17425060277233.0,3356545127840.0,,3065712609102.0,50745432682972.0,566330413331.0,,6291972164291.0,877179822562.0,765208420572.0,10700000000000.0,10700000000000.0,3066110129434.0,712741056441.0,11691910619915.0,4005046033.0,1355159014743.0,346606681616.0,42991808154.0,34748658406.0,,,,,,,,,,,,,,,,,,,,,,,,,,,,,,,866234135320.0,,
PLX,2015,4,,PLX,balance_sheet,30982423975143.0,11276510971145.0,2286160455543.0,7787094498909.0,7546892803084.0,2085765246462.0,20026614182188.0,,15197412403807.0,227672005228.0,2512299748342.0,0.0,1386274754714.0,51009038157331.0,34782068911169.0,31542131755200.0,3239937155969.0,16226969246162.0,16226969246162.0,2420355726953.0,,2882177802706.0,51009038157331.0,599564254259.0,,7680100896578.0,936409423540.0,700240086756.0,10700000000000.0,10700000000000.0,3045549175054.0,940228129430.0,13322860468196.0,5340061378.0,1358478666828.0,372826522416.0,40868286099.0,28624109740.0,,,,,,,,,,,,,,,,,,,,,,,,,,,,,,,864365063608.0,,
PLX,2015,3,,PLX,balance_sheet,31313511906033.0,11455628817127.0,2001416059230.0,8129867057199.0,7863913402678.0,1862686569799.0,19822695895100.0,,15698702165109.0,230338043371.0,2609360846990.0,0.0,1283387567419.0,51136207801133.0,35656368444753.0,30334190731393.0,5322177713360.0,12558189432353.0,12558189432353.0,1627311064831.0,,0.0,51136207801133.0,705338245379.0,,7890215053944.0,1176868434693.0,585834457815.0,10700000000000.0,10700000000000.0,3312129406520.0,825030501431.0,12564797564849.0,6829489688.0,1246315016706.0,675551179616.0,1081156038.0,907272211.0,,,,,,,,,,,,,,,,,,,,,,,,,,,,,,,824178341520.0,,
PLX,2015,2,,PLX,balance_sheet,30493982381244.0,11366416569301.0,1903496182120.0,5392459165147.0,9285697810005.0,2545912654671.0,20143702747819.0,,15897891531727.0,232745835620.0,2673495097454.0,0.0,1273841112552.0,50637685129063.0,35666207141140.0,30849169577308.0,4817037563832.0,12118646946084.0,12118646946084.0,1198268863386.0,,0.0,50637685129063.0,576259848141.0,,9329944883865.0,1253957002086.0,629523665235.0,10700000000000.0,10700000000000.0,3252126008672.0,653282765867.0,11880058498175.0,8318917999.0,1241124204994.0,771055408988.0,65903054293.0,65729170466.0,,,,,,,,,,,,,,,,,,,,,,,,,,,,,,,740278044020.0,,
PLX,2015,1,,PLX,balance_sheet,34123330644943.0,10104302324164.0,2136219298334.0,9857334027129.0,8772487209460.0,3252987785856.0,20775316025443.0,,16643332818716.0,198423336393.0,2583202601316.0,9808346309.0,1337587922952.0,54898646670386.0,40370425873047.0,34936500848797.0,5433925024250.0,11675765666538.0,11675765666538.0,787338935396.0,,0.0,54898646670386.0,474125077944.0,,8798522083581.0,1553483833604.0,632907043801.0,10700000000000.0,10700000000000.0,3298609192372.0,513268002941.0,17443429970864.0,0.0,1251780653391.0,476721110514.0,2899132495.0,2960999757.0,,,,,,,,,,,,,,,,,,,,,,,,,,,,,,,738805043927.0,,
PLX,2014,2,,PLX,balance_sheet,44002290363493.0,7957968575868.0,1394449062109.0,13664938561097.0,17868691918391.0,3116242246028.0,20100180016725.0,,16446163178006.0,207333309011.0,2131003860757.0,14862095852.0,1291538280468.0,64102470380218.0,49503193478782.0,44783505469811.0,4719688008971.0,11911104156815.0,11911104156815.0,832669326619.0,,0.0,64102470380218.0,461362907012.0,,17889415091748.0,1152415118126.0,598491588135.0,10700000000000.0,10700000000000.0,3507319723834.0,402512688116.0,26548371097915.0,0.0,1277630853448.0,456296186114.0,9653260353.0,9279292631.0,,,,,,,,,,,,,,,,,,,,,,,,,,,,,,,823583299170.0,,
PLX,2014,1,,PLX,balance_sheet,44738564233763.0,8044580399467.0,1207818219492.0,13757417853777.0,18935500056341.0,2793247704686.0,20524586233738.0,,16661749932943.0,206637331108.0,2342755238561.0,16644256469.0,1288444056218.0,65263150467501.0,49422875133096.0,43109049344269.0,6313825788827.0,13118018598010.0,13118018598010.0,2121587092440.0,,0.0,65263150467501.0,371707833444.0,,18948658438251.0,743309309854.0,557836956515.0,10700000000000.0,10700000000000.0,3678273613444.0,343303672351.0,25114575221036.0,0.0,1270052680982.0,467287974054.0,8598203334.0,8355418439.0,,,,,,,,,,,,,,,,,,,,,,,,,,,,,,,792319182766.0,,
PLX,2013,3,,PLX,balance_sheet,40475259430454.0,8185354206232.0,1337010001033.0,10019697439693.0,18770538709923.0,2162659073573.0,20511463603933.0,,16683810172415.0,191105237171.0,2334207585800.0,21990738319.0,1280272391228.0,60986723034387.0,45758028913369.0,40313097177942.0,5444931735427.0,12587382980953.0,12587382980953.0,1607237278892.0,,0.0,60986723034387.0,402432721250.0,,18784098280426.0,287658856958.0,553995667716.0,10700000000000.0,10700000000000.0,3835829164828.0,374587841593.0,21569729990631.0,0.0,1256511662436.0,522428754111.0,273763895.0,77479000.0,,,,,,,,,,,,,,,,,,,,,,,,,,,,,,,787548240413.0,,
PLX,2013,2,,PLX,balance_sheet,39494556010571.0,8132645065409.0,1274379717379.0,11583297876612.0,16843849868848.0,1660383482323.0,20433680799070.0,,16706261590850.0,192028867726.0,2229612046113.0,21990738319.0,1283710077062.0,59928236809641.0,45238293130148.0,39746689576825.0,5491603553323.0,12090040284111.0,12090040284111.0,1111085569830.0,,0.0,59928236809641.0,392387250728.0,,16860189439351.0,226239443820.0,591410926902.0,10700000000000.0,10700000000000.0,3867869408395.0,234597867988.0,19804356817212.0,0.0,1263187359324.0,495657495785.0,273763895.0,77479000.0,,,,,,,,,,,,,,,,,,,,,,,,,,,,,,,743108701912.0,,
PLX,2013,1,,PLX,balance_sheet,38153690951748.0,8427177690632.0,716017505906.0,14177112087942.0,13227114447855.0,1606269219413.0,20725539421869.0,,16805863143928.0,143359271133.0,2530623317647.0,23772898937.0,1221843311224.0,58879230373617.0,44344546430153.0,38962910930849.0,5381635499304.0,11896284621503.0,11896284621503.0,1065586262504.0,,0.0,58879230373617.0,437141488953.0,,13245641001891.0,226135380609.0,458343125674.0,10700000000000.0,10700000000000.0,4165167653472.0,238095710819.0,17160727141649.0,0.0,1202816091670.0,521465486368.0,273763895.0,77479000.0,,,,,,,,,,,,,,,,,,,,,,,,,,,,,,,749075137068.0,,
POW,2025,4,,POW,balance_sheet,36989040607182.0,6741740350645.0,12527055306981.0,14406420955496.0,2322646489861.0,991177504199.0,51460857347720.0,,45797313649396.0,0.0,844491105625.0,,4043973416947.0,88449897954902.0,51366471266249.0,30318491470424.0,21047979795825.0,37083426688653.0,37083426688653.0,5150126664822.0,,2733713446024.0,88449897954902.0,385634226857.0,,2322646489861.0,0.0,1297235780187.0,27868210960000.0,27868210960000.0,17637454141259.0,19981627820.0,11249612952426.0,0.0,3305551524691.0,701650757500.0,897663000.0,897663000.0,,,,,,,,,,,,,,,,,,,,,,,,,,,,,,,225720372645.0,,
POW,2025,3,,POW,balance_sheet,34149773029374.0,9681165765710.0,11116413386899.0,10365024498292.0,2338203134721.0,648966243752.0,51621723609124.0,,22330025141051.0,0.0,844491105625.0,,3818039654690.0,85771496638498.0,49295573055344.0,30075490906432.0,19220082148912.0,36475923583154.0,36475923583154.0,5479347479323.0,,2733713446024.0,85771496638498.0,401879877321.0,,2338203134721.0,0.0,4810006820187.0,23418716000000.0,23418716000000.0,15997676658023.0,29309368415.0,11736665882283.0,0.0,3204725212257.0,701650757500.0,897663000.0,897663000.0,,,,,,,,,,,,,,,,,,,,,,,,,,,,,,,225720372645.0,,
POW,2025,2,,POW,balance_sheet,34519997482557.0,10147124355139.0,7828665805764.0,13557620448264.0,2386523708571.0,600063164819.0,51131333689353.0,,23022286324680.0,0.0,796491105625.0,,3860844334639.0,85651331171910.0,50075550390522.0,30918451843071.0,19157098547451.0,35575780781388.0,35575780781388.0,4579204677557.0,,2733713446024.0,85651331171910.0,413507608794.0,,2386523708571.0,0.0,4810006820187.0,23418716000000.0,23418716000000.0,16134088688379.0,100731700026.0,11735450039503.0,0.0,3243498128501.0,701650757500.0,683163000.0,683163000.0,,,,,,,,,,,,,,,,,,,,,,,,,,,,,,,225720372645.0,,
POW,2025,1,,POW,balance_sheet,30402269396432.0,9323101795826.0,4686971588528.0,13752263269711.0,2032128748669.0,607803993698.0,50337655470608.0,,23640910701113.0,0.0,796206340227.0,,4043319874535.0,80739924867040.0,45705630923282.0,34012677120818.0,11692953802464.0,35034293943758.0,35034293943758.0,4483933875037.0,,2671422888323.0,80739924867040.0,354628249921.0,,2032128748669.0,0.0,4426081342778.0,23418716000000.0,23418716000000.0,8812953754085.0,107257652592.0,14646022203491.0,0.0,3346336136660.0,701650757500.0,383163000.0,383163000.0,,,,,,,,,,,,,,,,,,,,,,,,,,,,,,,225720372645.0,,
POW,2024,4,,POW,balance_sheet,29980558720344.0,11564348565017.0,4111871588588.0,11873163177188.0,1795106165854.0,636069223697.0,49934474009218.0,,24321200716711.0,0.0,766206340227.0,,5087879920276.0,79915032729562.0,45234397818896.0,33457348745405.0,11777049073491.0,34680634910666.0,34680634910666.0,4130274841945.0,,2671422888323.0,79915032729562.0,296909444148.0,,1795106165854.0,0.0,4426081342778.0,23418716000000.0,23418716000000.0,9151300727761.0,89082366712.0,13508102547690.0,0.0,4404662737999.0,701650757500.0,353163000.0,353163000.0,,,,,,,,,,,,,,,,,,,,,,,,,,,,,,,225720372645.0,,
POW,2024,3,,POW,balance_sheet,31374658420901.0,12608478331048.0,3150104463759.0,12390171070603.0,2339137772881.0,886766782610.0,49317547956992.0,,24320473145164.0,0.0,959616882510.0,,5709365085520.0,80692206377893.0,46050166536409.0,35430277158946.0,10619889377463.0,34642039841484.0,34642039841484.0,4104794157715.0,,2658308503371.0,80692206377893.0,398877285253.0,,2339137772881.0,50000000.0,4426081342778.0,23418716000000.0,23418716000000.0,8781279843495.0,17072165177.0,11180650166125.0,0.0,5031989930493.0,399355456500.0,353163000.0,353163000.0,,,,,,,,,,,,,,,,,,,,,,,,,,,,,,,225720372645.0,,
POW,2024,2,,POW,balance_sheet,32506348466455.0,9927637718311.0,2605305325291.0,15567100294351.0,2295020813128.0,2111284315374.0,48376053037978.0,,25014602758084.0,0.0,959616882510.0,,5834488472071.0,80882401504433.0,46745437594152.0,35743092583958.0,11002345010194.0,34136963910281.0,34136963910281.0,3701250160825.0,,2556776569058.0,80882401504433.0,415994423765.0,,2295020813128.0,0.0,4426081342778.0,23418716000000.0,23418716000000.0,9288739879172.0,1657580986.0,11300492903046.0,0.0,5143636803658.0,399355456500.0,389451000.0,389451000.0,,,,,,,,,,,,,,,,,,,,,,,,,,,,,,,225720372645.0,,
POW,2024,1,,POW,balance_sheet,28377297197962.0,7538438098305.0,1570255325291.0,15636179785488.0,1821472737804.0,1810951251074.0,44172467751778.0,,25709355386455.0,0.0,959549464996.0,,6093880041633.0,72549764949740.0,38681995275551.0,28586606013360.0,10095389262191.0,33867769674189.0,33867769674189.0,3793201857621.0,,2582352280184.0,72549764949740.0,980424261773.0,,1821472737804.0,0.0,4039359698764.0,23418716000000.0,23418716000000.0,8284918337860.0,1276488049.0,5334341221945.0,0.0,5394859850113.0,399355456500.0,405739000.0,405739000.0,,,,,,,,,,,,,,,,,,,,,,,,,,,,,,,225720372645.0,,
POW,2023,4,,POW,balance_sheet,29152450804452.0,8592015336778.0,2238542629713.0,14641231313373.0,2168003885146.0,1512657639442.0,41194588497778.0,,26401418237677.0,0.0,957723034990.0,,4852111691212.0,70347039302230.0,36181201522438.0,26261244429929.0,9919957092509.0,34165837779792.0,34165837779792.0,3959337681404.0,,2714284562005.0,70347039302230.0,1264274793717.0,,2168003885146.0,0.0,4039359698763.0,23418716000000.0,23418716000000.0,7179278203632.0,900883584.0,5499591086310.0,0.0,4225671044840.0,399355456500.0,437027000.0,437027000.0,,,,,,,,,,,,,,,,,,,,,,,,,,,,,,,225720372645.0,,
POW,2023,3,,POW,balance_sheet,29378901070030.0,7509777215857.0,1738220066997.0,17176238223827.0,2311273530617.0,643392032732.0,34229089026366.0,,27092469161284.0,0.0,932740793120.0,,1268020162814.0,63607990096396.0,29899831038062.0,23331096389005.0,6568734649057.0,33708159058334.0,33708159058334.0,3623878106413.0,,2592065415539.0,63607990096396.0,1850435561400.0,,2311273530617.0,0.0,4039359698763.0,23418716000000.0,23418716000000.0,3907597960222.0,990277414.0,5372168191025.0,0.0,543742928949.0,399355456500.0,407027000.0,407027000.0,,,,,,,,,,,,,,,,,,,,,,,,,,,,,,,225720372644.0,,
POW,2023,2,,POW,balance_sheet,29727551923928.0,8154347914748.0,1166129276581.0,17913321034800.0,2008000430352.0,485753267447.0,32168215522397.0,,27788013463889.0,0.0,932740793121.0,,968930265924.0,61895767446325.0,28064558664502.0,22089123515681.0,5975435148821.0,33831208781823.0,33831208781823.0,3541224317392.0,,2797768928049.0,61895767446325.0,1997615310625.0,,2008000430352.0,0.0,4039359698762.0,23418716000000.0,23418716000000.0,3773569775377.0,1722473284.0,4289352422934.0,0.0,208224854880.0,399355456500.0,407027000.0,407027000.0,,,,,,,,,,,,,,,,,,,,,,,,,,,,,,,225720372645.0,,
POW,2023,1,,POW,balance_sheet,26260062888464.0,5075203519936.0,1766711786170.0,17166740788541.0,1942692577979.0,308714215838.0,31744489971871.0,,28472633889827.0,0.0,919424374058.0,,939846715614.0,58004552860335.0,24195953615179.0,18683712564437.0,5512241050742.0,33808599245156.0,33808599245156.0,3952958114747.0,,2759602153597.0,58004552860335.0,2046427605921.0,,1942692577979.0,0.0,3643183139192.0,23418716000000.0,23418716000000.0,3497893204972.0,3911253092.0,4378783616989.0,0.0,242950218699.0,399355456500.0,407027000.0,407027000.0,,,,,,,,,,,,,,,,,,,,,,,,,,,,,,,225720372645.0,,
POW,2022,4,,POW,balance_sheet,24685400219597.0,8276734441022.0,1624071477851.0,12284177382668.0,2085994362903.0,414422555153.0,31956299325429.0,,29155161436660.0,0.0,887477711365.0,,975925930292.0,56641699545026.0,23535493958289.0,18306884767150.0,5228609191139.0,33106205586737.0,33106205586737.0,3307939743542.0,,2702226866384.0,56641699545026.0,2074044889889.0,,2085994362903.0,0.0,3643183139191.0,23418716000000.0,23418716000000.0,3381845397268.0,3825833991.0,5635216330148.0,0.0,281986768897.0,399355456500.0,407027000.0,407027000.0,,,,,,,,,,,,,,,,,,,,,,,,,,,,,,,225720372645.0,,
POW,2022,3,,POW,balance_sheet,24122047557461.0,8158628736681.0,948071477851.0,11693164818023.0,2180850367851.0,1141332157055.0,32380503356245.0,,29796219741423.0,0.0,850044650058.0,,1009345273443.0,56502550913706.0,24099720571116.0,18548314404488.0,5551406166628.0,32402830342590.0,32402830342590.0,2569890794231.0,,2736900571548.0,56502550913706.0,2276047863605.0,,2180850367851.0,0.0,3643183139191.0,23418716000000.0,23418716000000.0,3709772759733.0,6286553626.0,6240801796202.0,0.0,271000601282.0,399355456500.0,298163000.0,298163000.0,,,,,,,,,,,,,,,,,,,,,,,,,,,,,,,225720372645.0,,
POW,2022,2,,POW,balance_sheet,24662313772646.0,6554006094199.0,581321477851.0,13682185686423.0,1710419352403.0,2134381161770.0,33040267556513.0,,30487227193045.0,0.0,850044650058.0,,1048994901656.0,57702581329159.0,25501028563529.0,19995779168390.0,5505249395139.0,32201552765630.0,32201552765630.0,2503030142538.0,,2602483646280.0,57702581329159.0,2163481684712.0,,1710419352403.0,0.0,3643183139192.0,23418716000000.0,23418716000000.0,3859180938887.0,6262821387.0,4883263533939.0,0.0,298019029059.0,399355456500.0,298163000.0,298163000.0,,,,,,,,,,,,,,,,,,,,,,,,,,,,,,,225720372645.0,,
POW,2022,1,,POW,balance_sheet,21032714700866.0,7077287881900.0,535762268267.0,9657264533326.0,1482915635668.0,2279484381705.0,33865057465188.0,,31210108624131.0,0.0,827903601324.0,,1303516658179.0,54897772166054.0,23149594615876.0,17189776829357.0,5959817786519.0,31748177550178.0,31748177550178.0,2124809286922.0,,2559054840466.0,54897772166054.0,171703640703.0,,1482915635668.0,0.0,3611457585170.0,23418716000000.0,23418716000000.0,4448642576409.0,8140937974.0,3590115427612.0,0.0,494223009541.0,413573456500.0,298163000.0,298163000.0,,,,,,,,,,,,,,,,,,,,,,,,,,,,,,,225720372645.0,,
POW,2021,4,,POW,balance_sheet,16897308416532.0,8223697330073.0,531217428970.0,5802000006481.0,1838198856370.0,502194794638.0,36052806463577.0,,31868894166750.0,0.0,809417169714.0,,2979452812352.0,52950114880109.0,20817363366239.0,16711857000426.0,4105506365813.0,32132751513870.0,32132751513870.0,4017893216488.0,,2487444328831.0,52950114880109.0,179685926326.0,,1838687878302.0,0.0,2174558130931.0,23418716000000.0,23418716000000.0,2756220068022.0,5605664403.0,5701599455826.0,0.0,2175089616428.0,413573456500.0,298163000.0,298163000.0,,,,,,,,,,,,,,,,,,,,,,,,,,,,,,,225720372645.0,,
POW,2021,3,,POW,balance_sheet,19518958113442.0,9320562550334.0,1230626638554.0,6565479771927.0,2212497493779.0,189791658848.0,36263814120546.0,,32497192621464.0,0.0,809417169714.0,,2529531301787.0,55782772233988.0,23054480187038.0,16883548602448.0,6170931584590.0,32728292046950.0,32728292046950.0,4549965770768.0,,2550912307631.0,55782772233988.0,211868435988.0,,2212986515711.0,0.0,2174558130931.0,23418716000000.0,23418716000000.0,4537925535428.0,3552939926.0,5519509945568.0,0.0,1621262376119.0,413573456500.0,298163000.0,298163000.0,,,,,,,,,,,,,,,,,,,,,,,,,,,,,,,225720372645.0,,
POW,2021,2,,POW,balance_sheet,20405220097005.0,7230698604918.0,1215653613956.0,9838064770024.0,1929777753532.0,191025354575.0,36069560195627.0,,33187136328687.0,0.0,802337030742.0,,1788682385858.0,56474780292632.0,24349811071684.0,18058307394976.0,6291503676708.0,32124969220948.0,32124969220948.0,4066643726485.0,,2430911525912.0,56474780292632.0,169820809069.0,,1930266775464.0,0.0,2174558130931.0,23418716000000.0,23418716000000.0,4765571305559.0,3551939926.0,7059138217733.0,0.0,1061625689303.0,413573456500.0,298163000.0,298163000.0,,,,,,,,,,,,,,,,,,,,,,,,,,,,,,,225720372645.0,,
POW,2021,1,,POW,balance_sheet,20968164147762.0,7982652679429.0,778631386741.0,10189823892886.0,1897149235458.0,119906953248.0,36601005481925.0,,33920491483303.0,0.0,1027824922471.0,,1380746691165.0,57569169629687.0,26025663705532.0,19440321838897.0,6585341866635.0,31543505924155.0,31543505924155.0,4275070777571.0,,2668498460575.0,57569169629687.0,141075090723.0,,1899904078295.0,0.0,1147139075296.0,23418716000000.0,23418716000000.0,5163258671953.0,17074180892.0,7582822323843.0,1548886098.0,687984261179.0,604520976073.0,1793853825.0,3062294619.0,,,,,,,,,,,,,,,,,,,,,,,,,,,,,,,225662145738.0,,
POW,2020,4,,POW,balance_sheet,16827400376847.0,7069701543243.0,788594344271.0,7126291026858.0,1727846440070.0,114967022405.0,36987716047668.0,,34614528231415.0,0.0,993090714367.0,,1125847160022.0,53815116424515.0,22714079867567.0,15481905075508.0,7232174792059.0,31101036556948.0,31101036556948.0,4136748310122.0,,2729274050802.0,53815116424515.0,97660020941.0,,1736103810445.0,0.0,782216585311.0,23418716000000.0,23418716000000.0,5391641110825.0,22183434489.0,7018279754604.0,2065181465.0,565797774570.0,604520976073.0,1993853825.0,3262294619.0,,,,,,,,,,,,,,,,,,,,,,,,,,,,,,,225662145738.0,,
POW,2020,3,,POW,balance_sheet,19216688793347.0,7139765583436.0,865917790416.0,8982769072454.0,2139723817808.0,88512529233.0,37561222342337.0,,35285740587942.0,0.0,993090714367.0,,890552661241.0,56777911135684.0,26012665888159.0,18981006038258.0,7031659849901.0,30765245247525.0,30765245247525.0,3922220486416.0,,2607797445408.0,56777911135684.0,193668343138.0,,2143284666744.0,0.0,782429704988.0,23418716000000.0,23418716000000.0,5974741622595.0,33476107498.0,9991912961710.0,3799386317.0,310770798124.0,604520976073.0,1753853825.0,3022294619.0,,,,,,,,,,,,,,,,,,,,,,,,,,,,,,,225662145738.0,,
POW,2020,2,,POW,balance_sheet,18875460833115.0,6363157808582.0,523920790416.0,9790971702849.0,2097256261444.0,100154269824.0,38142096733368.0,,35958640346337.0,0.0,990090714367.0,,965506058211.0,57017557566483.0,26203583683417.0,19081457619320.0,7122126064097.0,30813973883066.0,30813973883066.0,3817710660045.0,,2761035907319.0,57017557566483.0,151633823350.0,,2102038740548.0,0.0,782429704989.0,23418716000000.0,23418716000000.0,6203214328638.0,30557835409.0,10716022478541.0,5533591169.0,351230927272.0,604520976073.0,1753853825.0,3022294619.0,,,,,,,,,,,,,,,,,,,,,,,,,,,,,,,225662145738.0,,
POW,2020,1,,POW,balance_sheet,18108087115006.0,5407066432092.0,698430000000.0,9837637223276.0,2010238579385.0,154714880253.0,38868033456887.0,,36647459981799.0,0.0,982538690891.0,,1030487813432.0,56976120571893.0,27082080270339.0,17973555906393.0,9108524363946.0,29894040301554.0,29894040301554.0,3092912637624.0,,2565146548668.0,56976120571893.0,133364788827.0,,2016485955724.0,0.0,780958252480.0,23418716000000.0,23418716000000.0,8269015576805.0,27033162074.0,8554999156857.0,7267796021.0,403123580906.0,604520976073.0,1753853825.0,3022294619.0,,,,,,,,,,,,,,,,,,,,,,,,,,,,,,,227887397807.0,,
POW,2019,4,,POW,balance_sheet,18545907993661.0,5121713996509.0,619490790416.0,8700689050997.0,3911879902752.0,192134252987.0,39622599464589.0,,37320279877949.0,0.0,988278746365.0,,1094273034913.0,58168507458250.0,28565463047228.0,19430535737634.0,9134927309594.0,29603044411022.0,29603044411022.0,3325665390075.0,,2623850839259.0,58168507458250.0,121608481063.0,,3915564329401.0,0.0,198505318906.0,23418716000000.0,23418716000000.0,8406319410619.0,20626824009.0,9149079696897.0,9002000873.0,466945806744.0,604520976073.0,1753853825.0,3022294619.0,,,,,,,,,,,,,,,,,,,,,,,,,,,,,,,227887397807.0,,
POW,2019,3,,POW,balance_sheet,19509893727797.0,6859764168012.0,201038035938.0,8282848925484.0,4112797454231.0,53445144132.0,40527585836795.0,,38082102833508.0,0.0,935614013906.0,,1142937267749.0,60037479564592.0,30783105785124.0,19618824125142.0,11164281659982.0,29254373779468.0,29254373779468.0,3050511919865.0,,2550320273207.0,60037479564592.0,159582279263.0,,4112797454231.0,0.0,198555170917.0,23418716000000.0,23418716000000.0,10594261555083.0,48888395338.0,8953222166521.0,10736205725.0,518245281965.0,604520976073.0,2670191407.0,3938632201.0,,,,,,,,,,,,,,,,,,,,,,,,,,,,,,,227887397807.0,,
POW,2019,2,,POW,balance_sheet,16765387177967.0,3970616088322.0,151038035938.0,8615898984188.0,3894959189796.0,132874879723.0,41333435139336.0,,38666937639485.0,0.0,935614013906.0,,1215690335018.0,58098822317303.0,29624209836482.0,18248636555927.0,11375573280555.0,28474612480821.0,28474612480821.0,2350397977369.0,,2470672917057.0,58098822317303.0,123543630075.0,,3895080789796.0,0.0,198555170916.0,23418716000000.0,23418716000000.0,10866541727545.0,39763008586.0,8022027264320.0,12470410577.0,568451478247.0,604520976073.0,2670191407.0,3938632201.0,,,,,,,,,,,,,,,,,,,,,,,,,,,,,,,227887397807.0,,
POW,2019,1,,POW,balance_sheet,17999967709551.0,3825033117436.0,171038035938.0,9922906821790.0,3920843821115.0,160145913272.0,42178186596089.0,,39433825773496.0,3764286.0,936917037288.0,,1261495727790.0,60178154305640.0,32451911911220.0,18797167741644.0,13654744169576.0,27726242394420.0,27726242394420.0,1687965012002.0,,2391075416151.0,60178154305640.0,152389174793.0,,3922165421115.0,0.0,192215550789.0,23418716000000.0,23418716000000.0,13207832279370.0,34384095889.0,7823641198178.0,14204615429.0,609716062756.0,604520976073.0,0.0,41591339201.0,,,,,,,,,,,,,,,,,,,,,,,,,,,,,,,227887397807.0,,
POW,2018,4,,POW,balance_sheet,15248299557513.0,3185329931901.0,176038035938.0,7529933817434.0,4187214085344.0,169783686896.0,42855069755086.0,,40178033176165.0,33528513.0,952402722689.0,,1317876034752.0,58103369312599.0,31254938873993.0,17491583648865.0,13763355225128.0,26848430438606.0,26848430438606.0,882478375064.0,,2318816724831.0,58103369312599.0,117298192360.0,,4187578437344.0,0.0,192148923232.0,23418716000000.0,23418716000000.0,13341835323968.0,16462104003.0,6516409268637.0,15938820279.0,662565112364.0,604520976073.0,39406560825.0,40675001619.0,,,,,,,,,,,,,,,,,,,,,,,,,,,,,,,227887397807.0,,
POW,2018,3,,POW,balance_sheet,17641690315855.0,7175412906382.0,149038035938.0,6248394767302.0,3927575267397.0,141269338836.0,43759075500411.0,,41089200005611.0,63292740.0,906124213113.0,,1409717780930.0,61400765816266.0,34849523512982.0,18430363867394.0,16419159645588.0,26551242303284.0,26551242303284.0,689269073409.0,,2306193213484.0,61400765816266.0,220922735238.0,,3927757667397.0,0.0,100793600913.0,23418716000000.0,23418716000000.0,16028681965379.0,11016553322.0,8434675958178.0,17673025131.0,670345197845.0,604520976073.0,39406560825.0,40146195841.0,,,,,,,,,,,,,,,,,,,,,,,,,,,,,,,227887397806.0,,
POW,2018,2,,POW,balance_sheet,19554483597660.0,5781844937864.0,159025245522.0,9722364527382.0,3748820418075.0,142428468817.0,44709912715873.0,,42028206939761.0,93056967.0,926513502784.0,,1412348318221.0,64264396313533.0,38012460699387.0,21624333042480.0,16388127656907.0,26251935614146.0,26251935614146.0,512770757326.0,,2269243993934.0,64264396313533.0,126272004861.0,,3749002818075.0,0.0,100793600912.0,23418716000000.0,23418716000000.0,16062760612395.0,7272414513.0,9062568725977.0,19407229984.0,722818005626.0,604520976073.0,39406560825.0,40146195841.0,,,,,,,,,,,,,,,,,,,,,,,,,,,,,,,227887397807.0,,
POW,2018,1,,POW,balance_sheet,17768513526661.0,2836672439526.0,1269025245522.0,9839119783175.0,3657967460590.0,165728597848.0,45666770612593.0,,42940402564287.0,122821194.0,916134202807.0,,1475058123577.0,63435284139254.0,34942600346687.0,16081040544611.0,18861559802076.0,28492683792567.0,28492683792567.0,2145322130630.0,,2725924637219.0,63435284139254.0,126909275382.0,,3658149860590.0,0.0,1619559303563.0,21774301577676.0,21774301577676.0,18645548911115.0,7320382338.0,6106465504056.0,21141434835.0,794018150841.0,623371949117.0,39406560825.0,39406560825.0,,,,,,,,,,,,,,,,,,,,,,,,,,,,,,,227887397807.0,,
POW,2017,4,,POW,balance_sheet,13777955861694.0,2266238960414.0,1038547245522.0,6743874836373.0,3533224329510.0,196070489875.0,46805407318888.0,,43991216623797.0,152585421.0,957184353417.0,,1526956741714.0,60583363180582.0,32859468717682.0,13868303557777.0,18991165159905.0,27723894462900.0,27723894462900.0,1282057694158.0,,2821705988648.0,60583363180582.0,118597055853.0,,3533406729510.0,0.0,1618253058939.0,21774301577676.0,21774301577676.0,18778557034996.0,7332023992.0,6098502884826.0,22875639687.0,834633941960.0,642558497117.0,39406560825.0,39406560825.0,,,,,,,,,,,,,,,,,,,,,,,,,,,,,,,227887397807.0,,
POW,2017,3,,POW,balance_sheet,16077455877011.0,4992462892598.0,538547245522.0,5806476373135.0,4554849146745.0,185120219011.0,48237147470713.0,,44937204059265.0,182349648.0,899750472339.0,,1642320138930.0,64314603347724.0,36418533779794.0,14635772968241.0,21782760811553.0,27896069567930.0,27896069567930.0,1804534780447.0,,2781483997587.0,64314603347724.0,252270266484.0,,4555031546745.0,0.0,1308173068741.0,21774301577676.0,21774301577676.0,21545007436596.0,15013955396.0,5934397017060.0,24609844538.0,670542156314.0,642558497117.0,40556423250.0,205042978197.0,,,,,,,,,,,,,,,,,,,,,,,,,,,,,,,227887397807.0,,
POW,2017,2,,POW,balance_sheet,15415029360043.0,3600675912702.0,583000000000.0,7351354810643.0,3770842245586.0,109156391112.0,49172806120559.0,,45992609701199.0,212113875.0,899750472339.0,,1686538285800.0,64587835480602.0,36956860138775.0,15022991035964.0,21933869102811.0,27630975341827.0,27630975341827.0,1558978149707.0,,2761910014924.0,64587835480602.0,304684358609.0,,3771024645586.0,0.0,1308173003947.0,21774301577676.0,21774301577676.0,21710417341125.0,6024041307.0,5956354656575.0,26344037961.0,711925932873.0,642558497117.0,40556423250.0,205042978197.0,,,,,,,,,,,,,,,,,,,,,,,,,,,,,,,227887397807.0,,
POW,2017,1,,POW,balance_sheet,13777955861694.0,2266238960414.0,1038547245522.0,6743874836373.0,3533224329510.0,196070489875.0,46805407318889.0,,43991216623797.0,152585421.0,957184353417.0,,1526956651715.0,60583363180583.0,32859468717682.0,13868303557777.0,18991165159905.0,27723894462901.0,27723894462901.0,1282057694158.0,,2821705988648.0,60583363180583.0,118597055853.0,,3533406729510.0,0.0,1618253058940.0,21774301577676.0,21774301577676.0,18778557034996.0,7332023992.0,6098502884826.0,22875549688.0,834633941960.0,642558497117.0,39406560825.0,39406560825.0,,,,,,,,,,,,,,,,,,,,,,,,,,,,,,,227887397807.0,,
BVH,2025,4,0.0,BVH,balance_sheet,150465591457211.0,4194617949694.0,127381983414002.0,14365534080380.0,68126137013.0,742895611967.0,141445620794642.0,,1707797773250.0,102471736442.0,139159215042075.0,,255168113179.0,291911212251853.0,266301161053473.0,64837532920115.0,201463628133358.0,25610051198380.0,25610051198380.0,5045993399365.0,,1029184005343.0,291911212251853.0,31033553963.0,4610569630646.0,68126137013.0,2972900996.0,3869219047054.0,7423227640000.0,7423227640000.0,754000000.0,4044580000.0,4072040955884.0,,205585649165.0,1499836683428.0,75345866505.0,75345866505.0,,,,,,,,,,,,,,,,,,,,,,,,,,,,,,,103568802818.0,,
BVH,2025,3,0.0,BVH,balance_sheet,138881374950962.0,5301653473566.0,115587642309843.0,13954005000442.0,85668120701.0,652396088990.0,133908633990764.0,,1756248438936.0,103913910487.0,131577022972808.0,,251923126782.0,272790008941726.0,247243627277116.0,49498254221488.0,197745373055628.0,25546381664610.0,25546381664610.0,4977192915866.0,,1038335280496.0,272790008941726.0,35357996958.0,5076812601190.0,85668120701.0,10449438743.0,3870269047054.0,7423227640000.0,7423227640000.0,922000000.0,4486080000.0,4320774314069.0,,199661352377.0,1499427835920.0,73881301610.0,73881301610.0,,,,,,,,,,,,,,,,,,,,,,,,,,,,,,,103568802818.0,,
BVH,2025,2,0.0,BVH,balance_sheet,136447038088115.0,1997148580700.0,116614966466354.0,13817860598156.0,82547492517.0,607418711672.0,127676060027897.0,,1802911772849.0,107042504122.0,125298863712044.0,,255887377484.0,264123098116012.0,239321334121804.0,44856330659853.0,194465003461951.0,24801763994208.0,24801763994208.0,4261370324084.0,,1011306472103.0,264123098116012.0,23555540765.0,3590317656997.0,82547492517.0,12053133388.0,3870269047054.0,7423227640000.0,7423227640000.0,1000000000.0,4161080000.0,3493685053133.0,,204235235078.0,1335821058527.0,72308528061.0,72308528061.0,,,,,,,,,,,,,,,,,,,,,,,,,,,,,,,103568802818.0,,
BVH,2025,1,0.0,BVH,balance_sheet,130992071187637.0,937144520121.0,114195348419111.0,11764401719565.0,91128256186.0,633404819527.0,124800182728965.0,,1848942066901.0,108501886530.0,122407896159827.0,,225945489120.0,255792253916602.0,231539612383099.0,40623719807335.0,190915892575764.0,24252641533503.0,24252641533503.0,4673971200782.0,,989208741915.0,255792253916602.0,34113935438.0,3573040945517.0,91128256186.0,9778063554.0,2933853033569.0,7423227640000.0,7423227640000.0,0.0,23076000000.0,3235875617979.0,,189379523623.0,1279365243151.0,71241441885.0,71241441885.0,,,,,,,,,,,,,,,,,,,,,,,,,,,,,,,103568802818.0,,
BVH,2024,4,0.0,BVH,balance_sheet,121226741291519.0,1464088127113.0,103898039030526.0,11535416562019.0,100479759917.0,670583415267.0,130059585546605.0,,1890638249670.0,109961268939.0,127645423169640.0,,215001107433.0,251286326838124.0,227720439778201.0,40840468409215.0,186879971368986.0,23565887059923.0,23565887059923.0,4007066089089.0,,974335175004.0,251286326838124.0,32063030043.0,3547995002349.0,100479759917.0,5199723492.0,2933853033569.0,7423227640000.0,7423227640000.0,0.0,21186000000.0,2910226356811.0,,181047015237.0,1279365243151.0,66916382934.0,66916382934.0,,,,,,,,,,,,,,,,,,,,,,,,,,,,,,,103568802818.0,,
BVH,2024,3,0.0,BVH,balance_sheet,111208083908090.0,2482005463163.0,93261213285305.0,10893393829879.0,91812648790.0,589683073794.0,127011021663314.0,,1911974126591.0,111420651340.0,124582262388488.0,,177873839429.0,238219105571404.0,214461617009648.0,31910624123377.0,182550992886271.0,23757488561756.0,23757488561756.0,4215612193147.0,,985150746544.0,238219105571404.0,55545119119.0,3292164561718.0,91812648790.0,10964532869.0,2933853033569.0,7423227640000.0,7423227640000.0,299740000.0,21366000000.0,1883731996195.0,,142409246171.0,1295699403577.0,83849597252.0,83849597252.0,,,,,,,,,,,,,,,,,,,,,,,,,,,,,,,103568802818.0,,
BVH,2024,2,0.0,BVH,balance_sheet,116660899076179.0,5992291038616.0,94685514103906.0,12288551115815.0,93784040005.0,566810697055.0,118182742728911.0,,1935593611063.0,112880033748.0,115731983220500.0,,172854020472.0,234843641805090.0,211614719915186.0,34253708859454.0,177361011055732.0,23228921889904.0,23228921889904.0,3734186827261.0,,959177999926.0,234843641805090.0,54981856235.0,4036450189373.0,93784040005.0,16365187369.0,2933853033569.0,7423227640000.0,7423227640000.0,299740000.0,21301000000.0,3613269653833.0,,139912673789.0,1295699403577.0,84507987252.0,84507987252.0,,,,,,,,,,,,,,,,,,,,,,,,,,,,,,,103568802818.0,,
BVH,2024,1,0.0,BVH,balance_sheet,122492416687523.0,7527514649559.0,99077973070151.0,12103123934093.0,116049479077.0,609644848840.0,111779161491947.0,,2038576062420.0,45388992000.0,109296753355541.0,,166429263527.0,234271578179470.0,211395654885072.0,38507301239103.0,172888353645969.0,22875923294398.0,22875923294398.0,4111143842517.0,,949233428406.0,234271578179470.0,64029508271.0,3900994217440.0,116049479077.0,14704407273.0,2233517394474.0,7423227640000.0,7423227640000.0,1386080000.0,20986000000.0,4092163608271.0,,134114197050.0,1277496668080.0,83842495252.0,83842495252.0,,,,,,,,,,,,,,,,,,,,,,,,,,,,,,,103568802818.0,,
BVH,2023,4,0.0,BVH,balance_sheet,122497125632228.0,4789210029975.0,101565789666730.0,12376317880068.0,113865625531.0,644026547583.0,98708539284757.0,,1810750884095.0,45388992000.0,96201978342468.0,,188645702718.0,221205664916985.0,199008686355122.0,30889643636066.0,168119042719056.0,22196978561863.0,22196978561863.0,3486943191064.0,,917970937833.0,221205664916985.0,57945027330.0,3251775353702.0,113865625531.0,5235861924.0,2233517394474.0,7423227640000.0,7423227640000.0,1386080000.0,19647000000.0,3372603852643.0,,152852869935.0,1140403742807.0,84370325019.0,84370325019.0,,,,,,,,,,,,,,,,,,,,,,,,,,,,,,,103568802818.0,,
BVH,2023,3,0.0,BVH,balance_sheet,120032952465205.0,12343767739186.0,91297422409715.0,12688816960665.0,135532710890.0,596341149610.0,95260259305898.0,,1838002443441.0,45388992000.0,92718998172412.0,,175124015416.0,215293211771103.0,192724122524434.0,30343690657642.0,162380431866792.0,22569089246669.0,22569089246669.0,3856514914550.0,,938989594510.0,215293211771103.0,43269821383.0,3380351920855.0,135532710890.0,13656994713.0,2233517394474.0,7423227640000.0,7423227640000.0,2764327000.0,19254000000.0,1720540801048.0,,134842546462.0,1140403742844.0,84045744488.0,84045744488.0,,,,,,,,,,,,,,,,,,,,,,,,,,,,,,,103568802818.0,,
BVH,2023,2,0.0,BVH,balance_sheet,131041763365611.0,7054396165882.0,109191215459429.0,11146497043813.0,138287942264.0,583849210651.0,89726114992420.0,,1820293193502.0,45388992000.0,87130037927510.0,,200167322213.0,220767878358031.0,198621386200291.0,41387494956236.0,157233891244055.0,22146492157740.0,22146492157740.0,3475514048521.0,,912318328925.0,220767878358031.0,35960507909.0,2942507738110.0,138287942264.0,19399833954.0,2233517394474.0,7423227640000.0,7423227640000.0,8088310000.0,19228000000.0,2348619341259.0,,147871147895.0,1139622185057.0,82805402088.0,82805402088.0,,,,,,,,,,,,,,,,,,,,,,,,,,,,,,,103568802818.0,,
BVH,2023,1,0.0,BVH,balance_sheet,133622058950736.0,2647940764589.0,117145874518323.0,9902906875150.0,146428494620.0,639756365297.0,86838965808924.0,,1843679865684.0,45388992000.0,84237838980161.0,,188150642639.0,220461024759660.0,198653638244353.0,45866043668602.0,152787594575751.0,21807386515307.0,21807386515307.0,3806576648265.0,,898204393479.0,220461024759660.0,32724914721.0,2331720133413.0,146428494620.0,17798770789.0,1592882068422.0,7423227640000.0,7423227640000.0,54486350296.0,19123000000.0,1718379157390.0,,138156381273.0,1163619711195.0,81313985542.0,81313985542.0,,,,,,,,,,,,,,,,,,,,,,,,,,,,,,,103568802818.0,,
BVH,2022,4,0.0,BVH,balance_sheet,117332454521826.0,2206366156158.0,102406870575795.0,9035191638200.0,131791283375.0,668067254545.0,84277601983671.0,,1885973721266.0,45388992000.0,81619207402581.0,,209628057459.0,201610056505497.0,180319270877323.0,32558300288678.0,147760970588645.0,21290785628174.0,21290785628174.0,3300876157888.0,,892718516833.0,201610056505497.0,41691151876.0,2289205400137.0,131791283375.0,6402669268.0,1605484135183.0,7423227640000.0,7423227640000.0,91299047538.0,19391500000.0,981461185741.0,,146598546313.0,1188860741950.0,83369135386.0,83369135386.0,,,,,,,,,,,,,,,,,,,,,,,,,,,,,,,103568802818.0,,
BVH,2022,3,0.0,BVH,balance_sheet,115116708136495.0,2252598753109.0,100317508842077.0,8990288530586.0,139671739920.0,612845820043.0,75725619864029.0,,1865178796380.0,45388992000.0,73119379008180.0,,155260317083.0,190842328000524.0,167675187003248.0,25580179475913.0,142095007527335.0,23167140997276.0,23167140997276.0,5203672493741.0,,893694152912.0,190842328000524.0,47743048587.0,2803675245989.0,139671739920.0,19547120059.0,1593955068422.0,7423227640000.0,7423227640000.0,192745387538.0,19016500000.0,1059570450729.0,,101512320359.0,1089026700036.0,72699718390.0,72699718390.0,,,,,,,,,,,,,,,,,,,,,,,,,,,,,,,103568802818.0,,
BVH,2022,2,0.0,BVH,balance_sheet,125128227025426.0,3138065441404.0,110218580994797.0,8466708850931.0,134645729685.0,568552230782.0,68166561791749.0,,1891133796275.0,45388992000.0,65545806395604.0,,155002563486.0,193294788817175.0,170501169704563.0,33885100953080.0,136616068751483.0,22793619112612.0,22793619112612.0,4869270066857.0,,869506365355.0,193294788817175.0,48297883489.0,2681492449094.0,134645729685.0,13402766613.0,1593955068422.0,7423227640000.0,7423227640000.0,229282568157.0,17036500000.0,1470384463715.0,,102081969829.0,929979503703.0,72407178390.0,72407178390.0,,,,,,,,,,,,,,,,,,,,,,,,,,,,,,,103568802818.0,,
BVH,2022,1,0.0,BVH,balance_sheet,109934445842798.0,10762739429706.0,86860089662697.0,9174624476563.0,159944586775.0,588350275927.0,73843645352706.0,,1921063190736.0,45388992000.0,71218797499161.0,,146092904599.0,183778091195504.0,161250906742553.0,30211241521574.0,131039665220979.0,22527184452951.0,22527184452951.0,4928725605958.0,,866055328299.0,183778091195504.0,56509289489.0,3703128813867.0,159944586775.0,19783831203.0,1284786140295.0,7423227640000.0,7423227640000.0,230728908157.0,17186500000.0,2871489696797.0,,94373537442.0,922978975567.0,72984341909.0,72984341909.0,,,,,,,,,,,,,,,,,,,,,,,,,,,,,,,103568802818.0,,
BVH,2021,4,0.0,BVH,balance_sheet,99487771724691.0,5354361778285.0,82006928378423.0,9234607645794.0,155611781480.0,610913931154.0,69973152706453.0,,1933110314009.0,45388992000.0,67341350469308.0,,138214457876.0,169460924431144.0,147448332538512.0,21631435598979.0,125816896939533.0,22012591892632.0,22012591892632.0,4461002214955.0,,836065113673.0,169460924431144.0,97367505035.0,3589966851304.0,155611781480.0,15191044239.0,1284780394031.0,7423227640000.0,7423227640000.0,267966971621.0,17462140000.0,2506330153950.0,,108134612710.0,909759136228.0,73349498240.0,73349498240.0,,,,,,,,,,,,,,,,,,,,,,,,,,,,,,,103568802818.0,,
BVH,2021,3,0.0,BVH,balance_sheet,99001946262552.0,15871856776929.0,70966355064392.0,9369406380824.0,144779855079.0,520182491460.0,66156003719431.0,,1897569838971.0,45388992000.0,63564746779973.0,,152860294453.0,165157949981983.0,143001659221696.0,23054850390176.0,119946808831520.0,22156290760287.0,22156290760287.0,4638294242633.0,,831810512173.0,165157949981983.0,73641668067.0,3458739542127.0,144779855079.0,16346846887.0,1270873060753.0,7423227640000.0,7423227640000.0,269413311621.0,16352117272.0,2221632348174.0,,123239558710.0,1042490026612.0,68587523597.0,68587523597.0,,,,,,,,,,,,,,,,,,,,,,,,,,,,,,,103568802818.0,,
BVH,2021,2,0.0,BVH,balance_sheet,89309839810121.0,2860226530581.0,74407806893320.0,9295154394532.0,142630745566.0,556518838433.0,59792120739082.0,,1766564784459.0,45388992000.0,57169850176327.0,,176955091852.0,149101960549203.0,127366871444479.0,12104193267388.0,581697711422.0,21735089104724.0,21735089104724.0,4257247299303.0,,806390957570.0,149101960549203.0,62322430715.0,3456258601885.0,142630745566.0,14494102572.0,1270873060753.0,7423227640000.0,7423227640000.0,305950492240.0,16532117272.0,1868568406344.0,,147173531141.0,1047127334365.0,67781655214.0,67781655214.0,,,,,,,,,,,,,,,,,,,,,,,,,,,,,,,103568802818.0,,
BVH,2021,1,0.0,BVH,balance_sheet,95996992326115.0,4378343201837.0,80120008644195.0,8678288974319.0,132487350732.0,604533467397.0,50606454920768.0,,1742595189531.0,45388992000.0,47960513763946.0,,193076993976.0,146603447246883.0,125336258582216.0,14723850536982.0,560272140692.0,21267188664667.0,21267188664667.0,4124500176101.0,,784744515172.0,146603447246883.0,58302880499.0,2738723343267.0,132487350732.0,10700728874.0,967358385620.0,7423227640000.0,7423227640000.0,297415636500.0,14635367272.0,1094767916399.0,,164266101054.0,1046993770262.0,69499257449.0,69499257449.0,,,,,,,,,,,,,,,,,,,,,,,,,,,,,,,103568802818.0,,
BVH,2020,4,0.0,BVH,balance_sheet,92791583082759.0,6780610816944.0,73754152001994.0,9235659505528.0,122044449862.0,667311925229.0,54491843691100.0,,1787691940162.0,45388992000.0,51803211418443.0,,229798520440.0,147283426773859.0,126514550906586.0,20680648643849.0,567433558003.0,20768875867273.0,20768875867273.0,3670194665394.0,,754997463564.0,147283426773859.0,63789327565.0,2238941501665.0,122044449862.0,9783708129.0,967380886380.0,7423227640000.0,7423227640000.0,315510417119.0,214895367272.0,895376463715.0,,202125519455.0,1042701268763.0,69372720608.0,69372720608.0,,,,,,,,,,,,,,,,,,,,,,,,,,,,,,,103568802818.0,,
BVH,2020,3,0.0,BVH,balance_sheet,99896126124822.0,3177059990629.0,85414622801452.0,8241055881405.0,127621956471.0,653603787105.0,45064817683340.0,,1826782683485.0,45388992000.0,42333905467737.0,,257315522506.0,144960943808162.0,124041611621122.0,23565411425707.0,554884299987.0,20919332187040.0,20919332187040.0,3827783902778.0,,765937120870.0,144960943808162.0,73490294888.0,1630347542495.0,127621956471.0,15698300339.0,961065224400.0,7423227640000.0,7423227640000.0,308120205649.0,12500367272.0,397376463715.0,,227532205993.0,953146601473.0,67830149695.0,67830149695.0,,,,,,,,,,,,,,,,,,,,,,,,,,,,,,,103568802818.0,,
BVH,2020,2,0.0,BVH,balance_sheet,95548729795203.0,1895051775356.0,81829241993515.0,8627634175626.0,134195898952.0,613755723307.0,42289948804981.0,,1864060868311.0,45388992000.0,39541805727034.0,,288205560059.0,137838678600184.0,117349687504109.0,21980234137888.0,577198476100.0,20488991096075.0,20488991096075.0,3421052353643.0,,756820157732.0,137838678600184.0,76619134822.0,1636014003138.0,134195898952.0,15928400811.0,959885180448.0,7423227640000.0,7423227640000.0,336503652935.0,9595367272.0,238376463715.0,,246243849826.0,928533355221.0,67888540115.0,67888540115.0,,,,,,,,,,,,,,,,,,,,,,,,,,,,,,,103568802818.0,,
BVH,2020,1,0.0,BVH,balance_sheet,88953335527572.0,2902042053661.0,73700319023515.0,8748833168972.0,130751372840.0,680515323383.0,44478747775844.0,,1869585779460.0,71513228830.0,41717059004570.0,,323787551132.0,133432083303416.0,113413800601996.0,22334214073228.0,851907198805.0,20018282701420.0,20018282701420.0,3150955301191.0,,723373479252.0,133432083303416.0,63151467158.0,1503135225101.0,130751372840.0,11799907044.0,802520807041.0,7423227640000.0,7423227640000.0,608991505127.0,7478945752.0,1607890381.0,,264154010721.0,928533355221.0,69357960964.0,69357960964.0,,,,,,,,,,,,,,,,,,,,,,,,,,,,,,,103568802818.0,,
BVH,2019,4,0.0,BVH,balance_sheet,79841858717641.0,4746231332490.0,63080540816871.0,8132375712574.0,118150362378.0,722099975915.0,48412005610187.0,,1885053055851.0,45388992000.0,45614645521337.0,,336862415980.0,128253864327828.0,108449824880444.0,20772946980632.0,854199504053.0,19804039447384.0,19804039447384.0,2942082307706.0,,735056263359.0,128253864327828.0,24262328649.0,1558727214647.0,118150362378.0,8224460085.0,801169067553.0,7423227640000.0,7423227640000.0,632891070389.0,6767431817.0,106376458994.0,,276547106704.0,928533355221.0,71588920973.0,71588920973.0,,,,,,,,,,,,,,,,,,,,,,,,,,,,,,,103568802818.0,,
BVH,2019,3,0.0,BVH,balance_sheet,77437632966580.0,1994259215412.0,62348959404501.0,9101486201627.0,143210713509.0,694369523396.0,44386047464481.0,,1615473911059.0,45388992000.0,41572390029209.0,,364737823202.0,121823680431061.0,105436914315142.0,22189499702077.0,734749585489.0,16386766115919.0,16386766115919.0,3557876075460.0,,727444650246.0,121823680431061.0,69304554574.0,1769110980344.0,143210713509.0,13091304260.0,792852966181.0,7008864340000.0,7008864340000.0,520101070389.0,15293331817.0,206376458994.0,,295968356797.0,291889741221.0,71024538313.0,71024538313.0,,,,,,,,,,,,,,,,,,,,,,,,,,,,,,,103568802818.0,,
BVH,2019,2,0.0,BVH,balance_sheet,74521321789958.0,1866621310944.0,60602598677158.0,7991243653847.0,147969505745.0,709506703121.0,46412102211375.0,,1635607651962.0,45388992000.0,43603657028317.0,,388698524627.0,120933424001333.0,104871397612895.0,25858745316509.0,673835611287.0,16062026388438.0,16062026388438.0,3255860367674.0,,718147310577.0,120933424001333.0,55026324151.0,1750579238531.0,147969505745.0,68670016435.0,791817297863.0,7008864340000.0,7008864340000.0,469173506484.0,14286884107.0,310891570480.0,,319621498053.0,367843361221.0,70250935985.0,70250935985.0,,,,,,,,,,,,,,,,,,,,,,,,,,,,,,,103568802818.0,,
BVH,2019,1,0.0,BVH,balance_sheet,72897093933097.0,3033310966089.0,57600971323292.0,8262550750198.0,165766603290.0,748007500457.0,43592325129108.0,,1643734407414.0,45388992000.0,40784277358912.0,,415473883538.0,116489419062205.0,100621481134980.0,25565837522128.0,644388606771.0,15867937927225.0,15867937927225.0,3252395144715.0,,703601158111.0,116489419062205.0,19418366794.0,1731059059381.0,165766603290.0,63979837939.0,632388571361.0,7008864340000.0,7008864340000.0,447842252079.0,14918335597.0,251341550381.0,,347583569366.0,367843361221.0,69995598930.0,69995598930.0,,,,,,,,,,,,,,,,,,,,,,,,,,,,,,,103568802818.0,,
BVH,2018,4,0.0,BVH,balance_sheet,69981375217783.0,2159413230421.0,55408375050963.0,8194443716652.0,149912562772.0,701999880208.0,43787316631194.0,,1663016031761.0,45388992000.0,40971026335723.0,,415755798507.0,113768691848977.0,98333430677236.0,26361339731216.0,638062711632.0,15435261171741.0,15435261171741.0,2841300648152.0,,695339491893.0,113768691848977.0,30658659925.0,1721211234445.0,149912562772.0,16856989449.0,630927813145.0,7008864340000.0,7008864340000.0,448614416010.0,17001747900.0,131434328210.0,,358495110712.0,367843361221.0,62807257491.0,62807257491.0,,,,,,,,,,,,,,,,,,,,,,,,,,,,,,,103568802818.0,,
BVH,2018,3,0.0,BVH,balance_sheet,54557386874726.0,3065953967842.0,40354648237028.0,7118824649710.0,154205766344.0,639580300893.0,46426352349465.0,,1595873771644.0,45388992000.0,43635110747577.0,,433596768963.0,100983739224191.0,85691040529592.0,17806093209554.0,606813367295.0,15292698694599.0,15292698694599.0,2695915965174.0,,715750661485.0,100983739224191.0,27615337433.0,1500198562124.0,154205766344.0,15488907795.0,622322384944.0,7008864340000.0,7008864340000.0,428691962860.0,25808442073.0,39376062000.0,,380764683277.0,367843361221.0,69893383677.0,69893383677.0,,,,,,,,,,,,,,,,,,,,,,,,,,,,,,,103568802818.0,,
BVH,2018,2,0.0,BVH,balance_sheet,54956438830986.0,5920947480268.0,38519460819242.0,6572729539794.0,151645898293.0,583663069680.0,45625488681286.0,,1634705008389.0,45388992000.0,43067347436374.0,,378875570168.0,100581927512272.0,84639359401021.0,20814126897009.0,456892074210.0,15942568111251.0,15942568111251.0,3364893674869.0,,724065162257.0,100581927512272.0,26336553368.0,1441023897117.0,151645898293.0,12642863130.0,621484889202.0,7008864340000.0,7008864340000.0,303195962860.0,34460740755.0,1628062000.0,,322216491349.0,367843361221.0,73450811956.0,73450811956.0,,,,,,,,,,,,,,,,,,,,,,,,,,,,,,,103568802818.0,,
BVH,2018,1,0.0,BVH,balance_sheet,55138527426545.0,11230685638011.0,34616939959770.0,5932454732723.0,154157632532.0,608907136863.0,44191038342699.0,,1628206595459.0,45388992000.0,41601826986371.0,,394237421537.0,99329565769244.0,84420240480435.0,25506263837069.0,154105118961.0,14909325288809.0,14909325288809.0,3230937792980.0,,715596492277.0,99329565769244.0,33596640830.0,1369872765390.0,154157632532.0,7623619267.0,465791148688.0,6804714340000.0,6804714340000.0,3542622947.0,23701703676.0,1763050000.0,,342211265366.0,367843361221.0,74621599750.0,74621599750.0,,,,,,,,,,,,,,,,,,,,,,,,,,,,,,,103568802818.0,,
BVH,2017,4,0.0,BVH,balance_sheet,44952009831502.0,3789197489323.0,31154634771729.0,6915014664074.0,144572406356.0,603935685514.0,46439507429452.0,,1657410869307.0,45388992000.0,43820854114286.0,,394627382516.0,91391517260954.0,76932560851425.0,22284439528814.0,138496567134.0,14458956409529.0,14458956409529.0,2799743767945.0,,700999599140.0,91391517260954.0,22478515959.0,1408715229254.0,144572406356.0,7727878219.0,464777333764.0,6804714340000.0,6804714340000.0,3922299998.0,132060292425.0,91842475489.0,,329934675506.0,366889741221.0,75859298354.0,75859298354.0,,,,,,,,,,,,,,,,,,,,,,,,,,,,,,,103568802818.0,,
BVH,2017,3,0.0,BVH,balance_sheet,40745186545536.0,3392840613232.0,29312407748723.0,5628278071945.0,143002766038.0,569440059131.0,45040831981629.0,,1618460769862.0,45388992000.0,42463258522669.0,,415112794545.0,85786018527165.0,71622828684734.0,20727075486907.0,132360839039.0,14163189842431.0,14163189842431.0,2527238989623.0,,692120729460.0,85786018527165.0,33822695641.0,1101481356264.0,143002766038.0,16552751213.0,456944897150.0,6804714340000.0,6804714340000.0,3568538630.0,12826403273.0,41644726476.0,,354193636395.0,366889740688.0,62174468150.0,62174468150.0,,,,,,,,,,,,,,,,,,,,,,,,,,,,,,,103568802818.0,,
BVH,2017,2,0.0,BVH,balance_sheet,37021483238191.0,4522704433210.0,25606184420467.0,4651465285458.0,132407683919.0,499974635627.0,45881768557173.0,,1638519844649.0,45388992000.0,43277314984647.0,,414372915354.0,82903251795364.0,68250815926938.0,20580059787912.0,123932243612.0,14652435868426.0,14652435868426.0,3033960693908.0,,678934655204.0,82903251795364.0,32990792264.0,1101974806414.0,132407683919.0,15265124909.0,455974187170.0,6804714340000.0,6804714340000.0,4041093963.0,15136898525.0,1708200001.0,,348660942425.0,368670656135.0,65681688229.0,65681688229.0,,,,,,,,,,,,,,,,,,,,,,,,,,,,,,,103568802818.0,,
BVH,2017,1,0.0,BVH,balance_sheet,30561635973745.0,1462002348562.0,22180455015905.0,4837115495036.0,143819549404.0,453108219523.0,44545949770967.0,,1659037865215.0,23448947000.0,42169322316091.0,,416079526663.0,75107585744712.0,61038748576078.0,15588306093280.0,115218801395.0,14068837168634.0,14068837168634.0,2642568859098.0,,668725257153.0,75107585744712.0,40170282506.0,1160324949698.0,143819549404.0,6778476762.0,302049104880.0,6804714340000.0,6804714340000.0,3337550002.0,2276800000.0,96094127519.0,,355771499287.0,695673914795.0,63487756601.0,63487756601.0,,,,,,,,,,,,,,,,,,,,,,,,,,,,,,,103568802818.0,,
BVH,2016,4,0.0,BVH,balance_sheet,29515087634990.0,2878215476317.0,20167225290177.0,4485246397701.0,119781142716.0,522010873533.0,43563557029325.0,,1657042302318.0,23448947000.0,41422190672329.0,,172288699206.0,73078644664315.0,59164151692635.0,16431025100806.0,108100832163.0,13914492971680.0,13914492971680.0,2518785732109.0,,657688522920.0,73078644664315.0,175745279764.0,920019298723.0,119781142716.0,43910427430.0,301079873784.0,6804714340000.0,6804714340000.0,3337550002.0,10443709813.0,161009048468.0,,115858114202.0,603968402057.0,65772493764.0,65772493764.0,,,,,,,,,,,,,,,,,,,,,,,,,,,,,,,103568802818.0,,
BVH,2016,3,0.0,BVH,balance_sheet,25672146768387.0,2590699142902.0,17128921838775.0,4112394706339.0,80514680817.0,435203510100.0,41752293933432.0,,1642264615668.0,23448947000.0,39656422053718.0,,148349064829.0,67424440701819.0,53783925421924.0,13217823072073.0,98913511553.0,13640515279895.0,13640515279895.0,2274898165750.0,,646220636968.0,67424440701819.0,83382526469.0,882806690579.0,80514680817.0,75722775496.0,295338228858.0,6804714340000.0,6804714340000.0,1716630000.0,18632838733.0,860800000.0,,80268515863.0,602569167333.0,46435198953.0,46435198953.0,,,,,,,,,,,,,,,,,,,,,,,,,,,,,,,103568802818.0,,
BVH,2016,2,0.0,BVH,balance_sheet,24588030403773.0,2719676647124.0,16007649274031.0,4199101666412.0,87549072978.0,429319550743.0,39777529329531.0,,1647907132039.0,23448947000.0,37718505803053.0,,130060715771.0,64365559733304.0,51049682814391.0,12864817947444.0,91013712465.0,13315876918913.0,13315876918913.0,1956267017948.0,,637606739176.0,64365559733304.0,119082928331.0,1045618298256.0,87549072978.0,64815051575.0,294080256294.0,6804714340000.0,6804714340000.0,1028040337.0,14273407507.0,67491078111.0,,67439518863.0,563592135323.0,39362496457.0,39362496457.0,,,,,,,,,,,,,,,,,,,,,,,,,,,,,,,103568802818.0,,
BVH,2016,1,0.0,BVH,balance_sheet,23787155054725.0,4120800963219.0,14211933163414.0,3767981233967.0,96285165118.0,493775953745.0,38890149304391.0,,1653989572699.0,23448947000.0,36836080032950.0,,122195059913.0,62677304359116.0,49140947608445.0,12820894027607.0,83198799309.0,13536356750671.0,13536356750671.0,2352916501120.0,,625139373192.0,62677304359116.0,19285724045.0,978210966292.0,96285165118.0,82864046114.0,143012270066.0,6804714340000.0,6804714340000.0,1198070000.0,16041117237.0,25833032221.0,,63784807696.0,828204851323.0,38862496457.0,38862496457.0,,,,,,,,,,,,,,,,,,,,,,,,,,,,,,,103568802818.0,,
BVH,2015,4,0.0,BVH,balance_sheet,22705630601144.0,2251972571369.0,15375366697172.0,3537183095005.0,101617553280.0,419411461336.0,35890698305452.0,,1678491603232.0,23448947000.0,33850874511180.0,,108115891553.0,58596328906596.0,45401272394259.0,10867214120017.0,79922596928.0,13195056512337.0,13195056512337.0,2035319561587.0,,616353406152.0,58596328906596.0,23334842786.0,794736679098.0,101617553280.0,58107772064.0,142394957430.0,6804714340000.0,6804714340000.0,0.0,8360802627.0,31161309647.0,,48935556075.0,396694407948.0,39762496457.0,39762496457.0,,,,,,,,,,,,,,,,,,,,,,,,,,,,,,,103568802818.0,,
BVH,2015,3,0.0,BVH,balance_sheet,25070492914513.0,3468892640637.0,15898054912941.0,3860318227442.0,224710124625.0,427869900810.0,28463340312939.0,,1663194694867.0,23448947000.0,26408486559036.0,,114314889523.0,53533833227452.0,40547190761911.0,7455027628071.0,85540021951.0,12986642465541.0,12986642465541.0,1851091070595.0,,0.0,53533833227452.0,70319769030.0,828820242076.0,224710124625.0,89994369891.0,135010479615.0,6804714340000.0,6804714340000.0,0.0,23291190180.0,31877229971.0,,59001207426.0,365928261225.0,38862496457.0,38862496457.0,,,,,,,,,,,,,,,,,,,,,,,,,,,,,,,103568802818.0,,
BVH,2015,2,0.0,BVH,balance_sheet,24503347562187.0,2176889607604.0,17151050734905.0,3410919387121.0,190696983957.0,370167102435.0,26288572187644.0,,1690319490782.0,23448947000.0,24220466856109.0,,113720908154.0,50791919749831.0,38033262500608.0,6655467430734.0,75424594675.0,12758657249223.0,12758657249223.0,1642348065541.0,,597864612099.0,50791919749831.0,26723991915.0,742980845490.0,190696983957.0,80031449079.0,134577110177.0,6804714340000.0,6804714340000.0,0.0,24898914927.0,3662234957.0,,63957012532.0,365928261225.0,38862496457.0,38862496457.0,,,,,,,,,,,,,,,,,,,,,,,,,,,,,,,103568802818.0,,
BVH,2015,1,588415234752.0,BVH,balance_sheet,23829474261515.0,1777546666101.0,16392432571818.0,3778556021610.0,191578611289.0,380943519387.0,25704951008464.0,,1580742603418.0,23448947000.0,23630218199238.0,,153901889026.0,49534425269979.0,36381821208137.0,6170806630051.0,68245335494.0,12564188827090.0,12564188827090.0,2171942194834.0,,0.0,49534425269979.0,33877651534.0,0.0,191578611289.0,67279262750.0,22112847753.0,0.0,6804714340000.0,0.0,23697359196.0,3045340402.0,,66895765020.0,365928261225.0,0.0,0.0,,,,,,,,,,,,,,,,,,,,,,,,,,,,,,,0.0,,
BVH,2014,4,573319422698.0,BVH,balance_sheet,20388336905815.0,1418706565071.0,13518031045510.0,3703627779293.0,181763606941.0,431204113010.0,27140845444237.0,,1907304139873.0,23448947000.0,25089036473417.0,,121055883947.0,47529182350052.0,34701489824921.0,6069295721834.0,60748933283.0,12254373102433.0,12254373102433.0,1877617648713.0,,0.0,47529182350052.0,132370263995.0,0.0,181763606941.0,83043421250.0,10525044385.0,0.0,6804714340000.0,0.0,10223801033.0,3517524546.0,,44326166665.0,23003684478039.0,0.0,0.0,,,,,,,,,,,,,,,,,,,,,,,,,,,,,,,0.0,,
BVH,2014,3,558655560987.0,BVH,balance_sheet,21140096767101.0,2539694786913.0,13133960593590.0,3769440513813.0,190265450253.0,116077954327.0,27279577204352.0,,1893289110141.0,23448947000.0,25214196380785.0,,148642766426.0,48419673971453.0,35887431915902.0,8105367920504.0,63678039864.0,11973586494564.0,11973586494564.0,1609088702703.0,,0.0,48419673971453.0,104859106533.0,0.0,190265450253.0,51258892755.0,9911780553.0,0.0,6804714340000.0,0.0,6941992105.0,15214431740.0,,57419792988.0,23214805130575.0,0.0,0.0,,,,,,,,,,,,,,,,,,,,,,,,,,,,,,,0.0,,
BVH,2014,2,2046842046125.0,BVH,balance_sheet,28750730561541.0,12036685280520.0,11195613588308.0,3668421403966.0,206692269213.0,215121535349.0,26102013771010.0,,1967057867566.0,23448947000.0,23984209945276.0,,127297011168.0,63830804733113.0,50125577573902.0,8875434545807.0,58649480651.0,11658385113086.0,11658385113086.0,1270099321849.0,,0.0,63830804733113.0,83952233096.0,0.0,206692269213.0,128699534165.0,23128503219.0,0.0,6804714340000.0,0.0,7227009861.0,198812507495.0,,52913768637.0,23643693680269.0,0.0,0.0,,,,,,,,,,,,,,,,,,,,,,,,,,,,,,,0.0,,
BVH,2014,1,2117112960287.0,BVH,balance_sheet,26950098678102.0,9114905410033.0,12120049279989.0,4225969198824.0,178600492061.0,80303287371.0,25600868987640.0,,1961371618242.0,23448947000.0,23504571610115.0,,111476812283.0,60780834508588.0,46136143922478.0,6901761427462.0,52050657316.0,12527577625823.0,12527577625823.0,2143296127761.0,,0.0,60780834508588.0,98130365718.0,0.0,178600492061.0,637651265.0,23128503219.0,0.0,6804714340000.0,0.0,7972762508.0,96630349909.0,,51479085892.0,23174070889750.0,0.0,0.0,,,,,,,,,,,,,,,,,,,,,,,,,,,,,,,0.0,,
BVH,2013,4,2126334908935.0,BVH,balance_sheet,24378059070744.0,7460059763944.0,11499482489336.0,5106749458480.0,163003808968.0,148763550016.0,23520227521479.0,,1941801632544.0,23448947000.0,21436604422102.0,,118372519833.0,55793512680256.0,41547653246023.0,5832690588049.0,49174161958.0,12119524525298.0,12119524525298.0,1748095532037.0,,0.0,55793512680256.0,85829773995.0,0.0,163003808968.0,88648798397.0,23096506090.0,0.0,6804714340000.0,0.0,3632865493.0,265151573583.0,,37242473885.0,21461969398275.0,0.0,0.0,,,,,,,,,,,,,,,,,,,,,,,,,,,,,,,0.0,,
BVH,2013,3,2105017505611.0,BVH,balance_sheet,19750001879774.0,5275749819136.0,9834233348495.0,4388286486047.0,179280280564.0,72451945532.0,24050696822308.0,,1913331371736.0,23448947000.0,21998870333579.0,,115046169993.0,51632619720099.0,37692471213786.0,7829220488581.0,56746192702.0,11835131000702.0,11835131000702.0,1482237552861.0,,0.0,51632619720099.0,36498192484.0,0.0,179280280564.0,543386900.0,20372157338.0,0.0,6804714340000.0,0.0,6756755180.0,550000000000.0,,43142923858.0,21992036197426.0,0.0,0.0,,,,,,,,,,,,,,,,,,,,,,,,,,,,,,,0.0,,
BVH,2013,2,2074549399290.0,BVH,balance_sheet,18476896092843.0,3924543071742.0,9748593842432.0,4561917081145.0,164245587785.0,77596509739.0,22610961839993.0,,1923313038732.0,23448947000.0,20538188632293.0,,126011221968.0,48919721986295.0,34259916256295.0,6474574253309.0,44736256884.0,12585256330710.0,12585256330710.0,2241200245766.0,,0.0,48919721986295.0,18073032087.0,0.0,164245587785.0,666633450.0,20372157338.0,0.0,6804714340000.0,0.0,7977117907.0,1544080800000.0,,54500906713.0,20549852614328.0,0.0,0.0,,,,,,,,,,,,,,,,,,,,,,,,,,,,,,,0.0,,
BVH,2013,1,2078251827786.0,BVH,balance_sheet,18996260888045.0,4188893417172.0,9544355671271.0,5045231779608.0,135026558416.0,82753461578.0,21338277357893.0,,1970862846101.0,23448947000.0,19240108950577.0,,103856614215.0,47851424899016.0,33378802546200.0,5581917637058.0,40865339056.0,12394370525030.0,12394370525030.0,2060989923619.0,,0.0,47851424899016.0,39294157840.0,0.0,135026558416.0,591574459.0,20372157338.0,0.0,6804714340000.0,0.0,4816561938.0,671697600000.0,,31708317752.0,19288514928641.0,0.0,0.0,,,,,,,,,,,,,,,,,,,,,,,,,,,,,,,0.0,,
GVR,2025,4,,GVR,balance_sheet,32960822960976.0,7886876426894.0,14563065957618.0,2587878513303.0,6671525403596.0,1251476659565.0,53553222729928.0,764008700083.0,35439749857421.0,1246049302108.0,2529935155061.0,,6250408249382.0,86514045690904.0,23912619408585.0,11352713740087.0,12559905668498.0,62601426282319.0,62552939793989.0,7334414893453.0,48486488330.0,5893063382029.0,86514045690904.0,293585744833.0,7748249000.0,6703095088581.0,0.0,8695505762817.0,40000000000000.0,40000000000000.0,1586424372987.0,1207388988920.0,1390944778307.0,0.0,5850140213896.0,329068105622.0,129354102719.0,498120031753.0,,,,,,,,,,,,,,,,,,,,,,,,,,,,,,,401346224796.0,,
GVR,2025,3,,GVR,balance_sheet,30912273267619.0,7488462214080.0,13964786268858.0,3129221937738.0,5148711193863.0,1181091653080.0,53927132962784.0,768334177683.0,35126995578688.0,1197412445393.0,2475761303405.0,,6415745918262.0,84839406230403.0,20906425637178.0,8231094536378.0,12675331100800.0,63932980593225.0,63862517049168.0,10700582439034.0,70463544057.0,5830568120951.0,84839406230403.0,677421516242.0,7748249000.0,5170892839737.0,0.0,6685957709407.0,40000000000000.0,40000000000000.0,1820468035089.0,649661234544.0,1421575241010.0,0.0,6031638903419.0,329068105622.0,133327561073.0,509861158134.0,,,,,,,,,,,,,,,,,,,,,,,,,,,,,,,401346224796.0,,
GVR,2025,2,,GVR,balance_sheet,29210720402401.0,5546184333612.0,13804466874518.0,3213127985217.0,5297503898514.0,1349437310540.0,54399148223323.0,770222457317.0,35762442712817.0,1223211333997.0,2124080793477.0,,6730285192409.0,83609868625724.0,21425062628470.0,9054751886669.0,12370310741801.0,62184805997254.0,62106142849026.0,8625386581778.0,78663148228.0,5739369255801.0,83609868625724.0,725496172771.0,7748249000.0,5321239969551.0,0.0,6864725833561.0,40000000000000.0,40000000000000.0,2010168289824.0,579341970905.0,2718064216615.0,155068641500.0,6158693007725.0,329068105622.0,135671971099.0,511220291693.0,,,,,,,,,,,,,,,,,,,,,,,,,,,,,,,304346224796.0,,
GVR,2025,1,,GVR,balance_sheet,28554103345917.0,5298973931543.0,14273203266850.0,3164076304720.0,4701331603203.0,1116518239601.0,54685700198074.0,784975910614.0,35476360174088.0,1251265993481.0,2427467261090.0,,6686062580189.0,83239803543991.0,23156601748820.0,10057698229837.0,13098903518983.0,60083201795171.0,60015271786468.0,7420330348248.0,67930008703.0,5707338928253.0,83239803543991.0,676827100155.0,8048249000.0,4721932952355.0,0.0,6476263111418.0,40000000000000.0,40000000000000.0,2605099283215.0,882578578247.0,4227926096389.0,161730929550.0,6032454647207.0,354526105622.0,218219539808.0,601251360721.0,,,,,,,,,,,,,,,,,,,,,,,,,,,,,,,305236086924.0,,
GVR,2024,4,,GVR,balance_sheet,27670285917606.0,5778855663194.0,13952353795617.0,2539074723889.0,4351510470326.0,1048491264580.0,55713396594398.0,787511137957.0,35337155884690.0,1286697181872.0,2687592909120.0,,6727043802283.0,83383682512004.0,24986520299896.0,11594062718132.0,13392457581764.0,58397162212108.0,58343704981056.0,6240538555065.0,53457231052.0,5415074532442.0,83383682512004.0,354480392462.0,8048249000.0,4373924132656.0,0.0,6577606883132.0,40000000000000.0,40000000000000.0,2963853299554.0,618985484125.0,4074933861713.0,168265084097.0,6204462521120.0,358702878861.0,214871963977.0,607786542911.0,,,,,,,,,,,,,,,,,,,,,,,,,,,,,,,10591031002.0,,
GVR,2024,3,,GVR,balance_sheet,25448905246384.0,5861455764689.0,13025350128653.0,2401342222827.0,3116181266626.0,1044575863589.0,52731800384625.0,788468239876.0,34413278440175.0,1261934656925.0,2664126960020.0,,4039997498760.0,78180705631009.0,20767835117782.0,7954369754813.0,12813465362969.0,57412870513227.0,57356025203944.0,6975903144863.0,56845309283.0,5327662731407.0,78180705631009.0,480584001294.0,8048249000.0,3143420461317.0,203781556.0,5645277086332.0,40000000000000.0,40000000000000.0,2973756020455.0,583949642274.0,1758973053821.0,173857470131.0,3625388400697.0,360702878861.0,213770320830.0,645583730135.0,,,,,,,,,,,,,,,,,,,,,,,,,,,,,,,10591031002.0,,
GVR,2024,2,,GVR,balance_sheet,23473488226859.0,4203672262643.0,12675291563441.0,2013875917471.0,3330519579799.0,1250128903505.0,53576924039821.0,790462442623.0,35232552854736.0,1288760258691.0,2862290664111.0,,4087985649114.0,77050412266680.0,20328646393869.0,7484408036558.0,12844238357311.0,56721765872811.0,56663744625409.0,6124575908197.0,58021247402.0,5294463325527.0,77050412266680.0,344387288736.0,8048249000.0,3356409234795.0,0.0,5643782194241.0,40000000000000.0,40000000000000.0,3244347853358.0,591204668655.0,2018969058184.0,179449856167.0,3717612378433.0,360702878861.0,173864240509.0,606073679712.0,,,,,,,,,,,,,,,,,,,,,,,,,,,,,,,10591031002.0,,
GVR,2024,1,,GVR,balance_sheet,22975130468831.0,4611568941115.0,11744350615207.0,2454746188981.0,3084556347796.0,1079908375732.0,53938010906979.0,798112022174.0,34903338236744.0,1309174252697.0,2957340451796.0,,3994883009959.0,76913141375810.0,20894964292176.0,7722616816853.0,13172347475323.0,56018177083634.0,55977984306224.0,5896872645138.0,40192777410.0,5218299091470.0,76913141375810.0,575808308010.0,8048249000.0,3109857890052.0,0.0,5409348757982.0,40000000000000.0,40000000000000.0,3482095088312.0,782401117340.0,2445346526602.0,185042242203.0,3607806111230.0,360702878861.0,237710570559.0,671448951487.0,,,,,,,,,,,,,,,,,,,,,,,,,,,,,,,10591031002.0,,
GVR,2023,4,,GVR,balance_sheet,24185726014345.0,5677906729771.0,11227060440101.0,2866845285207.0,3377456367626.0,1036457191640.0,54199547941965.0,797194496407.0,34459023548806.0,1341008011103.0,2987697634094.0,,3975532840708.0,78385273956310.0,23531697324997.0,10016576475416.0,13515120849581.0,54853576631313.0,54808664357252.0,5029895583820.0,44912274061.0,5148584061396.0,78385273956310.0,467989242853.0,8048249001.0,3404947290691.0,0.0,5404929018666.0,40000000000000.0,40000000000000.0,3734959296104.0,690442983815.0,2844186256376.0,200593675098.0,3549289448786.0,360702878861.0,220987584478.0,653269031929.0,,,,,,,,,,,,,,,,,,,,,,,,,,,,,,,10591031002.0,,
GVR,2023,3,,GVR,balance_sheet,23730999678314.0,5534414228098.0,10770292321605.0,2836796871547.0,3672301677288.0,917194579776.0,54065795210252.0,772842749161.0,33962554909540.0,1365753313719.0,2928608144933.0,,4045555386774.0,77796794888566.0,22506774133864.0,8306811598579.0,14199962535285.0,55290020754702.0,55220662555330.0,6109271911903.0,69358199372.0,4844801504600.0,77796794888566.0,572362989371.0,10384605161.0,3704567042343.0,0.0,5293783975398.0,40000000000000.0,40000000000000.0,4319183656589.0,585690246105.0,1904993877879.0,195284539098.0,3653902761826.0,393731440114.0,214823334138.0,571019056981.0,,,,,,,,,,,,,,,,,,,,,,,,,,,,,,,10591031002.0,,
GVR,2023,2,,GVR,balance_sheet,22626045992294.0,4301260517988.0,10747900270165.0,2614569106945.0,3877530690305.0,1084785406891.0,54038229045025.0,810341097810.0,34182966884302.0,1398528792969.0,2929097204978.0,,3923365776070.0,76664275037319.0,22489684502495.0,8284461756962.0,14205222745533.0,54174590534824.0,54112634459305.0,5653558407657.0,61956075519.0,4521994898703.0,76664275037319.0,451061921699.0,10537685848.0,3923953702411.0,0.0,5277474729282.0,40000000000000.0,40000000000000.0,4287832466126.0,545180678712.0,2419784366540.0,34530286357.0,3688959753142.0,393731440114.0,239453110317.0,635323666895.0,,,,,,,,,,,,,,,,,,,,,,,,,,,,,,,10591031002.0,,
GVR,2023,1,,GVR,balance_sheet,22405646236419.0,3576550266966.0,11012622373894.0,2766076859077.0,4023529913018.0,1026866823464.0,54637413898152.0,776620229704.0,34465532226718.0,1382551370764.0,2864045176792.0,,4123899294976.0,77043060134571.0,22752098029391.0,8400935606025.0,14351162423366.0,54290962105180.0,54217117956567.0,5645849416240.0,73844148613.0,4587719173661.0,77043060134571.0,572938037550.0,10502954779.0,4110426873594.0,0.0,5089827339070.0,40000000000000.0,40000000000000.0,4444022457743.0,546809333849.0,2622337650639.0,35722287988.0,3851812720286.0,393731440114.0,248688759931.0,607398922226.0,,,,,,,,,,,,,,,,,,,,,,,,,,,,,,,10591031002.0,,
GVR,2022,4,,GVR,balance_sheet,23314794279463.0,4164223932575.0,11317923768584.0,2942282328412.0,4003321638204.0,887042611688.0,54749194490671.0,810955860977.0,33951993981736.0,1416738057039.0,2875731622366.0,,3846374486021.0,78063988770134.0,24860731509715.0,10232094054157.0,14628637455558.0,53203257260419.0,53134590282853.0,4783426942044.0,68666977566.0,4336454139154.0,78063988770134.0,528587126041.0,10547295649.0,4083998435318.0,0.0,5089722683259.0,40000000000000.0,40000000000000.0,4822312436135.0,542146113766.0,2589347002150.0,36914289619.0,3525350510981.0,386554666875.0,248737053262.0,512609082150.0,,,,,,,,,,,,,,,,,,,,,,,,,,,,,,,10591031002.0,,
GVR,2022,3,,GVR,balance_sheet,24433688440694.0,5139700491513.0,10426562898343.0,2628383165640.0,5447463247923.0,791578637275.0,55153412452692.0,824024195747.0,33652508089147.0,1401282892090.0,3174692920554.0,,3835520750234.0,79587100893386.0,24741370772008.0,9081808482046.0,15659562289962.0,54845730121378.0,54762143116927.0,7103442052161.0,83587004451.0,4452305789258.0,79587100893386.0,603450610207.0,10574924689.0,5484641363041.0,0.0,4402037665573.0,40000000000000.0,40000000000000.0,5607412210599.0,490645406408.0,2152044452069.0,39106291250.0,3522282291327.0,384554666875.0,241293423069.0,511112818204.0,,,,,,,,,,,,,,,,,,,,,,,,,,,,,,,10591031002.0,,
GVR,2022,2,,GVR,balance_sheet,24144910782611.0,5973065064261.0,10172765257467.0,2475087487158.0,4618678244312.0,905314729413.0,55128881769430.0,826474111486.0,34093430789237.0,1434957273831.0,2863819225948.0,,3979601821101.0,79273792552041.0,25419673561573.0,9648366408962.0,15771307152611.0,53854118990468.0,53778173058969.0,6335574485027.0,75945931499.0,4318424587876.0,79273792552041.0,551565341224.0,10522955389.0,4654162680569.0,0.0,4325638504284.0,40000000000000.0,40000000000000.0,5656364602418.0,700351988777.0,2845764096401.0,1298292881.0,3688543017658.0,385554666875.0,207429589042.0,534426872865.0,,,,,,,,,,,,,,,,,,,,,,,,,,,,,,,10591031002.0,,
GVR,2022,1,,GVR,balance_sheet,22789797795690.0,5051844990062.0,9858579071192.0,3066416310484.0,3966074208104.0,846883215848.0,56550365432932.0,826571043802.0,33934540748650.0,1450480544843.0,3386406819523.0,,4425823018837.0,79340163228622.0,25422226449429.0,9396758834705.0,16025467614724.0,53917936779193.0,53826596542377.0,6618969398715.0,91340236816.0,4228474925665.0,79340163228622.0,664533205595.0,10526936760.0,4002121071946.0,0.0,4136138802827.0,40000000000000.0,40000000000000.0,6080779499732.0,598573957156.0,2684600480773.0,1490294512.0,4144443387338.0,354526105622.0,311219578414.0,641731511701.0,,,,,,,,,,,,,,,,,,,,,,,,,,,,,,,10591031002.0,,
GVR,2021,4,,GVR,balance_sheet,22843448425201.0,5328589465301.0,10226655555684.0,2824495970807.0,3573202832375.0,890504601034.0,56179823898716.0,849802959862.0,32528495671021.0,1477791601086.0,2776672493645.0,,3938712815201.0,79023272323917.0,27106526328677.0,10989788426109.0,16116737902568.0,51916745995240.0,51822292118669.0,4543817016712.0,94453876571.0,4101110880302.0,79023272323917.0,527186556053.0,10520019690.0,3587634901824.0,0.0,4131150754337.0,40000000000000.0,40000000000000.0,6473720085941.0,582379354693.0,2510083462718.0,1682296142.0,3658713139544.0,354526105622.0,258911544001.0,702628474348.0,,,,,,,,,,,,,,,,,,,,,,,,,,,,,,,10591031002.0,,
GVR,2021,3,,GVR,balance_sheet,23213058170121.0,7325879254255.0,8879988352636.0,2567273942566.0,3610527286106.0,829389334558.0,56154498223434.0,856285842212.0,32341210012246.0,1424082864132.0,3083539761815.0,,3753233204603.0,79367556393555.0,25946205997138.0,8797935424571.0,17148270572567.0,53421350396417.0,53304357809391.0,5884146488361.0,116992587026.0,4246441965032.0,79367556393555.0,587994956365.0,10518925510.0,3623088866164.0,0.0,4129633225959.0,40000000000000.0,40000000000000.0,7506876359903.0,494099758991.0,1969919088082.0,2659687927.0,3491208682313.0,354526105622.0,268108306538.0,715675849454.0,,,,,,,,,,,,,,,,,,,,,,,,,,,,,,,10591031002.0,,
GVR,2021,2,,GVR,balance_sheet,21933579524870.0,6557563381869.0,8856546888260.0,2460422770871.0,3177458660105.0,881587823765.0,57069162754256.0,882879010565.0,32603063192107.0,1455194781176.0,3136777933765.0,,4069082988825.0,79002742279126.0,26209858439388.0,8651728133707.0,17558130305681.0,52792883839738.0,52672140827411.0,5372882518185.0,120743012327.0,4376513866972.0,79002742279126.0,585622722752.0,10542940099.0,3190020240163.0,0.0,3559398137970.0,40000000000000.0,40000000000000.0,7686188065702.0,669395695231.0,2362567270250.0,3637079712.0,3813918188671.0,354526105622.0,189543651672.0,692297668783.0,,,,,,,,,,,,,,,,,,,,,,,,,,,,,,,10591031002.0,,
GVR,2021,1,,GVR,balance_sheet,21914093708161.0,4658542926895.0,11291352543248.0,2623980112520.0,2488453524415.0,851764601083.0,57131184425467.0,879888597580.0,32803121333964.0,1450519146522.0,2859011278870.0,,3911739992742.0,79045278133628.0,26908121460323.0,8878789240407.0,18029332219916.0,52137156673305.0,52092395355056.0,5074278558197.0,44761318249.0,4292348113605.0,79045278133628.0,530901180661.0,10550937700.0,2502400977776.0,0.0,3374540390564.0,40000000000000.0,40000000000000.0,8181369127415.0,708713699094.0,3387528067048.0,4614471497.0,3660618282358.0,354526105622.0,295424210006.0,786992152934.0,,,,,,,,,,,,,,,,,,,,,,,,,,,,,,,10591031002.0,,
GVR,2020,4,,GVR,balance_sheet,23096805659510.0,6218511805791.0,9776216621332.0,2924493801010.0,2289866131801.0,1887717299576.0,56548375456682.0,884665421089.0,30202759930943.0,1475441018450.0,2795982196541.0,,3194317638145.0,79645181116192.0,28473658964086.0,10564859042532.0,17908799921554.0,51171522152106.0,51134722899880.0,4451862684772.0,36799252226.0,3748061098342.0,79645181116192.0,511842691955.0,10547546309.0,2304594947007.0,0.0,3378662079613.0,40000000000000.0,40000000000000.0,8745109099694.0,591527387974.0,3380707672413.0,5591863282.0,2868947749590.0,264342926131.0,193888583091.0,682824599050.0,,,,,,,,,,,,,,,,,,,,,,,,,,,,,,,10591031002.0,,
GVR,2020,3,,GVR,balance_sheet,21815947894808.0,6130627169973.0,9421538771094.0,2574059423476.0,2796658762779.0,893063767486.0,57428054316162.0,892090646208.0,30532592520043.0,1378532313096.0,3576384640905.0,,2961216025814.0,79244002210970.0,30219647484448.0,11396379762958.0,18823267721490.0,49024354726522.0,48961422653805.0,2281281910389.0,62932072717.0,4049984244023.0,79244002210970.0,638435663218.0,6826904176.0,2831598589153.0,0.0,3310362216657.0,40000000000000.0,40000000000000.0,9283172557088.0,758712663082.0,2464132032161.0,8066204869.0,2736164202175.0,269787526131.0,204785216755.0,718634867310.0,,,,,,,,,,,,,,,,,,,,,,,,,,,,,,,10591031002.0,,
GVR,2020,2,,GVR,balance_sheet,20757910270148.0,4182369900678.0,9514527918108.0,2568756707558.0,3543512219646.0,948743524158.0,57029519483815.0,896938474828.0,31021870436641.0,1397959408988.0,3271975024506.0,,2664804582642.0,77787429753963.0,27487343237819.0,8723208769436.0,18764134468383.0,50300086516144.0,50228904036050.0,3770508383126.0,71182480094.0,3853400669870.0,77787429753963.0,577861273042.0,7997589489.0,3585060015643.0,0.0,3165336424713.0,40000000000000.0,40000000000000.0,9232367293485.0,795746168819.0,2779839013450.0,10540546457.0,2483546878780.0,269787526131.0,220115572578.0,750312074614.0,,,,,,,,,,,,,,,,,,,,,,,,,,,,,,,10591031002.0,,
GVR,2020,1,,GVR,balance_sheet,19871402319693.0,4819557673497.0,8046885100262.0,2715330187983.0,3312818953898.0,976810404053.0,57054985774474.0,937907164216.0,30170940360283.0,1363593702331.0,3066597827171.0,,2481950373262.0,76926388094167.0,26327585753431.0,7697355360692.0,18630230392739.0,50598802340736.0,50537387528524.0,4083923774224.0,61414812212.0,3891654285740.0,76926388094167.0,623846868850.0,8038609789.0,3391845661146.0,0.0,2917855228063.0,40000000000000.0,40000000000000.0,9181948699790.0,650617731677.0,2616053820392.0,13014888044.0,2340583345202.0,268307930283.0,195734462615.0,720089130316.0,,,,,,,,,,,,,,,,,,,,,,,,,,,,,,,10591031002.0,,
GVR,2019,4,,GVR,balance_sheet,20681042568027.0,6242486393867.0,7440729415960.0,2791591516053.0,3195523257081.0,1010711985066.0,57489749570795.0,937738532589.0,27676971710448.0,1345341202759.0,3854945733913.0,,2369092019115.0,78170792138822.0,27414033098425.0,9192780917504.0,18221252180921.0,50756759040397.0,50689529464729.0,3908493142393.0,67229575668.0,4400480514623.0,78170792138822.0,694270576774.0,10536458059.0,3246864920364.0,0.0,2938336520141.0,40000000000000.0,40000000000000.0,9180249588506.0,598324142414.0,2627894912000.0,15489229631.0,2278342944178.0,262223400907.0,202105491583.0,707510863266.0,,,,,,,,,,,,,,,,,,,,,,,,,,,,,,,10591031002.0,,
GVR,2019,3,,GVR,balance_sheet,18115408131005.0,4458357044277.0,6459994961264.0,2852285870480.0,3302192327000.0,1042577927984.0,57905178050787.0,992374139754.0,27699259464189.0,1258118185400.0,3904727507448.0,,2509453448152.0,76020586181792.0,26287253590309.0,7819901727608.0,18467351862701.0,49733332591483.0,49653279418392.0,2910080319266.0,80053173091.0,4038921321903.0,76020586181792.0,526990654169.0,2429676855.0,3346889108728.0,0.0,2987831408633.0,40000000000000.0,40000000000000.0,9662028427333.0,474850285210.0,2563346438304.0,24132010602.0,2407460765182.0,263867385267.0,311873384255.0,954293372591.0,,,,,,,,,,,,,,,,,,,,,,,,,,,,,,,10591031002.0,,
GVR,2019,2,,GVR,balance_sheet,17680521701940.0,4802038719373.0,6076432111864.0,2634544073651.0,3076476440175.0,1091030356877.0,58087882106270.0,1004013540877.0,27950654044707.0,1234807074046.0,3710579219757.0,,2726870953807.0,75768403808210.0,26010504652643.0,7781035997669.0,18229468654974.0,49757899155567.0,49665142878789.0,3038086907423.0,92756276778.0,4035837466529.0,75768403808210.0,569363562090.0,10763264139.0,3128026847051.0,0.0,2670302555528.0,40000000000000.0,40000000000000.0,9663099844547.0,792224565253.0,2893043960657.0,26606352190.0,2619073943168.0,268595885067.0,392871922099.0,994877097288.0,,,,,,,,,,,,,,,,,,,,,,,,,,,,,,,10591031002.0,,
GVR,2019,1,,GVR,balance_sheet,17374191422927.0,4149218330411.0,5712270528605.0,3354291212794.0,3146562104976.0,1011849246141.0,59192234138685.0,1017210200218.0,27639324356192.0,1186641645678.0,3872766420002.0,,2410025173761.0,76566425561612.0,26477275713444.0,7887306508807.0,18589969204637.0,50089149848168.0,49974848777133.0,2793457445337.0,114301071035.0,4712555880656.0,76566425561612.0,610550137302.0,11821132823.0,3200716763589.0,0.0,2461843143095.0,40000000000000.0,40000000000000.0,10226854628762.0,855524743752.0,2953300613643.0,29080693777.0,2229158559197.0,269236164253.0,336855996957.0,936923707069.0,,,,,,,,,,,,,,,,,,,,,,,,,,,,,,,10591031002.0,,
GVR,2018,4,,GVR,balance_sheet,18388278941767.0,5161965287049.0,5599664645929.0,3085560311445.0,3560236485633.0,980852211711.0,59311190435847.0,1026550052046.0,25307053760665.0,1184471049064.0,3396393883779.0,,2357857796259.0,77699469377614.0,27615036501202.0,9735353452059.0,17879683049143.0,50084432876412.0,50005466640341.0,2903069173695.0,78966236071.0,4679871292188.0,77699469377614.0,570363103773.0,15964743263.0,3598406314819.0,0.0,2429277669456.0,40000000000000.0,40000000000000.0,10304465034084.0,748320039049.0,3090489257876.0,31555035362.0,2252041373938.0,409543100671.0,452585135271.0,1527628577344.0,,,,,,,,,,,,,,,,,,,,,,,,,,,,,,,10591031002.0,,
GVR,2018,3,,GVR,balance_sheet,16751086815333.0,3759431541373.0,5482399403351.0,2416778199651.0,4123883173476.0,968594497482.0,58251412504692.0,1043517932636.0,24695759362960.0,1167558321282.0,3369991353066.0,,2166943294023.0,75002499320025.0,27032009042622.0,9648273971198.0,17383735071424.0,47970490277403.0,47855320913097.0,1016108402071.0,115169364306.0,4499887733780.0,75002499320025.0,697968977025.0,14384311047.0,4128110820763.0,0.0,2396480599853.0,40000000000000.0,40000000000000.0,10202030502536.0,968898491227.0,3380778959626.0,34029376949.0,2115894306055.0,320037486307.0,269575628205.0,1360094000747.0,,,,,,,,,,,,,,,,,,,,,,,,,,,,,,,33306738051.0,,
KDH,2025,4,,KDH,balance_sheet,31619491732000.0,2546645526000.0,208645081000.0,5478040411000.0,23264371752000.0,121788962000.0,2444778107000.0,,66632111000.0,229687226000.0,0.0,0.0,355438829000.0,34064269839000.0,12893458781000.0,3498975432000.0,9394483349000.0,21170811058000.0,21170811058000.0,3602657666000.0,,2640724599000.0,34064269839000.0,3279487815000.0,0.0,23264371752000.0,0.0,351865559000.0,11222148990000.0,11222148990000.0,8347586360000.0,648302363000.0,1801814754000.0,0.0,3684777000.0,0.0,12369198000.0,62431933000.0,,,,,,,,,,,,,,,,,,,,,,,,,,,,,,,,0.0,
KDH,2025,3,,KDH,balance_sheet,30594374778000.0,2378235792000.0,304523489000.0,4715720751000.0,23086435547000.0,109459199000.0,2486492750000.0,,68421466000.0,231042227000.0,0.0,0.0,447303291000.0,33080867528000.0,12703074873000.0,3380942744000.0,9322132129000.0,20377792655000.0,20377792655000.0,3106703024000.0,,2343660838000.0,33080867528000.0,2594727792000.0,0.0,23086435547000.0,0.0,351865559000.0,11222148990000.0,11222148990000.0,8232952546000.0,379291782000.0,1651209836000.0,0.0,4244474000.0,0.0,14578713000.0,67587594000.0,,,,,,,,,,,,,,,,,,,,,,,,,,,,,,,,0.0,
KDH,2025,2,,KDH,balance_sheet,29318561512000.0,2460274084000.0,371379703000.0,3370484958000.0,23007410442000.0,109012325000.0,1935957064000.0,,69986545000.0,229850835000.0,0.0,0.0,511829446000.0,31254518576000.0,11546172727000.0,3515554125000.0,8030618602000.0,19708345849000.0,19708345849000.0,3882061411000.0,,2049418985000.0,31254518576000.0,1626461065000.0,0.0,23007410442000.0,0.0,351865559000.0,10111425650000.0,10111425650000.0,6916795631000.0,384312835000.0,2225604918000.0,0.0,4878802000.0,0.0,14578714000.0,71035197000.0,,,,,,,,,,,,,,,,,,,,,,,,,,,,,,,,0.0,
KDH,2025,1,,KDH,balance_sheet,28282880013000.0,2106996218000.0,259980762000.0,3302542594000.0,22404478200000.0,208882239000.0,1918837283000.0,,71932576000.0,231154167000.0,0.0,0.0,511416159000.0,30201717296000.0,10633615574000.0,3214020114000.0,7419595460000.0,19568101722000.0,19568101722000.0,3739755685000.0,,2051480584000.0,30201717296000.0,1632330940000.0,0.0,22404478200000.0,0.0,351865559000.0,10111425650000.0,10111425650000.0,6299942349000.0,1315065568000.0,1100000000000.0,0.0,4198642000.0,0.0,14578713000.0,68992383000.0,,,,,,,,,,,,,,,,,,,,,,,,,,,,,,,,0.0,
KDH,2024,4,,KDH,balance_sheet,28843541265000.0,3095618574000.0,276869548000.0,3018308105000.0,22178035895000.0,274709143000.0,1914178645000.0,,73341716000.0,233048011000.0,0.0,0.0,510976173000.0,30757719910000.0,11304286326000.0,4182246202000.0,7122040124000.0,19453433584000.0,19453433584000.0,3617810462000.0,,2058757669000.0,30757719910000.0,1641598909000.0,0.0,22178035895000.0,0.0,351865559000.0,10111425650000.0,10111425650000.0,5998206256000.0,1901227417000.0,1100000000000.0,0.0,3808390000.0,0.0,14462010000.0,69015396000.0,,,,,,,,,,,,,,,,,,,,,,,,,,,,,,,,0.0,
KDH,2024,3,,KDH,balance_sheet,29855396344000.0,3295279279000.0,20288786000.0,3476328501000.0,22449984006000.0,613515772000.0,1749988164000.0,,75469389000.0,127786621000.0,0.0,0.0,510432989000.0,31605384508000.0,12722471213000.0,4906622466000.0,7815848747000.0,18882913295000.0,18882913295000.0,4128648376000.0,,2070004354000.0,31605384508000.0,1781118458000.0,0.0,22449984006000.0,0.0,352249171000.0,9094037150000.0,9094037150000.0,6708449482000.0,2927124195000.0,1100000000000.0,0.0,3245884000.0,0.0,15323952000.0,69735832000.0,,,,,,,,,,,,,,,,,,,,,,,,,,,,,,,,0.0,
KDH,2024,2,,KDH,balance_sheet,26761792101000.0,2561584732000.0,19469114000.0,2048102059000.0,21553880549000.0,578755647000.0,1737572938000.0,,77318645000.0,128783314000.0,0.0,0.0,501890793000.0,28499365039000.0,12684138039000.0,5482321515000.0,7201816524000.0,15815227000000.0,15815227000000.0,4058291946000.0,,2072674513000.0,28499365039000.0,775540822000.0,0.0,21553880549000.0,0.0,352249171000.0,7993119710000.0,7993119710000.0,6070878994000.0,2935750486000.0,1669540120000.0,0.0,3731780000.0,0.0,14440856000.0,69835499000.0,,,,,,,,,,,,,,,,,,,,,,,,,,,,,,,,0.0,
KDH,2024,1,,KDH,balance_sheet,25486531143000.0,2534613209000.0,9219114000.0,1917819491000.0,20490836326000.0,534043003000.0,1751316571000.0,,79667036000.0,129698692000.0,12000000000.0,0.0,509600291000.0,27237847714000.0,11651556101000.0,4663961120000.0,6987594981000.0,15586291613000.0,15586291613000.0,3829859832000.0,,2072171240000.0,27237847714000.0,633124528000.0,0.0,20490836326000.0,0.0,352249171000.0,7993119710000.0,7993119710000.0,6273722974000.0,2702371616000.0,1400596120000.0,0.0,3692299000.0,0.0,12731002000.0,83010827000.0,,,,,,,,,,,,,,,,,,,,,,,,,,,,,,,,0.0,
KDH,2023,4,,KDH,balance_sheet,24719606155000.0,3729624705000.0,8524398000.0,1810849668000.0,18787662286000.0,382945098000.0,1698387824000.0,,81327029000.0,130878739000.0,12000000000.0,0.0,465645655000.0,26417993979000.0,10889792793000.0,5328708695000.0,5561084098000.0,15528201186000.0,15528201186000.0,3767756730000.0,,2076183915000.0,26417993979000.0,633824946000.0,0.0,18787662286000.0,0.0,352249171000.0,7993119710000.0,7993119710000.0,4901499893000.0,2353555521000.0,1444346120000.0,0.0,4943199000.0,0.0,12769098000.0,75923859000.0,,,,,,,,,,,,,,,,,,,,,,,,,,,,,,,,0.0,
KDH,2023,3,,KDH,balance_sheet,21802247327000.0,2334298270000.0,3828841000.0,2130520177000.0,17152767961000.0,180832078000.0,1615113437000.0,,84242065000.0,131899292000.0,0.0,0.0,453285065000.0,23417360764000.0,8088547333000.0,2903614305000.0,5184933028000.0,15328813431000.0,15328813431000.0,4422398953000.0,,2073973697000.0,23417360764000.0,767936171000.0,0.0,17152767961000.0,0.0,352249171000.0,7168299950000.0,7168299950000.0,4563476614000.0,896571920000.0,420852000000.0,0.0,7060082000.0,0.0,9246879000.0,68322800000.0,,,,,,,,,,,,,,,,,,,,,,,,,,,,,,,,0.0,
KDH,2023,2,,KDH,balance_sheet,20695503699000.0,2021685169000.0,3815000000.0,5393634529000.0,12952891216000.0,323477785000.0,2274317268000.0,,85725343000.0,132819385000.0,14000000000.0,0.0,508677753000.0,22969820967000.0,9503937270000.0,3472462982000.0,6031474288000.0,13465883697000.0,13465883697000.0,3345667707000.0,,1287775209000.0,22969820967000.0,3544721147000.0,0.0,12952891216000.0,0.0,352249171000.0,7168299950000.0,7168299950000.0,5342527614000.0,1354833681000.0,460602000000.0,0.0,10080044000.0,14000000000.0,611977164000.0,670731784000.0,,,,,,,,,,,,,,,,,,,,,,,,,,,,,,,,0.0,
KDH,2023,1,,KDH,balance_sheet,19720958564000.0,1476256877000.0,2700000000.0,5535589396000.0,12656394978000.0,50017313000.0,1026526014000.0,,78545396000.0,83665438000.0,14300000000.0,0.0,17807344000.0,20747484578000.0,8983334496000.0,2694685032000.0,6288649464000.0,11764150082000.0,11764150082000.0,2969572131000.0,,17284853000.0,20747484578000.0,2909528258000.0,0.0,12656394978000.0,0.0,297101488000.0,7168299950000.0,7168299950000.0,5616154528000.0,836042665000.0,851596000000.0,0.0,13353857000.0,14000000000.0,11900389000.0,71600227000.0,,,,,,,,,,,,,,,,,,,,,,,,,,,,,,,,0.0,
KDH,2022,4,,KDH,balance_sheet,20600944575000.0,2752072893000.0,43651441000.0,5303213721000.0,12440577491000.0,61429029000.0,1030962895000.0,,80668681000.0,102164550000.0,14300000000.0,0.0,12868461000.0,21631907470000.0,9837791579000.0,3426529765000.0,6411261814000.0,11794115891000.0,11794115891000.0,2779380371000.0,,237442422000.0,21631907470000.0,2581446134000.0,0.0,12440577491000.0,0.0,297101488000.0,7168299950000.0,7168299950000.0,5742966560000.0,987514000000.0,1028047968000.0,0.0,8514567000.0,14000000000.0,10816523000.0,71136218000.0,,,,,,,,,,,,,,,,,,,,,,,,,,,,,,,,0.0,
KDH,2022,3,,KDH,balance_sheet,20489544428000.0,2711194262000.0,42521503000.0,4961171159000.0,12729271153000.0,45386351000.0,980877335000.0,,83082825000.0,67664341000.0,14300000000.0,0.0,14928700000.0,21470421763000.0,9786896271000.0,2912713197000.0,6874183074000.0,11683525492000.0,11683525492000.0,2653343575000.0,,252888819000.0,21470421763000.0,2202813544000.0,0.0,12729271153000.0,0.0,297101488000.0,7168299950000.0,7168299950000.0,6176166242000.0,529379319000.0,1029967263000.0,126344000.0,10207095000.0,14000000000.0,12468062000.0,72896469000.0,,,,,,,,,,,,,,,,,,,,,,,,,,,,,,,,0.0,
KDH,2022,2,,KDH,balance_sheet,18381593847000.0,1325878138000.0,71017567000.0,4810972842000.0,12113592916000.0,60132384000.0,984676863000.0,,85818822000.0,68089501000.0,14300000000.0,0.0,18414328000.0,19366270710000.0,8009940553000.0,2573148256000.0,5436792297000.0,11356330157000.0,11356330157000.0,2829178322000.0,,623187997000.0,19366270710000.0,1959278234000.0,0.0,12113592916000.0,0.0,297101488000.0,6429370690000.0,6429370690000.0,4751727476000.0,391577730000.0,1010687509000.0,366957000.0,11946342000.0,14000000000.0,15113418000.0,77781696000.0,,,,,,,,,,,,,,,,,,,,,,,,,,,,,,,,0.0,
KDH,2022,1,,KDH,balance_sheet,16427662019000.0,1172191277000.0,69400000000.0,3666509068000.0,11461034524000.0,58527150000.0,969238463000.0,,87566464000.0,68514662000.0,14300000000.0,0.0,10113435000.0,17396900482000.0,6256231639000.0,1830104300000.0,4426127339000.0,11140668843000.0,11140668843000.0,2641294603000.0,,655534109000.0,17396900482000.0,1531925616000.0,0.0,11461034524000.0,0.0,236977781000.0,6429370690000.0,6429370690000.0,3711617154000.0,149374792000.0,722576000000.0,0.0,3067794000.0,14000000000.0,14692475000.0,78792888000.0,,,,,,,,,,,,,,,,,,,,,,,,,,,,,,,,0.0,
KDH,2021,4,,KDH,balance_sheet,13399475597000.0,1365376929000.0,69400000000.0,4181840179000.0,7748079317000.0,34779172000.0,949406990000.0,,40340244000.0,57670344000.0,14300000000.0,0.0,9373753000.0,14348882587000.0,4127825882000.0,2063959547000.0,2063866335000.0,10221056705000.0,10221056705000.0,2341757384000.0,,35459190000.0,14348882587000.0,2137316139000.0,0.0,7748079317000.0,0.0,236977781000.0,6429370690000.0,6429370690000.0,1904535584000.0,156726200000.0,647936000000.0,0.0,3003842000.0,14000000000.0,11750196000.0,76354456000.0,,,,,,,,,,,,,,,,,,,,,,,,,,,,,,,,0.0,
KDH,2021,3,,KDH,balance_sheet,13463745363000.0,2851757000000.0,0.0,3706646651000.0,6850611187000.0,54730525000.0,1060543002000.0,,42137358000.0,58874320000.0,14300000000.0,0.0,13458358000.0,14524288365000.0,4720281124000.0,2639428514000.0,2080852610000.0,9804007241000.0,9804007241000.0,1927464109000.0,,32703001000.0,14524288365000.0,1852596050000.0,0.0,6850611187000.0,0.0,236977781000.0,6429370690000.0,6429370690000.0,1949411438000.0,433150248000.0,854516348000.0,1088797000.0,3510421000.0,14000000000.0,13685139000.0,199606520000.0,,,,,,,,,,,,,,,,,,,,,,,,,,,,,,,,0.0,
KDH,2021,2,,KDH,balance_sheet,13089357193000.0,1848868299000.0,0.0,3736152527000.0,7339082453000.0,165253914000.0,934824276000.0,,44187612000.0,59051258000.0,14300000000.0,0.0,15193985000.0,14024181469000.0,5347158073000.0,3743667994000.0,1603490079000.0,8677023396000.0,8677023396000.0,1610890106000.0,,32696450000.0,14024181469000.0,1849285567000.0,0.0,7339082453000.0,0.0,236977781000.0,6429370690000.0,6429370690000.0,1470692693000.0,1327995880000.0,1119273434000.0,1329410000.0,4236079000.0,14000000000.0,13684724000.0,80304200000.0,,,,,,,,,,,,,,,,,,,,,,,,,,,,,,,,0.0,
KDH,2021,1,,KDH,balance_sheet,12626411109000.0,1378936540000.0,9973272000.0,3554116720000.0,7412999079000.0,270385498000.0,924399273000.0,,45347896000.0,59321439000.0,14300000000.0,0.0,15671187000.0,13550810382000.0,5186924355000.0,3325561885000.0,1861362470000.0,8363886027000.0,8363886027000.0,2041605044000.0,,31280919000.0,13550810382000.0,2332858138000.0,0.0,7412999079000.0,0.0,179339505000.0,5786572190000.0,5786572190000.0,1360085305000.0,1720793735000.0,855444166000.0,1570024000.0,4394261000.0,14000000000.0,12970697000.0,80151239000.0,,,,,,,,,,,,,,,,,,,,,,,,,,,,,,,,0.0,
KDH,2020,4,,KDH,balance_sheet,12976226155000.0,1826215294000.0,9532583000.0,3483453148000.0,7338047180000.0,318977950000.0,911788912000.0,,47431468000.0,60109591000.0,14300000000.0,0.0,16813782000.0,13888015067000.0,5730258393000.0,4156542704000.0,1573715689000.0,8157756674000.0,8157756674000.0,1836104362000.0,,30652248000.0,13888015067000.0,2237059164000.0,0.0,7338047180000.0,0.0,179339505000.0,5786572190000.0,5786572190000.0,1058235534000.0,2121948738000.0,786915760000.0,0.0,5232886000.0,14000000000.0,11680689000.0,78586066000.0,,,,,,,,,,,,,,,,,,,,,,,,,,,,,,,,0.0,
KDH,2020,3,,KDH,balance_sheet,13797105238000.0,2783923442000.0,0.0,3581340431000.0,7081053652000.0,350787713000.0,920402806000.0,,49526208000.0,93285622000.0,14300000000.0,0.0,15355527000.0,14717508044000.0,6942441102000.0,5205187455000.0,1737253647000.0,7775066942000.0,7775066942000.0,1453528139000.0,,30538739000.0,14717508044000.0,2062694376000.0,0.0,7081053652000.0,0.0,179339505000.0,5786572190000.0,5786572190000.0,1206668305000.0,3257621076000.0,576599566000.0,2051250000.0,5471935000.0,14000000000.0,11613615000.0,81424690000.0,,,,,,,,,,,,,,,,,,,,,,,,,,,,,,,,0.0,
KDH,2020,2,,KDH,balance_sheet,13611948172000.0,1824415822000.0,0.0,3876295158000.0,7549130519000.0,362106673000.0,896149605000.0,,51604800000.0,94290835000.0,14300000000.0,0.0,22372191000.0,14508097777000.0,6936680613000.0,5454256659000.0,1482423954000.0,7571417164000.0,7571417164000.0,1616540684000.0,,30157516000.0,14508097777000.0,2074685785000.0,0.0,7549130519000.0,0.0,179339505000.0,5444291090000.0,5444291090000.0,945841486000.0,3807968502000.0,422926428000.0,2291864000.0,12026271000.0,14000000000.0,11285655000.0,83389151000.0,,,,,,,,,,,,,,,,,,,,,,,,,,,,,,,,0.0,
KDH,2020,1,,KDH,balance_sheet,12673917459000.0,1579638254000.0,10290641000.0,3508074770000.0,7225831075000.0,350082719000.0,921944989000.0,,48625893000.0,98397300000.0,14300000000.0,0.0,21392765000.0,13595862448000.0,5777320543000.0,4572834934000.0,1204485609000.0,7818541905000.0,7818541905000.0,1481522068000.0,,38997721000.0,13595862448000.0,1574993176000.0,0.0,7225831075000.0,0.0,133577863000.0,5444291090000.0,5444291090000.0,677405640000.0,3346858769000.0,277829693000.0,2532477000.0,9336908000.0,14000000000.0,21459479000.0,109024660000.0,,,,,,,,,,,,,,,,,,,,,,,,,,,,,,,,0.0,
KDH,2019,4,,KDH,balance_sheet,12234620788000.0,1175035457000.0,32490641000.0,3693858305000.0,7022688650000.0,310547735000.0,921887562000.0,,47761628000.0,116042027000.0,14300000000.0,0.0,18195553000.0,13156508350000.0,5492072249000.0,4409886802000.0,1082185447000.0,7664436101000.0,7664436101000.0,1327126643000.0,,39287342000.0,13156508350000.0,1700562290000.0,0.0,7022688650000.0,0.0,133577863000.0,5444291090000.0,5444291090000.0,483363168000.0,2683441962000.0,299128275000.0,2773090000.0,7262026000.0,14000000000.0,18417838000.0,96100637000.0,,,,,,,,,,,,,,,,,,,,,,,,,,,,,,,,0.0,
KDH,2019,3,,KDH,balance_sheet,10198044856000.0,1004923722000.0,92117518000.0,2504511676000.0,6371706323000.0,224785617000.0,914375418000.0,,34256910000.0,26828719000.0,14300000000.0,0.0,25880326000.0,11112420274000.0,3852940732000.0,3091891755000.0,761048977000.0,7259479542000.0,7259479542000.0,922267330000.0,,39190096000.0,11112420274000.0,1118816413000.0,0.0,6371706323000.0,0.0,133577863000.0,5444291090000.0,5444291090000.0,549679643000.0,2077591791000.0,259403365000.0,2969468000.0,14580171000.0,14000000000.0,13898885000.0,195737065000.0,,,,,,,,,,,,,,,,,,,,,,,,,,,,,,,,0.0,
KDH,2019,2,,KDH,balance_sheet,9575366392000.0,1530946122000.0,69917518000.0,1990865820000.0,5802926441000.0,180710491000.0,859828673000.0,,35449860000.0,34394392000.0,14300000000.0,0.0,17940286000.0,10435195065000.0,3565012361000.0,2901297421000.0,663714940000.0,6870182704000.0,6870182704000.0,626523982000.0,,38636606000.0,10435195065000.0,921418282000.0,0.0,5802926441000.0,0.0,133577863000.0,5382291090000.0,5382291090000.0,459188597000.0,1834972604000.0,416529975000.0,3407747000.0,8455500000.0,14000000000.0,12956702000.0,200356859000.0,,,,,,,,,,,,,,,,,,,,,,,,,,,,,,,,0.0,
KDH,2019,1,,KDH,balance_sheet,8855280340000.0,1347261500000.0,0.0,1775364920000.0,5570244612000.0,162409308000.0,672868781000.0,,32911521000.0,36791800000.0,14300000000.0,0.0,21417502000.0,9528149121000.0,2526196161000.0,2056827236000.0,469368925000.0,7001952960000.0,7001952960000.0,1008870866000.0,,35694515000.0,9528149121000.0,825744026000.0,0.0,5570244612000.0,0.0,92948166000.0,4140233530000.0,4140233530000.0,261033598000.0,1100032258000.0,489731734000.0,3846025000.0,8229580000.0,14000000000.0,12714495000.0,122234407000.0,,,,,,,,,,,,,,,,,,,,,,,,,,,,,,,,0.0,
KDH,2018,4,,KDH,balance_sheet,9584614722000.0,1835706312000.0,0.0,1760670015000.0,5822268288000.0,165970107000.0,654272497000.0,,34460515000.0,5170373000.0,14300000000.0,0.0,12222523000.0,10238887219000.0,3338521438000.0,2225582751000.0,1112938687000.0,6900365781000.0,6900365781000.0,907492102000.0,,35260331000.0,10238887219000.0,414973728000.0,0.0,5822268288000.0,0.0,93173953000.0,4140233530000.0,4140233530000.0,889531724000.0,1366862318000.0,78751722000.0,4284304000.0,5859014000.0,14000000000.0,12483975000.0,122128196000.0,,,,,,,,,,,,,,,,,,,,,,,,,,,,,,,,0.0,
KDH,2018,3,,KDH,balance_sheet,9150923256000.0,1708511891000.0,0.0,1486279740000.0,5768418517000.0,187713108000.0,641307951000.0,,32585172000.0,5192037000.0,14300000000.0,0.0,38878592000.0,9792231207000.0,3428204573000.0,2242618003000.0,1185586570000.0,6364026634000.0,6364026634000.0,493239275000.0,,15144011000.0,9792231207000.0,585124400000.0,0.0,5768418517000.0,0.0,93173953000.0,4072233530000.0,4072233530000.0,956517961000.0,1487486565000.0,94868221000.0,4722582000.0,5625523000.0,300000000.0,13288589000.0,124368124000.0,,,,,,,,,,,,,,,,,,,,,,,,,,,,,,,,0.0,
KDH,2018,2,,KDH,balance_sheet,8734018109000.0,1426551499000.0,5000000000.0,1876201335000.0,5269441131000.0,156824144000.0,625923709000.0,,32518705000.0,5347896000.0,14300000000.0,0.0,44901786000.0,9359941818000.0,2960578878000.0,2188446165000.0,772132713000.0,6399362940000.0,6399362940000.0,722358766000.0,,15271186000.0,9359941818000.0,766927123000.0,36000000000.0,5269441131000.0,0.0,93173953000.0,3878323170000.0,3878323170000.0,530331083000.0,1263707582000.0,479472827000.0,7634978000.0,5809939000.0,14000000000.0,18815209000.0,127724192000.0,,,,,,,,,,,,,,,,,,,,,,,,,,,,,,,,0.0,
KDH,2018,1,,KDH,balance_sheet,8789840174000.0,1363258730000.0,0.0,2310971601000.0,4953568842000.0,162041001000.0,663139892000.0,,30408589000.0,5388325000.0,102457062000.0,0.0,44523885000.0,9452980066000.0,2950604575000.0,1753170035000.0,1197434540000.0,6502375491000.0,6502375491000.0,803832419000.0,,288025712000.0,9452980066000.0,872546753000.0,0.0,4953568842000.0,0.0,68061401000.0,3878323170000.0,3878323170000.0,967074792000.0,1258867677000.0,152386421000.0,8606693000.0,25412546000.0,14000000000.0,21041383000.0,135240385000.0,,,,,,,,,,,,,,,,,,,,,,,,,,,,,,,,0.0,
KDH,2017,4,,KDH,balance_sheet,8907509922000.0,2591320943000.0,260000000.0,1663618746000.0,4620859282000.0,31450951000.0,689853512000.0,,30340959000.0,5253211000.0,98457343000.0,0.0,119465424000.0,9597363434000.0,3401297621000.0,1695947480000.0,1705350141000.0,6196065813000.0,6196065813000.0,702929075000.0,,977617962000.0,9597363434000.0,591455186000.0,0.0,4620859282000.0,0.0,68061401000.0,3360000000000.0,3360000000000.0,1471389180000.0,953111255000.0,186465556000.0,7399821000.0,104659781000.0,14000000000.0,16345524000.0,124223450000.0,,,,,,,,,,,,,,,,,,,,,,,,,,,,,,,,0.0,
KDH,2017,3,,KDH,balance_sheet,7895579718000.0,1978126976000.0,0.0,1622140882000.0,4237636543000.0,57675317000.0,713454361000.0,,30640571000.0,27094788000.0,187033748000.0,0.0,68984107000.0,8609034079000.0,3815742464000.0,1382721105000.0,2433021359000.0,4793291615000.0,4793291615000.0,803468771000.0,,961847283000.0,8609034079000.0,652127215000.0,0.0,4237636543000.0,0.0,68061401000.0,2339998920000.0,2339998920000.0,2118611156000.0,773222592000.0,207214738000.0,9235288000.0,54158353000.0,14000000000.0,18492400000.0,126014832000.0,,,,,,,,,,,,,,,,,,,,,,,,,,,,,,,,0.0,
KDH,2017,2,,KDH,balance_sheet,6701381690000.0,819210366000.0,510000000.0,1929426358000.0,3903499398000.0,48735568000.0,715266535000.0,,26931600000.0,80375425000.0,182709470000.0,0.0,24726220000.0,7416648225000.0,2786578992000.0,1204818751000.0,1581760241000.0,4630069233000.0,4630069233000.0,663453857000.0,,938639815000.0,7416648225000.0,648059584000.0,0.0,3903499398000.0,0.0,68061401000.0,2339998920000.0,2339998920000.0,1145271654000.0,633446635000.0,155101880000.0,9768725000.0,7957370000.0,14000000000.0,15952264000.0,127994715000.0,,,,,,,,,,,,,,,,,,,,,,,,,,,,,,,,0.0,
KDH,2017,1,,KDH,balance_sheet,7113874520000.0,959022035000.0,0.0,1590679986000.0,4509563866000.0,54608633000.0,682512131000.0,,27888537000.0,81006580000.0,189382475000.0,0.0,31853591000.0,7796386651000.0,3322448865000.0,1601695728000.0,1720753137000.0,4473937786000.0,4473937786000.0,536327792000.0,,929759546000.0,7796386651000.0,461535215000.0,0.0,4509563866000.0,0.0,47936288000.0,2339998920000.0,2339998920000.0,1274547863000.0,987671099000.0,163198165000.0,10302162000.0,14869627000.0,17135455000.0,12357613000.0,80432802000.0,,,,,,,,,,,,,,,,,,,,,,,,,,,,,,,,0.0,
KDH,2016,4,,KDH,balance_sheet,7196950479000.0,1059489171000.0,510000000.0,1402940939000.0,4672477051000.0,61533318000.0,721511783000.0,,27523632000.0,81748930000.0,208584801000.0,0.0,44742924000.0,7918462262000.0,3530041182000.0,1243155378000.0,2286885804000.0,4388421080000.0,4388421080000.0,419048284000.0,,961522348000.0,7918462262000.0,471867979000.0,0.0,4672477051000.0,0.0,47936288000.0,2339998920000.0,2339998920000.0,1740372858000.0,621419580000.0,153907835000.0,11052740000.0,28691487000.0,17135456000.0,15890570000.0,86486166000.0,,,,,,,,,,,,,,,,,,,,,,,,,,,,,,,,0.0,
KDH,2016,3,,KDH,balance_sheet,7629980335000.0,798261130000.0,510000000.0,923153164000.0,5868937021000.0,39119020000.0,928999157000.0,,29088758000.0,82371023000.0,205346497000.0,0.0,38009600000.0,8558979492000.0,4141339921000.0,1321819836000.0,2819520085000.0,4417639571000.0,4417639571000.0,501311116000.0,,908478007000.0,8558979492000.0,692299477000.0,0.0,5887809419000.0,0.0,47936288000.0,1800000000000.0,1800000000000.0,2191534989000.0,703251135000.0,239051726000.0,11147898000.0,23591865000.0,17135455000.0,24597403000.0,107245705000.0,,,,,,,,,,,,,,,,,,,,,,,,,,,,,,,,0.0,
KDH,2016,2,,KDH,balance_sheet,7094830163000.0,576407888000.0,510000000.0,685373027000.0,5796117652000.0,36421596000.0,917983958000.0,,29419571000.0,83120924000.0,206493525000.0,0.0,23730282000.0,8012814121000.0,3651384212000.0,1021831371000.0,2629552841000.0,4361429909000.0,4361429909000.0,430913239000.0,,922666222000.0,8012814121000.0,459925164000.0,0.0,5796117652000.0,0.0,47936288000.0,1800000000000.0,1800000000000.0,1974416725000.0,473646526000.0,293156083000.0,11460199000.0,7916458000.0,17135455000.0,14713507000.0,101647595000.0,,,,,,,,,,,,,,,,,,,,,,,,,,,,,,,,0.0,
KDH,2016,1,,KDH,balance_sheet,7159119615000.0,543288839000.0,510000000.0,820454717000.0,5728846710000.0,66019349000.0,964273999000.0,,30578049000.0,84024533000.0,233406262000.0,0.0,20089466000.0,8123393614000.0,3905703224000.0,715837119000.0,3189866105000.0,4217690390000.0,4217690390000.0,301444879000.0,,921415997000.0,8123393614000.0,573600087000.0,0.0,5728846710000.0,45220000.0,34915354000.0,1800000000000.0,1800000000000.0,2502133778000.0,342078406000.0,203989823000.0,12289816000.0,4493194000.0,17135455000.0,24937055000.0,112499730000.0,,,,,,,,,,,,,,,,,,,,,,,,,,,,,,,,0.0,
KDH,2015,4,,KDH,balance_sheet,7652102287000.0,982506261000.0,44010000000.0,674623803000.0,5857279004000.0,93683219000.0,910744219000.0,,31676523000.0,84913864000.0,226571500000.0,0.0,20691903000.0,8562846506000.0,4378199566000.0,1048816413000.0,3329383153000.0,4184646940000.0,4184646940000.0,230957962000.0,,958859464000.0,8562846506000.0,437811611000.0,228783000.0,5857279004000.0,3701301000.0,34915354000.0,1800000000000.0,1800000000000.0,1799216325000.0,510220176000.0,218819525000.0,12969347000.0,4467670000.0,17135456000.0,19196708000.0,106928239000.0,,,,,,,,,,,,,,,,,,,,,,,,,,,,,,,,900000000000.0,
KDH,2015,3,,KDH,balance_sheet,4272604271000.0,248549533000.0,0.0,688816689000.0,3260534341000.0,74703708000.0,636556257000.0,,7385803000.0,0.0,571725658000.0,0.0,57444796000.0,4909160528000.0,2351626955000.0,284525180000.0,2067101775000.0,2557533573000.0,2557533573000.0,279564446000.0,,39089613000.0,4909160528000.0,314468749000.0,0.0,3260534341000.0,4612399000.0,34915354000.0,1260000000000.0,1260000000000.0,2026181989000.0,133260551000.0,31000000000.0,38404023000.0,16766157000.0,571725658000.0,0.0,0.0,,,,,,,,,,,,,,,,,,,,,,,,,,,,,,,,0.0,
KDH,2015,2,,KDH,balance_sheet,4231373270000.0,632334653000.0,0.0,1052874045000.0,2495750480000.0,50414092000.0,36213856000.0,,7909631000.0,0.0,14000000000.0,0.0,14304225000.0,4267587126000.0,1782967614000.0,544587138000.0,1238380476000.0,2484619512000.0,2484619512000.0,210412024000.0,,35327974000.0,4267587126000.0,323095135000.0,0.0,2495750480000.0,4521442000.0,34915354000.0,1260000000000.0,1260000000000.0,1200810998000.0,186970119000.0,160868075000.0,9977929000.0,1781651000.0,0.0,0.0,0.0,,,,,,,,,,,,,,,,,,,,,,,,,,,,,,,,0.0,
KDH,2015,1,,KDH,balance_sheet,3459432466000.0,705100327000.0,0.0,472712004000.0,2240825675000.0,40794460000.0,573634118000.0,,4182557000.0,0.0,552664830000.0,10416207000.0,6370524000.0,4033066584000.0,1596176057000.0,374308216000.0,1221867841000.0,2400061276000.0,2400061276000.0,161181762000.0,,0.0,4033066584000.0,189344114000.0,0.0,2240825675000.0,705636000.0,23254345000.0,1260000000000.0,1260000000000.0,1186632844000.0,75336143000.0,134037719000.0,0.0,2074216000.0,552664830000.0,0.0,0.0,,,,,,,,,,,,,,,,,,,,,,,,,,,,,,,,0.0,
KDH,2014,4,,KDH,balance_sheet,3083229642000.0,434688706000.0,257000000000.0,279559991000.0,2074964465000.0,37016480000.0,37427950000.0,,4374044000.0,0.0,14000000000.0,10854486000.0,8199420000.0,3120657592000.0,1584415400000.0,472844137000.0,1111571263000.0,1498479272000.0,1498479272000.0,108871758000.0,,0.0,3120657592000.0,2471781000.0,0.0,2074964465000.0,253053000.0,23254345000.0,750000000000.0,750000000000.0,1074174978000.0,78001805000.0,214587156000.0,0.0,2036405000.0,14000000000.0,0.0,0.0,,,,,,,,,,,,,,,,,,,,,,,,,,,,,,,,0.0,
KDH,2014,3,,KDH,balance_sheet,2245623597000.0,441285759000.0,0.0,556843674000.0,1228704838000.0,18789326000.0,186069609000.0,,4448035000.0,0.0,167391058000.0,11292764000.0,2937752000.0,2431693206000.0,921466912000.0,330190377000.0,591276535000.0,1467448878000.0,1467448878000.0,77841364000.0,,0.0,2431693206000.0,2324879000.0,0.0,1228704838000.0,178503000.0,23254345000.0,750000000000.0,750000000000.0,560050809000.0,167719593000.0,42157948000.0,0.0,245813000.0,134150000000.0,0.0,0.0,,,,,,,,,,,,,,,,,,,,,,,,,,,,,,,,0.0,
KDH,2014,2,,KDH,balance_sheet,2110968478000.0,261418120000.0,0.0,601199228000.0,1236950023000.0,11401107000.0,366852106000.0,,4728097000.0,0.0,347440617000.0,11731043000.0,2952349000.0,2477820584000.0,967699246000.0,364465716000.0,603233530000.0,1436951316000.0,1436951316000.0,47343802000.0,,0.0,2477820584000.0,64587551000.0,0.0,1236950023000.0,145932000.0,23254345000.0,750000000000.0,750000000000.0,571086507000.0,174264406000.0,87851889000.0,0.0,287182000.0,191089846000.0,0.0,0.0,,,,,,,,,,,,,,,,,,,,,,,,,,,,,,,,0.0,
KDH,2014,1,,KDH,balance_sheet,1740584814000.0,78230331000.0,0.0,581409259000.0,1068572427000.0,12372797000.0,192840322000.0,,3749803000.0,0.0,175416172000.0,12169321000.0,1505026000.0,1933425136000.0,889823118000.0,243601675000.0,646221443000.0,1043323574000.0,1043323574000.0,17051411000.0,,0.0,1933425136000.0,299759664000.0,0.0,1068572427000.0,136322000.0,23254345000.0,480699740000.0,480699740000.0,624554099000.0,95451890000.0,16657948000.0,0.0,316100000.0,14000000000.0,0.0,0.0,,,,,,,,,,,,,,,,,,,,,,,,,,,,,,,,0.0,
KDH,2013,4,,KDH,balance_sheet,1542693640000.0,88517553000.0,0.0,380443094000.0,1064414030000.0,9318963000.0,185933780000.0,,3917528000.0,0.0,165747017000.0,12451996000.0,3817239000.0,1728627420000.0,776972098000.0,211300742000.0,565671356000.0,939000801000.0,939000801000.0,-19894362000.0,,0.0,1728627420000.0,208439740000.0,0.0,1064414030000.0,84860000.0,23254345000.0,480699740000.0,480699740000.0,546605644000.0,77523745000.0,16657948000.0,0.0,319334000.0,14000000000.0,0.0,0.0,,,,,,,,,,,,,,,,,,,,,,,,,,,,,,,,0.0,
KDH,2013,3,,KDH,balance_sheet,1386557102000.0,73754770000.0,0.0,323542684000.0,946518151000.0,42741497000.0,236855597000.0,,4102990000.0,0.0,215944819000.0,12625222000.0,4182566000.0,1623412699000.0,668825243000.0,261480678000.0,407344565000.0,951124074000.0,951124074000.0,-7771089000.0,,0.0,1623412699000.0,66676116000.0,0.0,946518151000.0,27974150000.0,23254345000.0,480699740000.0,480699740000.0,389951528000.0,104461378000.0,0.0,0.0,333999000.0,87610153000.0,0.0,0.0,,,,,,,,,,,,,,,,,,,,,,,,,,,,,,,,0.0,
KDH,2013,2,,KDH,balance_sheet,2204609656000.0,168716758000.0,20000000000.0,313613267000.0,1656628574000.0,45651057000.0,160265518000.0,,4909101000.0,0.0,120446907000.0,31127505000.0,3782005000.0,2364875174000.0,1141136257000.0,431004497000.0,710131760000.0,1066514920000.0,1066514920000.0,83293495000.0,,0.0,2364875174000.0,70986288000.0,0.0,1656628574000.0,28019990000.0,26688194000.0,480699740000.0,480699740000.0,659902000000.0,115327647000.0,83689332000.0,0.0,138843000.0,87193550000.0,0.0,0.0,,,,,,,,,,,,,,,,,,,,,,,,,,,,,,,,0.0,
KDH,2013,1,,KDH,balance_sheet,2190868941000.0,161606755000.0,0.0,447980614000.0,1568460550000.0,12821022000.0,207209217000.0,,5381044000.0,0.0,118856851000.0,76389494000.0,6581828000.0,2398078158000.0,1098730077000.0,403273030000.0,695457047000.0,1123071493000.0,1123071493000.0,139850068000.0,,0.0,2398078158000.0,128485707000.0,0.0,1568460550000.0,76565000.0,26688194000.0,480699740000.0,480699740000.0,624961629000.0,98111495000.0,71625967000.0,0.0,50992000.0,85601050000.0,0.0,0.0,,,,,,,,,,,,,,,,,,,,,,,,,,,,,,,,0.0,
NVL,2025,4,,NVL,balance_sheet,207242734850379.0,4395320969838.0,53843467143.0,47320440385793.0,153391641828133.0,2081488199472.0,42549576635974.0,2879396000000.0,1900525281486.0,5151243697334.0,5292774070428.0,0.0,3234295985093.0,249792311486353.0,190942057522363.0,95907964304638.0,95034093217725.0,58850253963990.0,58850253963990.0,16932105487226.0,,13554575453125.0,249792311486353.0,8157531648147.0,13339562455419.0,153812142804224.0,0.0,,22320185490000.0,22320185490000.0,35672724217510.0,20353028512829.0,31518046299679.0,1639299616147.0,1438453388297.0,301440514598.0,23683250407407.0,26546144407407.0,,,,,,,,,,,,,,,,,,,,,,,,,,,,,,,,,
NVL,2025,3,,NVL,balance_sheet,203298543739096.0,3837770809681.0,48524470677.0,45017413493751.0,152285411287107.0,2109423677880.0,36276256972543.0,180900000000.0,1922763167726.0,5469238641268.0,3115330315039.0,0.0,3447849487681.0,239574800711639.0,188760603850358.0,114084230472201.0,74676373378157.0,50814196861281.0,50814196861281.0,13687052777657.0,,12574496778998.0,239574800711639.0,7885974172202.0,8308934764785.0,152705912263198.0,0.0,,19501045380000.0,19501045380000.0,32349327063428.0,18789092139680.0,31934400957896.0,1811102240019.0,1436919189673.0,302340514598.0,21737984940835.0,21902382940835.0,,,,,,,,,,,,,,,,,,,,,,,,,,,,,,,,,
NVL,2025,2,,NVL,balance_sheet,203376141981170.0,4305979590796.0,43693098517.0,46873869562031.0,150112707450262.0,2039892279564.0,35242886611958.0,192750000000.0,1949586433108.0,5525507846082.0,3117335559505.0,0.0,3644513624114.0,238619028593128.0,186651367093163.0,103476262105674.0,83175104987489.0,51967661499965.0,51967661499965.0,14525216597522.0,,12889797597817.0,238619028593128.0,8433496189397.0,7232763134994.0,150533208426353.0,0.0,,19501045380000.0,19501045380000.0,29510004982030.0,18436479153779.0,32321029221030.0,1986838999566.0,1474462253514.0,302340514598.0,20415261453709.0,20591509453709.0,,,,,,,,,,,,,,,,,,,,,,,,,,,,,,,,,
NVL,2025,1,,NVL,balance_sheet,203124460510833.0,6084349341608.0,42465733952.0,46465162208877.0,148638642921937.0,1893840304459.0,31682040180706.0,176200000000.0,1908518611601.0,5679834282132.0,3116172712876.0,0.0,3844522961540.0,234806500691539.0,185951485093539.0,100873309199607.0,85078175893932.0,48855015598000.0,48855015598000.0,13279222279801.0,,11023146013573.0,234806500691539.0,8327139461434.0,6424422904491.0,149059143898028.0,0.0,,19501045380000.0,19501045380000.0,27093673163213.0,18273045507280.0,32163629011232.0,2217543989711.0,1484835239594.0,302340514598.0,16427855907030.0,16587553907030.0,,,,,,,,,,,,,,,,,,,,,,,,,,,,,,,,,
NVL,2024,4,,NVL,balance_sheet,207831078798684.0,4607601921683.0,31258216194.0,54813392824915.0,146607440687432.0,1771385148460.0,29946901858972.0,176200000000.0,1937682347954.0,5737179048000.0,1709377159826.0,0.0,4117663424757.0,237777980657656.0,190486956299042.0,107222351548398.0,83264604750644.0,47291024358614.0,47291024358614.0,13281118742079.0,,9457258311909.0,237777980657656.0,7857833385978.0,6050897395010.0,147027941663523.0,0.0,,19501045380000.0,19501045380000.0,24587656403178.0,18915181304285.0,36978198251788.0,2475838484574.0,1500140582061.0,302340514598.0,15741300378910.0,15900998378910.0,,,,,,,,,,,,,,,,,,,,,,,,,,,,,,,,,
NVL,2024,3,,NVL,balance_sheet,194988181533732.0,3819734643584.0,33008441851.0,44488907119684.0,145006171703028.0,1640359625585.0,37040877389448.0,176200000000.0,1641168643329.0,5730465600321.0,1725566782653.0,0.0,4960415844189.0,232029058923180.0,191405661721355.0,106077865879476.0,85327795841879.0,40623397201825.0,40623397201825.0,9361576092423.0,,6709173804776.0,232029058923180.0,7840146147875.0,5564513114376.0,145428666917143.0,0.0,,19501045380000.0,19501045380000.0,22163192810954.0,20181398832452.0,37673561328531.0,3061122157671.0,1754826153128.0,304914914598.0,22169831161855.0,22432111161855.0,,,,,,,,,,,,,,,,,,,,,,,,,,,,,,,,,
NVL,2024,2,,NVL,balance_sheet,203872418989356.0,2145098581139.0,30708279725.0,56081626778458.0,143902634219746.0,1712351130288.0,34919619336860.0,176200000000.0,1682124244089.0,5784500978094.0,1724514403989.0,0.0,5206152145391.0,238792038326216.0,200816681097387.0,100679786456823.0,100136894640564.0,37975357228829.0,37975357228829.0,6269921606561.0,,7152788317642.0,238792038326216.0,7718936302884.0,5058550183848.0,144325129433861.0,0.0,,19501045380000.0,19501045380000.0,28464201313493.0,19632916964385.0,30751091219623.0,3273007191593.0,1744026708203.0,304914914598.0,19733770074863.0,19996050074863.0,,,,,,,,,,,,,,,,,,,,,,,,,,,,,,,,,
NVL,2024,1,,NVL,balance_sheet,189060198977043.0,3138663556178.0,35042157555.0,43250560624883.0,140881592865862.0,1754339772565.0,47420013816850.0,176200000000.0,2369414527632.0,5504322150324.0,1729052043899.0,0.0,5369912686380.0,236480212793893.0,191778245064512.0,92659036689617.0,99119208374895.0,44701967729381.0,44701967729381.0,12927168640579.0,,7222151784176.0,236480212793893.0,7719061757715.0,4952499631939.0,141042538294762.0,0.0,,19501045380000.0,19501045380000.0,23214457908853.0,19530596850057.0,35018705168553.0,3484892225513.0,1706235321054.0,304914914598.0,31657872843659.0,31920047414151.0,,,,,,,,,,,,,,,,,,,,,,,,,,,,,,,,,
NVL,2023,4,,NVL,balance_sheet,191577252376491.0,3412094527252.0,43507843256.0,47747113308548.0,138598044960062.0,1776491737373.0,49799018985733.0,700000000.0,2384751305470.0,5542850059038.0,1884208288661.0,0.0,5591421211330.0,241376271362224.0,195874494506295.0,90526016066958.0,105348478439337.0,45501776855929.0,45501776855929.0,13693619321880.0,,7255510229423.0,241376271362224.0,7429413235105.0,6777902331194.0,138758990388962.0,0.0,,19501045380000.0,19501045380000.0,30772270678514.0,19194979319783.0,26932529196714.0,3696777259435.0,1710784356812.0,304914914598.0,33857102994247.0,33857697564739.0,,,,,,,,,,,,,,,,,,,,,,,,,,,,,,,,,
NVL,2023,3,,NVL,balance_sheet,199429637838952.0,3434802946356.0,49327428761.0,56499099726933.0,137594490409415.0,1851917327487.0,49891873086709.0,0.0,3829313254296.0,3094862721871.0,1885575456035.0,0.0,5799530112938.0,249321510925661.0,205462075638229.0,88100954471632.0,117361121166597.0,43859435287432.0,43859435287432.0,12047138535525.0,,7259649447281.0,249321510925661.0,7795046519463.0,3825496506025.0,137755435838315.0,0.0,,19501045380000.0,19501045380000.0,28836061936681.0,17777975830135.0,30108173734110.0,3908662293355.0,1733573033854.0,304914914598.0,34712932647109.0,34712827217601.0,,,,,,,,,,,,,,,,,,,,,,,,,,,,,,,,,
NVL,2023,2,,NVL,balance_sheet,198376122922216.0,4035618643443.0,51116258055.0,53503523273401.0,138854034579050.0,1931830168267.0,58443806554115.0,98000000000.0,3860778140925.0,3090199087848.0,1619905264986.0,0.0,5987120157272.0,256819929476331.0,213096525906259.0,73857726750797.0,139238799155462.0,43723403570072.0,43723403570072.0,11876600930477.0,,7294155334969.0,256819929476331.0,7700526188632.0,4478688355753.0,139014980007950.0,0.0,,19501045380000.0,19501045380000.0,37052751064637.0,17154953161157.0,24536619823823.0,4120547327277.0,1709980917972.0,33839750000.0,43218699084479.0,43316593654971.0,,,,,,,,,,,,,,,,,,,,,,,,,,,,,,,,,
NVL,2023,1,,NVL,balance_sheet,197806114574434.0,5363772012819.0,117301505367.0,53544029965964.0,136904559607783.0,1876451482501.0,58388099948960.0,98000000000.0,3888110325991.0,3109377774467.0,1616762473961.0,0.0,6101823223761.0,256194214523394.0,211786752376697.0,78867723855637.0,132919028521060.0,44407462146697.0,44407462146697.0,12519760437240.0,,7335054404831.0,256194214523394.0,7922447474878.0,4470948784227.0,136906649845807.0,0.0,,19501045380000.0,19501045380000.0,32840144305558.0,16617138818324.0,29889010184727.0,4332432361197.0,1614604528738.0,33839750000.0,42993619705081.0,43091514275573.0,,,,,,,,,,,,,,,,,,,,,,,,,,,,,,,,,
NVL,2022,4,,NVL,balance_sheet,198276179843700.0,8599941962436.0,326704693300.0,52982482611498.0,134484843415093.0,1882207161373.0,59089178358467.0,234500000000.0,3938493710882.0,3144676858547.0,1615960182173.0,0.0,6306062999090.0,257365358202167.0,212435663936292.0,74420660718325.0,138015003217967.0,44929694265875.0,44929694265875.0,12990646935412.0,,7386400025837.0,257365358202167.0,8142513081979.0,3579326766847.0,134486933653117.0,0.0,,19501045380000.0,19501045380000.0,39060194817382.0,15962589533396.0,25516580125032.0,4544317395119.0,1602455833412.0,33839750000.0,43276992127081.0,43511386697573.0,,,,,,,,,,,,,,,,,,,,,,,,,,,,,,,,,
NVL,2022,3,,NVL,balance_sheet,205124839309776.0,21167861688403.0,998612553083.0,51618081635732.0,129636377850587.0,1703905581971.0,54465333323304.0,234500000000.0,2126227203080.0,2797989764497.0,1613345897122.0,0.0,6385927817648.0,259590172633080.0,214922588804997.0,76074246920058.0,138848341884939.0,44667583828083.0,44667583828083.0,12750272510896.0,,7387626012561.0,259590172633080.0,7388027626863.0,3951038956936.0,129638468088611.0,0.0,,19498338090000.0,19498338090000.0,41622298213997.0,14864259326511.0,30120391538157.0,4721614311030.0,1521313715809.0,33839750000.0,41024735167081.0,41259129737573.0,,,,,,,,,,,,,,,,,,,,,,,,,,,,,,,,,
NVL,2022,2,,NVL,balance_sheet,189030009521950.0,17004752901103.0,684885163998.0,44212498109419.0,125506208001144.0,1621665346286.0,50247361346867.0,234500000000.0,2128617001449.0,2809189165262.0,1708130597936.0,0.0,6264781770833.0,239277370868817.0,194813243059387.0,60750465410210.0,134062777649177.0,44464127809430.0,44464127809430.0,12561446791893.0,,7372995712911.0,239277370868817.0,6081632087227.0,4550812458500.0,125508298239168.0,0.0,,19498338090000.0,19498338090000.0,45234978926414.0,12561612210356.0,23332266219270.0,4932578425419.0,1188085345814.0,24839750000.0,36818307785545.0,37052702356037.0,,,,,,,,,,,,,,,,,,,,,,,,,,,,,,,,,
NVL,2022,1,,NVL,balance_sheet,177218519798787.0,17724337297580.0,788045407828.0,36650048190370.0,120456910438623.0,1599178464386.0,46914377795825.0,338500000000.0,2255730784688.0,2737439146109.0,1609855411000.0,0.0,6468331210889.0,224132897594612.0,180681385934495.0,56292222451012.0,124389163483483.0,43451511660117.0,43451511660117.0,11786573676044.0,,7336528779447.0,224132897594612.0,4465150528380.0,7343958179910.0,120459000676647.0,0.0,,19305183890000.0,19305183890000.0,44327662735318.0,10318619222497.0,25319358399954.0,5304945640812.0,1002483182582.0,25349750000.0,33230993048545.0,33569387619037.0,,,,,,,,,,,,,,,,,,,,,,,,,,,,,,,,,
NVL,2021,4,,NVL,balance_sheet,155626883884917.0,17249164003763.0,837023156881.0,26409547442437.0,109765089883212.0,1366059398624.0,45892872003267.0,234500000000.0,1571733526201.0,2724096455086.0,1624040896080.0,0.0,6097960547553.0,201519755888184.0,160341077332232.0,48634885981219.0,111706191351013.0,41178678555952.0,41178678555952.0,10713045031954.0,,6138195019372.0,201519755888184.0,2332779900869.0,6303352180537.0,109767180121236.0,0.0,,19304213190000.0,19304213190000.0,41430753323566.0,8305600061137.0,19087653178619.0,5104024245116.0,836308291680.0,25349750000.0,33347755804142.0,33582150374634.0,,,,,,,,,,,,,,,,,,,,,,,,,,,,,,,,,
NVL,2021,3,,NVL,balance_sheet,144695276879439.0,15223064990931.0,1027113432337.0,21267412435805.0,105857503278553.0,1320182741813.0,39366809167912.0,175500000000.0,785285884475.0,2723637181580.0,1619391026676.0,0.0,6178455219669.0,184062086047351.0,143577289616015.0,40250937702153.0,103326351913862.0,40484796431336.0,40484796431336.0,14463571309814.0,,6261553616896.0,184062086047351.0,1970944879243.0,4526845352779.0,105859593516577.0,0.0,,14736056190000.0,14736056190000.0,40331088966600.0,7641714217767.0,15731188061193.0,5308723206447.0,732167353716.0,25349750000.0,27628830540142.0,27804330540142.0,,,,,,,,,,,,,,,,,,,,,,,,,,,,,,,,,
NVL,2021,2,,NVL,balance_sheet,136602950265651.0,12132219928054.0,834521746983.0,19088675471543.0,103241366912067.0,1306166207004.0,34920038968112.0,175500000000.0,1202617832457.0,2721999539457.0,1725941423705.0,0.0,6234473106481.0,171522989233763.0,131607515507702.0,41943258000762.0,89664257506940.0,39915473726061.0,39915473726061.0,13908854587017.0,,6246447634418.0,171522989233763.0,1941573131623.0,4536672683319.0,103243457150091.0,0.0,,14736056190000.0,14736056190000.0,33117917991872.0,6838217097014.0,18185174780010.0,5539815081132.0,584825674679.0,25349750000.0,22581479122157.0,22756979122157.0,,,,,,,,,,,,,,,,,,,,,,,,,,,,,,,,,
NVL,2021,1,,NVL,balance_sheet,121615274984872.0,12556238887122.0,1011977986695.0,16818356520514.0,90041733042123.0,1186968548418.0,32050979249120.0,175500000000.0,1207262870464.0,2735086273700.0,1785629241980.0,0.0,6337015379549.0,153666254233992.0,115907333665946.0,35418652059614.0,80488681606332.0,37758920568046.0,37758920568046.0,12588298117556.0,,6207961405864.0,153666254233992.0,1805529740671.0,3927093447664.0,90043823280147.0,0.0,,10728120350000.0,10728120350000.0,28537305159101.0,5373051850224.0,16608633013789.0,0.0,487633399414.0,25349750000.0,19545644918117.0,19721144918117.0,,,,,,,,,,,,,,,,,,,,,,,,,,,,,,,,,
NVL,2020,4,,NVL,balance_sheet,114312818131574.0,11558787555672.0,822810253961.0,13820066316803.0,86847371313369.0,1263782691769.0,30206570652590.0,175500000000.0,1201956760790.0,2824247750920.0,1790108746968.0,0.0,6470106925477.0,144519388784164.0,112609909290945.0,31432855702786.0,81177053588159.0,31909479493219.0,31909479493219.0,12028594841288.0,,6047772400905.0,144519388784164.0,1466929395223.0,3215397229338.0,86850373043777.0,0.0,,9862852970000.0,9862852970000.0,34357216078896.0,4087250768389.0,14511573895801.0,0.0,419763171833.0,9649750000.0,17442396103338.0,17617896103338.0,,,,,,,,,,,,,,,,,,,,,,,,,,,,,,,,,
NVL,2020,3,,NVL,balance_sheet,103086310873329.0,9697718598051.0,509200840534.0,12158856883275.0,79380083398071.0,1340451153398.0,26302209567490.0,331900000000.0,1262684017186.0,2868818967467.0,1697575533242.0,0.0,6835288468328.0,129388520440819.0,98188831139278.0,25268019195144.0,72920811944134.0,31199689301541.0,31199689301541.0,11473144745050.0,,5936701005465.0,129388520440819.0,1759728935169.0,4243324256181.0,79383120039735.0,0.0,,9855641520000.0,9855641520000.0,31622164016778.0,2181591716458.0,12773535835275.0,6550932526582.0,198153215982.0,7939750000.0,13012196050003.0,13344096050003.0,,,,,,,,,,,,,,,,,,,,,,,,,,,,,,,,,
NVL,2020,2,,NVL,balance_sheet,76671001797081.0,5879568292345.0,437829773071.0,9890462206274.0,59188053649717.0,1275087875674.0,22108720995397.0,0.0,917678801889.0,3807552000681.0,6544868870817.0,0.0,6515017780586.0,98779722792478.0,74212578643838.0,21798416851570.0,52414161792268.0,24567144148640.0,24567144148640.0,9341638947505.0,,1669907450109.0,98779722792478.0,1056623326519.0,709663991401.0,59191173204287.0,0.0,,9695407970000.0,9695407970000.0,25694421005705.0,1119296723699.0,12393765576232.0,6265378021008.0,165568713557.0,7939750000.0,3689471409429.0,3689471409429.0,,,,,,,,,,,,,,,,,,,,,,,,,,,,,,,,,
NVL,2020,1,,NVL,balance_sheet,73347312297126.0,3874954562514.0,426977254806.0,9349255360069.0,58551131052312.0,1144994067425.0,18922477840278.0,0.0,828654809116.0,3799486977624.0,5738078356359.0,0.0,6956910949737.0,92269790137404.0,67573678945993.0,20375937613700.0,47197741332293.0,24696111191411.0,24696111191411.0,9068943423256.0,,2071570017129.0,92269790137404.0,975502001675.0,739227764603.0,58554250606882.0,0.0,,9695407970000.0,9695407970000.0,23853909643020.0,1138295211990.0,10743864426923.0,6629533618782.0,251750940686.0,7939750000.0,761894588586.0,761894588586.0,,,,,,,,,,,,,,,,,,,,,,,,,,,,,,,,,
NVL,2019,4,,NVL,balance_sheet,71272427321769.0,6513219516007.0,419222941609.0,5979742308954.0,57197687821323.0,1162554733876.0,18700071842539.0,0.0,841693296275.0,3798443216145.0,5744314191185.0,0.0,7180782732217.0,89972499164308.0,65516622861558.0,17992941950319.0,47523680911239.0,24455876302750.0,24455876302750.0,8717663866997.0,,2182614684727.0,89972499164308.0,834794221001.0,768720953764.0,57201331751293.0,0.0,,9695407970000.0,9695407970000.0,26960862630493.0,1254023590387.0,7629419828326.0,6841446546457.0,262799716897.0,7939750000.0,284856191748.0,284856191748.0,,,,,,,,,,,,,,,,,,,,,,,,,,,,,,,,,
NVL,2019,3,,NVL,balance_sheet,56823768158008.0,4300966912717.0,420864681735.0,7758582757738.0,43341218066969.0,1002135738849.0,17754953962143.0,0.0,847872114997.0,3064125997592.0,5602942679681.0,0.0,7369080572527.0,74578722120151.0,52088736460447.0,18360394834802.0,33728341625645.0,22489985659704.0,22489985659704.0,7214535437753.0,,1905843700925.0,74578722120151.0,813634887029.0,472688727270.0,43343292365090.0,0.0,,9304466740000.0,9372766740000.0,18773392884834.0,1996044485426.0,7615742915192.0,6968396879298.0,339028632555.0,45058837485.0,219814441748.0,219814441748.0,,,,,,,,,,,,,,,,,,,,,,,,,,,,,,,,,
NVL,2019,2,,NVL,balance_sheet,56921652870416.0,7325834929936.0,397288986526.0,6540079686524.0,41677158225432.0,981291041998.0,17875625539780.0,0.0,854751569604.0,3064386356212.0,5687560135930.0,0.0,7587951594219.0,74797278410196.0,52604001069764.0,22772024752637.0,29831976317127.0,22193277340432.0,22193277340432.0,6914017912690.0,,1909652906716.0,74797278410196.0,1062272922067.0,462870529599.0,41682749274174.0,0.0,,9304466740000.0,9372766740000.0,18636462537997.0,2681972252635.0,9203554856800.0,7179352315054.0,344824625486.0,44905057485.0,214972287675.0,214972287675.0,,,,,,,,,,,,,,,,,,,,,,,,,,,,,,,,,
NVL,2019,1,,NVL,balance_sheet,51909519546558.0,8615715051750.0,398649722895.0,6260105826127.0,35706271348636.0,928777597150.0,17751039966453.0,0.0,801361690648.0,3028064513853.0,5653956430644.0,0.0,7606133127137.0,69660559513011.0,48911228870843.0,26809399441512.0,22101829429331.0,20749330642168.0,20749330642168.0,6397992739762.0,,981731381380.0,69660559513011.0,1503094483085.0,431165705931.0,35712018716880.0,0.0,,9304466740000.0,9372766740000.0,16424627249594.0,4839151827688.0,9635979057699.0,7175953828981.0,365558435256.0,44689750000.0,214537106874.0,214537106874.0,,,,,,,,,,,,,,,,,,,,,,,,,,,,,,,,,
NVL,2018,4,,NVL,balance_sheet,50785405901013.0,12326942295680.0,95691805879.0,4664101758381.0,32758236767177.0,940433273896.0,19102647351452.0,0.0,344564833776.0,3499360081191.0,7556238420121.0,0.0,7016900664685.0,69888053252465.0,49415450816838.0,27907618098761.0,21507832718077.0,20472602435627.0,20472602435627.0,6120274490063.0,,982721424538.0,69888053252465.0,1493719267200.0,430653870350.0,32765815815103.0,0.0,,9304466740000.0,9372766740000.0,16266146196964.0,7779244490508.0,11645389730077.0,6481348532606.0,465806857437.0,7939750000.0,255403896052.0,255403896052.0,,,,,,,,,,,,,,,,,,,,,,,,,,,,,,,,,
NVL,2018,3,,NVL,balance_sheet,43766617918031.0,4869248099742.0,80577276622.0,4784753561738.0,32988506945333.0,1043532034596.0,18628626643647.0,0.0,351541715917.0,3456193077942.0,7896289908556.0,0.0,6358919216096.0,62395244561678.0,44021809101577.0,28472873084288.0,15548936017289.0,18373435460101.0,18373435460101.0,4292322598413.0,,960869340662.0,62395244561678.0,1699002823232.0,709773622349.0,32993525545641.0,0.0,,9074559280000.0,9142859280000.0,12500325751504.0,11352044026307.0,9710540641608.0,5824981428262.0,434325398908.0,600000000.0,209210856990.0,209210856990.0,,,,,,,,,,,,,,,,,,,,,,,,,,,,,,,,,
NVL,2018,2,,NVL,balance_sheet,50630008750611.0,8840789438874.0,104352906511.0,9246326543226.0,31447674729824.0,990865132176.0,8126155668102.0,0.0,362817925021.0,3414304366829.0,431404428838.0,0.0,3396679514518.0,58756164418713.0,41289592997732.0,25403726716267.0,15885866281465.0,17466571420981.0,17466571420981.0,3635837409310.0,,705279178321.0,58756164418713.0,1719714141764.0,486605206171.0,31453728725800.0,0.0,,9074559280000.0,9142859280000.0,12795379024940.0,11278136672701.0,9406837446380.0,2830291161328.0,460391141851.0,0.0,207549934795.0,208503684885.0,,,,,,,,,,,,,,,,,,,,,,,,,,,,,,,,,
NVL,2018,1,,NVL,balance_sheet,42158468449390.0,5765709949403.0,114334482780.0,6695148901795.0,28598522641785.0,984752473627.0,8460711456069.0,274644400000.0,371656058859.0,2950297582481.0,1409552304213.0,0.0,2940276113090.0,50619179905459.0,37147829575711.0,24824107783872.0,12323721791839.0,13471350329748.0,13471350329748.0,3002392874296.0,,667439050052.0,50619179905459.0,1864740850742.0,672420206171.0,28605711851139.0,0.0,,8549559280000.0,8617859280000.0,9208042704012.0,10401233427481.0,9524124861840.0,2377954564951.0,441688200265.0,0.0,207549934795.0,483148084885.0,,,,,,,,,,,,,,,,,,,,,,,,,,,,,,,,,
NVL,2017,4,,NVL,balance_sheet,40923465853502.0,6650160994741.0,512509850676.0,5998164901016.0,26886296867411.0,876333239658.0,8300996138739.0,449644400000.0,326609439362.0,2944616534199.0,1042972935246.0,0.0,2971362895384.0,49224461992241.0,35968071488821.0,22415696187952.0,13552375300869.0,13256390503420.0,13256390503420.0,2907218106652.0,,645753611368.0,49224461992241.0,1771344474280.0,625605206171.0,26893818547663.0,0.0,,6428287880000.0,6496587880000.0,10200873745673.0,8848256383261.0,7748878980646.0,2406227189374.0,449352171677.0,0.0,203803366742.0,654401516832.0,,,,,,,,,,,,,,,,,,,,,,,,,,,,,,,,,
NVL,2017,3,,NVL,balance_sheet,40410416346203.0,4452270397492.0,1003072616829.0,7613118592223.0,26541882667547.0,800072072112.0,7469159002925.0,0.0,271067680229.0,2591961926829.0,1040656645654.0,0.0,2897490678472.0,47879575349128.0,35416291167573.0,19981870578335.0,15434420589238.0,12463284181555.0,12463284181555.0,2315985038179.0,,643880357976.0,47879575349128.0,1822664815375.0,3210218184697.0,26544557431835.0,0.0,,6228287880000.0,6296587880000.0,10661411370669.0,9443967951296.0,6246953137355.0,2518902163941.0,318764852352.0,3115200000.0,261559912466.0,262513662556.0,,,,,,,,,,,,,,,,,,,,,,,,,,,,,,,,,
NVL,2017,2,,NVL,balance_sheet,35408167859009.0,4712594963976.0,1013170069469.0,8992276846230.0,20030245875398.0,659880103936.0,6547852817228.0,0.0,274171421074.0,1901761539916.0,649529895750.0,0.0,2655752739733.0,41956020676237.0,29669498308921.0,16942971784201.0,12726526524720.0,12286522367316.0,12286522367316.0,1690401520398.0,,1092702061518.0,41956020676237.0,1091694148592.0,3167991193511.0,20033092002328.0,0.0,,6228287880000.0,6296587880000.0,8772293177711.0,6905035338336.0,6348331054221.0,2312542952652.0,283401756547.0,561335240000.0,659012182099.0,659965932189.0,,,,,,,,,,,,,,,,,,,,,,,,,,,,,,,,,
NVL,2017,1,,NVL,balance_sheet,31343570283811.0,3209346228643.0,1000561637904.0,9884432462871.0,16764423126619.0,484806827774.0,6318563712437.0,0.0,270612498268.0,1943904395213.0,241634029471.0,0.0,2747643059007.0,37662133996248.0,26949081556326.0,14624289614299.0,12324791942027.0,10713052439922.0,10713052439922.0,1355616327704.0,,1221417326818.0,37662133996248.0,1250130452137.0,3518758593511.0,16767417771448.0,0.0,,5893692340000.0,5961992340000.0,8216101031574.0,6469979033611.0,5212209874256.0,2374086305577.0,311557134353.0,3115200000.0,814301877750.0,815255627840.0,,,,,,,,,,,,,,,,,,,,,,,,,,,,,,,,,
NVL,2016,4,,NVL,balance_sheet,27267744945837.0,3336969432791.0,964822616829.0,6762177825133.0,15636281555418.0,567493515666.0,9124846262027.0,1170000000000.0,148768215155.0,1940783531384.0,350498434891.0,0.0,2466789875204.0,36392591207864.0,26349803078956.0,13627959141611.0,12721843937345.0,10042788128908.0,10042788128908.0,952887369322.0,,953881974186.0,36392591207864.0,882436602406.0,2143658593511.0,15641814417970.0,0.0,,5893692340000.0,5961992340000.0,9090293558081.0,5954806119381.0,4405269743653.0,2217606029052.0,189523509827.0,0.0,2770055055507.0,3941008805597.0,,,,,,,,,,,,,,,,,,,,,,,,,,,,,,,,,
NVL,2016,3,,NVL,balance_sheet,24464171862762.0,3317908760347.0,6186675000.0,6820478332306.0,13909521617105.0,410076478004.0,8016273636259.0,1170000000000.0,88380010572.0,1843267537164.0,642308576410.0,0.0,2679010909939.0,32480445499021.0,24862361813597.0,12225603423089.0,12636758390508.0,7618083685424.0,7618083685424.0,788626333029.0,,1246861566995.0,32480445499021.0,1069139588588.0,1560708593511.0,13919125352570.0,6225719.0,,5041692340000.0,5219992340000.0,8577946301829.0,5569907544663.0,3472587828858.0,2495794699821.0,128259831885.0,0.0,1303191257492.0,2474309745883.0,,,,,,,,,,,,,,,,,,,,,,,,,,,,,,,,,
NVL,2016,2,,NVL,balance_sheet,25002490481056.0,3373940292154.0,136591798449.0,6632935482540.0,14504950004631.0,354072903282.0,6892220998723.0,780000000000.0,88039356925.0,1472871800861.0,232524027251.0,0.0,2928075623462.0,31894711479779.0,22558478652519.0,14756039537753.0,7802439114766.0,9336232827260.0,9336232827260.0,1860038604577.0,,1893598437283.0,31894711479779.0,1172395806627.0,1394889408814.0,14524400855744.0,0.0,,4521697180000.0,4699997180000.0,4607849468539.0,5923786865174.0,5316195130401.0,2773464128249.0,127135160542.0,50583750000.0,1124481270050.0,1904481270050.0,,,,,,,,,,,,,,,,,,,,,,,,,,,,,,,,,
NVL,2015,4,,NVL,balance_sheet,18133289908529.0,3859710163282.0,818888056357.0,6058945996358.0,7158828473488.0,236917219044.0,8437118726515.0,0.0,87792452983.0,1082785523673.0,1581877669261.0,1119884733917.0,186263593828.0,26570408635044.0,20475199219618.0,13354623721526.0,7120575498092.0,6095209415426.0,6095209415426.0,550370777697.0,,979282422321.0,26570408635044.0,283928585866.0,1267616016535.0,7201718027433.0,0.0,,3504657610000.0,3682957610000.0,5480587851378.0,8146870114590.0,2513142521645.0,0.0,160651074570.0,55643750000.0,3309216386210.0,3309363386210.0,,,,,,,,,,,,,,,,,,,,,,,,,,,,,,,,,
PDR,2025,4,,PDR,balance_sheet,24175702852037.0,375924179668.0,0.0,6999950386428.0,16714675448271.0,85152837670.0,3095577242410.0,34739357768.0,733237507260.0,61711188992.0,710745975476.0,,980378868052.0,27271280094447.0,14847341573940.0,10258755171309.0,4588586402631.0,12423938520507.0,12423938520507.0,1736087533354.0,,50869752050.0,27271280094447.0,4080107332835.0,0.0,16714675448271.0,0.0,248462645103.0,9978093790000.0,9978093790000.0,4438055731121.0,237657191736.0,1106136070424.0,0.0,979141754178.0,0.0,41305892655.0,76045250423.0,,,,,,,,,,,,,,,,,,,,,,,,,,,,,,,,,
PDR,2025,3,,PDR,balance_sheet,21281715194792.0,115998896970.0,0.0,6099491943246.0,14977294134859.0,88930219717.0,2963801860578.0,270116838373.0,735801540875.0,62095218752.0,24411198049.0,,987389350849.0,24245517055370.0,12304782947922.0,7601727634713.0,4703055313209.0,11940734107448.0,11940734107448.0,1425482382656.0,,58270489689.0,24245517055370.0,3043692794577.0,114075173655.0,14977294134859.0,0.0,248462645103.0,9798093790000.0,9798093790000.0,4703050213209.0,24891383848.0,1189139122094.0,0.0,984176162822.0,0.0,350529261473.0,620646099846.0,,,,,,,,,,,,,,,,,,,,,,,,,,,,,,,,,
PDR,2025,2,,PDR,balance_sheet,20913450557357.0,25200283827.0,100000000000.0,6593826759034.0,14106010265503.0,88413248993.0,3312913201742.0,324192012028.0,738464546991.0,62479248512.0,23646747472.0,,980133933059.0,24226363759099.0,12370619932554.0,7592640178449.0,4777979754105.0,11855743826545.0,11855743826545.0,2066285585985.0,,58219965457.0,24226363759099.0,4252853927127.0,60000000000.0,14106010265503.0,0.0,248462645103.0,9072350830000.0,9072350830000.0,4777974654105.0,50834500989.0,904113290386.0,0.0,978892814010.0,0.0,650538261473.0,974730273501.0,,,,,,,,,,,,,,,,,,,,,,,,,,,,,,,,,
PDR,2025,1,,PDR,balance_sheet,20683355967880.0,83960643394.0,100000000000.0,6366677165518.0,14037857779802.0,94860379166.0,2411139690022.0,0.0,741226511340.0,62863278272.0,35907463652.0,,998959091896.0,23094495657902.0,11986343672686.0,8126017224376.0,3860326448310.0,11108151985216.0,11108151985216.0,2004247726777.0,,58218613910.0,23094495657902.0,3582227910522.0,0.0,14037857779802.0,0.0,243810014529.0,8731400830000.0,8731400830000.0,3856295283635.0,26713060645.0,1480698357246.0,0.0,994155400874.0,0.0,38724892655.0,38724892655.0,,,,,,,,,,,,,,,,,,,,,,,,,,,,,,,,,
PDR,2024,4,,PDR,balance_sheet,21482523941226.0,343676133736.0,115370299200.0,6860591641612.0,14077663631758.0,85222234920.0,2503027869958.0,0.0,744223360291.0,63247308032.0,38034067565.0,,1085339789208.0,23985551811184.0,12927043152194.0,8562372240181.0,4364670912013.0,11058508658990.0,11058508658990.0,1954616001307.0,,58207013154.0,23985551811184.0,3060448061894.0,0.0,14077663631758.0,0.0,243810014529.0,8731400830000.0,8731400830000.0,3960639747338.0,133538017065.0,1382725295267.0,0.0,983622808366.0,0.0,38724892655.0,38724892655.0,,,,,,,,,,,,,,,,,,,,,,,,,,,,,,,,,
PDR,2024,3,,PDR,balance_sheet,19570730214994.0,220698484274.0,15370299200.0,6369811271655.0,12853544872750.0,111305287115.0,3092590574342.0,0.0,748061360607.0,63631337792.0,53107780277.0,,979946750804.0,22663320789336.0,11606296053718.0,8557504550192.0,3048791503526.0,11057024735618.0,11057024735618.0,1953105741988.0,,58233349101.0,22663320789336.0,2777083363232.0,0.0,12853544872750.0,0.0,243810014529.0,8731400830000.0,8731400830000.0,3048786403526.0,3590909091.0,1366373083821.0,0.0,971895447295.0,0.0,714384892655.0,714384892655.0,,,,,,,,,,,,,,,,,,,,,,,,,,,,,,,,,
PDR,2024,2,,PDR,balance_sheet,18894226571288.0,1189922392397.0,15370299200.0,5079334146315.0,12524462897744.0,85136835632.0,3644912365699.0,0.0,752038190718.0,64015367552.0,616532894170.0,,964491568397.0,22539138936987.0,11532811057015.0,8701429851887.0,2831381205128.0,11006327879972.0,11006327879972.0,1902381411370.0,,58260824073.0,22539138936987.0,1888731645924.0,0.0,12524462897744.0,0.0,243810014529.0,8731400830000.0,8731400830000.0,2810426105128.0,3590909091.0,1373456689867.0,0.0,956845286844.0,0.0,714375892655.0,714375892655.0,,,,,,,,,,,,,,,,,,,,,,,,,,,,,,,,,
PDR,2024,1,,PDR,balance_sheet,17210323796228.0,19304967691.0,15370299200.0,4800686704717.0,12302378873987.0,72582950633.0,4218158662697.0,0.0,756015020827.0,64399397312.0,1194833615609.0,,955076284087.0,21428482458925.0,11797428337621.0,9499499002784.0,2297929334837.0,9631054121304.0,9631054121304.0,1883472096764.0,,58223882205.0,21428482458925.0,1377761594373.0,0.0,12302378873987.0,0.0,230128842335.0,7388108400000.0,7388108400000.0,2276974234837.0,3590909091.0,1265000328900.0,0.0,947122242885.0,0.0,714375892655.0,714375892655.0,,,,,,,,,,,,,,,,,,,,,,,,,,,,,,,,,
PDR,2023,4,,PDR,balance_sheet,16918363888869.0,505102847949.0,15370299200.0,4116800043665.0,12199560056415.0,81530641640.0,4151458114147.0,0.0,27038307984.0,64783427072.0,1201750674685.0,,955148417418.0,21069822003016.0,11490541713603.0,4605780123849.0,6884761589754.0,9579280289413.0,9579280289413.0,1831751281939.0,,58170865139.0,21069822003016.0,890317474390.0,0.0,12199560056415.0,0.0,230128842335.0,7388108400000.0,7388108400000.0,2290488404619.0,3591009091.0,814680676017.0,0.0,947194376216.0,0.0,733226788580.0,733226788580.0,,,,,,,,,,,,,,,,,,,,,,,,,,,,,,,,,
PDR,2023,3,,PDR,balance_sheet,16504257982540.0,52588363778.0,15370299200.0,4198757359133.0,12157739204076.0,79802756353.0,4086493026341.0,0.0,29780999002.0,65167456832.0,1211047669262.0,,954405653366.0,20590751008881.0,11967955695066.0,9372356080695.0,2595599614371.0,8622795313815.0,8622795313815.0,1550168528206.0,,54355453274.0,20590751008881.0,939266600851.0,0.0,12157739204076.0,0.0,230128842335.0,6716462190000.0,6716462190000.0,1813697514371.0,3613736364.0,1552325916797.0,0.0,946451612164.0,0.0,730636788580.0,730636788580.0,,,,,,,,,,,,,,,,,,,,,,,,,,,,,,,,,
PDR,2023,2,,PDR,balance_sheet,16553998920687.0,213742937322.0,15370299200.0,4073043398544.0,12170539704668.0,81302580953.0,4078737610802.0,0.0,32484497347.0,65551486592.0,1216963661938.0,,955799116215.0,20632736531489.0,12110553974655.0,9571701754549.0,2538852220106.0,8522182556834.0,8522182556834.0,1449549258547.0,,54361965952.0,20632736531489.0,962621833860.0,0.0,12170539704668.0,0.0,230128842335.0,6716462190000.0,6716462190000.0,1756950120106.0,196460238864.0,2132402278454.0,0.0,947845075013.0,0.0,731764056580.0,731764056580.0,,,,,,,,,,,,,,,,,,,,,,,,,,,,,,,,,
PDR,2023,1,,PDR,balance_sheet,17045329224514.0,218270479339.0,15370299200.0,4596964957805.0,12131632973454.0,83090514716.0,4713521177955.0,0.0,35344848863.0,65935516352.0,1861075716747.0,,958383461939.0,21758850402469.0,13511133782036.0,11599468080725.0,1911665701311.0,8247716620433.0,8247716620433.0,1197885016531.0,,54305529826.0,21758850402469.0,965314206106.0,0.0,12131632973454.0,0.0,207383584076.0,6716462190000.0,6716462190000.0,1129621601311.0,1134210138864.0,2346820911548.0,0.0,950402050229.0,0.0,731764056580.0,731764056580.0,,,,,,,,,,,,,,,,,,,,,,,,,,,,,,,,,
PDR,2022,4,,PDR,balance_sheet,18218441715864.0,261762460542.0,9370299200.0,5649830393200.0,12131479447130.0,165999115792.0,4626848883617.0,0.0,38159996196.0,66319546112.0,1776215637325.0,,962139985257.0,22845290599481.0,13575746262358.0,11021774662358.0,2553971600000.0,9269544337123.0,9269544337123.0,1163350811941.0,,1110667451106.0,22845290599481.0,976276816642.0,0.0,12131479447130.0,0.0,207383584076.0,6716462190000.0,6716462190000.0,1771912500000.0,1239363636364.0,2667966838466.0,0.0,954158573547.0,0.0,731764056580.0,731764056580.0,,,,,,,,,,,,,,,,,,,,,,,,,,,,,,,,,
PDR,2022,3,,PDR,balance_sheet,21298511150098.0,50724456762.0,21590348619.0,7614622635028.0,13377931584700.0,233642124989.0,4498965877769.0,0.0,41047643529.0,66703575872.0,1519284027982.0,,1091259993912.0,25797477027867.0,15395601452179.0,11399322658804.0,3996278793375.0,10401875575688.0,10401875575688.0,1431423146596.0,,1974926355016.0,25797477027867.0,2007397145151.0,0.0,13377931584700.0,0.0,207383584076.0,6716462190000.0,6716462190000.0,3184097916663.0,2109970909091.0,2080978986495.0,0.0,1085594963100.0,0.0,768307046580.0,768307046580.0,,,,,,,,,,,,,,,,,,,,,,,,,,,,,,,,,
PDR,2022,2,,PDR,balance_sheet,19287450586917.0,599076439532.0,21590348619.0,5382934032440.0,13106516317809.0,177333448517.0,4230866725695.0,0.0,137002633870.0,67087605632.0,1131206653153.0,,1090445138530.0,23518317312612.0,14721452209792.0,10594672001457.0,4126780208335.0,8796865102820.0,8796865102820.0,714960076504.0,,1086378952240.0,23518317312612.0,1530836882376.0,0.0,13106516317809.0,0.0,207383584076.0,6716462190000.0,6716462190000.0,3344680208335.0,2204368059845.0,1497115578365.0,0.0,1082567178273.0,0.0,794307046580.0,794307046580.0,,,,,,,,,,,,,,,,,,,,,,,,,,,,,,,,,
PDR,2022,1,,PDR,balance_sheet,16079121295715.0,349982710349.0,21590348619.0,3368739750982.0,12225032598521.0,113775887244.0,5456403408169.0,0.0,137269538309.0,67471635392.0,1130332702686.0,,1091155835234.0,21535524703884.0,13147053756272.0,8771544172937.0,4375509583335.0,8388470947612.0,8388470947612.0,2093846588940.0,,1087841314596.0,21535524703884.0,1584741899749.0,0.0,12225032598521.0,0.0,207383584076.0,4927719160000.0,4927719160000.0,3593409583335.0,1426865880698.0,1222561846672.0,0.0,1083277874977.0,0.0,796795046580.0,2046195046580.0,,,,,,,,,,,,,,,,,,,,,,,,,,,,,,,,,
PDR,2021,4,,PDR,balance_sheet,15337063138490.0,494030256209.0,21590348619.0,2533355002642.0,12192038057983.0,96049473037.0,5214815831493.0,0.0,139850329124.0,67855665152.0,1129427677595.0,,1085932384371.0,20551878969983.0,12407367762866.0,8731172971194.0,3676194791672.0,8144511207117.0,8144511207117.0,1875193074780.0,,1090505088261.0,20551878969983.0,756486348133.0,0.0,12192038057983.0,0.0,179413584076.0,4927719160000.0,4927719160000.0,2620094791672.0,1691847194190.0,806850000000.0,0.0,1085254424114.0,0.0,803398046580.0,1831398046580.0,,,,,,,,,,,,,,,,,,,,,,,,,,,,,,,,,
PDR,2021,3,,PDR,balance_sheet,15416365576042.0,290432574198.0,24400348619.0,3120494084572.0,11920885108040.0,60153460613.0,4259755821627.0,0.0,131747025618.0,68239694912.0,1125958000000.0,,1045478561275.0,19676121397669.0,11914428549864.0,4705301143244.0,7209127406620.0,7761692847805.0,7761692847805.0,1126281412331.0,,1576598391398.0,19676121397669.0,1081135216928.0,0.0,11920885108040.0,0.0,179413584076.0,4867719160000.0,4867719160000.0,1640743750004.0,1578642194190.0,507024999999.0,0.0,1044800601018.0,0.0,882982056580.0,932982056580.0,,,,,,,,,,,,,,,,,,,,,,,,,,,,,,,,,
PDR,2021,2,,PDR,balance_sheet,14619763764907.0,296823592596.0,24400348619.0,2227849379267.0,12016853848696.0,53836595729.0,4097697473858.0,0.0,35764183580.0,68623724672.0,1100612000000.0,,1031066384779.0,18717461238765.0,11647336757292.0,5201819767341.0,6445516989951.0,7070124481473.0,7070124481473.0,520878106753.0,,1490433330644.0,18717461238765.0,744494457271.0,0.0,12016853848696.0,0.0,179413584076.0,4867719160000.0,4867719160000.0,898083333335.0,2403569297095.0,482949711113.0,0.0,1031001299187.0,0.0,882982056580.0,932982056580.0,,,,,,,,,,,,,,,,,,,,,,,,,,,,,,,,,
PDR,2021,1,,PDR,balance_sheet,13243061406548.0,7799271377.0,12180299200.0,2537316231204.0,10632120431952.0,53645172815.0,4120349562543.0,0.0,36169038352.0,69007754432.0,1099812000000.0,,1005294586219.0,17363410969091.0,10495781996805.0,4073405727233.0,6422376269572.0,6867628972286.0,6867628972286.0,774595231746.0,,1544077446464.0,17363410969091.0,1056721690116.0,0.0,10632120431952.0,0.0,179413584076.0,4357862410000.0,4357862410000.0,874942612956.0,559685197463.0,1303672211118.0,0.0,1005229500627.0,0.0,939360725470.0,989360725470.0,,,,,,,,,,,,,,,,,,,,,,,,,,,,,,,,,
PDR,2020,4,,PDR,balance_sheet,10915264004748.0,53170282508.0,12180299200.0,1524717512889.0,9308471099961.0,16724810190.0,4676203444036.0,0.0,34077217131.0,69391784192.0,1733949000000.0,,964863443040.0,15591467448784.0,10398076258475.0,4365397783221.0,6032678475254.0,5193391190309.0,5193391190309.0,973031849046.0,,91966487187.0,15591467448784.0,1081812191444.0,0.0,9308471099961.0,0.0,155013584076.0,3961698970000.0,3961698970000.0,485244818638.0,799995008225.0,1413560061129.0,0.0,964520684604.0,0.0,938174914270.0,988174914270.0,,,,,,,,,,,,,,,,,,,,,,,,,,,,,,,,,
PDR,2020,3,,PDR,balance_sheet,12207859858068.0,46289597140.0,0.0,2365534107551.0,9780800106100.0,15236047277.0,3210481930657.0,0.0,36008734699.0,69775813952.0,8047000000.0,,983995277134.0,15418341788725.0,10120088886614.0,4076219798678.0,6043869087936.0,5298252902111.0,5298252902111.0,732218527633.0,,696811620402.0,15418341788725.0,1787414404338.0,0.0,9780800106100.0,0.0,155013584076.0,3702528870000.0,3702528870000.0,492047024320.0,1671822971436.0,1549271875687.0,0.0,983681675261.0,0.0,1148174914270.0,1248174914270.0,,,,,,,,,,,,,,,,,,,,,,,,,,,,,,,,,
PDR,2020,2,,PDR,balance_sheet,10448778141448.0,300162385220.0,0.0,2457716530616.0,7683350383295.0,7548842317.0,3870020381186.0,0.0,15727717193.0,70159843712.0,7147000000.0,,996831428710.0,14318798522634.0,10083278765570.0,4040776802952.0,6042501962618.0,4235519757064.0,4235519757064.0,294471050264.0,,71825952724.0,14318798522634.0,1590584854212.0,0.0,7683350383295.0,0.0,155013584076.0,3702528870000.0,3702528870000.0,495068306002.0,1566153128141.0,1717898375402.0,0.0,996678721382.0,0.0,1332392277281.0,1442392277281.0,,,,,,,,,,,,,,,,,,,,,,,,,,,,,,,,,
PDR,2020,1,,PDR,balance_sheet,9886330819120.0,39490020698.0,0.0,2071881981849.0,7768686072540.0,6272744033.0,3559005360075.0,0.0,15888141856.0,70543873472.0,6617000000.0,,1013954295170.0,13445336179195.0,9311808526554.0,2798696278849.0,6513112247705.0,4133527652641.0,4133527652641.0,635891205255.0,,71862843310.0,13445336179195.0,1181345657094.0,0.0,7768686072540.0,0.0,137513584076.0,3276579720000.0,3276579720000.0,965678591089.0,868457939848.0,1187555726867.0,0.0,1013921399625.0,0.0,1340567024556.0,1450567024556.0,,,,,,,,,,,,,,,,,,,,,,,,,,,,,,,,,
PDR,2019,4,,PDR,balance_sheet,9781388582189.0,646327404464.0,0.0,1729519506303.0,7397337358797.0,8204312625.0,4206131612564.0,0.0,17573105541.0,75415499883.0,5502000000.0,,1033395855796.0,13987520194753.0,9620267230829.0,3116462563213.0,6503804667616.0,4367252963924.0,4367252963924.0,869564072922.0,,71915286926.0,13987520194753.0,755175650677.0,0.0,7397337358797.0,3547309.0,137513584076.0,3276579720000.0,3276579720000.0,956371011000.0,615912551354.0,1219502366381.0,0.0,1033362960251.0,0.0,1466429244555.0,1566429244555.0,,,,,,,,,,,,,,,,,,,,,,,,,,,,,,,,,
PDR,2019,3,,PDR,balance_sheet,9306557855428.0,230345896320.0,0.0,2050579482386.0,7016892432494.0,8740044228.0,3003017417899.0,0.0,18806956149.0,80650800848.0,1954000000.0,,998071219117.0,12309575273327.0,8417081081080.0,1587890321464.0,6829190759616.0,3892494192247.0,3892494192247.0,401245567412.0,,65475020759.0,12309575273327.0,986350451005.0,0.0,7016892432494.0,0.0,137513584076.0,3276579720000.0,3276579720000.0,1281757103000.0,358699652367.0,588827583738.0,0.0,998038323572.0,0.0,1043429244555.0,1119922694555.0,,,,,,,,,,,,,,,,,,,,,,,,,,,,,,,,,
PDR,2019,2,,PDR,balance_sheet,8374664388215.0,198157596266.0,0.0,2329339157370.0,5840279486980.0,6888147599.0,2964001497352.0,0.0,17566494258.0,81050226872.0,1149626686.0,,926938298040.0,11338665885567.0,7605560904649.0,1111713533395.0,6493847371254.0,3733104980918.0,3733104980918.0,241855725749.0,,65475651093.0,11338665885567.0,1184216727256.0,0.0,5840279486980.0,0.0,137513584076.0,3276579720000.0,3276579720000.0,857462342478.0,89342774540.0,498100000000.0,0.0,926905402495.0,0.0,1085588993367.0,1162082443367.0,,,,,,,,,,,,,,,,,,,,,,,,,,,,,,,,,
PDR,2019,1,,PDR,balance_sheet,7083214287290.0,19560810471.0,0.0,2032700657603.0,5023965412184.0,6987407032.0,2952927518444.0,0.0,16286190561.0,81449652896.0,416738173.0,,922177816923.0,10036141805734.0,6384836591311.0,746776562535.0,5638060028776.0,3651305214423.0,3651305214423.0,772745260347.0,,0.0,10036141805734.0,801159343491.0,0.0,5023965412184.0,0.0,137513584076.0,2663890070000.0,2663890070000.0,0.0,34073314118.0,110604718382.0,0.0,922144921378.0,0.0,1082429244555.0,1158922694555.0,,,,,,,,,,,,,,,,,,,,,,,,,,,,,,,,,
PDR,2018,4,,PDR,balance_sheet,8050298505590.0,189341108610.0,0.0,1987986155701.0,5865813659699.0,7157581580.0,3007127697526.0,0.0,10533573446.0,81803718760.0,0.0,,923496194581.0,11057426203116.0,7545416025972.0,791599019356.0,6753817006616.0,3512010177144.0,3512010177144.0,646250223068.0,,65476000000.0,11057426203116.0,759480588629.0,0.0,5865813659699.0,0.0,124713584076.0,2663890070000.0,2663890070000.0,0.0,10173673983.0,0.0,0.0,923019095140.0,0.0,1082292360900.0,1218785810900.0,,,,,,,,,,,,,,,,,,,,,,,,,,,,,,,,,
PDR,2018,3,,PDR,balance_sheet,8254504507599.0,44157150630.0,0.0,1620423393664.0,6561816578178.0,28107385127.0,3187616456899.0,0.0,14057075895.0,195263915143.0,0.0,,934771926127.0,11442120964498.0,8227830952103.0,1428488270603.0,6799342681500.0,3214290012395.0,3214290012395.0,348530058319.0,,65476000000.0,11442120964498.0,854447704202.0,0.0,6561816578178.0,0.0,124713584076.0,2663890070000.0,2663890070000.0,0.0,86531751725.0,1051011706980.0,0.0,934327722231.0,0.0,1132901420900.0,1269394870900.0,,,,,,,,,,,,,,,,,,,,,,,,,,,,,,,,,
PDR,2018,2,,PDR,balance_sheet,8000028532778.0,15209202047.0,0.0,1503775509685.0,6451204823364.0,29838997682.0,3179276769935.0,0.0,14704341352.0,186871066696.0,0.0,,934631482972.0,11179305302713.0,8069017299278.0,1384337677778.0,6684679621500.0,3110288003435.0,3110288003435.0,244528049359.0,,65476000000.0,11179305302713.0,835963880509.0,0.0,6451204823364.0,0.0,124713584076.0,2663890070000.0,2663890070000.0,0.0,49753033955.0,888041037170.0,0.0,934187279076.0,0.0,1132893751900.0,1269387201900.0,,,,,,,,,,,,,,,,,,,,,,,,,,,,,,,,,
PDR,2018,1,,PDR,balance_sheet,8960089679557.0,10090035327.0,0.0,2602374429353.0,6322503841751.0,25121373126.0,1625697854713.0,0.0,7715262374.0,187263696457.0,42748665217.0,,17733537880.0,10585787534270.0,7628609742744.0,1597203198744.0,6031406544000.0,2957177791526.0,2957177791526.0,600874677450.0,,0.0,10585787534270.0,1461074782326.0,0.0,6322503841751.0,0.0,124713584076.0,2219909230000.0,2219909230000.0,0.0,618887199132.0,400000000000.0,0.0,17289333984.0,0.0,1149867751900.0,1302361201900.0,,,,,,,,,,,,,,,,,,,,,,,,,,,,,,,,,
PDR,2017,4,,PDR,balance_sheet,7180058402058.0,144054693984.0,0.0,899506054959.0,6089231623616.0,47266029499.0,2770315073003.0,0.0,8058761804.0,189192445258.0,352253774201.0,,21580464398.0,9950373475061.0,7115809896200.0,1074677582738.0,6041132313462.0,2834563578861.0,2834563578861.0,500260464785.0,,0.0,9950373475061.0,92889632422.0,0.0,6089231623616.0,0.0,102713584076.0,2219909230000.0,2219909230000.0,0.0,694133219473.0,47196419134.0,0.0,21067019225.0,51480000000.0,1310036461900.0,2131749059879.0,,,,,,,,,,,,,,,,,,,,,,,,,,,,,,,,,
PDR,2017,3,,PDR,balance_sheet,8949471646927.0,156984831461.0,0.0,1495875470197.0,7280860944447.0,15750400822.0,881210276279.0,0.0,7335739512.0,189201045259.0,343865556446.0,,17887171794.0,9830681923206.0,7203697424430.0,2684703380802.0,4518994043628.0,2626984498776.0,2626984498776.0,292681384700.0,,0.0,9830681923206.0,652260906855.0,0.0,7280860944447.0,0.0,102713584076.0,2219909230000.0,2219909230000.0,2201188650000.0,1617555064688.0,47196419134.0,0.0,17322963853.0,51480000000.0,256939751900.0,256939751900.0,,,,,,,,,,,,,,,,,,,,,,,,,,,,,,,,,
PDR,2017,2,,PDR,balance_sheet,8606000906337.0,112592465026.0,0.0,1073232766451.0,7415965095600.0,4210579260.0,916667477972.0,0.0,6310317637.0,188441585740.0,343865556446.0,,23104368904.0,9522668384309.0,7009194473963.0,2438697172001.0,4570497301962.0,2513473910346.0,2513473910346.0,179170796270.0,,0.0,9522668384309.0,637592806218.0,0.0,7415965095600.0,0.0,102713584076.0,2219909230000.0,2219909230000.0,2331141791502.0,1650269906313.0,47651419134.0,0.0,21946963521.0,51480000000.0,260539751900.0,272083084900.0,,,,,,,,,,,,,,,,,,,,,,,,,,,,,,,,,
PDR,2017,1,,PDR,balance_sheet,8421974817617.0,290935367010.0,0.0,644384834714.0,7480592855711.0,6061760182.0,917267795168.0,0.0,2165691718.0,193133975101.0,345550287768.0,,23242773640.0,9339242612785.0,6905940190731.0,1865250043730.0,5040690147001.0,2433302422054.0,2433302422054.0,300808827978.0,,0.0,9339242612785.0,204507389449.0,0.0,7480592855711.0,0.0,102713584076.0,2018099710000.0,2018099710000.0,2801688002150.0,860674111477.0,395839471573.0,0.0,22257445739.0,51480000000.0,260539751900.0,272083084900.0,,,,,,,,,,,,,,,,,,,,,,,,,,,,,,,,,
PDR,2016,4,,PDR,balance_sheet,8060701553883.0,149428415321.0,0.0,590893209769.0,7316019345496.0,4360583297.0,938256709673.0,0.0,9601896225.0,186245534036.0,343312389993.0,,15740681776.0,8998958263556.0,6595506080437.0,1675014870117.0,4920491210320.0,2403452183119.0,2403452183119.0,288258589043.0,,0.0,8998958263556.0,170687145859.0,0.0,7316019345496.0,0.0,85413584076.0,2018099710000.0,2018099710000.0,2807288002150.0,616586623102.0,434359131796.0,0.0,15740681776.0,47312389993.0,260539751900.0,282233384900.0,,,,,,,,,,,,,,,,,,,,,,,,,,,,,,,,,
PDR,2016,3,,PDR,balance_sheet,8070874169588.0,49814042027.0,0.0,762546995473.0,7248616243387.0,9896888701.0,1297821007639.0,0.0,156383840.0,118050748841.0,345242102225.0,,27676130167.0,9368695177227.0,7038418254715.0,2226154110559.0,4812264144156.0,2330276922512.0,2330276922512.0,215083328436.0,,0.0,9368695177227.0,259728051815.0,0.0,7248616243387.0,0.0,85413584076.0,2018099710000.0,2018099710000.0,2807288002150.0,1201901058596.0,477928717929.0,0.0,27676130167.0,49242102225.0,245986800000.0,303655207099.0,,,,,,,,,,,,,,,,,,,,,,,,,,,,,,,,,
PDR,2016,2,,PDR,balance_sheet,7723173698049.0,73577117515.0,0.0,699489718248.0,6940655562345.0,9451299941.0,1221132657815.0,0.0,244481595.0,118085251007.0,345762102225.0,,25265678579.0,8944306355864.0,6624343253477.0,1871783818982.0,4752559434495.0,2319963102387.0,2319963102387.0,204769508311.0,,0.0,8944306355864.0,245545943433.0,0.0,6940655562345.0,0.0,85413584076.0,2018099710000.0,2018099710000.0,2838938002150.0,839623988108.0,477329538202.0,0.0,25265678579.0,49762102225.0,205868800000.0,255286839859.0,,,,,,,,,,,,,,,,,,,,,,,,,,,,,,,,,
PDR,2016,1,,PDR,balance_sheet,7240843900427.0,14831308236.0,0.0,741396154580.0,6475145762154.0,9470675457.0,836870412420.0,0.0,313624360.0,118119753173.0,345762102225.0,,23330594018.0,8077714312847.0,5789831447356.0,1637007035899.0,4152824411457.0,2287882865491.0,2287882865491.0,172678569815.0,,10701600.0,8077714312847.0,269115066131.0,0.0,6475145762154.0,0.0,85413584076.0,2018099710000.0,2018099710000.0,2569583663938.0,405527852031.0,514932322882.0,1976674075.0,20509063034.0,0.0,163000000000.0,171149131859.0,,,,,,,,,,,,,,,,,,,,,,,,,,,,,,,,,
PDR,2015,4,,PDR,balance_sheet,6638237077381.0,31084270326.0,0.0,565139657860.0,6029739625767.0,12273523428.0,862008326747.0,0.0,427312582.0,118154255339.0,348000000000.0,,19281881338.0,7500245404128.0,5226345546768.0,1489841355670.0,3736504191098.0,2273899857360.0,2273899857360.0,167661601996.0,,24961288.0,7500245404128.0,228489865454.0,0.0,6029739625767.0,0.0,76113584076.0,2018099710000.0,2018099710000.0,2243872650000.0,306323768234.0,478410596000.0,2619287674.0,16662593664.0,0.0,187721600000.0,260323790000.0,,,,,,,,,,,,,,,,,,,,,,,,,,,,,,,,,
PDR,2015,3,,PDR,balance_sheet,6508590889445.0,165011345969.0,0.0,620787337898.0,5713348899225.0,9443306353.0,719414042944.0,0.0,558342519.0,118188757505.0,348000000000.0,,10249575896.0,7228004932389.0,5033234825978.0,1511746735755.0,3521488090223.0,2194770106411.0,2194770106411.0,88531847422.0,,24964913.0,7228004932389.0,301612042810.0,0.0,5713348899225.0,0.0,76113584076.0,2018099710000.0,2018099710000.0,2088272650000.0,314591526189.0,537410596000.0,2374006621.0,7875569275.0,0.0,47320000000.0,47320000000.0,,,,,,,,,,,,,,,,,,,,,,,,,,,,,,,,,
PDR,2015,2,,PDR,balance_sheet,6225743680794.0,65593339876.0,0.0,564112539817.0,5589814790892.0,6223010209.0,359671714830.0,0.0,595265558.0,118223259671.0,97000000000.0,,3595744463.0,6585415395624.0,5065051942674.0,1542840778315.0,3522211164359.0,1520363452950.0,1520363452950.0,130235607291.0,,14261583.0,6585415395624.0,290231085111.0,0.0,5589814790892.0,0.0,76113584076.0,1302000000000.0,1302000000000.0,2175040650000.0,87146508393.0,792177596000.0,2136944947.0,1458799516.0,0.0,47320000000.0,47320000000.0,,,,,,,,,,,,,,,,,,,,,,,,,,,,,,,,,
PDR,2015,1,,PDR,balance_sheet,5930361739837.0,65826199446.0,0.0,357439474969.0,5499609768360.0,7486297062.0,349339697389.0,0.0,204028486504.0,0.0,97000000000.0,,48311210885.0,6279701437226.0,4789779571933.0,1411128845522.0,3378650726411.0,1489921865293.0,1489921865293.0,99808281217.0,,0.0,6279701437226.0,137768376049.0,0.0,5499609768360.0,78800000.0,76113584076.0,1302000000000.0,1302000000000.0,2106765460000.0,72825794970.0,690850596000.0,0.0,991210885.0,0.0,0.0,0.0,,,,,,,,,,,,,,,,,,,,,,,,,,,,,,,,,
PDR,2014,4,,PDR,balance_sheet,5731924499977.0,7945617347.0,0.0,311398047984.0,5410268937735.0,2311896911.0,347562762802.0,0.0,202167355456.0,0.0,97000000000.0,,48395407346.0,6079487262779.0,4610919284487.0,1566456245394.0,3044463039093.0,1468567978292.0,1468567978292.0,81454394216.0,,0.0,6079487262779.0,108767703691.0,0.0,5410268937735.0,55800000.0,48742334076.0,1302000000000.0,1302000000000.0,1812922460000.0,95909109025.0,904681096000.0,0.0,1075407346.0,0.0,0.0,0.0,,,,,,,,,,,,,,,,,,,,,,,,,,,,,,,,,
PDR,2014,3,,PDR,balance_sheet,5780205957289.0,13305974685.0,0.0,261237126538.0,5495921996050.0,9740860016.0,345640682990.0,0.0,199440250281.0,0.0,97000000000.0,,49200432709.0,6125846640279.0,4690618809246.0,1588367898909.0,3102250910337.0,1435227831033.0,1435227831033.0,48114246957.0,,0.0,6125846640279.0,60293386499.0,0.0,5495921996050.0,395300000.0,48742334076.0,1302000000000.0,1302000000000.0,1929744300000.0,376097460949.0,807693000000.0,0.0,1196805360.0,0.0,0.0,0.0,,,,,,,,,,,,,,,,,,,,,,,,,,,,,,,,,
PDR,2014,2,,PDR,balance_sheet,5553694579678.0,3874793497.0,0.0,166347074905.0,5376004970138.0,7467741138.0,294862785845.0,0.0,198304692396.0,0.0,45000000000.0,,51558093449.0,5848557365523.0,4420878307489.0,1355510427384.0,3065367880105.0,1427679058034.0,1427679058034.0,40565473958.0,,0.0,5848557365523.0,35835371380.0,0.0,5376004970138.0,86300000.0,48742334076.0,1302000000000.0,1302000000000.0,2013830074091.0,335796924689.0,723610225909.0,0.0,1363132690.0,0.0,0.0,0.0,,,,,,,,,,,,,,,,,,,,,,,,,,,,,,,,,
PDR,2014,1,,PDR,balance_sheet,5477325110829.0,5845029642.0,0.0,192270366465.0,5270884724841.0,8324989881.0,294290273674.0,0.0,197016837931.0,0.0,45000000000.0,,52273435743.0,5771615384503.0,4343993025299.0,804660940244.0,3539332085055.0,1427622359204.0,1427622359204.0,40508775128.0,,0.0,5771615384503.0,32654310394.0,0.0,5270884724841.0,55146000.0,48742334076.0,1302000000000.0,1302000000000.0,2449221424091.0,320897075371.0,330040225909.0,0.0,1979559929.0,0.0,0.0,0.0,,,,,,,,,,,,,,,,,,,,,,,,,,,,,,,,,
PDR,2013,4,,PDR,balance_sheet,5354363507629.0,7433287158.0,0.0,183813952640.0,5155724883965.0,7391383866.0,295501783779.0,0.0,197131587978.0,0.0,45000000000.0,,53370195801.0,5649865291408.0,4221774632324.0,650234241544.0,3571540390780.0,1428090659084.0,1428090659084.0,40977075008.0,,0.0,5649865291408.0,42029714914.0,0.0,5155724883965.0,11300000.0,48742334076.0,1302000000000.0,1302000000000.0,2579313650000.0,308325811380.0,194278000000.0,0.0,2595289584.0,0.0,0.0,0.0,,,,,,,,,,,,,,,,,,,,,,,,,,,,,,,,,
PDR,2013,3,,PDR,balance_sheet,5255372356514.0,9481770214.0,0.0,204281286474.0,5036152424367.0,5456875459.0,296363626552.0,0.0,197153202366.0,0.0,45000000000.0,,54210424186.0,5551735983066.0,4124889282024.0,1480167837138.0,2644721444886.0,1426846701042.0,1426846701042.0,39733116966.0,,0.0,5551735983066.0,35807274536.0,0.0,5036152424367.0,19300000.0,48742334076.0,1302000000000.0,1302000000000.0,1980863650000.0,294238155493.0,798728000000.0,0.0,3435517969.0,0.0,0.0,0.0,,,,,,,,,,,,,,,,,,,,,,,,,,,,,,,,,
PDR,2013,2,,PDR,balance_sheet,5135069335071.0,3413398881.0,0.0,204323659051.0,4920596547461.0,6735729678.0,296226164947.0,0.0,196151173079.0,0.0,45000000000.0,,55074991868.0,5431295500018.0,4004842888673.0,1390811776283.0,2614031112390.0,1426452611345.0,1426452611345.0,39339027269.0,,0.0,5431295500018.0,30130597670.0,0.0,4920596547461.0,64600000.0,48742334076.0,1302000000000.0,1302000000000.0,2030163650000.0,271709051187.0,749428000000.0,0.0,4300085651.0,0.0,0.0,0.0,,,,,,,,,,,,,,,,,,,,,,,,,,,,,,,,,
PDR,2013,1,,PDR,balance_sheet,5018610176849.0,6003975679.0,0.0,217103480123.0,4788935070027.0,6567651020.0,295830232508.0,0.0,194000474298.0,0.0,45000000000.0,,56829758210.0,5314440409357.0,3888355091408.0,1529413515018.0,2358941576390.0,1426085317949.0,1426085317949.0,38971733873.0,,0.0,5314440409357.0,38900131879.0,0.0,4788935070027.0,66600000.0,48742334076.0,1302000000000.0,1302000000000.0,1824741000000.0,272388205787.0,954850650000.0,0.0,6054851993.0,0.0,0.0,0.0,,,,,,,,,,,,,,,,,,,,,,,,,,,,,,,,,
STB,2025,4,0.0,STB,balance_sheet,,5401563000000.0,,,,,,,7044615000000.0,14521000000.0,81971000000.0,,,917119803000000.0,857253059000000.0,,,59866744000000.0,,31294226000000.0,,0.0,917119803000000.0,,,,,,,18852157000000.0,,,,,,96642000000.0,,,18059258000000.0,172510005000000.0,0.0,0.0,0.0,234999000000.0,606336391000000.0,626392336000000.0,-20055945000000.0,92129699000000.0,33048362000000.0,67177859000000.0,-8096522000000.0,0.0,0.0,-14671000000.0,4132288000000.0,2912327000000.0,15306781000000.0,22246916000000.0,156037068000000.0,618341672000000.0,0.0,568659000000.0,39184704000000.0,20874040000000.0,20601582000000.0,8024349000000.0,-53413000000.0,,653000000.0,,0.0
STB,2025,3,0.0,STB,balance_sheet,,9149135000000.0,,,,,,,7110464000000.0,15012000000.0,82140000000.0,,,848942045000000.0,786237253000000.0,,,62704792000000.0,,34050669000000.0,,0.0,848942045000000.0,,,,,,,18852157000000.0,,,,,,96642000000.0,,,17820517000000.0,117154937000000.0,0.0,0.0,0.0,55234000000.0,590505804000000.0,606048204000000.0,-15542400000000.0,94107078000000.0,29695789000000.0,72551848000000.0,-8140559000000.0,0.0,0.0,-14502000000.0,4176697000000.0,2933767000000.0,12941724000000.0,325215000000.0,82473757000000.0,641102057000000.0,0.0,512533000000.0,38779004000000.0,23044687000000.0,20601582000000.0,8024474000000.0,28067000000.0,,653000000.0,,0.0
STB,2025,2,0.0,STB,balance_sheet,,8185140000000.0,,,,,,,7205630000000.0,15503000000.0,82140000000.0,,,807339224000000.0,747518017000000.0,,,59821207000000.0,,31148437000000.0,,0.0,807339224000000.0,,,,,,,18852157000000.0,,,,,,96642000000.0,,,17032478000000.0,100602320000000.0,0.0,0.0,0.0,0.0,577041997000000.0,587960029000000.0,-10918032000000.0,84045030000000.0,19625915000000.0,76133976000000.0,-11714861000000.0,0.0,0.0,-14502000000.0,4269750000000.0,2935880000000.0,13128986000000.0,5246934000000.0,60686995000000.0,624314777000000.0,28358000000.0,511431000000.0,36558656000000.0,20170866000000.0,20601582000000.0,8024474000000.0,46714000000.0,,653000000.0,,0.0
STB,2025,1,0.0,STB,balance_sheet,,8497715000000.0,,,,,,,7357477000000.0,0.0,82204000000.0,,,757093326000000.0,699230949000000.0,,,57862377000000.0,,31326809000000.0,,0.0,757093326000000.0,,,,,,,18852157000000.0,,,,,,96642000000.0,,,16074591000000.0,76157728000000.0,0.0,0.0,0.0,0.0,553760842000000.0,564327201000000.0,-10566359000000.0,84005851000000.0,21735039000000.0,74040800000000.0,-11769988000000.0,0.0,0.0,-14438000000.0,4373022000000.0,2984455000000.0,11156918000000.0,4336215000000.0,56408256000000.0,585569336000000.0,275515000000.0,473523000000.0,34031754000000.0,18136350000000.0,20601582000000.0,6082598000000.0,-148612000000.0,,653000000.0,,0.0
STB,2024,4,0.0,STB,balance_sheet,,8214653000000.0,,,,,,,7355128000000.0,0.0,82204000000.0,,,748094546000000.0,693122476000000.0,,,54972070000000.0,,28426115000000.0,,0.0,748094546000000.0,,,,,,,18852157000000.0,,,,,,96642000000.0,,,17644155000000.0,88241176000000.0,0.0,0.0,0.0,0.0,530448003000000.0,539314658000000.0,-8866655000000.0,85648177000000.0,23554968000000.0,75363197000000.0,-13269988000000.0,0.0,0.0,-14438000000.0,4375198000000.0,2979930000000.0,10461050000000.0,54255000000.0,70655292000000.0,566881814000000.0,54007000000.0,449009000000.0,36753523000000.0,18274576000000.0,20601582000000.0,6082598000000.0,-138225000000.0,,653000000.0,,0.0
STB,2024,3,0.0,STB,balance_sheet,,8901439000000.0,,,,,,,7384591000000.0,0.0,82204000000.0,,,702985596000000.0,651705096000000.0,,,51280500000000.0,,24830154000000.0,,0.0,702985596000000.0,,,,,,,18852157000000.0,,,,,,96642000000.0,,,15450839000000.0,60284996000000.0,0.0,0.0,0.0,35667000000.0,515738627000000.0,525493361000000.0,-9754734000000.0,82871482000000.0,22674860000000.0,73855684000000.0,-13659062000000.0,0.0,0.0,-14438000000.0,4360032000000.0,3024559000000.0,12235751000000.0,48635000000.0,32209145000000.0,566724116000000.0,0.0,363063000000.0,34706778000000.0,17653359000000.0,20601582000000.0,6080481000000.0,-231717000000.0,,653000000.0,,0.0
STB,2024,2,0.0,STB,balance_sheet,,7051295000000.0,,,,,,,7273402000000.0,0.0,82204000000.0,,,717312771000000.0,668234822000000.0,,,49077949000000.0,,22628981000000.0,,0.0,717312771000000.0,,,,,,,18852157000000.0,,,,,,96642000000.0,,,14973908000000.0,71385725000000.0,0.0,0.0,0.0,138180000000.0,507883143000000.0,516634843000000.0,-8751700000000.0,86118121000000.0,26081093000000.0,74613332000000.0,-14576304000000.0,0.0,0.0,-14438000000.0,4295099000000.0,2978303000000.0,22406793000000.0,2834962000000.0,51333953000000.0,549184397000000.0,0.0,331589000000.0,37854969000000.0,26694952000000.0,20601582000000.0,6080481000000.0,-233095000000.0,,653000000.0,,0.0
STB,2024,1,0.0,STB,balance_sheet,,8487570000000.0,,,,,,,7376050000000.0,0.0,82642000000.0,,,693534553000000.0,645625554000000.0,,,47908999000000.0,,22496034000000.0,,0.0,693534553000000.0,,,,,,,18852157000000.0,,,,,,97014000000.0,,,15798185000000.0,56985715000000.0,0.0,0.0,0.0,0.0,492140463000000.0,500408346000000.0,-8267883000000.0,75698223000000.0,20617717000000.0,69664680000000.0,-14584174000000.0,0.0,0.0,-14372000000.0,4352829000000.0,3023221000000.0,36965705000000.0,18685000000.0,40646857000000.0,533358461000000.0,183448000000.0,368921000000.0,31828758000000.0,39220424000000.0,20601582000000.0,4971157000000.0,-159774000000.0,,653000000.0,,0.0
STB,2023,4,0.0,STB,balance_sheet,,7545270000000.0,,,,,,,7269440000000.0,0.0,82642000000.0,,,674389660000000.0,628655796000000.0,,,45733864000000.0,,20386614000000.0,,0.0,674389660000000.0,,,,,,,18852157000000.0,,,,,,97014000000.0,,,12848045000000.0,50332971000000.0,0.0,0.0,0.0,0.0,475169108000000.0,482731122000000.0,-7562014000000.0,74635845000000.0,22562535000000.0,66688978000000.0,-14615668000000.0,0.0,0.0,-14372000000.0,4282772000000.0,2986668000000.0,46506339000000.0,19328000000.0,37950111000000.0,510744394000000.0,91459000000.0,323147000000.0,28992491000000.0,50534866000000.0,20601582000000.0,4971157000000.0,-225489000000.0,,653000000.0,,0.0
STB,2023,3,0.0,STB,balance_sheet,,10291802000000.0,,,,,,,7221610000000.0,0.0,82663000000.0,,,651288299000000.0,607578312000000.0,,,43709987000000.0,,18130233000000.0,,0.0,651288299000000.0,,,,,,,18852157000000.0,,,,,,97014000000.0,,,13211925000000.0,46344192000000.0,3000000000000.0,3000000000000.0,0.0,0.0,465403139000000.0,472073361000000.0,-6670222000000.0,72546634000000.0,23336309000000.0,65908630000000.0,-16698305000000.0,0.0,0.0,-14351000000.0,4200104000000.0,3021506000000.0,33186334000000.0,27687000000.0,29634107000000.0,507833203000000.0,213189000000.0,350267000000.0,27098777000000.0,42421082000000.0,20601582000000.0,4968603000000.0,9569000000.0,,653000000.0,,0.0
STB,2023,2,0.0,STB,balance_sheet,,10561798000000.0,,,,,,,7125339000000.0,0.0,82663000000.0,,,622177662000000.0,580384648000000.0,,,41793014000000.0,,16592657000000.0,,0.0,622177662000000.0,,,,,,,18852157000000.0,,,,,,97014000000.0,,,13551669000000.0,38192614000000.0,0.0,0.0,0.0,120875000000.0,454128489000000.0,460470628000000.0,-6342139000000.0,72552990000000.0,24991716000000.0,63765996000000.0,-16204722000000.0,0.0,0.0,-14351000000.0,4137555000000.0,2987784000000.0,25861225000000.0,28707000000.0,18123332000000.0,501583494000000.0,0.0,228810000000.0,29066642000000.0,31353663000000.0,20601582000000.0,4905388000000.0,-306613000000.0,,653000000.0,,0.0
STB,2023,1,0.0,STB,balance_sheet,,10542632000000.0,,,,,,,7326557000000.0,0.0,88812000000.0,,,596693994000000.0,556136201000000.0,,,40557793000000.0,,15890310000000.0,,0.0,596693994000000.0,,,,,,,18852157000000.0,,,,,,97014000000.0,,,12581859000000.0,31349277000000.0,0.0,0.0,0.0,76990000000.0,442922318000000.0,448469026000000.0,-5546708000000.0,66626089000000.0,24631616000000.0,57717534000000.0,-15723061000000.0,0.0,0.0,-8202000000.0,4265650000000.0,3060907000000.0,25126092000000.0,33962000000.0,24549053000000.0,478789403000000.0,0.0,270746000000.0,25857130000000.0,26635907000000.0,20601582000000.0,4223224000000.0,-157323000000.0,,653000000.0,,0.0
STB,2022,4,0.0,STB,balance_sheet,,7849898000000.0,,,,,,,7547677000000.0,0.0,88812000000.0,,,591994201000000.0,553367205000000.0,,,38626996000000.0,,13971682000000.0,,0.0,591994201000000.0,,,,,,,18852157000000.0,,,,,,97014000000.0,,,12286117000000.0,25293585000000.0,0.0,0.0,0.0,109858000000.0,432997593000000.0,438627777000000.0,-5630184000000.0,68844379000000.0,27896339000000.0,55551832000000.0,-14603792000000.0,0.0,0.0,-8202000000.0,4489795000000.0,3057882000000.0,36873640000000.0,9901209000000.0,28430448000000.0,454740496000000.0,0.0,239837000000.0,25820307000000.0,34234908000000.0,20601582000000.0,4223224000000.0,-169492000000.0,,653000000.0,,0.0
STB,2022,3,0.0,STB,balance_sheet,,10350463000000.0,,,,,,,7966533000000.0,0.0,88851000000.0,,,564192851000000.0,527252603000000.0,,,36940248000000.0,,12246611000000.0,,0.0,564192851000000.0,,,,,,,18852157000000.0,,,,,,97014000000.0,,,12568881000000.0,18024063000000.0,0.0,0.0,0.0,67684000000.0,414922969000000.0,420748053000000.0,-5825084000000.0,73973705000000.0,28808299000000.0,56218420000000.0,-11053014000000.0,0.0,0.0,-8163000000.0,4574837000000.0,3391696000000.0,26059892000000.0,51577000000.0,17692685000000.0,457890375000000.0,0.0,225709000000.0,26674466000000.0,24717791000000.0,20601582000000.0,4234329000000.0,-142274000000.0,,653000000.0,,0.0
STB,2022,2,0.0,STB,balance_sheet,,9744491000000.0,,,,,,,7847586000000.0,0.0,88851000000.0,,,551422119000000.0,515623994000000.0,,,35798125000000.0,,11035004000000.0,,0.0,551422119000000.0,,,,,,,18852157000000.0,,,,,,97014000000.0,,,12626666000000.0,17876787000000.0,0.0,0.0,0.0,0.0,407251198000000.0,414561633000000.0,-7310435000000.0,70973383000000.0,27511458000000.0,52200244000000.0,-8738319000000.0,0.0,0.0,-8163000000.0,4501298000000.0,3346288000000.0,24819452000000.0,62995000000.0,14376406000000.0,456417837000000.0,26316000000.0,195713000000.0,22066268000000.0,22478459000000.0,20601582000000.0,4234329000000.0,-72790000000.0,,653000000.0,,0.0
STB,2022,1,0.0,STB,balance_sheet,,9874000000000.0,,,,,,,8096330000000.0,0.0,88968000000.0,,,552539011000000.0,517057918000000.0,,,35481093000000.0,,11155093000000.0,,0.0,552539011000000.0,,,,,,,18852157000000.0,,,,,,97014000000.0,,,12383902000000.0,13222053000000.0,0.0,0.0,0.0,0.0,405918816000000.0,413027822000000.0,-7109006000000.0,73320764000000.0,28758761000000.0,51266316000000.0,-6704313000000.0,0.0,0.0,-8046000000.0,4454824000000.0,3641506000000.0,29445418000000.0,58599000000.0,17660693000000.0,457791917000000.0,90861000000.0,259798000000.0,20588726000000.0,20607324000000.0,20601582000000.0,3715274000000.0,9144000000.0,,653000000.0,,0.0
STB,2021,4,0.0,STB,balance_sheet,,8222365000000.0,,,,,,,8195276000000.0,0.0,88968000000.0,,,521196331000000.0,486934994000000.0,,,34261337000000.0,,9907117000000.0,,0.0,521196331000000.0,,,,,,,18852157000000.0,,,,,,97014000000.0,,,12169867000000.0,8353579000000.0,0.0,0.0,0.0,0.0,381012317000000.0,387929596000000.0,-6917279000000.0,69746137000000.0,34048080000000.0,41650354000000.0,-5952297000000.0,0.0,0.0,-8046000000.0,4518674000000.0,3676602000000.0,33219052000000.0,522745000000.0,15229099000000.0,427386772000000.0,108003000000.0,278940000000.0,21103779000000.0,22305656000000.0,20601582000000.0,3715274000000.0,37364000000.0,,653000000.0,,0.0
STB,2021,3,0.0,STB,balance_sheet,,11464379000000.0,,,,,,,8193844000000.0,0.0,89173000000.0,,,494294982000000.0,460911837000000.0,,,33383145000000.0,,9050746000000.0,,0.0,494294982000000.0,,,,,,,18852157000000.0,,,,,,119064000000.0,,,12854927000000.0,7772007000000.0,0.0,0.0,0.0,49379000000.0,350191352000000.0,356440303000000.0,-6248951000000.0,72556298000000.0,35361176000000.0,42984242000000.0,-5789120000000.0,0.0,0.0,-29891000000.0,4569415000000.0,3624429000000.0,30841079000000.0,89359000000.0,6958706000000.0,418839499000000.0,0.0,305885000000.0,16742770000000.0,17975618000000.0,20601582000000.0,3713778000000.0,17039000000.0,,653000000.0,,0.0
STB,2021,2,0.0,STB,balance_sheet,,9907548000000.0,,,,,,,8475762000000.0,0.0,227872000000.0,,,504533717000000.0,474149926000000.0,,,30383791000000.0,,8411018000000.0,,0.0,504533717000000.0,,,,,,,18852157000000.0,,,,,,257764000000.0,,,11367139000000.0,13541640000000.0,0.0,0.0,0.0,4442000000.0,355342446000000.0,361109293000000.0,-5766847000000.0,73027416000000.0,40278335000000.0,38114998000000.0,-5365917000000.0,0.0,0.0,-29892000000.0,4666798000000.0,3808964000000.0,32353631000000.0,106912000000.0,8855610000000.0,433943764000000.0,0.0,240365000000.0,13706978000000.0,17296297000000.0,18166632000000.0,3713778000000.0,92363000000.0,,653000000.0,,0.0
STB,2021,1,0.0,STB,balance_sheet,,9120193000000.0,,,,,,,8473407000000.0,0.0,124593000000.0,,,497427679000000.0,467693809000000.0,,,29733870000000.0,,8105851000000.0,,0.0,497427679000000.0,,,,,,,18852157000000.0,,,,,,257764000000.0,,,11896701000000.0,8631605000000.0,0.0,0.0,0.0,22350000000.0,351318425000000.0,356974593000000.0,-5656168000000.0,72358815000000.0,47644668000000.0,29313443000000.0,-4599296000000.0,0.0,0.0,-133171000000.0,4695443000000.0,3777964000000.0,35195284000000.0,124746000000.0,8462783000000.0,431136898000000.0,0.0,245560000000.0,12867196000000.0,14856626000000.0,18166632000000.0,3336508000000.0,124879000000.0,,653000000.0,,0.0
STB,2020,4,0.0,STB,balance_sheet,,7678553000000.0,,,,,,,8575424000000.0,0.0,124593000000.0,,,492636633000000.0,463680391000000.0,,,28956242000000.0,,7303619000000.0,,0.0,492636633000000.0,,,,,,,18852157000000.0,,,,,,257764000000.0,,,10052590000000.0,18397370000000.0,0.0,0.0,0.0,19677000000.0,334854576000000.0,340268127000000.0,-5413551000000.0,75276731000000.0,52227759000000.0,27322052000000.0,-4273080000000.0,0.0,0.0,-133171000000.0,4746484000000.0,3828940000000.0,37355604000000.0,143528000000.0,7880006000000.0,427971850000000.0,0.0,229445000000.0,11144140000000.0,16311422000000.0,18166632000000.0,3336508000000.0,149483000000.0,,653000000.0,,0.0
STB,2020,3,0.0,STB,balance_sheet,,10408936000000.0,,,,,,,8378155000000.0,0.0,106593000000.0,,,485212606000000.0,457008004000000.0,,,28204602000000.0,,6458945000000.0,,0.0,485212606000000.0,,,,,,,18852157000000.0,,,,,,291031000000.0,,,12059124000000.0,18315548000000.0,0.0,0.0,0.0,11753000000.0,315149610000000.0,320214546000000.0,-5064936000000.0,81641204000000.0,55046619000000.0,30986196000000.0,-4391611000000.0,0.0,0.0,-184438000000.0,4628717000000.0,3749438000000.0,38808617000000.0,163308000000.0,3248072000000.0,428953971000000.0,0.0,158080000000.0,9480003000000.0,15004570000000.0,18166632000000.0,3335011000000.0,244014000000.0,,653000000.0,,0.0
STB,2020,2,0.0,STB,balance_sheet,,8415378000000.0,,,,,,,8182222000000.0,0.0,106593000000.0,,,481897995000000.0,454450293000000.0,,,27447702000000.0,,5747777000000.0,,0.0,481897995000000.0,,,,,,,18852157000000.0,,,,,,298971000000.0,,,14113254000000.0,26355210000000.0,0.0,0.0,0.0,34401000000.0,306059137000000.0,310694975000000.0,-4635838000000.0,78478900000000.0,50648556000000.0,32129506000000.0,-4299162000000.0,0.0,0.0,-192378000000.0,4557553000000.0,3624669000000.0,39789459000000.0,187373000000.0,3791656000000.0,426236433000000.0,0.0,157866000000.0,9481519000000.0,14595446000000.0,18166632000000.0,3335011000000.0,198282000000.0,,653000000.0,,0.0
STB,2020,1,0.0,STB,balance_sheet,,10993565000000.0,,,,,,,8215636000000.0,0.0,103854000000.0,,,459076447000000.0,431529902000000.0,,,27546545000000.0,,6152016000000.0,,0.0,459076447000000.0,,,,,,,18852157000000.0,,,,,,298971000000.0,,,11426800000000.0,8354076000000.0,363600000000.0,363600000000.0,0.0,0.0,302176406000000.0,306298730000000.0,-4122324000000.0,77440466000000.0,48830146000000.0,32682338000000.0,-4072018000000.0,0.0,0.0,-195117000000.0,4623957000000.0,3591679000000.0,39601970000000.0,212371000000.0,3844034000000.0,405709054000000.0,82380000000.0,161661000000.0,9485396000000.0,12035006000000.0,18166632000000.0,2991963000000.0,235934000000.0,,653000000.0,,0.0
STB,2019,4,0.0,STB,balance_sheet,,8269373000000.0,,,,,,,8289968000000.0,0.0,103854000000.0,,,453581057000000.0,426839417000000.0,,,26741640000000.0,,5411564000000.0,,0.0,453581057000000.0,,,,,,,18852157000000.0,,,,,,298971000000.0,,,12109861000000.0,13150915000000.0,0.0,0.0,0.0,24465000000.0,292058715000000.0,296029774000000.0,-3971059000000.0,76497497000000.0,46890019000000.0,33647189000000.0,-4039711000000.0,0.0,0.0,-195117000000.0,4697387000000.0,3592581000000.0,42652956000000.0,241539000000.0,3525560000000.0,400844380000000.0,0.0,83606000000.0,9490048000000.0,12654284000000.0,18166632000000.0,2963901000000.0,199543000000.0,,653000000.0,,0.0
STB,2019,3,0.0,STB,balance_sheet,,10755152000000.0,,,,,,,8233474000000.0,0.0,139893000000.0,,,450200240000000.0,423970384000000.0,,,26229856000000.0,,4879996000000.0,,0.0,450200240000000.0,,,,,,,18852157000000.0,,,,,,320477000000.0,,,10449141000000.0,17792204000000.0,465300000000.0,465300000000.0,0.0,14149000000.0,286378842000000.0,290476749000000.0,-4097907000000.0,72646219000000.0,41139434000000.0,35006124000000.0,-3499339000000.0,0.0,0.0,-180584000000.0,4632874000000.0,3600600000000.0,42871818000000.0,252149000000.0,2991439000000.0,399369977000000.0,0.0,84611000000.0,9512090000000.0,11760118000000.0,18166632000000.0,2963901000000.0,219327000000.0,,653000000.0,,0.0
STB,2019,2,0.0,STB,balance_sheet,,8544238000000.0,,,,,,,8063643000000.0,0.0,139893000000.0,,,439170151000000.0,413671157000000.0,,,25498994000000.0,,4096024000000.0,,0.0,439170151000000.0,,,,,,,18852157000000.0,,,,,,320477000000.0,,,11045526000000.0,16969472000000.0,0.0,0.0,0.0,3202000000.0,275511929000000.0,279420154000000.0,-3908225000000.0,74614127000000.0,39231651000000.0,38567775000000.0,-3185299000000.0,0.0,0.0,-180584000000.0,4585551000000.0,3478092000000.0,43791554000000.0,247729000000.0,3013869000000.0,388242919000000.0,0.0,86580000000.0,9557639000000.0,12522421000000.0,18166632000000.0,2976004000000.0,260334000000.0,,653000000.0,,0.0
STB,2019,1,0.0,STB,balance_sheet,,9634837000000.0,,,,,,,8288292000000.0,0.0,142613000000.0,,,425033040000000.0,399555802000000.0,,,25477238000000.0,,4365005000000.0,,0.0,425033040000000.0,,,,,,,18852157000000.0,,,,,,320477000000.0,,,10502428000000.0,9531398000000.0,0.0,0.0,0.0,19804000000.0,267225888000000.0,271020322000000.0,-3794434000000.0,74690889000000.0,37951396000000.0,39620852000000.0,-2881359000000.0,0.0,0.0,-177864000000.0,4662095000000.0,3626197000000.0,44482397000000.0,250189000000.0,3215141000000.0,377222877000000.0,0.0,87290000000.0,8057776000000.0,10722529000000.0,18166632000000.0,2720885000000.0,224716000000.0,,653000000.0,,0.0
STB,2018,4,0.0,STB,balance_sheet,,6379549000000.0,,,,,,,8249652000000.0,0.0,142613000000.0,,,406040598000000.0,381408232000000.0,,,24632366000000.0,,3521064000000.0,,0.0,406040598000000.0,,,,,,,18852157000000.0,,,,,,320477000000.0,,,9611502000000.0,4822454000000.0,0.0,0.0,0.0,21310000000.0,253100111000000.0,256622753000000.0,-3522642000000.0,75514421000000.0,37988732000000.0,40233215000000.0,-2707526000000.0,0.0,0.0,-177864000000.0,4617730000000.0,3631922000000.0,47654200000000.0,5293086000000.0,7491655000000.0,349197426000000.0,0.0,87728000000.0,8065909000000.0,11272428000000.0,18166632000000.0,2720885000000.0,223785000000.0,,653000000.0,,0.0
STB,2018,3,0.0,STB,balance_sheet,,9619987000000.0,,,,,,,8108820000000.0,0.0,155144000000.0,,,403602479000000.0,379821584000000.0,,,23780895000000.0,,2664358000000.0,,0.0,403602479000000.0,,,,,,,18852157000000.0,,,,,,320934000000.0,,,10105235000000.0,1855932000000.0,0.0,0.0,0.0,5538000000.0,249548038000000.0,253391900000000.0,-3843862000000.0,78084179000000.0,39316627000000.0,40996207000000.0,-2228655000000.0,0.0,0.0,-165790000000.0,4500058000000.0,3608762000000.0,45541103000000.0,246595000000.0,4402681000000.0,357219509000000.0,0.0,89123000000.0,8120626000000.0,9743050000000.0,18166632000000.0,2718620000000.0,231285000000.0,,653000000.0,,0.0
STB,2018,2,0.0,STB,balance_sheet,,8268519000000.0,,,,,,,8151065000000.0,0.0,155144000000.0,,,400686351000000.0,377037747000000.0,,,23648604000000.0,,2501178000000.0,,0.0,400686351000000.0,,,,,,,18852157000000.0,,,,,,320934000000.0,,,9285495000000.0,6812672000000.0,63250000000.0,63250000000.0,0.0,0.0,243564981000000.0,246691059000000.0,-3126078000000.0,78278562000000.0,38251688000000.0,42288981000000.0,-2262107000000.0,0.0,0.0,-165790000000.0,4518166000000.0,3632899000000.0,45507098000000.0,245385000000.0,3942875000000.0,355860198000000.0,10435000000.0,90991000000.0,8185488000000.0,8702375000000.0,18166632000000.0,2718620000000.0,262174000000.0,,653000000.0,,0.0
STB,2018,1,0.0,STB,balance_sheet,,8487885000000.0,,,,,,,8134708000000.0,0.0,165441000000.0,,,381252451000000.0,357582010000000.0,,,23670441000000.0,,2688474000000.0,,0.0,381252451000000.0,,,,,,,18852157000000.0,,,,,,320934000000.0,,,8808307000000.0,5236374000000.0,61545000000.0,63250000000.0,-1705000000.0,10240000000.0,226593934000000.0,229440983000000.0,-2847049000000.0,75958350000000.0,32950437000000.0,45090038000000.0,-2082125000000.0,0.0,0.0,-155493000000.0,4515161000000.0,3619547000000.0,47180436000000.0,244660000000.0,5387830000000.0,339234749000000.0,0.0,91373000000.0,5564664000000.0,7058734000000.0,18166632000000.0,2549642000000.0,265693000000.0,,653000000.0,,0.0
STB,2017,4,0.0,STB,balance_sheet,,6212661000000.0,,,,,,,8100994000000.0,0.0,165441000000.0,,,368680399000000.0,345452717000000.0,,,23227682000000.0,,2277346000000.0,,0.0,368680399000000.0,,,,,,,18852157000000.0,,,,,,320934000000.0,,,3000152000000.0,7375083000000.0,63250000000.0,63250000000.0,0.0,20251000000.0,220168751000000.0,222946630000000.0,-2777879000000.0,73188580000000.0,30007436000000.0,45266699000000.0,-2085555000000.0,0.0,0.0,-155493000000.0,4474614000000.0,3626380000000.0,49741452000000.0,231484000000.0,12649029000000.0,319859584000000.0,0.0,90975000000.0,5601386000000.0,7020259000000.0,18166632000000.0,2549642000000.0,234062000000.0,,653000000.0,,0.0
STB,2017,3,0.0,STB,balance_sheet,,8038999000000.0,,,,,,,8067816000000.0,0.0,253381000000.0,,,363488056000000.0,340704657000000.0,,,22783399000000.0,,1918339000000.0,,0.0,363488056000000.0,,,,,,,18852157000000.0,,,,,,410934000000.0,,,7999664000000.0,2164250000000.0,63250000000.0,63250000000.0,0.0,10380000000.0,220486919000000.0,223016206000000.0,-2529287000000.0,74439239000000.0,29746325000000.0,46506574000000.0,-1813660000000.0,0.0,0.0,-157553000000.0,4470287000000.0,3597529000000.0,41289878000000.0,220749000000.0,15270423000000.0,312560655000000.0,0.0,45892000000.0,5716852000000.0,6890086000000.0,18166632000000.0,2519351000000.0,179077000000.0,,653000000.0,,0.0
STB,2017,2,0.0,STB,balance_sheet,,7040547000000.0,,,,,,,8022753000000.0,0.0,575872000000.0,,,355813041000000.0,333328964000000.0,,,22484077000000.0,,1611057000000.0,,0.0,355813041000000.0,,,,,,,18852157000000.0,,,,,,880575000000.0,,,8186296000000.0,3039330000000.0,97530000000.0,98925000000.0,-1395000000.0,24898000000.0,216112206000000.0,218542323000000.0,-2430117000000.0,70027130000000.0,29879413000000.0,41958574000000.0,-1810857000000.0,0.0,0.0,-304703000000.0,4479951000000.0,3542802000000.0,41983906000000.0,0.0,5828717000000.0,317368005000000.0,0.0,1358486000000.0,2742710000000.0,6031046000000.0,18166632000000.0,2519351000000.0,187037000000.0,,653000000.0,,0.0
STB,2017,1,0.0,STB,balance_sheet,,7728216000000.0,,,,,,,7963942000000.0,0.0,270644000000.0,,,344409236000000.0,321296630000000.0,,,23112606000000.0,,2313518000000.0,,0.0,344409236000000.0,,,,,,,18852157000000.0,,,,,,441922000000.0,,,7933704000000.0,2023023000000.0,96015000000.0,105624000000.0,-9609000000.0,0.0,203969326000000.0,206390141000000.0,-2420815000000.0,69958901000000.0,30126231000000.0,41648403000000.0,-1815733000000.0,0.0,0.0,-171278000000.0,4487091000000.0,3476851000000.0,43738986000000.0,2426652000000.0,5713136000000.0,303043610000000.0,212000000.0,1378391000000.0,2772590000000.0,5962039000000.0,18166632000000.0,2430783000000.0,201673000000.0,,653000000.0,,0.0
STB,2016,4,0.0,STB,balance_sheet,,5872977000000.0,,,,,,,7949370000000.0,0.0,297693000000.0,,,333294844000000.0,310323126000000.0,,,22971718000000.0,,2125535000000.0,,0.0,333294844000000.0,,,,,,,18852157000000.0,,,,,,441922000000.0,,,8954313000000.0,2497737000000.0,89891000000.0,105624000000.0,-15733000000.0,15421000000.0,196422586000000.0,198859667000000.0,-2437081000000.0,65034854000000.0,27589161000000.0,39292300000000.0,-1846607000000.0,0.0,0.0,-144229000000.0,4503813000000.0,3445557000000.0,45408254000000.0,3774694000000.0,8411437000000.0,291365595000000.0,0.0,1404154000000.0,600000000.0,5366646000000.0,18166632000000.0,2428951000000.0,250600000000.0,,653000000.0,,0.0
STB,2016,3,0.0,STB,balance_sheet,,7943920000000.0,,,,,,,8039185000000.0,0.0,296917000000.0,,,320056340000000.0,297385304000000.0,,,22671036000000.0,,2195663000000.0,,0.0,320056340000000.0,,,,,,,18852157000000.0,,,,,,441922000000.0,,,8252380000000.0,2336419000000.0,93945000000.0,119725000000.0,-25780000000.0,0.0,192649887000000.0,195105252000000.0,-2455365000000.0,56055475000000.0,27707512000000.0,30161457000000.0,-1813494000000.0,0.0,0.0,-145005000000.0,4510123000000.0,3529062000000.0,44388212000000.0,0.0,5565798000000.0,285405282000000.0,17489000000.0,1379286000000.0,600000000.0,5016849000000.0,18166632000000.0,2433845000000.0,-125104000000.0,,653000000.0,,0.0
STB,2016,2,0.0,STB,balance_sheet,,7315912000000.0,,,,,,,8040676000000.0,0.0,534600000000.0,,,311579110000000.0,289625627000000.0,,,21953483000000.0,,1256368000000.0,,0.0,311579110000000.0,,,,,,,18852157000000.0,,,,,,880936000000.0,,,8052524000000.0,3414868000000.0,1296034000000.0,1324841000000.0,-28807000000.0,0.0,196832383000000.0,199145568000000.0,-2313185000000.0,43371472000000.0,26692405000000.0,18244410000000.0,-1565343000000.0,0.0,0.0,-346336000000.0,4501544000000.0,3539121000000.0,42720641000000.0,0.0,3431404000000.0,279969230000000.0,3734000000.0,1383785000000.0,600000000.0,4836874000000.0,18166632000000.0,2433740000000.0,96743000000.0,,653000000.0,,11000000.0
STB,2016,1,0.0,STB,balance_sheet,,7296215000000.0,,,,,,,7900551000000.0,0.0,309473000000.0,,,306515443000000.0,283830202000000.0,,,22685241000000.0,,1900732000000.0,,0.0,306515443000000.0,,,,,,,18852157000000.0,,,,,,442080000000.0,,,7612149000000.0,9439986000000.0,1293745000000.0,1324841000000.0,-31096000000.0,0.0,188365006000000.0,190701381000000.0,-2336375000000.0,40170831000000.0,25666005000000.0,16038782000000.0,-1533956000000.0,0.0,0.0,-132607000000.0,4478617000000.0,3421895000000.0,44127487000000.0,0.0,3239213000000.0,274328421000000.0,67443000000.0,1639935000000.0,600000000.0,4554590000000.0,18166632000000.0,2432608000000.0,185269000000.0,,653000000.0,,39000000.0
STB,2015,4,0.0,STB,balance_sheet,,6586479230421.0,,,,,,,7967720333434.0,0.0,326502039269.0,,,292542264916463.0,269963967743004.0,,,22578297173459.0,,1764394441396.0,,0.0,292542264916463.0,,,,,,,18852157160000.0,,,,,,459189345232.0,,,7497266831712.0,2207868521965.0,95333263400.0,124840582884.0,-29507319484.0,0.0,183629878497542.0,185916812118571.0,-2286933621029.0,39713486306351.0,25109204040331.0,16145223223670.0,-1540940957650.0,0.0,0.0,-132687305963.0,4530437937354.0,3437212936975.0,44517729892369.0,0.0,2951160705694.0,260997659451851.0,22853192467.0,1793233567142.0,600036333.0,4198460789517.0,18166632361369.0,2419108903708.0,228161466986.0,,653404200.0,,69459105.0
STB,2015,3,0.0,STB,balance_sheet,,6191207303269.0,,,,,,,6231595310091.0,0.0,331575137489.0,,,213077178209036.0,193574394154615.0,,,19502784054421.0,,4465131310321.0,,0.0,213077178209036.0,,,,,,,12425115900000.0,,,,,,400122767882.0,,,8620530002798.0,4665312807094.0,5213318353142.0,5267126429157.0,-53808076015.0,0.0,144121815198528.0,145773751133907.0,-1651935935379.0,28301553115418.0,21375457669511.0,8019110342811.0,-1093014896904.0,53728946292.0,0.0,-122276576685.0,3181038006225.0,3050458076580.0,9400270981207.0,0.0,3699011996623.0,183924106883454.0,24636380660.0,1892356948852.0,600036333.0,4033681908693.0,12590878190267.0,2283380909803.0,163393644030.0,,153051697.0,,99227286.0
STB,2015,2,0.0,STB,balance_sheet,,6090318000000.0,,,,,,,6007537000000.0,0.0,277846000000.0,,,210777591000000.0,191818489000000.0,,,18959098000000.0,,3978015000000.0,,4000000.0,210777591000000.0,,,,,,,12425116000000.0,,,,,,400123000000.0,,,6129828000000.0,4869868000000.0,12194817000000.0,12247645000000.0,-52828000000.0,20368000000.0,139120781000000.0,140707233000000.0,-1586452000000.0,26944398000000.0,20486873000000.0,7236459000000.0,-778934000000.0,0.0,0.0,-122277000000.0,3067841000000.0,2939566000000.0,9121830000000.0,0.0,6119609000000.0,179941016000000.0,0.0,2002622000000.0,600000000.0,3754642000000.0,12590879000000.0,2281152000000.0,109052000000.0,,153000000.0,,130000000.0
STB,2015,1,4251305.0,STB,balance_sheet,,6063048519745.0,,,,,,,5657450775525.0,0.0,263886451645.0,,,198741764831058.0,180032630846646.0,,,18709129733107.0,,4046247863583.0,,0.0,198741764831058.0,,,,,,,12425115900000.0,,,,,,400122767882.0,,,4165541042359.0,4339101809500.0,8839606825365.0,8892263397456.0,-52656572091.0,0.0,132528667530052.0,133987333888402.0,-1458666358350.0,26781899516232.0,21354910183214.0,5929094600805.0,-502105267787.0,0.0,0.0,-136236316237.0,2829926709123.0,2827365302754.0,10102562360635.0,0.0,4283226684701.0,171100198402186.0,29266169246.0,1072480970398.0,599949933.0,3546858670182.0,12590878190267.0,1949840531106.0,122163148151.0,,153051697.0,,158763648.0
STB,2014,4,11000000.0,STB,balance_sheet,,4815942000000.0,,,,,,,5198974000000.0,0.0,264513000000.0,,,189802626000000.0,171733735000000.0,,,18068880000000.0,,3434760000000.0,,0.0,189802626000000.0,,,,,,,12425116000000.0,,,,,,400749000000.0,,,4289757000000.0,3606812000000.0,7683340000000.0,7732427000000.0,-49087000000.0,12152000000.0,126646091000000.0,128015009000000.0,-1368918000000.0,25925440000000.0,20250805000000.0,5935128000000.0,-260493000000.0,0.0,0.0,-136236000000.0,2831507000000.0,2367279000000.0,11359605000000.0,0.0,4410606000000.0,163057454000000.0,0.0,1115813000000.0,600000000.0,3149262000000.0,12590879000000.0,1938964000000.0,104277000000.0,,153000000.0,,188000000.0
STB,2014,3,11000000.0,STB,balance_sheet,,5322593000000.0,,,,,,,5180310000000.0,0.0,253800000000.0,,,186633509000000.0,168928478000000.0,,,17705020000000.0,,3108767000000.0,,0.0,186633509000000.0,,,,,,,12425116000000.0,,,,,,402250000000.0,,,3852944000000.0,5730938000000.0,12345055000000.0,12451122000000.0,-106067000000.0,9874000000.0,122952226000000.0,124474970000000.0,-1522744000000.0,20547036000000.0,18648022000000.0,2183169000000.0,-284155000000.0,0.0,0.0,-148450000000.0,2804603000000.0,2375489000000.0,10438733000000.0,0.0,5946475000000.0,156041021000000.0,0.0,3497056000000.0,600000000.0,3443326000000.0,12590879000000.0,1930744000000.0,74630000000.0,,153000000.0,,218000000.0
STB,2014,2,0.0,STB,balance_sheet,,5652494000000.0,,,,,,,5189045000000.0,0.0,300625000000.0,,,178938804000000.0,161832975000000.0,,,17105824000000.0,,2501153000000.0,,5000000.0,178938804000000.0,,,,,,,12425116000000.0,,,,,,462929000000.0,,,3671600000000.0,7088143000000.0,5739840000000.0,5950147000000.0,-210307000000.0,0.0,119726119000000.0,121192835000000.0,-1466716000000.0,22872148000000.0,21278848000000.0,1830319000000.0,-237019000000.0,0.0,0.0,-162304000000.0,2805016000000.0,2383430000000.0,8698790000000.0,0.0,5730391000000.0,148276098000000.0,4716000000.0,4489840000000.0,600000000.0,3331330000000.0,12590879000000.0,1930741000000.0,83051000000.0,,153000000.0,,599000000.0
STB,2014,1,11000000.0,STB,balance_sheet,,5564502000000.0,,,,,,,5244983000000.0,0.0,309895000000.0,,,168982444000000.0,152431008000000.0,,,16551425000000.0,,1875641000000.0,,0.0,168982444000000.0,,,,,,,12425116000000.0,,,,,,462929000000.0,,,3337649000000.0,5714697000000.0,6227171000000.0,6352405000000.0,-125234000000.0,5448000000.0,113214793000000.0,114548690000000.0,-1333897000000.0,20734215000000.0,19205328000000.0,1764142000000.0,-235255000000.0,0.0,0.0,-153034000000.0,2863386000000.0,2380927000000.0,8629091000000.0,0.0,3754889000000.0,141187369000000.0,0.0,4420848000000.0,650000000.0,3067252000000.0,12590879000000.0,2004664000000.0,80241000000.0,,153000000.0,,670000000.0
STB,2013,4,9000000.0,STB,balance_sheet,,4228780000000.0,,,,,,,5306522000000.0,0.0,318860000000.0,,,161377619000000.0,144313901000000.0,,,17063709000000.0,,2754660000000.0,,0.0,161377619000000.0,,,,,,,12425116000000.0,,,,,,462929000000.0,,,3300559000000.0,7469880000000.0,2651437000000.0,2877307000000.0,-225870000000.0,43995000000.0,109214226000000.0,110565796000000.0,-1351570000000.0,19893888000000.0,19434485000000.0,628689000000.0,-169286000000.0,0.0,0.0,-144069000000.0,2907072000000.0,2398708000000.0,8949472000000.0,0.0,5007208000000.0,131644622000000.0,0.0,4405174000000.0,501147000000.0,2755750000000.0,12590878000000.0,1621306000000.0,96865000000.0,,152000000.0,,742000000.0
STB,2013,3,10000000.0,STB,balance_sheet,,4958877000000.0,,,,,,,5296309000000.0,0.0,208338000000.0,,,157811313000000.0,141380090000000.0,,,16431213000000.0,,2189971000000.0,,0.0,157811313000000.0,,,,,,,12425116000000.0,,,,,,477202000000.0,,,4240461000000.0,8528421000000.0,904226000000.0,1085066000000.0,-180840000000.0,0.0,107705505000000.0,109155596000000.0,-1450091000000.0,17635370000000.0,18108112000000.0,0.0,-472742000000.0,0.0,0.0,-268864000000.0,2902295000000.0,2393199000000.0,8333806000000.0,0.0,4847081000000.0,128137628000000.0,5948000000.0,4458460000000.0,451386000000.0,3479587000000.0,12590879000000.0,1616844000000.0,33519000000.0,,153000000.0,,815000000.0
STB,2013,2,0.0,STB,balance_sheet,,8331686000000.0,,,,,,,5170077000000.0,0.0,208338000000.0,,,160358622000000.0,146112494000000.0,,,14246117000000.0,,1681494000000.0,,11000000.0,160358622000000.0,,,,,,,10739677000000.0,,,,,,477202000000.0,,,4403717000000.0,7056144000000.0,869779000000.0,1006231000000.0,-136452000000.0,0.0,107628519000000.0,109287910000000.0,-1659391000000.0,18650124000000.0,18621269000000.0,500000000000.0,-471145000000.0,0.0,0.0,-268864000000.0,2755824000000.0,2413365000000.0,8040238000000.0,0.0,5009064000000.0,124610829000000.0,4086000000.0,4495949000000.0,2151823000000.0,9840743000000.0,10905440000000.0,1622652000000.0,36531000000.0,,153000000.0,,888000000.0
STB,2013,1,10000000.0,STB,balance_sheet,,9170100000000.0,,,,,,,5305253000000.0,0.0,240581000000.0,,,158548008000000.0,144204626000000.0,,,14343372000000.0,,1733395000000.0,,0.0,158548008000000.0,,,,,,,10739677000000.0,,,,,,477202000000.0,,,3526672000000.0,8706628000000.0,4697773000000.0,4835221000000.0,-137448000000.0,368761000000.0,96858880000000.0,98475930000000.0,-1617050000000.0,20682325000000.0,20528020000000.0,632560000000.0,-478255000000.0,0.0,31744000000.0,-268365000000.0,2867840000000.0,2436454000000.0,8991035000000.0,0.0,3512444000000.0,117942313000000.0,0.0,4429268000000.0,4468904000000.0,13851697000000.0,10905439000000.0,1631585000000.0,72953000000.0,,152000000.0,,959000000.0
MSN,2025,4,,MSN,balance_sheet,36234495000000.0,12101850000000.0,5379753000000.0,5639277000000.0,11262216000000.0,1851399000000.0,92728676000000.0,0.0,35484220000000.0,0.0,39473083000000.0,0.0,11660839000000.0,128963171000000.0,83884527000000.0,40257475000000.0,43627052000000.0,45078644000000.0,45078644000000.0,14355609000000.0,,9730488000000.0,128963171000000.0,542864000000.0,81150000000.0,11415704000000.0,0.0,,15204920000000.0,15204920000000.0,40546194000000.0,282983000000.0,24330984000000.0,2967798000000.0,8172153000000.0,2932523000000.0,4949625000000.0,4949625000000.0,,,,,,,,,,,,,,,,,,,,,,,,,,,,,,,-8388147000000.0,,
MSN,2025,3,,MSN,balance_sheet,32214095000000.0,13266315000000.0,1463311000000.0,5282619000000.0,10307815000000.0,1894035000000.0,89137114000000.0,0.0,35518124000000.0,3036000000.0,38469663000000.0,0.0,11577798000000.0,121351209000000.0,78378057000000.0,37637809000000.0,40740248000000.0,42973152000000.0,42973152000000.0,12708809000000.0,,9272075000000.0,121351209000000.0,583035000000.0,81150000000.0,10460294000000.0,0.0,,15204920000000.0,15204920000000.0,37009316000000.0,250212000000.0,23925026000000.0,3122625000000.0,7872227000000.0,2932523000000.0,2337408000000.0,2337408000000.0,,,,,,,,,,,,,,,,,,,,,,,,,,,,,,,-8388147000000.0,,
MSN,2025,2,,MSN,balance_sheet,32650920000000.0,10552742000000.0,894755000000.0,9107965000000.0,10282782000000.0,1812676000000.0,90815639000000.0,79200000000.0,35634593000000.0,3405000000.0,37342600000000.0,0.0,11013518000000.0,123466559000000.0,81823900000000.0,36915519000000.0,44908381000000.0,41642659000000.0,41642659000000.0,11557573000000.0,,9168788000000.0,123466559000000.0,619658000000.0,81150000000.0,10397111000000.0,0.0,,15129281000000.0,15129281000000.0,39144065000000.0,199937000000.0,21596782000000.0,3277452000000.0,7144539000000.0,2932523000000.0,4815891000000.0,4895091000000.0,,,,,,,,,,,,,,,,,,,,,,,,,,,,,,,-8388147000000.0,,
MSN,2025,1,,MSN,balance_sheet,48551323000000.0,12769105000000.0,404193000000.0,23734255000000.0,9798127000000.0,1845643000000.0,94600840000000.0,79200000000.0,36348738000000.0,3785000000.0,36210272000000.0,0.0,11075636000000.0,143152163000000.0,99823728000000.0,52674701000000.0,47149027000000.0,43328435000000.0,43328435000000.0,9834497000000.0,,12578356000000.0,143152163000000.0,573046000000.0,81150000000.0,9994353000000.0,0.0,,15129281000000.0,15129281000000.0,37107493000000.0,184616000000.0,24205929000000.0,3448411000000.0,6985737000000.0,2932523000000.0,9197299000000.0,9276499000000.0,,,,,,,,,,,,,,,,,,,,,,,,,,,,,,,-8388147000000.0,,
MSN,2024,4,,MSN,balance_sheet,53569663000000.0,18617866000000.0,607993000000.0,21864602000000.0,10787396000000.0,1691806000000.0,94015055000000.0,79200000000.0,37049770000000.0,4166000000.0,35318781000000.0,0.0,11447080000000.0,147584718000000.0,106832338000000.0,58712175000000.0,48120163000000.0,40752380000000.0,40752380000000.0,9326870000000.0,,10510348000000.0,147584718000000.0,484488000000.0,81150000000.0,11001795000000.0,0.0,,15129281000000.0,15129281000000.0,38825185000000.0,196922000000.0,26724166000000.0,3588102000000.0,7170989000000.0,2932523000000.0,8445190000000.0,8524390000000.0,,,,,,,,,,,,,,,,,,,,,,,,,,,,,,,-8388147000000.0,,
MSN,2024,3,,MSN,balance_sheet,43529968000000.0,13225024000000.0,3107611000000.0,12366531000000.0,12858904000000.0,1971898000000.0,110761477000000.0,198440000000.0,43441721000000.0,673512000000.0,35621711000000.0,0.0,11685881000000.0,154291445000000.0,113111142000000.0,53667186000000.0,59443956000000.0,41180303000000.0,41180303000000.0,8344645000000.0,,11675551000000.0,154291445000000.0,720203000000.0,81150000000.0,13168525000000.0,0.0,,15129281000000.0,15129281000000.0,36272353000000.0,482602000000.0,29466890000000.0,3748238000000.0,7230976000000.0,2951029000000.0,16862549000000.0,17060989000000.0,,,,,,,,,,,,,,,,,,,,,,,,,,,,,,,-8388147000000.0,,
MSN,2024,2,,MSN,balance_sheet,48982369000000.0,18158242000000.0,3819013000000.0,12578145000000.0,12602125000000.0,1824844000000.0,108483486000000.0,0.0,42404983000000.0,688429000000.0,34554138000000.0,0.0,11902803000000.0,157465855000000.0,111259745000000.0,51329961000000.0,59929784000000.0,46206110000000.0,46206110000000.0,12415680000000.0,,12576068000000.0,157465855000000.0,671010000000.0,357610000000.0,12833737000000.0,0.0,,14383516000000.0,15129281000000.0,38519825000000.0,593332000000.0,29351515000000.0,3912008000000.0,7310447000000.0,2964338000000.0,16453861000000.0,16453861000000.0,,,,,,,,,,,,,,,,,,,,,,,,,,,,,,,-8388147000000.0,,
MSN,2024,1,,MSN,balance_sheet,42629110000000.0,8492733000000.0,5329176000000.0,14304720000000.0,12766285000000.0,1736196000000.0,103893307000000.0,0.0,43008471000000.0,692697000000.0,34441875000000.0,0.0,12158831000000.0,146522417000000.0,107688924000000.0,49428183000000.0,58260741000000.0,38833493000000.0,38833493000000.0,11913103000000.0,,12104887000000.0,146522417000000.0,708451000000.0,1591150000000.0,13103405000000.0,0.0,,14308434000000.0,14308434000000.0,41447608000000.0,846984000000.0,28205405000000.0,4201332000000.0,7242835000000.0,2938727000000.0,11263431000000.0,11263431000000.0,,,,,,,,,,,,,,,,,,,,,,,,,,,,,,,-8388147000000.0,,
MSN,2023,4,,MSN,balance_sheet,43763477000000.0,10124515000000.0,6794791000000.0,11985015000000.0,13174868000000.0,1684288000000.0,103619995000000.0,0.0,42885823000000.0,708670000000.0,33219467000000.0,0.0,12467850000000.0,147383472000000.0,109146231000000.0,50422500000000.0,58723731000000.0,38237241000000.0,38237241000000.0,11798056000000.0,,11677661000000.0,147383472000000.0,725077000000.0,81150000000.0,13496602000000.0,0.0,,14308434000000.0,14308434000000.0,41541894000000.0,861932000000.0,28030197000000.0,4373139000000.0,7418042000000.0,2937702000000.0,11210955000000.0,11210955000000.0,,,,,,,,,,,,,,,,,,,,,,,,,,,,,,,-8388147000000.0,,
MSN,2023,3,,MSN,balance_sheet,47845660000000.0,9477078000000.0,4780789000000.0,17765682000000.0,14026398000000.0,1795713000000.0,97226970000000.0,81150000000.0,42522211000000.0,697591000000.0,34299735000000.0,0.0,12882527000000.0,145072630000000.0,106999415000000.0,54028721000000.0,52970694000000.0,38073215000000.0,38073215000000.0,11750525000000.0,,11290086000000.0,145072630000000.0,875070000000.0,0.0,14443251000000.0,0.0,,14308434000000.0,14308434000000.0,42922717000000.0,350226000000.0,25692693000000.0,4682258000000.0,7513304000000.0,2879146000000.0,3368196000000.0,3449346000000.0,,,,,,,,,,,,,,,,,,,,,,,,,,,,,,,-8388147000000.0,,
MSN,2023,2,,MSN,balance_sheet,45883821000000.0,8829035000000.0,4623340000000.0,16745392000000.0,13902175000000.0,1783879000000.0,94974538000000.0,81150000000.0,42666209000000.0,710729000000.0,33247320000000.0,0.0,12611508000000.0,140858359000000.0,103334056000000.0,57503618000000.0,45830438000000.0,37524303000000.0,37524303000000.0,11702149000000.0,,11026873000000.0,140858359000000.0,1168734000000.0,0.0,14298203000000.0,0.0,,14237248000000.0,14237248000000.0,37024147000000.0,573331000000.0,31045015000000.0,4715238000000.0,7344805000000.0,2876127000000.0,2054055000000.0,2135205000000.0,,,,,,,,,,,,,,,,,,,,,,,,,,,,,,,-8388147000000.0,,
MSN,2023,1,,MSN,balance_sheet,51583262000000.0,16203728000000.0,4790093000000.0,15001820000000.0,13657155000000.0,1930466000000.0,94200357000000.0,81150000000.0,43084202000000.0,717980000000.0,32317714000000.0,0.0,12562962000000.0,145783619000000.0,108677511000000.0,61125017000000.0,47552494000000.0,37106108000000.0,37106108000000.0,11596855000000.0,,10712139000000.0,145783619000000.0,1304149000000.0,0.0,13794899000000.0,0.0,,14237248000000.0,14237248000000.0,38691471000000.0,796413000000.0,36980336000000.0,4887978000000.0,7348329000000.0,2870843000000.0,2035143000000.0,2116293000000.0,,,,,,,,,,,,,,,,,,,,,,,,,,,,,,,-8388147000000.0,,
MSN,2022,4,,MSN,balance_sheet,47674624000000.0,13853100000000.0,3659175000000.0,13929560000000.0,14445345000000.0,1787444000000.0,93668191000000.0,81150000000.0,43535355000000.0,729763000000.0,31333885000000.0,0.0,12630578000000.0,141342815000000.0,104706076000000.0,65320877000000.0,39385199000000.0,36636739000000.0,36636739000000.0,11381940000000.0,,10484103000000.0,141342815000000.0,1227666000000.0,0.0,14634281000000.0,0.0,,14237248000000.0,14237248000000.0,30425625000000.0,566330000000.0,40567379000000.0,5068477000000.0,7259881000000.0,2853643000000.0,2032612000000.0,2113762000000.0,,,,,,,,,,,,,,,,,,,,,,,,,,,,,,,-8388147000000.0,,
MSN,2022,3,,MSN,balance_sheet,36801602000000.0,6045500000000.0,1678605000000.0,12788262000000.0,14328856000000.0,1960379000000.0,91629513000000.0,81150000000.0,43261306000000.0,686472000000.0,30037195000000.0,0.0,12575322000000.0,128431115000000.0,92829597000000.0,63610497000000.0,29219100000000.0,35601518000000.0,35601518000000.0,11031770000000.0,,9951301000000.0,128431115000000.0,1417469000000.0,0.0,14448342000000.0,0.0,,14237248000000.0,14237248000000.0,20787275000000.0,135601000000.0,40143978000000.0,5234363000000.0,7035955000000.0,2322337000000.0,1981168000000.0,2062318000000.0,,,,,,,,,,,,,,,,,,,,,,,,,,,,,,,-8388147000000.0,,
MSN,2022,2,,MSN,balance_sheet,36815333000000.0,9714354000000.0,646998000000.0,10830674000000.0,13763243000000.0,1860064000000.0,88444616000000.0,81150000000.0,41905655000000.0,738389000000.0,28077986000000.0,0.0,13031214000000.0,125259949000000.0,86463709000000.0,52344059000000.0,34119650000000.0,38796240000000.0,38796240000000.0,14463437000000.0,,9595509000000.0,125259949000000.0,1171714000000.0,0.0,13871725000000.0,0.0,,14237248000000.0,14237248000000.0,26121080000000.0,108082000000.0,30751359000000.0,6163343000000.0,6593054000000.0,1498728000000.0,1984064000000.0,2065214000000.0,,,,,,,,,,,,,,,,,,,,,,,,,,,,,,,-8388147000000.0,,
MSN,2022,1,,MSN,balance_sheet,38346182000000.0,12349418000000.0,586878000000.0,10445007000000.0,13150989000000.0,1813890000000.0,85937920000000.0,81150000000.0,42011999000000.0,785449000000.0,25344367000000.0,0.0,13385951000000.0,124284102000000.0,87545658000000.0,38734533000000.0,48811125000000.0,36738444000000.0,36738444000000.0,13482046000000.0,,9251005000000.0,124284102000000.0,1162841000000.0,2452812000000.0,13255913000000.0,0.0,,11805347000000.0,11805347000000.0,39253051000000.0,134141000000.0,19182679000000.0,6142909000000.0,6647391000000.0,0.0,1856050000000.0,1937200000000.0,,,,,,,,,,,,,,,,,,,,,,,,,,,,,,,-8388147000000.0,,
MSN,2021,4,,MSN,balance_sheet,43630176000000.0,22304822000000.0,332753000000.0,6634409000000.0,12813391000000.0,1544801000000.0,82463295000000.0,81150000000.0,42653939000000.0,810057000000.0,24538803000000.0,0.0,10560191000000.0,126093471000000.0,83756819000000.0,34547836000000.0,49208983000000.0,42336652000000.0,42336652000000.0,18795877000000.0,,9525670000000.0,126093471000000.0,851052000000.0,2452812000000.0,12947923000000.0,0.0,,11805347000000.0,11805347000000.0,39371918000000.0,168183000000.0,18805727000000.0,3356819000000.0,6593682000000.0,0.0,1797328000000.0,1878478000000.0,,,,,,,,,,,,,,,,,,,,,,,,,,,,,,,-8388147000000.0,,
MSN,2021,3,,MSN,balance_sheet,36888542000000.0,12300031000000.0,350250000000.0,8561607000000.0,13732231000000.0,1944423000000.0,86507910000000.0,81150000000.0,46967477000000.0,845196000000.0,23592295000000.0,0.0,11065866000000.0,123396452000000.0,91029737000000.0,39858448000000.0,51171289000000.0,32366715000000.0,32366715000000.0,7549034000000.0,,10850101000000.0,123396452000000.0,959621000000.0,1228300000000.0,13887942000000.0,0.0,,11805347000000.0,11805347000000.0,40779897000000.0,204135000000.0,20255949000000.0,3544378000000.0,6613249000000.0,30589000000.0,1589963000000.0,1671113000000.0,,,,,,,,,,,,,,,,,,,,,,,,,,,,,,,-8563690000000.0,,
MSN,2021,2,,MSN,balance_sheet,34398733000000.0,11544161000000.0,437650000000.0,7534983000000.0,13007276000000.0,1874663000000.0,86298169000000.0,0.0,48437761000000.0,12014000000.0,22649697000000.0,0.0,10681249000000.0,120696902000000.0,89260191000000.0,38124851000000.0,51135340000000.0,31436711000000.0,31436711000000.0,7278838000000.0,,10090196000000.0,120696902000000.0,520098000000.0,1140000000000.0,13138760000000.0,0.0,,11805347000000.0,11805347000000.0,40407355000000.0,319013000000.0,20712056000000.0,3579677000000.0,6255403000000.0,30589000000.0,1571446000000.0,1571446000000.0,,,,,,,,,,,,,,,,,,,,,,,,,,,,,,,-8563690000000.0,,
MSN,2021,1,,MSN,balance_sheet,31327888000000.0,7117888000000.0,550850000000.0,8921369000000.0,12630593000000.0,2107188000000.0,84938641000000.0,0.0,48495415000000.0,13266000000.0,21292099000000.0,0.0,10996725000000.0,116266529000000.0,90861428000000.0,37773997000000.0,53087431000000.0,25405101000000.0,25405101000000.0,2468616000000.0,,9232588000000.0,116266529000000.0,564658000000.0,1140000000000.0,12741993000000.0,0.0,,11746832000000.0,11746832000000.0,42063508000000.0,559865000000.0,21226406000000.0,3705588000000.0,6335739000000.0,30589000000.0,1549143000000.0,1549143000000.0,,,,,,,,,,,,,,,,,,,,,,,,,,,,,,,-8563690000000.0,,
MSN,2020,4,,MSN,balance_sheet,29760685000000.0,7721442000000.0,447250000000.0,7051442000000.0,12497917000000.0,2042634000000.0,85975877000000.0,0.0,49582187000000.0,14518000000.0,20353099000000.0,0.0,12159306000000.0,115736562000000.0,90706283000000.0,38874663000000.0,51831620000000.0,25030279000000.0,25030279000000.0,2182124000000.0,,9092640000000.0,115736562000000.0,606656000000.0,1140000000000.0,12730397000000.0,0.0,,11746832000000.0,11746832000000.0,39466043000000.0,1074932000000.0,22545046000000.0,3831500000000.0,6533670000000.0,30589000000.0,1592008000000.0,1592008000000.0,,,,,,,,,,,,,,,,,,,,,,,,,,,,,,,-8563690000000.0,,
MSN,2020,3,,MSN,balance_sheet,25574944000000.0,5608241000000.0,294900000000.0,6335709000000.0,11426294000000.0,1909800000000.0,83689616000000.0,0.0,47610899000000.0,15748000000.0,19507428000000.0,0.0,11095984000000.0,109264560000000.0,80668824000000.0,37457587000000.0,43211237000000.0,28595736000000.0,28595736000000.0,6513704000000.0,,8035222000000.0,109264560000000.0,733029000000.0,1140000000000.0,11519939000000.0,0.0,,11746832000000.0,11746832000000.0,31826688000000.0,675790000000.0,21758110000000.0,3810167000000.0,6025217000000.0,21646000000.0,1573236000000.0,1573236000000.0,,,,,,,,,,,,,,,,,,,,,,,,,,,,,,,-8563690000000.0,,
MSN,2020,2,,MSN,balance_sheet,24716045000000.0,4695511000000.0,266900000000.0,5995045000000.0,11733669000000.0,2024920000000.0,80287817000000.0,0.0,42732500000000.0,16979000000.0,18656186000000.0,0.0,13956473000000.0,105003862000000.0,73785579000000.0,37243199000000.0,36542380000000.0,31218283000000.0,31218283000000.0,9141264000000.0,,8075491000000.0,105003862000000.0,608538000000.0,1140000000000.0,12151041000000.0,0.0,,11689464000000.0,11689464000000.0,27228212000000.0,1176521000000.0,21486238000000.0,6794633000000.0,5997893000000.0,21646000000.0,1581357000000.0,1581357000000.0,,,,,,,,,,,,,,,,,,,,,,,,,,,,,,,-8563690000000.0,,
MSN,2020,1,,MSN,balance_sheet,30897924000000.0,3711237000000.0,981808000000.0,14855871000000.0,9698878000000.0,1650130000000.0,74177827000000.0,0.0,41138665000000.0,18214000000.0,18038980000000.0,0.0,10081512000000.0,105075751000000.0,53509343000000.0,33057956000000.0,20451387000000.0,51566408000000.0,51566408000000.0,28164979000000.0,,9183023000000.0,105075751000000.0,1330772000000.0,1040000000000.0,9791676000000.0,0.0,,11689464000000.0,11689464000000.0,17131409000000.0,932915000000.0,22145474000000.0,4054750000000.0,5801955000000.0,21646000000.0,1588641000000.0,1588641000000.0,,,,,,,,,,,,,,,,,,,,,,,,,,,,,,,-8563690000000.0,,
MSN,2019,4,,MSN,balance_sheet,24261892000000.0,6800528000000.0,784454000000.0,5417776000000.0,9621821000000.0,1637313000000.0,73035359000000.0,0.0,40791699000000.0,0.0,17505857000000.0,0.0,9859185000000.0,97297251000000.0,45408844000000.0,30492191000000.0,14916653000000.0,51888407000000.0,51888407000000.0,28558952000000.0,,9108291000000.0,97297251000000.0,1528648000000.0,0.0,9690631000000.0,0.0,,11689464000000.0,11689464000000.0,11675842000000.0,1178905000000.0,18340185000000.0,3985428000000.0,5633114000000.0,21646000000.0,1599646000000.0,1599646000000.0,,,,,,,,,,,,,,,,,,,,,,,,,,,,,,,-8563690000000.0,,
MSN,2019,3,,MSN,balance_sheet,19179419000000.0,7359376000000.0,403950000000.0,4187625000000.0,6002870000000.0,1225598000000.0,53228683000000.0,0.0,26806452000000.0,0.0,16861529000000.0,0.0,4023248000000.0,72408102000000.0,33891988000000.0,21695888000000.0,12196100000000.0,38516114000000.0,38516114000000.0,20292043000000.0,,4869756000000.0,72408102000000.0,997059000000.0,0.0,6056751000000.0,0.0,,11689464000000.0,11689464000000.0,10298452000000.0,1103886000000.0,15180409000000.0,435178000000.0,3296393000000.0,21646000000.0,1354740000000.0,1354740000000.0,,,,,,,,,,,,,,,,,,,,,,,,,,,,,,,-9426958000000.0,,
MSN,2019,2,,MSN,balance_sheet,14368745000000.0,4813696000000.0,142130000000.0,2261208000000.0,6000863000000.0,1150848000000.0,53652712000000.0,0.0,28377250000000.0,0.0,16320109000000.0,0.0,3976480000000.0,68021457000000.0,31993039000000.0,18360400000000.0,13632639000000.0,36028418000000.0,36028418000000.0,17924359000000.0,,4749548000000.0,68021457000000.0,827165000000.0,0.0,6055683000000.0,0.0,,11689464000000.0,11689464000000.0,11793320000000.0,767862000000.0,12028360000000.0,463298000000.0,3231064000000.0,21646000000.0,1374315000000.0,1374315000000.0,,,,,,,,,,,,,,,,,,,,,,,,,,,,,,,-9426958000000.0,,
MSN,2019,1,,MSN,balance_sheet,12297612000000.0,3082541000000.0,382548000000.0,2147360000000.0,5625206000000.0,1059957000000.0,52764008000000.0,0.0,29104804000000.0,0.0,15794409000000.0,0.0,3967969000000.0,65061620000000.0,30147507000000.0,15150166000000.0,14997341000000.0,34914113000000.0,34914113000000.0,16911534000000.0,,4707333000000.0,65061620000000.0,773104000000.0,350000000000.0,5668378000000.0,0.0,,11631495000000.0,11631495000000.0,13133307000000.0,360141000000.0,10096960000000.0,491419000000.0,3189792000000.0,21646000000.0,1384505000000.0,1384505000000.0,,,,,,,,,,,,,,,,,,,,,,,,,,,,,,,-9426958000000.0,,
MSN,2018,4,,MSN,balance_sheet,12499618000000.0,4585889000000.0,375848000000.0,2412555000000.0,4333191000000.0,792135000000.0,52078995000000.0,0.0,29203764000000.0,0.0,15347915000000.0,0.0,3978850000000.0,64578613000000.0,30498935000000.0,15795515000000.0,14703420000000.0,34079678000000.0,34079678000000.0,16193388000000.0,,4592934000000.0,64578613000000.0,707242000000.0,0.0,4389589000000.0,0.0,,11631495000000.0,11631495000000.0,12751649000000.0,334553000000.0,9243779000000.0,519539000000.0,3164050000000.0,21646000000.0,1377124000000.0,1377124000000.0,,,,,,,,,,,,,,,,,,,,,,,,,,,,,,,-9426958000000.0,,
MSN,2018,3,,MSN,balance_sheet,13466352000000.0,4954786000000.0,607148000000.0,2223589000000.0,4902502000000.0,778327000000.0,51348925000000.0,0.0,28592088000000.0,0.0,14863410000000.0,0.0,3838955000000.0,64815277000000.0,42542446000000.0,13819759000000.0,28722687000000.0,22272831000000.0,22272831000000.0,15073116000000.0,,4653265000000.0,64815277000000.0,831288000000.0,0.0,4913588000000.0,0.0,,11631495000000.0,11631495000000.0,26756433000000.0,880160000000.0,7545888000000.0,547660000000.0,3047012000000.0,21646000000.0,1373596000000.0,1373596000000.0,,,,,,,,,,,,,,,,,,,,,,,,,,,,,,,-9426958000000.0,,
MSN,2018,2,,MSN,balance_sheet,13272415000000.0,5518646000000.0,579348000000.0,1519957000000.0,4943605000000.0,710859000000.0,50881027000000.0,0.0,29072980000000.0,0.0,14421882000000.0,0.0,3899982000000.0,64153442000000.0,42136814000000.0,13525686000000.0,28611128000000.0,22016628000000.0,22016628000000.0,14470571000000.0,,5001706000000.0,64153442000000.0,507154000000.0,0.0,4952422000000.0,0.0,,11631495000000.0,11631495000000.0,26628155000000.0,220309000000.0,8105077000000.0,575780000000.0,3046666000000.0,21646000000.0,1349073000000.0,1349073000000.0,,,,,,,,,,,,,,,,,,,,,,,,,,,,,,,-9426958000000.0,,
MSN,2018,1,,MSN,balance_sheet,13162975000000.0,4391061000000.0,1153648000000.0,2108580000000.0,4908140000000.0,601546000000.0,48645033000000.0,96400000000.0,29273029000000.0,0.0,11859535000000.0,0.0,3879889000000.0,61808008000000.0,42228075000000.0,14564688000000.0,27663387000000.0,19579933000000.0,19579933000000.0,12361390000000.0,,4731474000000.0,61808008000000.0,329559000000.0,0.0,4920140000000.0,0.0,,11573740000000.0,11573740000000.0,25655385000000.0,217603000000.0,8942030000000.0,603901000000.0,3011891000000.0,21646000000.0,1353384000000.0,1449784000000.0,,,,,,,,,,,,,,,,,,,,,,,,,,,,,,,-9426958000000.0,,
MSN,2017,4,,MSN,balance_sheet,15144937000000.0,7417111000000.0,640069000000.0,2247100000000.0,4333097000000.0,507560000000.0,48383585000000.0,96400000000.0,29829534000000.0,0.0,11338355000000.0,0.0,3923734000000.0,63528522000000.0,43303327000000.0,15532987000000.0,27770340000000.0,20225195000000.0,20225195000000.0,12350048000000.0,,5388482000000.0,63528522000000.0,277698000000.0,0.0,4347552000000.0,0.0,,11573740000000.0,11573740000000.0,25630003000000.0,240945000000.0,9166273000000.0,632021000000.0,2990882000000.0,21646000000.0,1357561000000.0,1453961000000.0,,,,,,,,,,,,,,,,,,,,,,,,,,,,,,,-9426958000000.0,,
MSN,2017,3,,MSN,balance_sheet,15102219000000.0,4765527000000.0,1670813000000.0,3792581000000.0,4392711000000.0,480587000000.0,50995654000000.0,350000000000.0,28873382000000.0,0.0,13461529000000.0,0.0,3912915000000.0,66097873000000.0,41031792000000.0,12451541000000.0,28580251000000.0,25066081000000.0,25066081000000.0,10725601000000.0,,5977272000000.0,66097873000000.0,401359000000.0,1299700000000.0,4411454000000.0,0.0,,11573740000000.0,11573740000000.0,26399183000000.0,534227000000.0,6748932000000.0,660142000000.0,2961548000000.0,21646000000.0,1382045000000.0,1732045000000.0,,,,,,,,,,,,,,,,,,,,,,,,,,,,,,,-9426958000000.0,,
MSN,2017,2,,MSN,balance_sheet,14938171000000.0,6034414000000.0,631855000000.0,2591568000000.0,5245554000000.0,434780000000.0,50539998000000.0,350300000000.0,29261084000000.0,0.0,12910875000000.0,0.0,3894721000000.0,65478169000000.0,41506876000000.0,13493340000000.0,28013536000000.0,23971293000000.0,23971293000000.0,10000056000000.0,,5707891000000.0,65478169000000.0,458270000000.0,299400000000.0,5265502000000.0,0.0,,11474964000000.0,11474964000000.0,25816180000000.0,206081000000.0,8220532000000.0,688262000000.0,2894743000000.0,21646000000.0,1403394000000.0,1753694000000.0,,,,,,,,,,,,,,,,,,,,,,,,,,,,,,,-9426958000000.0,,
MSN,2017,1,,MSN,balance_sheet,17279459000000.0,7047714000000.0,1655836000000.0,2312501000000.0,5884099000000.0,379309000000.0,50324080000000.0,519700000000.0,29292871000000.0,0.0,12565339000000.0,0.0,3879360000000.0,67603539000000.0,47028003000000.0,12322024000000.0,34705979000000.0,20575536000000.0,20575536000000.0,7252588000000.0,,5062269000000.0,67603539000000.0,451737000000.0,0.0,5902215000000.0,0.0,,11474964000000.0,11474964000000.0,32489820000000.0,281369000000.0,7016210000000.0,716383000000.0,2842861000000.0,21646000000.0,1455302000000.0,1975164000000.0,,,,,,,,,,,,,,,,,,,,,,,,,,,,,,,-9426958000000.0,,
MSN,2016,4,,MSN,balance_sheet,22876206000000.0,13148938000000.0,1771012000000.0,2277055000000.0,5389531000000.0,289670000000.0,50162832000000.0,369700000000.0,29821492000000.0,0.0,12240702000000.0,0.0,3927344000000.0,73039038000000.0,52726413000000.0,17898443000000.0,34827970000000.0,20312625000000.0,20312625000000.0,7015545000000.0,,5036469000000.0,73039038000000.0,283315000000.0,0.0,5416696000000.0,0.0,,7680757000000.0,7680757000000.0,32472398000000.0,86812000000.0,8618340000000.0,744503000000.0,2869569000000.0,21646000000.0,1447367000000.0,1817067000000.0,,,,,,,,,,,,,,,,,,,,,,,,,,,,,,,-9426958000000.0,,
MSN,2016,3,,MSN,balance_sheet,23024693000000.0,11723007000000.0,3351342000000.0,2217130000000.0,5395832000000.0,337382000000.0,50154501000000.0,789700000000.0,29320770000000.0,0.0,11968166000000.0,0.0,3728806000000.0,73179194000000.0,49828370000000.0,15910020000000.0,33918350000000.0,23350824000000.0,23350824000000.0,8460188000000.0,,7530291000000.0,73179194000000.0,463023000000.0,0.0,5410854000000.0,0.0,,7560757000000.0,7560757000000.0,31537630000000.0,125221000000.0,9632991000000.0,0.0,2734028000000.0,21646000000.0,1435627000000.0,2225327000000.0,,,,,,,,,,,,,,,,,,,,,,,,,,,,,,,-9426958000000.0,,
MSN,2016,2,,MSN,balance_sheet,18542478000000.0,8540118000000.0,3417137000000.0,2266512000000.0,3972630000000.0,346081000000.0,49907024000000.0,675700000000.0,26665864000000.0,0.0,11660141000000.0,0.0,3682278000000.0,68449502000000.0,45321777000000.0,13407243000000.0,31914534000000.0,23127725000000.0,23127725000000.0,7933692000000.0,,7429128000000.0,68449502000000.0,333579000000.0,0.0,3993108000000.0,0.0,,7560757000000.0,7560757000000.0,29525003000000.0,122071000000.0,7407257000000.0,0.0,2654395000000.0,21646000000.0,1424863000000.0,2100563000000.0,,,,,,,,,,,,,,,,,,,,,,,,,,,,,,,-9426958000000.0,,
MSN,2016,1,,MSN,balance_sheet,18304148000000.0,4686894000000.0,6991548000000.0,2323051000000.0,3669695000000.0,632960000000.0,49199580000000.0,909700000000.0,26989015000000.0,0.0,10885526000000.0,0.0,3291412000000.0,67503728000000.0,43969571000000.0,12211221000000.0,31758350000000.0,23534157000000.0,23534157000000.0,7240563000000.0,,8446724000000.0,67503728000000.0,466942000000.0,0.0,3675204000000.0,0.0,,7467179000000.0,7467179000000.0,29368298000000.0,65458000000.0,6752499000000.0,801236000000.0,2254991000000.0,1624517000000.0,1451622000000.0,2361322000000.0,,,,,,,,,,,,,,,,,,,,,,,,,,,,,,,-9251415000000.0,,
MSN,2015,4,,MSN,balance_sheet,16709473000000.0,8324476000000.0,293990000000.0,3126527000000.0,4417969000000.0,546511000000.0,55140227000000.0,8563114000000.0,26998134000000.0,0.0,9144883000000.0,0.0,3085036000000.0,71849700000000.0,44740654000000.0,15005196000000.0,29735458000000.0,27109046000000.0,27109046000000.0,8561380000000.0,,10494430000000.0,71849700000000.0,872866000000.0,762400000000.0,4434592000000.0,0.0,,7467179000000.0,7467179000000.0,27253112000000.0,139989000000.0,8366625000000.0,828677000000.0,2042622000000.0,21646000000.0,1869025000000.0,10432139000000.0,,,,,,,,,,,,,,,,,,,,,,,,,,,,,,,-9045049000000.0,,
MSN,2015,3,,MSN,balance_sheet,17607864000000.0,7332367000000.0,1591406000000.0,3691963000000.0,4480974000000.0,511154000000.0,51482557000000.0,7029614000000.0,24910962000000.0,0.0,9024626000000.0,0.0,3115251000000.0,69090421000000.0,43679048000000.0,13139227000000.0,30539821000000.0,25411373000000.0,25411373000000.0,7643148000000.0,,9714989000000.0,69090421000000.0,1278892000000.0,0.0,4502436000000.0,0.0,,7467179000000.0,7467179000000.0,28009786000000.0,215675000000.0,7417989000000.0,1064965000000.0,1843455000000.0,21646000000.0,1652223000000.0,8681837000000.0,,,,,,,,,,,,,,,,,,,,,,,,,,,,,,,-9045049000000.0,,
MSN,2015,2,,MSN,balance_sheet,21069797000000.0,9555419000000.0,2067123000000.0,3401451000000.0,5620574000000.0,425230000000.0,50228852000000.0,6830337000000.0,24841010000000.0,0.0,8901247000000.0,0.0,3252252000000.0,71298649000000.0,45347411000000.0,12482972000000.0,32864439000000.0,25951238000000.0,25951238000000.0,7411355000000.0,,10595687000000.0,71298649000000.0,972338000000.0,0.0,5651811000000.0,0.0,,7358081000000.0,7358081000000.0,30386060000000.0,182830000000.0,6466831000000.0,1097879000000.0,1937973000000.0,21646000000.0,1436938000000.0,8286158000000.0,,,,,,,,,,,,,,,,,,,,,,,,,,,,,,,-9045049000000.0,,
MSN,2015,1,,MSN,balance_sheet,12321130000000.0,4750081000000.0,1417703000000.0,3825404000000.0,1979655000000.0,348287000000.0,36868449000000.0,0.0,24401159000000.0,0.0,8848432000000.0,930691000000.0,1211173000000.0,49189579000000.0,27209961000000.0,8272584000000.0,18937377000000.0,15020066000000.0,15020066000000.0,7075870000000.0,,0.0,49189579000000.0,478020000000.0,0.0,2014734000000.0,1064000000.0,,7358081000000.0,7358081000000.0,17327342000000.0,90375000000.0,4904645000000.0,0.0,1078410000000.0,144050000000.0,1476994000000.0,1476994000000.0,,,,,,,,,,,,,,,,,,,,,,,,,,,,,,,-9045049000000.0,,
MSN,2014,4,,MSN,balance_sheet,16428327000000.0,5166415000000.0,4042212000000.0,5176907000000.0,1604854000000.0,437939000000.0,36536773000000.0,0.0,24064527000000.0,0.0,8745176000000.0,792354000000.0,1546918000000.0,52965100000000.0,31039961000000.0,11796756000000.0,19243205000000.0,15016083000000.0,15016083000000.0,7071887000000.0,,0.0,52965100000000.0,341231000000.0,0.0,1627172000000.0,50643000000.0,,7358081000000.0,7358081000000.0,17521970000000.0,35786000000.0,6042278000000.0,0.0,1369592000000.0,147650000000.0,1387798000000.0,1387798000000.0,,,,,,,,,,,,,,,,,,,,,,,,,,,,,,,97703000000.0,,
MSN,2014,3,,MSN,balance_sheet,9320040000000.0,2897335000000.0,2762876000000.0,1516985000000.0,1779454000000.0,363390000000.0,37342268000000.0,0.0,22236147000000.0,0.0,11235575000000.0,842786000000.0,3025802000000.0,46662308000000.0,24602383000000.0,7026002000000.0,17576381000000.0,14331170000000.0,14331170000000.0,6039500000000.0,,0.0,46662308000000.0,396850000000.0,0.0,1789533000000.0,43858000000.0,,7358081000000.0,7358081000000.0,16112553000000.0,60815000000.0,3342801000000.0,0.0,2782698000000.0,147650000000.0,1958000000.0,1958000000.0,,,,,,,,,,,,,,,,,,,,,,,,,,,,,,,97703000000.0,,
MSN,2014,2,,MSN,balance_sheet,9011832000000.0,5160730000000.0,283300000000.0,1522663000000.0,1631769000000.0,413370000000.0,36459339000000.0,0.0,21492846000000.0,0.0,10771961000000.0,411072000000.0,3071008000000.0,45471171000000.0,23690979000000.0,6068695000000.0,17622284000000.0,14264299000000.0,14264299000000.0,6012052000000.0,,0.0,45471171000000.0,344098000000.0,0.0,1645582000000.0,81469000000.0,,7349113000000.0,7349113000000.0,16198953000000.0,21480000000.0,2250081000000.0,0.0,2829957000000.0,52600000000.0,712452000000.0,712452000000.0,,,,,,,,,,,,,,,,,,,,,,,,,,,,,,,97703000000.0,,
MSN,2014,1,,MSN,balance_sheet,10120903000000.0,4608179000000.0,2634166000000.0,1342622000000.0,1294439000000.0,241497000000.0,36133694000000.0,0.0,21437730000000.0,0.0,10736783000000.0,424096000000.0,3010456000000.0,46254597000000.0,22880197000000.0,6657669000000.0,16222528000000.0,14790019000000.0,14790019000000.0,6250773000000.0,,0.0,46254597000000.0,429439000000.0,0.0,1314404000000.0,61886000000.0,,7349113000000.0,7349113000000.0,14820179000000.0,75255000000.0,3474995000000.0,0.0,2814771000000.0,3600000000.0,524629000000.0,524629000000.0,,,,,,,,,,,,,,,,,,,,,,,,,,,,,,,97703000000.0,,
MSN,2013,4,,MSN,balance_sheet,11199004000000.0,5698563000000.0,3287000000000.0,975138000000.0,1070709000000.0,167594000000.0,35290281000000.0,0.0,23121365000000.0,0.0,10759698000000.0,0.0,959035000000.0,46489285000000.0,23237638000000.0,9974373000000.0,13263265000000.0,14947157000000.0,14947157000000.0,6335920000000.0,,0.0,46489285000000.0,360236000000.0,0.0,1091775000000.0,38370000000.0,,7349113000000.0,7349113000000.0,12067096000000.0,22163000000.0,6635910000000.0,0.0,403353000000.0,3600000000.0,450183000000.0,450183000000.0,,,,,,,,,,,,,,,,,,,,,,,,,,,,,,,-8295553000000.0,,
MSN,2013,3,,MSN,balance_sheet,9932804000000.0,6115293000000.0,1335000000000.0,1037624000000.0,1218101000000.0,226786000000.0,34064192000000.0,0.0,21868364000000.0,0.0,10819198000000.0,450143000000.0,524723000000.0,43996996000000.0,22303796000000.0,7172597000000.0,15131199000000.0,12630761000000.0,12630761000000.0,6160833000000.0,,0.0,43996996000000.0,511154000000.0,0.0,1231157000000.0,55062000000.0,,7051409000000.0,7051409000000.0,13994397000000.0,12653000000.0,4413398000000.0,0.0,399337000000.0,3600000000.0,401764000000.0,401764000000.0,,,,,,,,,,,,,,,,,,,,,,,,,,,,,,,-8537939000000.0,,
MSN,2013,2,,MSN,balance_sheet,8580593000000.0,6342240000000.0,0.0,1010328000000.0,1016211000000.0,211814000000.0,32943856000000.0,0.0,20781630000000.0,0.0,11246795000000.0,463167000000.0,188416000000.0,41524449000000.0,18821473000000.0,5879333000000.0,12942140000000.0,15268626000000.0,15268626000000.0,6046204000000.0,,0.0,41524449000000.0,548368000000.0,0.0,1026127000000.0,49088000000.0,,7051409000000.0,7051409000000.0,11176198000000.0,9937000000.0,3304195000000.0,0.0,106054000000.0,369100000000.0,263848000000.0,263848000000.0,,,,,,,,,,,,,,,,,,,,,,,,,,,,,,,1721824000000.0,,
MSN,2013,1,,MSN,balance_sheet,9315114000000.0,6858276000000.0,287000000000.0,1235590000000.0,787265000000.0,146983000000.0,31304797000000.0,0.0,19098065000000.0,0.0,11735998000000.0,241514000000.0,196551000000.0,40619911000000.0,18528663000000.0,5551360000000.0,12977303000000.0,15527440000000.0,15527440000000.0,5926268000000.0,,0.0,40619911000000.0,625311000000.0,0.0,798428000000.0,17247000000.0,,6872801000000.0,6872801000000.0,11274640000000.0,13672000000.0,2697152000000.0,0.0,92204000000.0,802779000000.0,32669000000.0,32669000000.0,,,,,,,,,,,,,,,,,,,,,,,,,,,,,,,1721824000000.0,,
MSN,2010,4,,MSN,balance_sheet,4648938000000.0,3394574000000.0,490000000000.0,328756000000.0,289342000000.0,146266000000.0,16272988000000.0,0.0,8060734000000.0,568000000.0,8095302000000.0,3572000000.0,112812000000.0,20921926000000.0,8267656000000.0,3241119000000.0,5026537000000.0,11019149000000.0,11019149000000.0,3066108000000.0,,0.0,20921926000000.0,90121000000.0,0.0,295689000000.0,16997000000.0,,5152723000000.0,5152723000000.0,5015751000000.0,10768000000.0,874824000000.0,0.0,70771000000.0,0.0,0.0,0.0,,,,,,,,,,,,,,,,,,,,,,,,,,,,,,,0.0,,
SAB,2025,4,,SAB,balance_sheet,22140977869887.0,4016881626734.0,14985488933982.0,902822762749.0,2027351808101.0,208432738321.0,10456375753827.0,0.0,5068260417283.0,238598827240.0,4194794500210.0,,778329721695.0,32597353623714.0,9597538547160.0,8880281129189.0,717257417971.0,22999815076554.0,22999815076554.0,7047144144801.0,0.0,1847031086409.0,32597353623714.0,31630854564.0,,2109849713825.0,0.0,1186744293943.0,12825623720000.0,12825623720000.0,167935888117.0,84401201159.0,267584304492.0,0.0,552322849125.0,362429271916.0,35400068378.0,34948968378.0,,,,,,,,,,,,,,,,,,,,,,,,,,,,,,,3408784538.0,,
SAB,2025,3,,SAB,balance_sheet,20479352019762.0,2910495187563.0,14772130081848.0,875478497013.0,1744058989274.0,177189264064.0,10855420107638.0,0.0,5167889162851.0,243350414679.0,4528940210341.0,,742177680961.0,31334772127400.0,6832228993871.0,6112332031218.0,719896962653.0,24502543133529.0,24502543133529.0,8589652614806.0,0.0,1810678324824.0,31334772127400.0,68870242584.0,,1837499720400.0,0.0,1186744293943.0,12825623720000.0,12825623720000.0,168294980974.0,48793300849.0,172996659976.0,0.0,575896449874.0,362429271916.0,33896896383.0,33445796383.0,,,,,,,,,,,,,,,,,,,,,,,,,,,,,,,3408784538.0,,
SAB,2025,2,,SAB,balance_sheet,25102973272497.0,6502903596185.0,15682490071428.0,1066459100621.0,1664304566153.0,186815938110.0,8093805844847.0,0.0,4421102059846.0,246030762733.0,2265736649423.0,,986051807918.0,33196779117344.0,10322437517835.0,9852424610880.0,470012906955.0,22874341599509.0,22874341599509.0,7275878980244.0,0.0,1499755244972.0,33196779117344.0,54695541752.0,,1727426070580.0,0.0,1186744293943.0,12825623720000.0,12825623720000.0,168646045663.0,69000173338.0,182609401416.0,332891966559.0,460455006656.0,362429271916.0,34680790051.0,34229690051.0,,,,,,,,,,,,,,,,,,,,,,,,,,,,,,,3408784538.0,,
SAB,2025,1,,SAB,balance_sheet,23595997493910.0,3998216920843.0,16263953545620.0,889683095932.0,2215700673157.0,228443258358.0,8022758141076.0,0.0,4576716223425.0,248722388842.0,2032111891602.0,,1013355971758.0,31618755634986.0,6012710111842.0,5547243699255.0,465466412587.0,25606045523144.0,25606045523144.0,9974658766508.0,0.0,1541257926015.0,31618755634986.0,49568980899.0,,2278205215696.0,0.0,1183429056260.0,12825623720000.0,12825623720000.0,169029470625.0,64826924326.0,481748911003.0,0.0,806521017049.0,362429271916.0,34792783693.0,34341683693.0,,,,,,,,,,,,,,,,,,,,,,,,,,,,,,,3408784538.0,,
SAB,2024,4,,SAB,balance_sheet,25066732804106.0,4477501667326.0,16566239177101.0,1818472380110.0,1978543927286.0,225975652283.0,8372673560545.0,0.0,3593253846771.0,268304664076.0,3672561077153.0,,682574707770.0,33439406364651.0,9002313181979.0,8657140531800.0,345172650179.0,24437093182672.0,24437093182672.0,9217801321446.0,0.0,1154973247501.0,33439406364651.0,48390695221.0,,2042852750470.0,0.0,1181709861073.0,12825623720000.0,12825623720000.0,169444430406.0,94511172026.0,245383983749.0,0.0,455034726932.0,410929271916.0,34416343693.0,33965243693.0,,,,,,,,,,,,,,,,,,,,,,,,,,,,,,,3208666226.0,,
SAB,2024,3,,SAB,balance_sheet,24070634490878.0,5428443756883.0,15361135259235.0,1304622708914.0,1766584936155.0,209847829691.0,8163317002518.0,0.0,3671164839985.0,270536970542.0,3411103554607.0,,655573066221.0,32233951493396.0,6012261617310.0,5662214040005.0,350047577305.0,26221689876086.0,26221689876086.0,10914183193947.0,0.0,1285029411536.0,32233951493396.0,56894040231.0,,1837489441053.0,0.0,1122249449316.0,12825623720000.0,12825623720000.0,169771108778.0,63768701184.0,125754245692.0,0.0,489592853041.0,411229271916.0,35308519051.0,34857419051.0,,,,,,,,,,,,,,,,,,,,,,,,,,,,,,,3208666226.0,,
SAB,2024,2,,SAB,balance_sheet,27431927836484.0,6034105422392.0,17324383616495.0,1487774094506.0,2350871616141.0,234793086950.0,6721720431544.0,0.0,3772602511828.0,273379564388.0,1829465906074.0,,680708038374.0,34153648268028.0,9023944917056.0,8668920290705.0,355024626351.0,25129703350972.0,25129703350972.0,9823058178315.0,0.0,1282332938014.0,34153648268028.0,47135218856.0,,2422099526527.0,0.0,1122241373127.0,12825623720000.0,12825623720000.0,170090455484.0,69149033947.0,456125146624.0,0.0,499330788245.0,434314271916.0,35027019051.0,34575919051.0,,,,,,,,,,,,,,,,,,,,,,,,,,,,,,,3208666226.0,,
SAB,2024,1,,SAB,balance_sheet,24868688794432.0,3213098600682.0,18202453317303.0,1044442604668.0,2193114405334.0,215579866445.0,7277832061277.0,0.0,3899751895568.0,276222158234.0,2243198942835.0,,711443565128.0,32146520855709.0,5689664383909.0,5344983823852.0,344680560057.0,26456856471800.0,26456856471800.0,11184361337659.0,0.0,1273502549571.0,32146520855709.0,31436351846.0,,2269041546330.0,0.0,1122241373127.0,12825623720000.0,12825623720000.0,170443177736.0,40712130033.0,560984397640.0,0.0,519418852780.0,434314271916.0,35199499051.0,34748399051.0,,,,,,,,,,,,,,,,,,,,,,,,,,,,,,,3208666226.0,,
SAB,2023,4,,SAB,balance_sheet,26553405591714.0,5039908030600.0,17741052417665.0,1229401278553.0,2317504988808.0,225538876088.0,7503219247991.0,0.0,3969724119615.0,279064752080.0,2287392366503.0,,788417120457.0,34056624839705.0,8571466944838.0,8224608450196.0,346858494642.0,25485157894867.0,25485157894867.0,10217284050181.0,0.0,1272845884034.0,34056624839705.0,33281517536.0,,2393084700363.0,0.0,1122241373127.0,12825623720000.0,12825623720000.0,170828414155.0,44800935324.0,530129396183.0,0.0,550304398466.0,434314271916.0,35152681051.0,34701581051.0,,,,,,,,,,,,,,,,,,,,,,,,,,,,,,,3208666226.0,,
SAB,2023,3,,SAB,balance_sheet,25948826631933.0,2391612113327.0,19997640046912.0,1158808305410.0,2151252724958.0,249513441326.0,7477547024409.0,0.0,4097561292700.0,148245207118.0,2253726454360.0,,721912921326.0,33426373656342.0,6907845863286.0,6490318537843.0,417527325443.0,26518527793056.0,26518527793056.0,17637233522109.0,0.0,1293205604632.0,33426373656342.0,39992144550.0,,2224944168796.0,0.0,1122241373127.0,6412811860000.0,6412811860000.0,238550176216.0,30423741652.0,409420367101.0,0.0,546683447591.0,434314271916.0,37009422971.0,36558322971.0,,,,,,,,,,,,,,,,,,,,,,,,,,,,,,,3208666226.0,,
SAB,2023,2,,SAB,balance_sheet,26098897838382.0,3741721292562.0,18638871262711.0,983673481545.0,2430169420205.0,304462381359.0,7547978320269.0,0.0,4226704637199.0,149873133748.0,2318431137559.0,,658087146273.0,33646876158651.0,8123463218998.0,7638834830419.0,484628388579.0,25523412939653.0,25523412939653.0,16622919408722.0,0.0,1320228120905.0,33646876158651.0,38045230537.0,,2506667113835.0,0.0,1122241373127.0,6412811860000.0,6412811860000.0,310315364437.0,38632447875.0,556158670975.0,0.0,481405467687.0,434314271916.0,46406242971.0,37955142971.0,,,,,,,,,,,,,,,,,,,,,,,,,,,,,,,3208666226.0,,
SAB,2023,1,,SAB,balance_sheet,24035836979493.0,2994887902083.0,17367463728464.0,895231761646.0,2496501979005.0,281751608295.0,7444470317636.0,0.0,4332477847025.0,151501060378.0,2250998912815.0,,538845994369.0,31480307297129.0,5907352826161.0,5382595929564.0,524756896597.0,25572954470968.0,25572954470968.0,16514706491498.0,0.0,1483200641216.0,31480307297129.0,24448402562.0,,2573370207574.0,0.0,1122241373127.0,6412811860000.0,6412811860000.0,351639919066.0,26102264256.0,581908285519.0,0.0,361292191801.0,434314271916.0,48077373799.0,39626273799.0,,,,,,,,,,,,,,,,,,,,,,,,,,,,,,,3208666226.0,,
SAB,2022,4,,SAB,balance_sheet,26860224573663.0,4069464160642.0,19411469500000.0,897692694315.0,2193521139336.0,288077079370.0,7604851042093.0,0.0,4454982147731.0,153128987010.0,2214115381757.0,,611356317724.0,34465075615756.0,9874229696363.0,9213862412096.0,660367284267.0,24590845919393.0,24590845919393.0,15564895669872.0,0.0,1450551977121.0,34465075615756.0,68059544421.0,,2272494533814.0,0.0,1122241373127.0,6412811860000.0,6412811860000.0,374432513250.0,36931211976.0,658625815321.0,0.0,383451267863.0,434314271916.0,46171128871.0,37720028871.0,,,,,,,,,,,,,,,,,,,,,,,,,,,,,,,3208666226.0,,
SAB,2022,3,,SAB,balance_sheet,26420333683541.0,2843366169149.0,20620333884932.0,759503134565.0,1981225837426.0,215904657469.0,7528850991654.0,4000000000.0,4577862532619.0,39861596463.0,2177865213871.0,,545212142225.0,33949184675195.0,8103460178577.0,7447626806666.0,655833371911.0,25845724496618.0,25845724496618.0,16802628601351.0,0.0,1472337809148.0,33949184675195.0,44451156457.0,,2057369367647.0,0.0,1122241373127.0,6412811860000.0,6412811860000.0,374703037174.0,547748286715.0,436448827223.0,0.0,376731661294.0,434314271916.0,44900899331.0,15580919426.0,,,,,,,,,,,,,,,,,,,,,,,,,,,,,,,3208666226.0,,
SAB,2022,2,,SAB,balance_sheet,23788902258787.0,2739622464898.0,18209682884932.0,698206826487.0,1910958267377.0,230431815093.0,7551859304104.0,4000000000.0,4697436597540.0,40331147256.0,2100520115386.0,,554519429444.0,31340761562891.0,6873168854191.0,6241892551035.0,631276303156.0,24467592708700.0,24467592708700.0,15435423920390.0,0.0,1467209445790.0,31340761562891.0,47920298376.0,,1989474218450.0,0.0,1122241373127.0,6412811860000.0,6412811860000.0,342570277523.0,82181647385.0,501792196877.0,0.0,380325952480.0,434314271916.0,42234560291.0,12914580386.0,,,,,,,,,,,,,,,,,,,,,,,,,,,,,,,3208666226.0,,
SAB,2022,1,,SAB,balance_sheet,22424394009889.0,3249582254803.0,16380342884932.0,685098321685.0,1961014874510.0,148355673959.0,7462739248913.0,4000000000.0,4306361061890.0,40800698049.0,2052178967052.0,,474151925225.0,29887133258802.0,7064801914122.0,6384329756107.0,680472158015.0,22822331344680.0,22822331344680.0,13836218972646.0,0.0,1421307800904.0,29887133258802.0,61668160023.0,,2041792462761.0,0.0,1122241373127.0,6412811860000.0,6412811860000.0,389597476842.0,306866538827.0,396382283875.0,0.0,273773870396.0,434314271916.0,42188530291.0,12868550386.0,,,,,,,,,,,,,,,,,,,,,,,,,,,,,,,3208666226.0,,
SAB,2021,4,,SAB,balance_sheet,22877033322264.0,3606454403209.0,16991239000000.0,467956130071.0,1668001734209.0,143382054775.0,7609991050161.0,4000000000.0,4401799818086.0,41270248842.0,2125162874416.0,,477646364587.0,30487024372425.0,7892238669264.0,7258020535153.0,634218134111.0,22594785703161.0,22594785703161.0,13655871142263.0,0.0,1373313368684.0,30487024372425.0,29859261503.0,,1755711816417.0,0.0,1122241373127.0,6412811860000.0,6412811860000.0,341226010423.0,63252571190.0,321746371972.0,0.0,263131483984.0,434314271916.0,41960830291.0,12640850386.0,,,,,,,,,,,,,,,,,,,,,,,,,,,,,,,3208666226.0,,
SAB,2021,3,,SAB,balance_sheet,20870073057046.0,3293465550027.0,15359384000000.0,689403181791.0,1376294447557.0,151525877671.0,7557811392172.0,4000000000.0,4517272201429.0,63464937249.0,2059890037810.0,,423254010239.0,28427884449218.0,5860662708348.0,5025238662869.0,835424045479.0,22567221740870.0,22567221740870.0,13661183387832.0,0.0,1340212422055.0,28427884449218.0,49386402889.0,,1477909518551.0,0.0,1122241373127.0,6412811860000.0,6412811860000.0,374607501927.0,71658709588.0,385154514117.0,0.0,259640520341.0,449306380116.0,42705030291.0,13385050386.0,,,,,,,,,,,,,,,,,,,,,,,,,,,,,,,3208666226.0,,
SAB,2021,2,,SAB,balance_sheet,20949993263440.0,3150402298104.0,15290579000000.0,645779821564.0,1643625345322.0,219606798450.0,7610641121460.0,4000000000.0,4644102343326.0,64034541063.0,2055599187932.0,,466034097649.0,28560634384900.0,6399615138821.0,5473586408794.0,926028730027.0,22161019246079.0,22161019246079.0,13254828722458.0,0.0,1340152433723.0,28560634384900.0,79336601196.0,,1721168276692.0,0.0,1122241373127.0,6412811860000.0,6412811860000.0,455388676823.0,72798033421.0,362722944809.0,0.0,283748803693.0,449306380116.0,42659030291.0,13339050386.0,,,,,,,,,,,,,,,,,,,,,,,,,,,,,,,3208666226.0,,
SAB,2021,1,,SAB,balance_sheet,19224902005825.0,2780498994394.0,13570529000000.0,595353569509.0,2046533551293.0,231986890629.0,7764257717816.0,4000000000.0,4739652434736.0,64604144877.0,2186872947065.0,,506807949479.0,26989159723641.0,5808139972715.0,4846369155607.0,961770817108.0,21181019750926.0,21181019750926.0,12283306584806.0,0.0,1330440189574.0,26989159723641.0,121140700261.0,,2123424732828.0,0.0,1122241373127.0,6412811860000.0,6412811860000.0,478042585268.0,66543685676.0,403563328939.0,0.0,298301440939.0,449306380116.0,42488030291.0,13168050386.0,,,,,,,,,,,,,,,,,,,,,,,,,,,,,,,3208666226.0,,
SAB,2020,4,,SAB,balance_sheet,19513381452440.0,2726137088387.0,14547419432877.0,590846416109.0,1446832994933.0,202145520134.0,7861591322918.0,4000000000.0,4874503649521.0,65173748670.0,2351285997476.0,,530530707659.0,27374972775358.0,6159696384430.0,5173043219872.0,986653164558.0,21215276390928.0,21215276390928.0,12374498805733.0,0.0,1275045554465.0,27374972775358.0,164204071490.0,,1525038920678.0,0.0,1122846170630.0,6412811860000.0,6412811860000.0,526263958457.0,64714811339.0,448791959859.0,0.0,330639468712.0,665885700116.0,41278370471.0,11958390566.0,,,,,,,,,,,,,,,,,,,,,,,,,,,,,,,3208666226.0,,
SAB,2020,3,,SAB,balance_sheet,19987611807533.0,3173374778621.0,14320669432877.0,683492320624.0,1703797088251.0,106278187160.0,7698848831300.0,4000000000.0,4826210959544.0,65840310748.0,2276130775566.0,,503911233248.0,27686460638833.0,6640936323872.0,5837027977099.0,803908346773.0,21045524314961.0,21045524314961.0,12238105368821.0,0.0,1240441599623.0,27686460638833.0,178668609412.0,,1852495391720.0,0.0,1122834056347.0,6412811860000.0,6412811860000.0,409992120000.0,316491727743.0,566354775300.0,0.0,284812118627.0,665885700116.0,35292461371.0,5907050566.0,,,,,,,,,,,,,,,,,,,,,,,,,,,,,,,3208666226.0,,
SAB,2020,2,,SAB,balance_sheet,18413850495012.0,4864813951649.0,11165486789096.0,696475952856.0,1563239928847.0,123833872564.0,7745498181277.0,4000000000.0,4915522815422.0,66509360053.0,2203520608908.0,,500606830571.0,26159348676289.0,6417635456293.0,5573385094445.0,844250361848.0,19741713219996.0,19741713219996.0,10876152357319.0,0.0,1298425684877.0,26159348676289.0,42027030769.0,,1750219687545.0,0.0,1122834056347.0,6412811860000.0,6412811860000.0,459456327274.0,101091796404.0,445912909719.0,0.0,296388205207.0,665885700116.0,35891988834.0,6506578029.0,,,,,,,,,,,,,,,,,,,,,,,,,,,,,,,3208666226.0,,
SAB,2020,1,,SAB,balance_sheet,16346544224916.0,2447101994565.0,10824541791369.0,642624842634.0,2256885560175.0,175390036173.0,7840025726497.0,4000000000.0,4648518350088.0,67178409358.0,2157288522438.0,,562998709798.0,24186569951413.0,5699870082414.0,4816868251712.0,883001830702.0,18486699868999.0,18486699868999.0,9656784992051.0,0.0,1255196441729.0,24186569951413.0,60253994024.0,,2455702115734.0,0.0,1130372829157.0,6412811860000.0,6412811860000.0,494244987274.0,39101765099.0,591938871910.0,0.0,323898986625.0,665885700116.0,37391657734.0,8006246929.0,,,,,,,,,,,,,,,,,,,,,,,,,,,,,,,3208666226.0,,
SAB,2019,4,,SAB,balance_sheet,19164602511633.0,4115884646637.0,12393226750273.0,568608377917.0,1967137719907.0,119745016899.0,7797873582412.0,4000000000.0,4685440455287.0,58433154033.0,2162738822723.0,,574377366136.0,26962476094045.0,6886229037681.0,6087830053039.0,798398984642.0,20076247056364.0,20076247056364.0,11231596467620.0,0.0,1270984359590.0,26962476094045.0,54679363371.0,,2169540753708.0,0.0,1130372829157.0,6412811860000.0,6412811860000.0,494244987274.0,42587372642.0,560511063296.0,0.0,328604633780.0,665885700116.0,38495491774.0,9110080969.0,,,,,,,,,,,,,,,,,,,,,,,,,,,,,,,3208666226.0,,
SAB,2019,3,,SAB,balance_sheet,17575957284443.0,3586992705347.0,11173432449320.0,923041316109.0,1788457837586.0,104032976081.0,7201652313830.0,4000000000.0,4169003227202.0,58894133488.0,2182871518233.0,,571245669324.0,24777609598273.0,5796889182989.0,5492196940763.0,304692242226.0,18980720415284.0,18980720415284.0,10301761124393.0,0.0,1100199457086.0,24777609598273.0,62089733522.0,,2006391092146.0,0.0,1130372829157.0,6412811860000.0,6412811860000.0,0.0,54604861620.0,508683238025.0,0.0,342939029997.0,665885700116.0,36000080906.0,6680101001.0,,,,,,,,,,,,,,,,,,,,,,,,,,,,,,,0.0,,
SAB,2019,2,,SAB,balance_sheet,16861849375663.0,5303724023229.0,9047239201320.0,879189455569.0,1546216191226.0,85480504319.0,7199113719277.0,4000000000.0,4302090633997.0,53984479781.0,2046297736340.0,,616039304075.0,24060963094940.0,5468544995053.0,5174248971351.0,294296023702.0,18592418099887.0,18592418099887.0,9953107853174.0,0.0,1061597327266.0,24060963094940.0,56510250916.0,,1764593898822.0,0.0,1130372829157.0,6412811860000.0,6412811860000.0,0.0,137523122041.0,346152711298.0,0.0,400839020444.0,665885700116.0,36909456417.0,7589476512.0,,,,,,,,,,,,,,,,,,,,,,,,,,,,,,,0.0,,
SAB,2019,1,,SAB,balance_sheet,15515537762586.0,4945933287378.0,7496406448542.0,842187287859.0,2084325783277.0,146684955530.0,7524013932117.0,4000000000.0,4433109455861.0,54276158507.0,2142139753659.0,,754061363876.0,23039551694703.0,5777983581418.0,5451256229343.0,326727352075.0,17261568113285.0,17261530713285.0,8583246344708.0,37400000.0,1106647937546.0,23039551694703.0,80615956582.0,,2302136081674.0,0.0,1130368791063.0,6412811860000.0,6412811860000.0,12183022047.0,109406414086.0,421168672990.0,0.0,471444880305.0,681235700116.0,35683910917.0,6208015568.0,,,,,,,,,,,,,,,,,,,,,,,,,,,,,,,3208666226.0,,
SAB,2018,4,,SAB,balance_sheet,14690168205219.0,4467391585137.0,7544188420764.0,765630597003.0,1813754190894.0,99203411421.0,7688357992597.0,4000000000.0,4567091079194.0,54567837235.0,2154232302794.0,,762228144297.0,22378526197816.0,6268953002674.0,5940649111708.0,328303890966.0,16109573195142.0,16109535795142.0,7471335714541.0,37400000.0,1065605733615.0,22378526197816.0,74757986951.0,,2034063807573.0,0.0,1130147220442.0,6412811860000.0,6412811860000.0,14618022047.0,110463408413.0,594242788680.0,0.0,551794760319.0,688510888053.0,35180710917.0,5860731012.0,,,,,,,,,,,,,,,,,,,,,,,,,,,,,,,0.0,,
SAB,2018,3,,SAB,balance_sheet,15206371060048.0,4228410867018.0,7866885974564.0,714438390374.0,2256607163602.0,140028664490.0,7794081647953.0,4000000000.0,4687305964873.0,54859515963.0,2159778144708.0,,753339984478.0,23000452708001.0,5297792226865.0,5073407854860.0,224384372005.0,17702660481136.0,17702623081136.0,9078703204184.0,37400000.0,1055221031194.0,23000452708001.0,81825877405.0,,2373379379056.0,0.0,1127766483245.0,6412811860000.0,6412811860000.0,17053022047.0,68507400636.0,687341280924.0,0.0,631267379801.0,716852914597.0,32939157663.0,3619177758.0,,,,,,,,,,,,,,,,,,,,,,,,,,,,,,,3208666226.0,,
SAB,2018,2,,SAB,balance_sheet,14135939540130.0,4184307406199.0,6955374974564.0,715878089163.0,2145516287784.0,134862782420.0,7890438722148.0,4000000000.0,4747557499069.0,55151194692.0,2084467734679.0,,808041863727.0,22026378262278.0,5232425738270.0,5015641790233.0,216783948037.0,16793952524008.0,16793915124008.0,8140891583470.0,37400000.0,1085059903951.0,22026378262278.0,72402751825.0,,2262382715579.0,0.0,1127748197086.0,6412811860000.0,6412811860000.0,11644361692.0,90536530685.0,547419329275.0,0.0,688324207539.0,736652914597.0,47636960833.0,18612165484.0,,,,,,,,,,,,,,,,,,,,,,,,,,,,,,,3208666226.0,,
SAB,2018,1,,SAB,balance_sheet,12576322862467.0,4873459152462.0,4606383203491.0,731643279702.0,2209059479779.0,155777747033.0,8188395961586.0,4000000000.0,4881910991286.0,55442873420.0,2160278493052.0,,908983999653.0,20764718824053.0,5213473559860.0,5005836090284.0,207637469576.0,15551245264193.0,15551207864193.0,6934486717448.0,37400000.0,1060983857643.0,20764718824053.0,86612848083.0,,2326030667357.0,0.0,1119073579586.0,6412811860000.0,6412811860000.0,1531695304.0,134933387095.0,807830367225.0,0.0,785810473764.0,736652914597.0,49357010411.0,20332215063.0,,,,,,,,,,,,,,,,,,,,,,,,,,,,,,,0.0,,
SAB,2017,4,,SAB,balance_sheet,13746940669379.0,4268678310960.0,6558801231269.0,677002428048.0,2100175381040.0,142283318062.0,8332403162509.0,4000000000.0,5010375356253.0,59916600627.0,2193008896120.0,,933752813689.0,22079343831888.0,7317131587250.0,7178234449011.0,138897138239.0,14762212244638.0,14762174844638.0,6134774325149.0,37400000.0,1067385177846.0,22079343831888.0,109617223231.0,,2142975830117.0,0.0,1118963482640.0,6412811860000.0,6412811860000.0,4580629834.0,89595796489.0,720264981780.0,0.0,819116482360.0,736960914597.0,48401021411.0,24721148533.0,,,,,,,,,,,,,,,,,,,,,,,,,,,,,,,0.0,,
SAB,2017,3,,SAB,balance_sheet,13208724661352.0,4554779294818.0,5238047914747.0,834941892300.0,2325039678933.0,255915880554.0,8032807668055.0,4000000000.0,5103683631736.0,64554780515.0,1975779273768.0,,768020789098.0,21241532329407.0,5342290497172.0,5209060016516.0,133230480656.0,15899241832235.0,15899204432235.0,7265667693026.0,37400000.0,1073227021309.0,21241532329407.0,178050449340.0,,2359770401218.0,0.0,1118956843769.0,6412811860000.0,6412811860000.0,8477861275.0,274487030299.0,840230301736.0,0.0,656567803939.0,739727528924.0,48003068963.0,18423196085.0,,,,,,,,,,,,,,,,,,,,,,,,,,,,,,,3208666226.0,,
SAB,2017,2,,SAB,balance_sheet,11948192558650.0,5060479589348.0,3409614854909.0,949878612005.0,2062414643400.0,465804858988.0,8150511465206.0,4000000000.0,5217743818630.0,65140405394.0,1909998670126.0,,844483615214.0,20098704023856.0,5226245019726.0,5081533805802.0,144711213924.0,14872459004130.0,14872421604130.0,6248405757322.0,37400000.0,1064965705970.0,20098704023856.0,199879316231.0,,2098769190101.0,0.0,1118956843769.0,6412811860000.0,6412811860000.0,19853741805.0,176882891170.0,944250851140.0,0.0,737028818589.0,739727528924.0,48161821863.0,18581948985.0,,,,,,,,,,,,,,,,,,,,,,,,,,,,,,,3208666226.0,,
SAB,2017,1,,SAB,balance_sheet,10421899897131.0,4080555612429.0,2565521174216.0,885463917520.0,2205438526626.0,684920666340.0,8331948780573.0,4000000000.0,5329394727185.0,65726030273.0,1932412387774.0,,867384755182.0,18753848677704.0,5153772728349.0,5010257893644.0,143514834705.0,13600075949355.0,13600038549355.0,4979656741636.0,37400000.0,1084094898644.0,18753848677704.0,206776819618.0,,2251043677238.0,0.0,1120415018024.0,6412811860000.0,6412811860000.0,21024090938.0,352198003063.0,920772992014.0,0.0,756448316086.0,746447528924.0,44815750319.0,36558511739.0,,,,,,,,,,,,,,,,,,,,,,,,,,,,,,,3208666226.0,,
SAB,2016,4,,SAB,balance_sheet,10768938816041.0,3554805678605.0,3064406940162.0,1213748427765.0,2116162004584.0,819815764925.0,8491156731056.0,4000000000.0,5460047934464.0,66481409593.0,1968197735259.0,,865509853322.0,19260095547097.0,6895091325687.0,6607238153445.0,287853172242.0,12365004221410.0,12364966821410.0,3784498622085.0,37400000.0,1046721468160.0,19260095547097.0,195630019419.0,,2174326442403.0,0.0,1118357301754.0,6412811860000.0,6412811860000.0,159509182062.0,504449074942.0,1051042291006.0,0.0,720751634040.0,738824745367.0,49561033849.0,54146716451.0,,,,,,,,,,,,,,,,,,,,,,,,,,,,,,,3208666226.0,,
SAB,2016,3,,SAB,balance_sheet,13893792479855.0,6813756227629.0,3292766940162.0,1530092025888.0,2120507421024.0,136669865152.0,8809591462485.0,4000000000.0,5479510990317.0,67071747710.0,1818512465043.0,,1309835231246.0,22703383942340.0,8300465803532.0,7733455083389.0,567010720143.0,14402918138808.0,14402880738808.0,5873050687232.0,37400000.0,1007402455641.0,22703383942340.0,208136323189.0,,2164078447496.0,0.0,1111937641343.0,6412811860000.0,6412811860000.0,443760635526.0,348901269542.0,964222424590.0,0.0,543513112448.0,747464745367.0,43036551784.0,35036551784.0,,,,,,,,,,,,,,,,,,,,,,,,,,,,,,,3208666226.0,,
SAB,2016,2,,SAB,balance_sheet,13790724368179.0,9392266917898.0,1403766940162.0,1123819693751.0,1749329796893.0,121541019475.0,8997173672231.0,4000000000.0,5600773236130.0,67702601126.0,2155592298512.0,,1041180663596.0,22787898040410.0,8438616329015.0,7885128185134.0,553488143881.0,14349281711395.0,14349244311395.0,5853440345328.0,37400000.0,973951631341.0,22787898040410.0,154435687623.0,,1792900823365.0,0.0,1111799334554.0,6412811860000.0,6412811860000.0,407546733351.0,289971541386.0,926299249692.0,0.0,541089466418.0,747464745367.0,49137327402.0,41137327402.0,,,,,,,,,,,,,,,,,,,,,,,,,,,,,,,3208666226.0,,
SAB,2016,1,,SAB,balance_sheet,12440234361543.0,8847741140901.0,953666940162.0,1016604477280.0,1471843980071.0,150377823129.0,9473814946486.0,4000000000.0,5708423800429.0,44811450799.0,2144524490276.0,,1109092797470.0,21914049308029.0,7002521258300.0,5980778999049.0,1021742259251.0,14911528049729.0,14911490649729.0,6440404874682.0,37400000.0,994879070371.0,21914049308029.0,159050017918.0,,1515415006542.0,2048608239.0,1100207507799.0,6412811860000.0,6412811860000.0,557468376310.0,120181624047.0,1219982837098.0,0.0,607028600287.0,759464745367.0,374198650709.0,366198650709.0,,,,,,,,,,,,,,,,,,,,,,,,,,,,,,,3208666227.0,,
SAB,2015,4,,SAB,balance_sheet,12194294244759.0,7935974303078.0,942766940162.0,1085026567826.0,1924903591065.0,305622842628.0,9377631443590.0,4000000000.0,5854864117634.0,45648186191.0,2220151475157.0,,1141597073679.0,21571925688349.0,7507221969018.0,6759695103391.0,747526865627.0,14064703719331.0,14064666319331.0,5558226879589.0,37400000.0,995617570458.0,21571925688349.0,71471592573.0,,1960525998246.0,56900000.0,1100003125251.0,6412811860000.0,6412811860000.0,610451263039.0,381635895798.0,1051664640371.0,0.0,626304930215.0,759464745367.0,42494839492.0,34494839492.0,,,,,,,,,,,,,,,,,,,,,,,,,,,,,,,3208666226.0,,
SAB,2015,3,,SAB,balance_sheet,11197461185893.0,7677928816985.0,398344863149.0,1137488780348.0,1854138441224.0,129560284187.0,9684107753965.0,4000000000.0,5906652444033.0,32659874146.0,2419980411534.0,,1146812863036.0,20881568939858.0,6688774670303.0,5712460513382.0,976314156921.0,14192794269555.0,14192756869555.0,5972413352117.0,37400000.0,738115619841.0,20881568939858.0,148685606251.0,,1894235555019.0,4520341254.0,1078418306158.0,6412811860000.0,6412811860000.0,715104240536.0,302348884355.0,394045760083.0,0.0,757352173160.0,855798664410.0,22377265659.0,26377265659.0,,,,,,,,,,,,,,,,,,,,,,,,,,,,,,,3208666227.0,,
SAB,2015,2,,SAB,balance_sheet,11712886322938.0,8245182048909.0,579344863149.0,1015896328960.0,1781568257027.0,90894824893.0,9862872472983.0,4000000000.0,6010100011790.0,29693667520.0,2428954260846.0,,1182236093824.0,21575758795921.0,8416482799353.0,7419168617136.0,997314182217.0,13159275996568.0,13159238596568.0,4944618287916.0,37400000.0,734592194665.0,21575758795921.0,102127230487.0,,1821665370822.0,0.0,1077833139008.0,6412811860000.0,6412811860000.0,734912962459.0,264453439407.0,402468040789.0,0.0,856287320384.0,835578537076.0,43143764351.0,43143764351.0,,,,,,,,,,,,,,,,,,,,,,,,,,,,,,,3208666226.0,,
SAB,2015,1,,SAB,balance_sheet,10532808075759.0,6945623403238.0,515742569669.0,1053705759261.0,1873268156386.0,144468187205.0,10990660134022.0,6000000000.0,7213154760832.0,30231624352.0,2271486661668.0,,1313594638190.0,21523468209781.0,7587895132228.0,6500988089280.0,1086907042948.0,13935573077553.0,13935535677553.0,5681025317154.0,37400000.0,786199961348.0,21523468209781.0,156631043077.0,,1913365270181.0,46276046106.0,1071725310195.0,6412811860000.0,6412811860000.0,885738007252.0,161951062694.0,447234348098.0,0.0,1050975878251.0,822900809151.0,8000000000.0,14000000000.0,,,,,,,,,,,,,,,,,,,,,,,,,,,,,,,3208666227.0,,
SAB,2014,4,,SAB,balance_sheet,10547147009535.0,1817058789399.0,5719664646682.0,1031470742969.0,1868971990048.0,109980840437.0,11126890056350.0,0.0,7435275814549.0,30769581184.0,2297406522275.0,,1355438138342.0,21674037065885.0,8690567763683.0,7559892583790.0,1130675179893.0,12203919808275.0,12203882408275.0,4741509148405.0,37400000.0,0.0,21674037065885.0,133998015442.0,,1909069103843.0,35134009775.0,358189887095.0,6412811860000.0,6412811860000.0,912244060011.0,77000229480.0,437368288526.0,0.0,1109120199210.0,1111347612043.0,8000000000.0,8000000000.0,,,,,,,,,,,,,,,,,,,,,,,,,,,,,,,3208666226.0,,
SAB,2014,3,,SAB,balance_sheet,8796023757694.0,1454519610110.0,4736079285571.0,853293602694.0,1567355670251.0,184775589068.0,10756011028088.0,0.0,6915089720480.0,31307538016.0,2509880323915.0,,1249733445677.0,19552034785782.0,6335933668635.0,4910228068570.0,1425705600065.0,12343761004235.0,12343723604235.0,5015737554154.0,37400000.0,0.0,19552034785782.0,193419372387.0,,1598886760589.0,48504409667.0,338857465764.0,6412811860000.0,6412811860000.0,1075391469927.0,130583499376.0,403541658472.0,0.0,1153504084006.0,1135598052043.0,50000000000.0,50000000000.0,,,,,,,,,,,,,,,,,,,,,,,,,,,,,,,1516371220.0,,
SAB,2014,2,,SAB,balance_sheet,8799798821132.0,1441121103843.0,4714079285571.0,866157848973.0,1627845360144.0,150595222601.0,10665687430295.0,0.0,6822270632050.0,31845494848.0,2527126012546.0,,1284431690851.0,19465486251427.0,6713369650799.0,5396034215126.0,1317335435673.0,11916841375599.0,11916803975599.0,4590069986597.0,37400000.0,0.0,19465486251427.0,206921291774.0,,1659376450482.0,35687462189.0,337936750373.0,6412811860000.0,6412811860000.0,964130941943.0,164480993902.0,393457592898.0,0.0,1186660007370.0,1138316712390.0,13600000.0,13600000.0,,,,,,,,,,,,,,,,,,,,,,,,,,,,,,,1516371220.0,,
SAB,2014,1,,SAB,balance_sheet,7650818124155.0,1551047991910.0,3451464646682.0,715857154668.0,1801408784546.0,131039546349.0,10626120185184.0,0.0,6772629490455.0,32383451680.0,2437151837306.0,,1377743089144.0,18276938309339.0,6308518630771.0,4730636877665.0,1577881753106.0,11134661161075.0,11134623761075.0,3823254038556.0,37400000.0,0.0,18276938309339.0,226637241541.0,,1847441165746.0,33487911022.0,327563697318.0,6412811860000.0,6412811860000.0,1215607808305.0,160590802245.0,319909792872.0,0.0,1282786249194.0,1144316712390.0,6212316599.0,6212316599.0,,,,,,,,,,,,,,,,,,,,,,,,,,,,,,,1516371220.0,,
SAB,2013,4,,SAB,balance_sheet,8778243457627.0,1848755314236.0,4054766940162.0,1042477004254.0,1686785280973.0,145458918002.0,10620330973866.0,0.0,7110958426686.0,32921408512.0,2163419646908.0,,1312997191760.0,19398574431493.0,8615738981216.0,7172399511230.0,1443339469986.0,10037196295908.0,10037158895908.0,2728262347980.0,37400000.0,0.0,19398574431493.0,161060834584.0,,1732920239675.0,26231099291.0,323987119761.0,6412811860000.0,6412811860000.0,1203542601362.0,40058939035.0,466463124775.0,0.0,1162955868105.0,1143904162390.0,34300000.0,34300000.0,,,,,,,,,,,,,,,,,,,,,,,,,,,,,,,1516371220.0,,
SAB,2013,3,,SAB,balance_sheet,8023782673500.0,1570077196645.0,4095094646682.0,857818953209.0,1352980741284.0,147811135680.0,10269077186723.0,0.0,6554993670013.0,33459365346.0,2439595967491.0,,1240983883873.0,18292859860223.0,6230347473941.0,4582179471409.0,1648168002532.0,11213882921277.0,11213845521277.0,3993170135836.0,37400000.0,0.0,18292859860223.0,343307254659.0,,1382258271612.0,31236516729.0,330371596645.0,6412811860000.0,6412811860000.0,1355689149813.0,154564090018.0,264612755395.0,0.0,1164760682636.0,1140540979404.0,44300000.0,44300000.0,,,,,,,,,,,,,,,,,,,,,,,,,,,,,,,0.0,,
DGC,2025,4,,DGC,balance_sheet,16123562441502.0,1040520433824.0,12065290261748.0,1220348460413.0,1681123582821.0,116279702696.0,3426594617925.0,,2244427047946.0,,0.0,,367638945354.0,19550157059427.0,4144126400937.0,4080509528892.0,63616872045.0,15406030658490.0,15406030658490.0,8522738303163.0,,346956060567.0,19550157059427.0,241961094207.0,0.0,1681454924656.0,0.0,1801113539567.0,3797792860000.0,3797792860000.0,,31538346574.0,1546200498646.0,50131717478.0,279145510740.0,,17539302483.0,17539302483.0,,,,,,,,,,,,,,,,,,,,,,,,,,,,,,,-849228747207.0,,
DGC,2025,3,,DGC,balance_sheet,16217423586242.0,338992873514.0,12761745731748.0,1034448252651.0,1870536896155.0,211699832174.0,3206958841792.0,,2320387431516.0,,0.0,,379853372474.0,19424382428034.0,3413453381832.0,3348808331166.0,64645050666.0,16010929046202.0,16010929046202.0,9042411631294.0,,432181120148.0,19424382428034.0,228506672181.0,0.0,1870834662875.0,0.0,1801113539567.0,3797792860000.0,3797792860000.0,,26291063708.0,1959860158443.0,51934023926.0,296972076683.0,,17539302483.0,17539302483.0,,,,,,,,,,,,,,,,,,,,,,,,,,,,,,,-849228747207.0,,
DGC,2025,2,,DGC,balance_sheet,14783064557015.0,191299130677.0,11987567108191.0,1178701441983.0,1284874647212.0,140622228952.0,3421880706203.0,,2381517517551.0,,0.0,,401096635214.0,18204945263218.0,2998410702251.0,2933168817081.0,65241885170.0,15206534560967.0,15206534560967.0,8290771487479.0,,379426778728.0,18204945263218.0,210063124063.0,0.0,1285172413932.0,0.0,1801113539567.0,3797792860000.0,3797792860000.0,,51674265806.0,1577082479739.0,53736330373.0,318469766732.0,,33789302483.0,33789302483.0,,,,,,,,,,,,,,,,,,,,,,,,,,,,,,,-849228747207.0,,
DGC,2025,1,,DGC,balance_sheet,13428352532359.0,190435302744.0,11097867105818.0,1058372463968.0,962726631367.0,118951028462.0,3087770708597.0,,2427340551977.0,,0.0,,413917083171.0,16516123240956.0,2201527916598.0,2135460508187.0,66067408411.0,14314595324358.0,14314595324358.0,7448524182915.0,,330817438677.0,16516123240956.0,312431891183.0,0.0,963029491156.0,0.0,1800030947573.0,3797792860000.0,3797792860000.0,,52869914351.0,1079622979999.0,55538636821.0,333388503555.0,,33789302483.0,33789302483.0,,,,,,,,,,,,,,,,,,,,,,,,,,,,,,,-849228747207.0,,
DGC,2024,4,,DGC,balance_sheet,12700554128065.0,115781847631.0,10570339235577.0,979616786629.0,984727571037.0,50088687191.0,3120704495499.0,,2495504871071.0,,0.0,,431449358270.0,15821258623564.0,2120242323437.0,2053342950641.0,66899372796.0,13701016300127.0,13701016300127.0,7205267275993.0,,343061823287.0,15821258623564.0,257511944722.0,0.0,985030430826.0,0.0,1417464445654.0,3797792860000.0,3797792860000.0,,72040064302.0,864648943903.0,57340943269.0,349565061422.0,,32496859984.0,32496859984.0,,,,,,,,,,,,,,,,,,,,,,,,,,,,,,,-849228747207.0,,
DGC,2024,3,,DGC,balance_sheet,13031021545616.0,248488682452.0,11117860625577.0,878699190890.0,738172010532.0,47801036165.0,3165947012912.0,,2276125535717.0,,0.0,,405307089380.0,16196968558528.0,2055814710512.0,1987963430764.0,67851279748.0,14141153848016.0,14141153848016.0,7597295800646.0,,390938644451.0,16196968558528.0,262712368203.0,0.0,738368610879.0,0.0,1417696647726.0,3797792860000.0,3797792860000.0,,68316253205.0,791560582209.0,59143249716.0,323128509885.0,,32496859984.0,32496859984.0,,,,,,,,,,,,,,,,,,,,,,,,,,,,,,,-849228747207.0,,
DGC,2024,2,,DGC,balance_sheet,12220643188596.0,500022750685.0,9739148907490.0,958022512414.0,978920013005.0,44529005002.0,3211068062861.0,,2365315685449.0,,0.0,,404674745440.0,15431711251457.0,2027319499374.0,1958686440570.0,68633058804.0,13404391752083.0,13404391752083.0,6891315841672.0,,358889644877.0,15431711251457.0,217954636978.0,0.0,979121820542.0,0.0,1418963510341.0,3797792860000.0,3797792860000.0,,64573881163.0,818249534075.0,60945556164.0,326023587635.0,,32504859984.0,32504859984.0,,,,,,,,,,,,,,,,,,,,,,,,,,,,,,,-849228747207.0,,
DGC,2024,1,,DGC,balance_sheet,11468461711734.0,113196096145.0,9456508255068.0,961445176083.0,859034879497.0,78277304941.0,2990154366305.0,,2118404168188.0,,0.0,,662346551808.0,14458616078039.0,1948610248550.0,1933683173129.0,14927075421.0,12510005829489.0,12510005829489.0,6011154335924.0,,344638923640.0,14458616078039.0,158415805152.0,0.0,859236687034.0,0.0,1418989814732.0,3797792860000.0,3797792860000.0,,18595299064.0,920569904616.0,304692696699.0,339380221080.0,,32496859984.0,32496859984.0,,,,,,,,,,,,,,,,,,,,,,,,,,,,,,,-849228747207.0,,
DGC,2023,4,,DGC,balance_sheet,12466263598686.0,1060574918860.0,9342000715040.0,1129510487178.0,854954101108.0,79223376500.0,3025387860606.0,,2099785809705.0,,0.0,,669005878190.0,15491651459292.0,3492608555719.0,3492337623283.0,270932436.0,11999042903573.0,11999042903573.0,5887216932464.0,,403933047715.0,15491651459292.0,132693469131.0,0.0,855166569941.0,0.0,972670168201.0,3797792860000.0,3797792860000.0,,61792801018.0,1328012657205.0,348243175396.0,304748190439.0,,31224645692.0,31224645692.0,,,,,,,,,,,,,,,,,,,,,,,,,,,,,,,-849228747207.0,,
DGC,2023,3,,DGC,balance_sheet,11610208536225.0,73177884022.0,9593694468974.0,997605561760.0,857649847122.0,88080774347.0,3083125220284.0,,2158366435368.0,,0.0,,686004642045.0,14693333756509.0,2186113657956.0,2185842725520.0,270932436.0,12507220098553.0,12507220098553.0,6417329235429.0,,377739236517.0,14693333756509.0,49596386090.0,0.0,858167536473.0,0.0,976928871414.0,3797792860000.0,3797792860000.0,,63425058782.0,978167398273.0,357538439988.0,316767124041.0,,31224645692.0,31224645692.0,,,,,,,,,,,,,,,,,,,,,,,,,,,,,,,-849228747207.0,,
DGC,2023,2,,DGC,balance_sheet,11274180631324.0,71510557160.0,8520925381461.0,1580562860649.0,997172801426.0,104009030628.0,2490360189896.0,,1716958206423.0,,0.0,,440163193260.0,13764540821220.0,2060179074980.0,2059918142544.0,260932436.0,11704361746240.0,11704361746240.0,5655971085005.0,,336239034628.0,13764540821220.0,97451334936.0,0.0,997690490777.0,0.0,976928871414.0,3797792860000.0,3797792860000.0,,40743604497.0,1002604730762.0,94833704578.0,329322281397.0,,30224645692.0,30224645692.0,,,,,,,,,,,,,,,,,,,,,,,,,,,,,,,-849228747207.0,,
DGC,2023,1,,DGC,balance_sheet,10803883184128.0,158429066119.0,8736947212109.0,907286909681.0,953904538130.0,47315458089.0,2411554152137.0,,1786558515898.0,,0.0,,355675839031.0,13215437336265.0,2178712729505.0,2178451797069.0,260932436.0,11036724606760.0,11036724606760.0,5019878299369.0,,301032425977.0,13215437336265.0,193365595419.0,0.0,954422227481.0,0.0,980591126221.0,3797792860000.0,3797792860000.0,,30576713549.0,967138626506.0,3584554314.0,348973096944.0,,30224645692.0,30224645692.0,,,,,,,,,,,,,,,,,,,,,,,,,,,,,,,-849228747207.0,,
DGC,2022,4,,DGC,balance_sheet,10896086736284.0,1435474845085.0,7571318829256.0,915960586737.0,918343451442.0,54989023764.0,2419487351405.0,,1781234400328.0,,0.0,,375711646435.0,13315574087689.0,2481010604049.0,2480910604049.0,100000000.0,10834563483640.0,10834563483640.0,5084119950638.0,,383093932171.0,13315574087689.0,201075961305.0,0.0,918343451442.0,0.0,632126845638.0,3797792860000.0,3797792860000.0,,30544221120.0,467624949883.0,3170951896.0,371997372297.0,,28964403699.0,28964403699.0,,,,,,,,,,,,,,,,,,,,,,,,,,,,,,,-849228747207.0,,
DGC,2022,3,,DGC,balance_sheet,10320582059082.0,65116212319.0,7382836736626.0,1236723621954.0,1532147562103.0,103757926080.0,2431374652100.0,,1822493639170.0,,0.0,,386722650781.0,12751956711182.0,1776746457418.0,1776646457418.0,100000000.0,10975210253764.0,10975210253764.0,5193468143898.0,,414392509035.0,12751956711182.0,74515001019.0,0.0,1532147562103.0,0.0,632126845638.0,3797792860000.0,3797792860000.0,,51815130063.0,876822717317.0,3308819369.0,370292742163.0,,28964403699.0,28964403699.0,,,,,,,,,,,,,,,,,,,,,,,,,,,,,,,-849228747207.0,,
DGC,2022,2,,DGC,balance_sheet,9313379570773.0,112444763118.0,5984348516910.0,1196783586423.0,1978834680311.0,40968024011.0,2480102095172.0,,1860558163896.0,,0.0,,391187178925.0,11793481665945.0,2294844096789.0,2294744096789.0,100000000.0,9498637569156.0,9498637569156.0,3779519155315.0,,437140943010.0,11793481665945.0,48995529515.0,0.0,1978834680311.0,0.0,632126845638.0,3712420730000.0,3712420730000.0,,29099386309.0,987174897306.0,3446686842.0,376871170101.0,,28964403699.0,28964403699.0,,,,,,,,,,,,,,,,,,,,,,,,,,,,,,,-849228747207.0,,
DGC,2022,1,,DGC,balance_sheet,6936777656490.0,59672425281.0,4981691741349.0,867549997515.0,995877549374.0,31985942971.0,2495054314504.0,,1906137817370.0,,0.0,,390098183490.0,9431831970994.0,1820241987536.0,1820141987536.0,100000000.0,7611589983458.0,7611589983458.0,4004840715319.0,,326386967308.0,9431831970994.0,54996553312.0,0.0,995877549374.0,0.0,632126845638.0,1710805560000.0,1710805560000.0,,88377332170.0,860301363700.0,4136024208.0,384722134170.0,,10464403699.0,10464403699.0,,,,,,,,,,,,,,,,,,,,,,,,,,,,,,,-849228747207.0,,
DGC,2021,4,,DGC,balance_sheet,5815714479815.0,123957761695.0,3631679997108.0,780755334152.0,1207823415646.0,71497971214.0,2523045582016.0,,1973866114123.0,,0.0,,368339950887.0,8338760061831.0,2006192758915.0,2006092758915.0,100000000.0,6332567302916.0,6332567302916.0,2922772564571.0,,279834232059.0,8338760061831.0,73409082843.0,0.0,1207823415646.0,0.0,481725051093.0,1710805560000.0,1710805560000.0,,165633053411.0,841909212299.0,3722421789.0,361083406691.0,,9239083336.0,9239083336.0,,,,,,,,,,,,,,,,,,,,,,,,,,,,,,,-849228747207.0,,
DGC,2021,3,,DGC,balance_sheet,4231076546385.0,80609420665.0,2351399722557.0,997261233201.0,742827615026.0,58978554936.0,2570929105514.0,,2024826475462.0,,0.0,,355957409362.0,6802005651899.0,1675041298916.0,1674941298916.0,100000000.0,5126964352983.0,5126964352983.0,1813595383005.0,,183408463692.0,6802005651899.0,159155194644.0,0.0,742827615026.0,0.0,481725051093.0,1710805560000.0,1710805560000.0,,223836942099.0,869229393091.0,3860289262.0,335544967157.0,,9239083336.0,9239083336.0,,,,,,,,,,,,,,,,,,,,,,,,,,,,,,,-849228747207.0,,
DGC,2021,2,,DGC,balance_sheet,3831125101261.0,52027251455.0,1903908150945.0,905377384485.0,908438975724.0,61373338652.0,2548934155712.0,,1990597993395.0,,0.0,,330390813324.0,6380059256973.0,1741176394247.0,1741076394247.0,100000000.0,4638882862726.0,4638882862726.0,1335196120615.0,,173726235825.0,6380059256973.0,55605672452.0,0.0,908438975724.0,0.0,481725051093.0,1710805560000.0,1710805560000.0,,96360346744.0,1181363976476.0,3998156735.0,308751002723.0,,9239083336.0,9239083336.0,,,,,,,,,,,,,,,,,,,,,,,,,,,,,,,-849228747207.0,,
DGC,2021,1,,DGC,balance_sheet,3504431013100.0,56887868849.0,1749310325663.0,913300491816.0,732926605263.0,52005721509.0,2501348324731.0,,2112021954781.0,,0.0,,124335585478.0,6005779337831.0,1700024707745.0,1699924707745.0,100000000.0,4305754630086.0,4305754630086.0,1236724343102.0,,162205910698.0,6005779337831.0,58616717421.0,0.0,732926605263.0,0.0,746456329925.0,1487669430000.0,1487669430000.0,,50579077492.0,1078193179975.0,4136024208.0,120199561270.0,,0.0,0.0,,,,,,,,,,,,,,,,,,,,,,,,,,,,,,,-1113960026039.0,,
DGC,2020,4,,DGC,balance_sheet,3432911065863.0,282267887237.0,1557534801277.0,848297789108.0,702052125757.0,42758462484.0,2440862646952.0,,2136068587594.0,,0.0,,125812948746.0,5873773712815.0,1806452018427.0,1806352018427.0,100000000.0,4067321694388.0,4067321694388.0,1126524269170.0,,169710734029.0,5873773712815.0,49124311441.0,0.0,702052125757.0,0.0,610718644828.0,1487669430000.0,1487669430000.0,,34017024310.0,1148973992471.0,4273891682.0,121539057064.0,,0.0,0.0,,,,,,,,,,,,,,,,,,,,,,,,,,,,,,,-1113960026039.0,,
DGC,2020,3,,DGC,balance_sheet,3337163366206.0,62779043825.0,1613415635512.0,962735421963.0,638536837509.0,59696427397.0,2426539097304.0,,2184886560518.0,,0.0,,99143517611.0,5763702463510.0,1704104523136.0,1704004523136.0,100000000.0,4059597940374.0,4059597940374.0,1125678110066.0,,162833139119.0,5763702463510.0,89212184817.0,0.0,638536837509.0,0.0,610718644828.0,1487669430000.0,1487669430000.0,,38091057834.0,1250882899103.0,4411759155.0,94731758456.0,,0.0,0.0,,,,,,,,,,,,,,,,,,,,,,,,,,,,,,,-1113960026039.0,,
DGC,2020,2,,DGC,balance_sheet,3061223536105.0,58249839642.0,1466588881085.0,836347416078.0,647730478357.0,52306920943.0,2438328289826.0,,2172778492692.0,,0.0,,151345707292.0,5499551825931.0,1675457152241.0,1675357152241.0,100000000.0,3824094673690.0,3824094673690.0,1094190226836.0,,152851025665.0,5499551825931.0,29628153308.0,0.0,647730478357.0,0.0,610718644828.0,1293636160000.0,1293636160000.0,,11615064215.0,1141862419541.0,4549626628.0,146796080664.0,,0.0,0.0,,,,,,,,,,,,,,,,,,,,,,,,,,,,,,,-1113960026039.0,,
DGC,2020,1,,DGC,balance_sheet,2517500772251.0,44110375880.0,960837298052.0,900701179200.0,584711488335.0,27140430784.0,2416695948942.0,,2243062808574.0,,0.0,,100839885372.0,4934196721193.0,1283086434866.0,1282986434866.0,100000000.0,3651110286327.0,3651110286327.0,1025257516078.0,,137541432761.0,4934196721193.0,38037352675.0,0.0,584711488335.0,0.0,521976561127.0,1293636160000.0,1293636160000.0,,52493677851.0,859740031329.0,4687494105.0,96152391267.0,,0.0,0.0,,,,,,,,,,,,,,,,,,,,,,,,,,,,,,,-1113960026039.0,,
DGC,2019,4,,DGC,balance_sheet,2262148648038.0,127689713963.0,642746167705.0,634723216050.0,808234617947.0,48754932373.0,2459216610516.0,,2303453689228.0,,0.0,,103691302515.0,4721365258554.0,1270278035555.0,1270278035555.0,0.0,3451087222999.0,3451087222999.0,835163522104.0,,127512363407.0,4721365258554.0,45168943492.0,0.0,808234617947.0,0.0,522076561127.0,1293636160000.0,1293636160000.0,,47778300982.0,735135200647.0,4825361576.0,98865940939.0,,0.0,0.0,,,,,,,,,,,,,,,,,,,,,,,,,,,,,,,-1113960026039.0,,
DGC,2019,3,,DGC,balance_sheet,2055976476085.0,49487586984.0,521605544552.0,521389175508.0,909667017776.0,53827151265.0,2494313849694.0,,2356809826657.0,,0.0,,104479482681.0,4550290325779.0,1143949465323.0,1143949465323.0,0.0,3406340860456.0,3406340860456.0,796133106928.0,,121896416040.0,4550290325779.0,30571180867.0,0.0,909667017776.0,0.0,521976561127.0,1293636160000.0,1293636160000.0,,30180757044.0,703472775044.0,4963229049.0,99516253632.0,,0.0,0.0,,,,,,,,,,,,,,,,,,,,,,,,,,,,,,,-1113960026039.0,,
DGC,2019,2,,DGC,balance_sheet,2006275005764.0,44986346630.0,349136955641.0,593131620242.0,961863262180.0,57156821071.0,2533807161270.0,,2389763915676.0,,0.0,,108636286036.0,4540082167034.0,1255974914851.0,1255974914851.0,0.0,3284107252183.0,3284107252183.0,869667845112.0,,123533959514.0,4540082167034.0,28385134319.0,0.0,961863262180.0,0.0,378470671196.0,1239736160000.0,1239736160000.0,,18615038931.0,823739872019.0,5101096522.0,103535189514.0,,0.0,0.0,,,,,,,,,,,,,,,,,,,,,,,,,,,,,,,-1113960026039.0,,
DGC,2019,1,,DGC,balance_sheet,2063824118354.0,193346264483.0,251292265204.0,462891905964.0,1087680319917.0,68613362786.0,2587516621889.0,,2428634979279.0,,0.0,,110508714606.0,4651340740243.0,1473725942720.0,1473725942720.0,0.0,3177614797523.0,3177614797523.0,926702340919.0,,121705059047.0,4651340740243.0,32905195453.0,0.0,1087680319917.0,0.0,378470671196.0,1078038110000.0,1078038110000.0,,25841754577.0,978417900512.0,5238963996.0,105269750610.0,,0.0,0.0,,,,,,,,,,,,,,,,,,,,,,,,,,,,,,,-1113960026039.0,,
DGC,2018,4,,DGC,balance_sheet,2133940905753.0,274286866922.0,245600000000.0,749413662287.0,796665021440.0,67975355104.0,2610153273521.0,,2344596952702.0,,0.0,,108495277030.0,4744094179274.0,1562922130873.0,1562922130873.0,0.0,3181172048401.0,3181172048401.0,1155205151285.0,,123980699970.0,4744094179274.0,32357691299.0,0.0,796665021440.0,0.0,378470671196.0,1078038110000.0,1078038110000.0,,22664128953.0,1133082225435.0,2992818200.0,105502458830.0,,0.0,0.0,,,,,,,,,,,,,,,,,,,,,,,,,,,,,,,-761774236229.0,,
DGC,2018,3,,DGC,balance_sheet,2091410789099.0,165127075014.0,244300000000.0,593867786009.0,925217573641.0,162898354435.0,2457636639820.0,,2202573334991.0,,0.0,,106157537558.0,4549047428919.0,1628256230264.0,1628256230264.0,0.0,2920791198655.0,2920791198655.0,905633224798.0,,120911170376.0,4549047428919.0,63205597739.0,0.0,925217573641.0,0.0,370731277531.0,1078038110000.0,1078038110000.0,,22010791065.0,1005145513493.0,2992818200.0,103164719358.0,,0.0,0.0,,,,,,,,,,,,,,,,,,,,,,,,,,,,,,,-761774236229.0,,
DGC,2018,2,,DGC,balance_sheet,190886800552.0,3652158227.0,76500000000.0,51640576594.0,49371795700.0,9722270031.0,552617826641.0,,38388412938.0,,439281940000.0,,29866429106.0,743504627193.0,61104863101.0,61104863101.0,0.0,682399764092.0,682399764092.0,67508351728.0,,0.0,743504627193.0,19314207719.0,0.0,49371795700.0,0.0,113739392364.0,500088750000.0,500088750000.0,,1266360987.0,0.0,0.0,29866429106.0,,0.0,0.0,,,,,,,,,,,,,,,,,,,,,,,,,,,,,,,0.0,,
DGC,2018,1,,DGC,balance_sheet,227822714941.0,45921708749.0,0.0,120166987087.0,41998779240.0,19735239865.0,523840154532.0,,37629050470.0,,439281940000.0,,29498240792.0,751662869473.0,74736041449.0,74736041449.0,0.0,676926828024.0,676926828024.0,70513948306.0,,0.0,751662869473.0,8391154817.0,0.0,41998779240.0,0.0,105260859718.0,500088750000.0,500088750000.0,,2943957417.0,5066048500.0,0.0,29498240792.0,,0.0,0.0,,,,,,,,,,,,,,,,,,,,,,,,,,,,,,,0.0,,
DGC,2017,4,,DGC,balance_sheet,371741232617.0,82616530501.0,0.0,239518158121.0,34544980916.0,15061563079.0,515580109821.0,,36037474136.0,,439281940000.0,,29727608792.0,887321342438.0,117385545707.0,117385545707.0,0.0,769935796731.0,769935796731.0,163522917013.0,,0.0,887321342438.0,10713779589.0,0.0,34544980916.0,0.0,105260859718.0,500088750000.0,500088750000.0,,1259270207.0,0.0,0.0,29727608792.0,,0.0,0.0,,,,,,,,,,,,,,,,,,,,,,,,,,,,,,,0.0,,
DGC,2017,3,,DGC,balance_sheet,928491710892.0,261523895896.0,0.0,469081499750.0,178957300029.0,18929015217.0,1301296626885.0,,640076530739.0,,490877782964.0,,73504060941.0,2229788337777.0,674458471851.0,674458471851.0,0.0,1555329865926.0,1555329865926.0,419071623246.0,,399744076547.0,2229788337777.0,29612889851.0,45423572472.0,178957300029.0,0.0,235362146133.0,500088750000.0,500088750000.0,,5710800515.0,207184989493.0,0.0,73006273993.0,,0.0,0.0,,,,,,,,,,,,,,,,,,,,,,,,,,,,,,,0.0,,
DGC,2017,2,,DGC,balance_sheet,859867197699.0,222397268175.0,0.0,460580462250.0,159553857404.0,17335609870.0,1222263254403.0,,622594574113.0,,465747094787.0,,73798213614.0,2082130452102.0,603056873444.0,603056873444.0,0.0,1479073578658.0,1479073578658.0,357332567019.0,,385226845506.0,2082130452102.0,37617144078.0,98871678232.0,159553857404.0,0.0,235362146133.0,500088750000.0,500088750000.0,,4789555857.0,311196952284.0,0.0,73398701666.0,,0.0,0.0,,,,,,,,,,,,,,,,,,,,,,,,,,,,,,,0.0,,
DGC,2017,1,,DGC,balance_sheet,757855922274.0,189616222608.0,0.0,450269244603.0,109731375039.0,8239080024.0,1166979312238.0,,637966053930.0,,443570949752.0,,46558828536.0,1924835234512.0,516966323768.0,516966323768.0,0.0,1407868910744.0,1407868910744.0,329974528337.0,,360962997393.0,1924835234512.0,27107868610.0,118736629545.0,109731375039.0,0.0,215779365014.0,500088750000.0,500088750000.0,,13545276227.0,247313057466.0,0.0,46209444588.0,,0.0,0.0,,,,,,,,,,,,,,,,,,,,,,,,,,,,,,,0.0,,
DGC,2016,4,,DGC,balance_sheet,831292566797.0,186292101548.0,0.0,460718946772.0,172923162180.0,11358356297.0,1160346642363.0,,628307207200.0,,420736836473.0,,52477932910.0,1991639209160.0,632786463025.0,632786463025.0,0.0,1358852746135.0,1358852746135.0,290828292282.0,,351093068839.0,1991639209160.0,25794939632.0,232304697964.0,172923162180.0,0.0,215779365014.0,500088750000.0,500088750000.0,,17857595099.0,378866449551.0,0.0,52128548962.0,,0.0,0.0,,,,,,,,,,,,,,,,,,,,,,,,,,,,,,,0.0,,
DGC,2016,3,,DGC,balance_sheet,870965169031.0,194727148635.0,0.0,472413500891.0,166595758799.0,37228760706.0,1121497300821.0,,588069781983.0,,396356212070.0,,52590653997.0,1992462469852.0,689261959517.0,689261959517.0,0.0,1303200510335.0,1303200510335.0,244518419130.0,,341750706191.0,1992462469852.0,32324662812.0,209113315122.0,166595758799.0,0.0,215779365014.0,500088750000.0,500088750000.0,,1818356389.0,390320222362.0,0.0,52241270049.0,,0.0,0.0,,,,,,,,,,,,,,,,,,,,,,,,,,,,,,,0.0,,
DGC,2016,2,,DGC,balance_sheet,782048339620.0,78834758146.0,0.0,503686877469.0,162930126927.0,36596577078.0,1033939238598.0,,586997231538.0,,348885460316.0,,51420297421.0,1815987578218.0,592581201855.0,592581201855.0,0.0,1223406376363.0,1223406376363.0,260708301610.0,,323759799739.0,1815987578218.0,54456849625.0,296505960187.0,162930126927.0,0.0,215779365014.0,422091320000.0,422091320000.0,,3684108293.0,296981061905.0,0.0,51045147155.0,,0.0,0.0,,,,,,,,,,,,,,,,,,,,,,,,,,,,,,,0.0,,
DGC,2016,1,,DGC,balance_sheet,799406230374.0,14058326691.0,0.0,634120308954.0,124472416843.0,26755177886.0,1019166967997.0,,578863015593.0,,352174963867.0,,51675156723.0,1818573198371.0,620769638959.0,620769638959.0,0.0,1197803559412.0,1197803559412.0,273198209008.0,,304266809514.0,1818573198371.0,43785326590.0,358652128473.0,124472416843.0,0.0,197179630890.0,422091320000.0,422091320000.0,,4844366278.0,338608320376.0,0.0,51283635156.0,,0.0,0.0,,,,,,,,,,,,,,,,,,,,,,,,,,,,,,,0.0,,
DGC,2015,4,,DGC,balance_sheet,756591305717.0,10914548041.0,0.0,538067009996.0,177356903653.0,30252844027.0,1052988508529.0,,612212271302.0,,362914547662.0,,49080256703.0,1809579814246.0,583001317471.0,583001317471.0,0.0,1226578496775.0,1226578496775.0,273592507486.0,,350709380940.0,1809579814246.0,38453045215.0,368035677625.0,177356903653.0,0.0,179117698349.0,422091320000.0,422091320000.0,,5090005265.0,332673654018.0,0.0,48686153771.0,,0.0,0.0,,,,,,,,,,,,,,,,,,,,,,,,,,,,,,,0.0,,
DGC,2015,3,,DGC,balance_sheet,910290165892.0,6437060036.0,0.0,685959256193.0,177764449601.0,40129400062.0,863173446051.0,,585444222632.0,,201567919709.0,,37785577245.0,1773463611943.0,632912701660.0,632912701660.0,0.0,1140550910283.0,1140550910283.0,211605095674.0,,326669206260.0,1773463611943.0,44779413344.0,444818746432.0,177764449601.0,0.0,179117698349.0,422091320000.0,422091320000.0,,15141935084.0,391530966691.0,0.0,37383147238.0,,0.0,0.0,,,,,,,,,,,,,,,,,,,,,,,,,,,,,,,0.0,,
DGC,2015,2,,DGC,balance_sheet,813640795405.0,19128581090.0,0.0,553230617033.0,194847735492.0,46433861790.0,805726707858.0,,597970988413.0,,138607206822.0,,36264584636.0,1619367503263.0,604811656918.0,604811656918.0,0.0,723417479182.0,723417479182.0,121140870833.0,,0.0,1619367503263.0,39394934828.0,314461715668.0,194847735492.0,0.0,179117698349.0,422091320000.0,422091320000.0,,14152980035.0,258957346263.0,0.0,35866564369.0,,0.0,0.0,,,,,,,,,,,,,,,,,,,,,,,,,,,,,,,0.0,,
DGC,2015,1,,DGC,balance_sheet,779225682847.0,6420421361.0,0.0,574495278486.0,156692910110.0,41617072890.0,749040981216.0,,605727358071.0,,109594234646.0,,33719388499.0,1528266664063.0,545973122988.0,545973122988.0,0.0,665570637563.0,665570637563.0,162811454701.0,,0.0,1528266664063.0,35036145053.0,0.0,156692910110.0,0.0,166696152862.0,334993660000.0,334993660000.0,,19960899210.0,257501433407.0,0.0,33700911950.0,,0.0,0.0,,,,,,,,,,,,,,,,,,,,,,,,,,,,,,,0.0,,
DGC,2014,4,,DGC,balance_sheet,948819207399.0,8519935385.0,0.0,744107374446.0,158628268582.0,37563628986.0,730663061254.0,,583530659904.0,,98764230690.0,,48368170660.0,1679482268653.0,731216115168.0,731216115168.0,0.0,639277187369.0,639277187369.0,179500816522.0,,0.0,1679482268653.0,23798735125.0,0.0,158628268582.0,199043464.0,82495474718.0,334993660000.0,334993660000.0,,48540584983.0,452585006255.0,0.0,48336420660.0,,0.0,0.0,,,,,,,,,,,,,,,,,,,,,,,,,,,,,,,0.0,,
DGC,2014,3,,DGC,balance_sheet,1049461392556.0,5073528976.0,0.0,767461530188.0,245917988202.0,31008345190.0,618231566252.0,,491644993298.0,,92547853598.0,,34038719356.0,1667692958808.0,780477384103.0,780477384103.0,0.0,594667672832.0,594667672832.0,134891301985.0,,0.0,1667692958808.0,43278083341.0,0.0,245917988202.0,407735958.0,82495474718.0,334993660000.0,334993660000.0,,63444993232.0,433000342967.0,0.0,34006969356.0,,0.0,0.0,,,,,,,,,,,,,,,,,,,,,,,,,,,,,,,0.0,,
DGC,2014,2,,DGC,balance_sheet,931779223159.0,13254389999.0,0.0,604741413718.0,264073745362.0,49709674080.0,588887177437.0,,462262209797.0,,92408302257.0,,34216665383.0,1520666400596.0,690826138386.0,690826138386.0,0.0,557114713585.0,557114713585.0,97338342738.0,,0.0,1520666400596.0,46544937464.0,0.0,264073745362.0,1086662283.0,82495474718.0,334993660000.0,334993660000.0,,9960316217.0,447769136324.0,0.0,34184915383.0,,0.0,0.0,,,,,,,,,,,,,,,,,,,,,,,,,,,,,,,0.0,,
DGC,2014,1,,DGC,balance_sheet,947815369365.0,115872822165.0,0.0,566098663642.0,218912736277.0,46931147281.0,458469850825.0,,347089380696.0,,109008144673.0,,2372325456.0,1406285220190.0,609703123821.0,609703123821.0,0.0,626746048187.0,626746048187.0,136302824184.0,,0.0,1406285220190.0,55697417137.0,0.0,218912736277.0,541888599.0,101747883377.0,334993660000.0,334993660000.0,,10773284944.0,240438183502.0,0.0,2340575456.0,,0.0,0.0,,,,,,,,,,,,,,,,,,,,,,,,,,,,,,,0.0,,
DGC,2013,3,,DGC,balance_sheet,923134887043.0,325519246097.0,0.0,392304685031.0,178883498229.0,26427457686.0,359448442268.0,,238692863706.0,,117357256966.0,,3398321596.0,1282583329311.0,473741327371.0,473741327371.0,0.0,592483911283.0,592483911283.0,262699711362.0,,0.0,1282583329311.0,58966067731.0,0.0,178883498229.0,465855450.0,74994898038.0,220000000000.0,220000000000.0,,8068208385.0,193799750917.0,0.0,3366571596.0,,0.0,0.0,,,,,,,,,,,,,,,,,,,,,,,,,,,,,,,0.0,,
