ticker,yearReport,lengthReport,symbol,report,Net Profit/Loss before tax,Depreciation and Amortisation,Provision for credit losses,Unrealized foreign exchange gain/loss,Profit/Loss from investing activities,Interest Expense,Interest income and dividends,Operating profit before changes in working capital,Increase/Decrease in receivables,Increase/Decrease in inventories,Increase/Decrease in payables,Increase/Decrease in prepaid expenses,Interest paid,Business Income Tax paid,Other receipts from operating activities,Other payments on operating activities,Net cash inflows/outflows from operating activities,Purchase of fixed assets,Proceeds from disposal of fixed assets,"Loans granted, purchases of debt instruments (Bn. VND)","Collection of loans, proceeds from sales of debts instruments (Bn. VND)",Investment in other entities,Proceeds from divestment in other entities,Gain on Dividend,Net Cash Flows from Investing Activities,Increase in charter captial,Payments for share repurchases,Proceeds from borrowings,Repayment of borrowings,Finance lease principal payments,Dividends paid,Cash flows from financial activities,Net increase/decrease in cash and cash equivalents,Cash and cash equivalents,Foreign exchange differences Adjustment,Cash and Cash Equivalents at the end of period,Dividends received,Profits from other activities,Net Cash Flows from Operating Activities before BIT,Payment from reserves,_Increase/Decrease in receivables,_Increase/Decrease in payables,Profit/Loss from disposal of fixed assets
HPG,2025,4,HPG,cash_flow,4600129962763.0,2880256335134.0,-12074483403.0,-35220362754.0,-281984281948.0,1236524775157.0,0.0,8387631944949.0,-1403497211436.0,-7583748082136.0,10350627399383.0,-1244717670095.0,-1141038329401.0,-282306399420.0,0.0,-190617586065.0,6892334065779.0,-1887091347750.0,18257186795.0,-9695300000000.0,6932197909676.0,283000000000.0,1155000000000.0,228988019229.0,-2964948232050.0,79502500000.0,-118003000000.0,36975131444340.0,-41639269223267.0,0.0,-15745683917.0,-4718383962844.0,-790998129115.0,9092562739415.0,-674306095.0,8300890304205.0,,,,,,,
HPG,2025,3,HPG,cash_flow,4628313172434.0,2169156032825.0,10882237428.0,-56814712069.0,-454485515064.0,812194101705.0,0.0,7109245317259.0,-167609437136.0,3191714046698.0,-812631275870.0,-253644124207.0,-667863337041.0,-36294935712.0,0.0,-68517258315.0,8294398995676.0,-13174576334243.0,3219518312.0,-5995439000000.0,4707217381781.0,-70900000000.0,209046191384.0,383190902192.0,-13938241340574.0,1260500000000.0,-40275000000.0,37526149069159.0,-34691683779555.0,0.0,-7647585893.0,4047042703711.0,-1596799641187.0,10688024277258.0,1338103344.0,9092562739415.0,,,,,,,
HPG,2025,2,HPG,cash_flow,4972383493663.0,1617247528510.0,-59927342891.0,309920317236.0,-305813548010.0,439112631420.0,0.0,6972923079928.0,-1835418390802.0,-2468299455608.0,1394149750385.0,-230901936807.0,-473975259473.0,-5880614099.0,0.0,-67494643569.0,3285102529955.0,-4519331143893.0,27600517030.0,-9102740296773.0,7723722972602.0,0.0,15000000000.0,315786623119.0,-5539961327915.0,525100000000.0,-52020000.0,37133314442108.0,-32170574605521.0,0.0,-3574672793.0,5484213143794.0,3229354345834.0,7459035818129.0,-365886705.0,10688024277258.0,,,,,,,
HPG,2025,1,HPG,cash_flow,3839765349020.0,1801603135468.0,11289113084.0,132616469869.0,-244726801802.0,627024360692.0,0.0,6167571626331.0,-4134982417163.0,-384608710947.0,-1984736525485.0,48974724977.0,-599757525250.0,-1670270526989.0,0.0,-220131091954.0,-2777940446480.0,-6168853176586.0,8330267880.0,-5526332899179.0,8422939517832.0,0.0,226687184000.0,308719460282.0,-2728509645771.0,100000000.0,0.0,42070537735752.0,-35992323059515.0,0.0,-22127134.0,6078292549103.0,571842456852.0,6887646139852.0,-452778575.0,7459035818129.0,,,,,,,
HPG,2024,4,HPG,cash_flow,3286676100696.0,1693028331093.0,-61035121811.0,227751228845.0,-765370789609.0,562492663846.0,0.0,4955838305029.0,971968926351.0,-6209983876378.0,4023222874211.0,129299221688.0,-529644932828.0,-51647870077.0,447272727.0,-194420019511.0,3095079901212.0,-7257089099480.0,443699573180.0,-6360476824332.0,3871936250811.0,0.0,31246619001.0,187519990129.0,-9083163490691.0,103000000000.0,-17140000.0,42414841815225.0,-38146312226161.0,0.0,-2343960741.0,4369168488323.0,-1618915101156.0,8500998079280.0,5563161728.0,6887646139852.0,,,,,,,
HPG,2024,3,HPG,cash_flow,3412385133844.0,1771185761423.0,-3156807492.0,-206784225956.0,103011663888.0,525114798901.0,0.0,5595706353956.0,377494427161.0,-3510769453171.0,-1584866701776.0,46606159449.0,-567728987154.0,-12405917246.0,0.0,-79428476117.0,264607405102.0,-9401555834547.0,-332578559029.0,-6770711616439.0,5612320000000.0,0.0,0.0,305754643259.0,-10586771366756.0,90136000000.0,0.0,45987162684520.0,-40276725834290.0,0.0,-1606676054.0,5798966174176.0,-4523197787478.0,13032037853283.0,-7841986525.0,8500998079280.0,,,,,,,
HPG,2024,2,HPG,cash_flow,3733225669765.0,1729640974153.0,162022519725.0,-30290605919.0,406339912654.0,564134360513.0,0.0,6571122801543.0,-618194847084.0,811031696508.0,-3565852264665.0,46814900835.0,-613526452453.0,-23605606592.0,0.0,-107787269936.0,2500002958156.0,-4038554034033.0,2758324845.0,-6908419972602.0,13728665397260.0,0.0,0.0,-278698869753.0,2505750845717.0,0.0,-2420000.0,41954146315610.0,-46356254460746.0,0.0,-1658737650.0,-4403769302786.0,601984501087.0,12428888036237.0,1165315959.0,13032037853283.0,,,,,,,
HPG,2024,1,HPG,cash_flow,3261215356873.0,1721816264528.0,10669816792.0,182794183008.0,-1462291190778.0,635618987620.0,0.0,4349823418043.0,-2549940352860.0,-1850079271655.0,3121851473748.0,-450426491575.0,-621521923912.0,-849105119441.0,0.0,-401971341603.0,748630390745.0,-14797827829267.0,1139714227578.0,-8465849467273.0,8374734396151.0,0.0,0.0,1125274432093.0,-12623954240718.0,40000000000.0,-100000000.0,44109437021720.0,-32099643158043.0,0.0,638363554.0,12050332227231.0,175008377258.0,12252001160884.0,1878498095.0,12428888036237.0,,,,,,,
HPG,2023,4,HPG,cash_flow,3384568877748.0,1741097551767.0,-149104888269.0,-150012871876.0,33606206324.0,710943681004.0,0.0,5571098556698.0,-2360010541026.0,-897339146679.0,4060504082997.0,-14640876626.0,-734328822276.0,-116083513736.0,0.0,-98926312478.0,5410273426874.0,-7374116374071.0,151206936404.0,-12287268028348.0,9589411407600.0,0.0,-526054585230.0,72907729152.0,-10373912914493.0,200000000.0,-70560000.0,37040198581692.0,-29499317057488.0,0.0,-7623503418.0,7533387460786.0,2569747973167.0,9696669423876.0,983763841.0,12267401160884.0,,,,,,,
HPG,2023,3,HPG,cash_flow,2174230121892.0,1721774737926.0,15972161435.0,327203956815.0,700000000.0,855978191830.0,0.0,5089809199246.0,1302169808975.0,-1539457455806.0,-3179803871108.0,2482635158.0,-894619601392.0,-27416666170.0,0.0,-120152763848.0,633011285055.0,-4360794062575.0,43509632440.0,-7534337000000.0,10386022792583.0,0.0,0.0,188313343369.0,-1277285294183.0,0.0,-523080000.0,30104574327511.0,-33016730316247.0,0.0,-13172335.0,-2912692241071.0,-3556966250199.0,13252855086239.0,780587836.0,9696669423876.0,,,,,,,
HPG,2023,2,HPG,cash_flow,1701886953766.0,1662354940325.0,-19798182146.0,186695827590.0,807566211073.0,1028566971432.0,0.0,5373322692692.0,-732945984778.0,2333570335010.0,-1147183496853.0,-180499266765.0,-1022641263764.0,-9619675838.0,0.0,-82665294478.0,4531338045226.0,-2799215791708.0,-72804191977.0,-8820154397260.0,13396144607939.0,0.0,0.0,-681536002504.0,1022434224490.0,0.0,-1750000000.0,30250075237636.0,-30416146549804.0,0.0,-309845372.0,-168131157540.0,5385641112176.0,7868451566326.0,-1237592263.0,13252855086239.0,,,,,,,
HPG,2023,1,HPG,cash_flow,532042789767.0,1648185800262.0,-941109168744.0,-70212986899.0,-1917697628031.0,989588839615.0,0.0,240797645970.0,-3812875642667.0,1129379609411.0,2852581088093.0,118008526448.0,-1008860534438.0,-406872658989.0,0.0,-215138161878.0,-1102980128050.0,-2818742500442.0,85782979543.0,-11146363396151.0,9915617722611.0,0.0,0.0,1791187123736.0,-2172518070703.0,500000000.0,0.0,29747246722377.0,-26927061343325.0,0.0,-67273509.0,2820618105543.0,-454880093210.0,8324588920227.0,-1257260691.0,7868451566326.0,,,,,,,
HPG,2022,4,HPG,cash_flow,-2078547921756.0,1722687479263.0,341386215259.0,-1153484051152.0,-433785906879.0,932651987764.0,0.0,-669092197501.0,2263542077184.0,9068509515894.0,-3825851459148.0,-57006802391.0,-932734695711.0,-387867697352.0,0.0,-19904558293.0,5439594182682.0,-3787933631685.0,2310679826.0,-7221150335894.0,8592702929212.0,-371644175956.0,0.0,428988486177.0,-2356726048320.0,2250000000.0,0.0,20090198575763.0,-26729017842245.0,0.0,6867415088.0,-6629701851394.0,-3546833717032.0,11881408346665.0,-9985709406.0,8324588920227.0,,,,,,,
HPG,2022,3,HPG,cash_flow,-1299955296196.0,1736975580676.0,137493426199.0,546820352732.0,-483634913465.0,836700531276.0,0.0,1471405681222.0,3761408428487.0,14893476334949.0,-15025441161545.0,259795335259.0,-797610374903.0,-299804203.0,0.0,-105134288761.0,4457600150505.0,-4411237849191.0,693243676.0,-18170530825728.0,16474113153471.0,0.0,0.0,507616445745.0,-5599345832027.0,0.0,0.0,30844142246599.0,-35929148438674.0,0.0,-2241486887074.0,-7326493079149.0,-8468238760671.0,20325198022112.0,24449085224.0,11881408346665.0,,,,,,,
HPG,2022,2,HPG,cash_flow,4379340489328.0,1677130524495.0,593032893735.0,643248114558.0,47163693950.0,717352725484.0,0.0,8060262441550.0,-1966756554929.0,-18097014411925.0,7164279474800.0,-126209000614.0,-713566675256.0,-274728798738.0,0.0,-138671731563.0,-6092405256675.0,-3740134869390.0,6530260130.0,-10795594944261.0,12607471335560.0,0.0,0.0,-142312810971.0,-2064041028932.0,1300000000.0,0.0,49521669195301.0,-40072417413636.0,0.0,-3265243694.0,9447286537971.0,1290840252364.0,19060014590301.0,-25656820553.0,20325198022112.0,,,,,,,
HPG,2022,1,HPG,cash_flow,8922103855907.0,1677611364569.0,-59950204308.0,150783920541.0,-951283456248.0,596932887294.0,0.0,10336198367755.0,665168430681.0,2157183286223.0,-2993606607312.0,-95129210608.0,-590981613068.0,-578723718398.0,0.0,-513100948690.0,8387007986583.0,-6026975731178.0,4117528200.0,-19318517776498.0,9738241951928.0,0.0,0.0,911474085424.0,-14691659942124.0,525000000.0,0.0,34800675129353.0,-31899973544079.0,0.0,-9489245406.0,2891737339868.0,-3412914615673.0,22471375562130.0,1553643844.0,19060014590301.0,,,,,,,
HPG,2021,4,HPG,cash_flow,8038356261876.0,1566782572400.0,187032358552.0,258423817835.0,-5441110827.0,629506996556.0,0.0,10674660896392.0,3442217701358.0,3613321745493.0,-386836884300.0,-355772858060.0,-643452188645.0,-1964575046074.0,0.0,-208158469367.0,14171404896797.0,-4326244042568.0,33337740164.0,-9540866742500.0,12763595869520.0,0.0,0.0,29174461735.0,-1041002713649.0,1300000000.0,0.0,32283420282683.0,-36295469189503.0,0.0,-24515647431.0,-4035264554251.0,9095137628897.0,13376486099355.0,-248166122.0,22471375562130.0,,,,,,,
HPG,2021,3,HPG,cash_flow,10978756069697.0,1557450246725.0,1233182111.0,-209979223465.0,-310183817801.0,675107905208.0,0.0,12689390362475.0,-4673747018000.0,-6269003879894.0,-959546992745.0,-88497371785.0,-676491835696.0,-136626961921.0,0.0,-47611113527.0,-162134811093.0,-2394064632437.0,22467916217.0,-12798301968208.0,8560809135918.0,0.0,0.0,309959249655.0,-6299130298855.0,6200000000.0,0.0,33643984837211.0,-28439823546968.0,0.0,-1550442909.0,5208810847334.0,-1252454262614.0,14644183731657.0,-15243369688.0,13376486099355.0,,,,,,,
HPG,2021,2,HPG,cash_flow,10349452188126.0,1507505865787.0,-33730842823.0,-4008223308.0,-312132259952.0,599661392906.0,0.0,12109742120736.0,1556222812501.0,-12331373344340.0,11316582903533.0,16860686697.0,-625991809706.0,-138010433465.0,0.0,-40495890692.0,11863537045264.0,-3996355629739.0,7970290465.0,-10950565099870.0,4718629665828.0,0.0,0.0,198577255944.0,-10021743517372.0,0.0,0.0,28538845159800.0,-28079986938828.0,0.0,-1670953710220.0,-1212095489248.0,629698038644.0,14018629193714.0,-4143500701.0,14644183731657.0,,,,,,,
HPG,2021,1,HPG,cash_flow,7690213194491.0,1454908359540.0,28321364644.0,-2552250936.0,-722585925436.0,621546963567.0,0.0,9069851705870.0,-3364015325784.0,-1849087719759.0,-758802388718.0,-52531887685.0,-638893494939.0,-494678519443.0,0.0,-318492238077.0,1593350131465.0,-1399236188679.0,1780127545.0,-7952254523391.0,5213877851025.0,0.0,827030264967.0,266641688553.0,-3042160779980.0,3130000000.0,0.0,30267142223530.0,-28495551029999.0,0.0,-6724946432.0,1767996247099.0,319185598584.0,13696099298228.0,3344296902.0,14018629193714.0,,,,,,,
HPG,2020,4,HPG,cash_flow,5330249297734.0,1386472041189.0,-9703574796.0,-9996456364.0,-202814191600.0,662031175138.0,0.0,7156238291301.0,-635727619676.0,-5473842806342.0,771033329096.0,-138333751178.0,-633221134958.0,-972954380399.0,0.0,-21735058073.0,51456869771.0,-1546069161409.0,8456445735.0,-2910381996977.0,2710758549569.0,0.0,0.0,158312624548.0,-1578923538534.0,300000000.0,0.0,24246371804094.0,-15335976761188.0,0.0,-13435338013.0,8897259704893.0,7369793036130.0,5628548667015.0,2660069381.0,13001001772526.0,,,,,,,
HPG,2020,3,HPG,cash_flow,4271871636028.0,1181347918547.0,4036719741.0,42845968449.0,-141011034467.0,540809441828.0,0.0,5899900650126.0,-1913396601976.0,131486017669.0,-374458836488.0,43273301700.0,-519408535848.0,-267654874402.0,0.0,-24046981942.0,2975694138839.0,-1898885081877.0,1163951886.0,-5112617752800.0,906347252521.0,0.0,0.0,75285548504.0,-6028706081766.0,2400000000.0,0.0,22818192138710.0,-20236380816626.0,0.0,-1393099337621.0,1191111984463.0,-1861899958464.0,7489589626409.0,858999070.0,5628548667015.0,,,,,,,
HPG,2020,2,HPG,cash_flow,3095721382125.0,1138885194120.0,11589787924.0,-261050273579.0,-122088274050.0,523373576010.0,0.0,4386431392550.0,628008567582.0,-1771718379224.0,2552135727517.0,42648469309.0,-503553127663.0,-41323528646.0,0.0,-30378102797.0,5262251018628.0,-2477672697519.0,10231022111.0,-3591249113354.0,568606107101.0,0.0,0.0,89468929321.0,-5400615752340.0,0.0,0.0,17636534390058.0,-16160430801645.0,0.0,-7966027040.0,1468137561373.0,1329772827661.0,6157827189416.0,1989609332.0,7489589626409.0,,,,,,,
HPG,2020,1,HPG,cash_flow,2657091220016.0,1091959044244.0,22391252573.0,281070672466.0,-61696545888.0,481082874292.0,0.0,4471898517703.0,-1577050200596.0,53050182496.0,-1211555601127.0,37163563730.0,-374789631415.0,-432145153255.0,0.0,-252203233893.0,714368443643.0,-3447607366037.0,15967887769.0,-1034707105440.0,800412234367.0,0.0,0.0,69433321558.0,-3596501027783.0,0.0,0.0,16924270152854.0,-12424802707315.0,0.0,-4973046084.0,4494494399455.0,1612361815315.0,4544900252204.0,565121897.0,6157827189416.0,,,,,,,
HPG,2019,4,HPG,cash_flow,2284996658014.0,803343483855.0,15279555359.0,-6186878093.0,-123838477791.0,270226645026.0,0.0,3243820986370.0,621007249018.0,-220137009622.0,4152758736704.0,-130439228509.0,-261917773785.0,-596124160298.0,0.0,-37393880602.0,6771574919276.0,-5325523796833.0,10683051824.0,-618298027730.0,1078468665087.0,0.0,0.0,123467379365.0,-4731202728287.0,85000000.0,0.0,18859904271596.0,-20308458019905.0,0.0,-246706983.0,-1448715455292.0,591656735697.0,3972943652210.0,301924952.0,4564902312859.0,,,,,,,
HPG,2019,3,HPG,cash_flow,2160914730482.0,651891904577.0,2445513914.0,-18928373518.0,-161697586815.0,265895204863.0,0.0,2886996817143.0,-384010257320.0,-3602598105490.0,-1279510864698.0,43941232508.0,-274014274502.0,-332083426225.0,0.0,-54478176261.0,-2995757054845.0,-3759383204475.0,-11480931285.0,215263176450.0,529241329543.0,0.0,0.0,192755999128.0,-2833603630639.0,0.0,0.0,17893141507485.0,-13985922428353.0,0.0,-5335419426.0,3901883659706.0,-1927477025778.0,5900076071570.0,344606418.0,3972943652210.0,,,,,,,
HPG,2019,2,HPG,cash_flow,2479812592590.0,599784384579.0,2877014108.0,48465776731.0,-101892899907.0,215389146860.0,0.0,3257960591321.0,777004519794.0,-3506410691355.0,2417455437347.0,10345284222.0,-188205446868.0,-247709261364.0,0.0,-76124456748.0,2444315976349.0,-7200900927887.0,20810046202.0,-1234317332787.0,1902221835548.0,0.0,0.0,94125240260.0,-6418061138664.0,0.0,0.0,12947565846637.0,-9177531346113.0,0.0,-6818491460.0,3763216009064.0,-210529153251.0,6110879210952.0,-273986131.0,5900076071570.0,,,,,,,
HPG,2019,1,HPG,cash_flow,2170940228673.0,583138700857.0,-26374697757.0,-14499415586.0,-33470504380.0,185199221610.0,0.0,2864933533417.0,-1145022952518.0,2196908631444.0,-1160255462159.0,66109848557.0,-143138746017.0,-374604421127.0,0.0,-171033086219.0,2133897345378.0,-5336201548793.0,2364808068.0,-2810200888442.0,3322292650156.0,0.0,0.0,106399394935.0,-4715345584076.0,0.0,0.0,19848673018339.0,-13671770034245.0,0.0,-217727679.0,6176685256415.0,3595237017717.0,2515617135457.0,25057778.0,6110879210952.0,,,,,,,
HPG,2018,4,HPG,cash_flow,2037329601363.0,577870811942.0,-18173662868.0,4104939588.0,-66937818732.0,144936133893.0,0.0,2679130005186.0,-1712374696823.0,891988751549.0,734863589308.0,1283788372.0,-229376309960.0,-569580309365.0,0.0,-67856393468.0,1728078424799.0,-7753757887855.0,44519888341.0,-1461540758141.0,3593320000000.0,-138933689.0,2599680288.0,123359849441.0,-5451638161615.0,0.0,0.0,15795734202913.0,-13529615414961.0,0.0,-1565389423.0,2264553398529.0,-1459006338287.0,3976151668262.0,-1528194518.0,2515617135457.0,,,,,,,
HPG,2018,3,HPG,cash_flow,2848086063843.0,597087360757.0,-47094368475.0,21416556849.0,2051444778.0,141685345016.0,0.0,3550924182932.0,119547210473.0,-1501522889313.0,44260251184.0,16736976398.0,-131341967884.0,-411912798208.0,0.0,-28524384634.0,1658166580948.0,-10643470479000.0,908642864.0,-3302730556489.0,5155733037056.0,0.0,0.0,257551741690.0,-8532007613879.0,0.0,0.0,15179506401865.0,-9647874632159.0,0.0,-1236393107.0,5530395376599.0,-1343445656332.0,5319038225154.0,559099440.0,3976151668262.0,,,,,,,
HPG,2018,2,HPG,cash_flow,2577218001099.0,553037107154.0,-426147437.0,-33113633439.0,-41534210367.0,135220094841.0,0.0,3202709431687.0,-618456931257.0,-1531001715888.0,924608516139.0,-250081285218.0,-139451648027.0,-102996238868.0,0.0,-26000040655.0,1459330087913.0,-6535623048148.0,5500137417.0,-3916356966921.0,3253622924069.0,0.0,15000000000.0,220596558190.0,-6957260395393.0,11424719202.0,0.0,14031707569867.0,-9886721261520.0,0.0,-2474192297.0,4153936835252.0,-1343993472228.0,6662968459743.0,63237639.0,5319038225154.0,,,,,,,
HPG,2018,1,HPG,cash_flow,2608439205997.0,556108322687.0,-7296315043.0,38197623898.0,-46934532354.0,118019669890.0,0.0,3266533975075.0,82342161661.0,543802130814.0,-243975167874.0,-268670700316.0,-111597863515.0,-331943891954.0,0.0,-181620568095.0,2754870075796.0,-2661214218378.0,56838470987.0,-2614873739992.0,5440337241859.0,-115947860804.0,0.0,344686537986.0,449826431658.0,0.0,0.0,8465066041528.0,-9270797786046.0,0.0,-642223602.0,-806373968120.0,2398322539334.0,4264641954689.0,3965720.0,6662968459743.0,,,,,,,
HPG,2017,4,HPG,cash_flow,2749694287204.0,561515828809.0,-16307823121.0,-10097823077.0,-32766940514.0,135018785751.0,0.0,3371587985299.0,-605781725895.0,-715028361029.0,281626431892.0,-46359201842.0,-131211223031.0,-822294954967.0,0.0,-68883821314.0,1263655129113.0,-3213308867189.0,1044844892.0,5301410216620.0,-3269612916987.0,-40833411607.0,651015518.0,64399159363.0,-1156249959390.0,0.0,0.0,9618028562481.0,-8051264652750.0,0.0,-1092127232.0,1565671782499.0,1673076952222.0,2591864482986.0,-299480519.0,4264641954689.0,,,,,,,
HPG,2017,3,HPG,cash_flow,2487911010740.0,496694475864.0,5595692677.0,-547473255.0,-21726279339.0,130923942442.0,0.0,3104007479047.0,98685215264.0,-655007259885.0,-571820469638.0,-27878412984.0,-128323294948.0,-24850859491.0,-4055188280.0,839011444.0,1791596220529.0,-3458547485030.0,1127420870.0,-11824387911655.0,7686710561819.0,0.0,0.0,27315537918.0,-7567781876078.0,5046526420000.0,0.0,10370508379840.0,-8862572450839.0,0.0,-139603000.0,6554322746001.0,778137090452.0,1813484050479.0,243342055.0,2591864482986.0,,,,,,,
HPG,2017,2,HPG,cash_flow,1807855656986.0,484745011931.0,2968679132.0,4822077813.0,-16738098574.0,130009931346.0,0.0,2418819368552.0,269010297886.0,-335139421203.0,704354973233.0,38592222379.0,-132743807560.0,-133899941983.0,418538280.0,-45629933278.0,2783782296306.0,-1570792467729.0,2609865774.0,-2140451256926.0,14790032134.0,0.0,0.0,52505281018.0,-3641338545729.0,10758940000.0,0.0,13681487984030.0,-13400697158678.0,0.0,-1280625591.0,290269139761.0,-567287109662.0,2380437136128.0,334024013.0,1813484050479.0,,,,,,,
HPG,2017,1,HPG,cash_flow,2242908787766.0,472087077057.0,-5127467707.0,1055827571.0,-36657312451.0,83754910316.0,0.0,2763177932469.0,-224961014404.0,-492313380351.0,-842569434594.0,-30152684582.0,-81058955443.0,-742733739918.0,3636650000.0,-136220414230.0,216804958947.0,-638806317086.0,3118356422.0,-4980628741489.0,30100588634.0,0.0,0.0,28171851619.0,-5558044261900.0,0.0,0.0,3524671584538.0,-360000000000.0,0.0,-1108892177.0,3163562692361.0,-2177676610592.0,4558660713745.0,-546967025.0,2380437136128.0,,,,,,,
HPG,2016,4,HPG,cash_flow,2252940497691.0,447982118359.0,-75174190111.0,12517247533.0,73138204731.0,62584242926.0,0.0,2779144231046.0,-393996164857.0,-2187649492867.0,2458063894589.0,-40646092026.0,-64554214138.0,-460934433910.0,0.0,-10639153120.0,2078788574717.0,-1250587612436.0,-1266794180.0,-1089631271176.0,671938464865.0,0.0,0.0,-74102609592.0,-1743649822519.0,79230444922.0,-170000000.0,7390246964001.0,-6528730087986.0,0.0,-138537000.0,940438783937.0,1275577536135.0,3282771484625.0,311692745.0,4558660713505.0,,,,,,,
HPG,2016,3,HPG,cash_flow,1855716288705.0,420410354185.0,3385535627.0,-7976372368.0,-30653206041.0,69055625453.0,0.0,2315094335479.0,-541024942820.0,300154917839.0,-8471024019.0,34191082501.0,-65761520508.0,-18648547941.0,0.0,-21360633793.0,1994173666738.0,-650397956204.0,1142559634.0,-20428632278.0,297642061629.0,0.0,0.0,37593239468.0,-334448727751.0,-79230444922.0,0.0,5656494927514.0,-5906623835507.0,0.0,-1100054460399.0,-1429413813314.0,230311125673.0,3052404764799.0,55594153.0,3282771484625.0,,,,,,,
HPG,2016,2,HPG,cash_flow,2381777336224.0,432200432622.0,-18512144488.0,19082366767.0,-64763470973.0,67328991186.0,0.0,2822269621255.0,86255061363.0,-2273151476081.0,44001195718.0,108443413707.0,-34361563100.0,-64867429194.0,0.0,-15267794459.0,673321029209.0,-328957960692.0,19973296067.0,-415545617295.0,730604857143.0,0.0,0.0,44965811151.0,51040386374.0,0.0,0.0,4343536260946.0,-4940426362321.0,0.0,-1187429332.0,-598077530707.0,126283884876.0,2926138476017.0,-17596094.0,3052404764799.0,,,,,,,
HPG,2016,1,HPG,cash_flow,1211372613286.0,353668480131.0,-28304906688.0,-3950169382.0,-26921804949.0,81042378600.0,0.0,1592641545219.0,64262188564.0,933139505285.0,-360050646030.0,23137601903.0,-116050624405.0,-301624696806.0,0.0,-91887886455.0,1743566987275.0,-670935842397.0,903986138.0,-355659073764.0,290321710394.0,-73131328075.0,0.0,33572675627.0,-774927872077.0,0.0,0.0,5959366812658.0,-6374076795436.0,0.0,-456946831.0,-415166929609.0,553472185589.0,2372761840865.0,-95550437.0,2926138476017.0,,,,,,,
HPG,2015,4,HPG,cash_flow,682848761927.0,398368348918.0,45255893932.0,-66091956217.0,-31403070410.0,76032561384.0,0.0,1304883164337.0,292559330081.0,-175193139626.0,-99740606995.0,-87175570480.0,-493248379874.0,-93833880314.0,-514335225.0,-953154302.0,646783427602.0,-1307123101477.0,9887774352.0,-1732938580716.0,939959424990.0,-230628789000.0,0.0,46944267217.0,-2273899004634.0,0.0,0.0,7759186724515.0,-7684873403975.0,1821983830537.0,-1318725885.0,1894978425192.0,267862848160.0,2107094759286.0,-29001581.0,2374928605865.0,,,,,,,
HPG,2015,3,HPG,cash_flow,1160633509273.0,296302507223.0,8782905986.0,21316871834.0,-42229158345.0,65651042150.0,0.0,1540830405611.0,-83490303827.0,-674494231636.0,-432685441816.0,19038775238.0,355932329076.0,-64039270832.0,2957111520.0,-22890829296.0,641158544038.0,-138529322500.0,12465425450.0,776493662874.0,278425000000.0,0.0,0.0,25615642494.0,954470408318.0,0.0,0.0,7610652137591.0,-7299644979889.0,-1821983830537.0,-180704291.0,-1511157377126.0,84471575230.0,2022505414440.0,117769616.0,2107094759286.0,,,,,,,
HPG,2015,2,HPG,cash_flow,1407764434588.0,301511273280.0,21693818232.0,11695783123.0,-7443799102.0,51860489071.0,0.0,1817454726686.0,636430799597.0,359393794669.0,176791885168.0,3316997366.0,-99638681810.0,-50071357591.0,-1300573360.0,-13485490377.0,2828892100348.0,-1574134153640.0,1974614483.0,-543810404978.0,343469232554.0,0.0,0.0,23604219140.0,-1748896492441.0,12000000.0,0.0,5746131417468.0,-5767420369497.0,0.0,-489712206457.0,-510989158486.0,569006449421.0,1453491349657.0,7615362.0,2022505414440.0,,,,,,,
HPG,2015,1,HPG,cash_flow,738485384068.0,285202533263.0,-10431256032.0,46245799027.0,2596359267.0,57781070334.0,0.0,1150252617421.0,-858014042750.0,878972421686.0,-324727321765.0,21638409835.0,-46855043285.0,-234407141502.0,1300573360.0,-88148362837.0,500012110163.0,-435032676387.0,2389799999.0,-359602870845.0,0.0,0.0,0.0,22763213500.0,-769482533733.0,46500000.0,0.0,6536020489553.0,-6789881879469.0,0.0,-49508778000.0,-303323667916.0,-572794091486.0,2026280467705.0,4973438.0,1453491349657.0,,,,,,,
HPG,2014,4,HPG,cash_flow,587006103005.0,285065957456.0,208258726706.0,48496459298.0,-9419354243.0,70636426629.0,0.0,1276390288384.0,-460041872172.0,-359270478408.0,609717973758.0,143089492298.0,-60953377294.0,-87166832462.0,13457214364.0,-38373313773.0,1036849094695.0,-482639899148.0,2876353229.0,-1184067715208.0,927555196738.0,-55215592861.0,1500000000.0,24935855886.0,-765055801364.0,0.0,0.0,6544713791719.0,-6466508187250.0,0.0,132092655.0,78337697124.0,350130990455.0,1651561080358.0,88396892.0,2001780467705.0,,,,,,,
HPG,2014,3,HPG,cash_flow,1024678282379.0,279038374027.0,370294557.0,-29579502673.0,-7557222858.0,78782680101.0,0.0,1373496845379.0,-409180918965.0,-21678560089.0,-849882929607.0,-270970657362.0,-67898612719.0,-66573934195.0,11139900902.0,-17944272238.0,-319493138894.0,-186943594565.0,8923466376.0,-23598274631.0,126894428753.0,1740000000.0,0.0,26255070026.0,-46728904041.0,475000000.0,0.0,5822094586932.0,-5233779127082.0,0.0,-82681908.0,588707777942.0,222485735007.0,1429108292747.0,-32947396.0,1651561080358.0,,,,,,,
HPG,2014,2,HPG,cash_flow,1086586698582.0,274592206614.0,1569057588.0,60750200005.0,-26926176023.0,81355980496.0,0.0,1536332623235.0,418561268641.0,-411130212702.0,-173090101941.0,13704503419.0,-78617434926.0,-128176453387.0,14411246662.0,-8547675672.0,1183447763329.0,-185710869579.0,9349892737.0,40415328633.0,0.0,-56955592861.0,0.0,30000166409.0,-162901074661.0,0.0,0.0,4789825856092.0,-5945027273481.0,0.0,-631333792999.0,-1786535210388.0,-765988521720.0,2195020257953.0,76556514.0,1429108292747.0,,,,,,,
HPG,2014,1,HPG,cash_flow,1070843098197.0,268657879041.0,-744004462.0,3080402463.0,-33506296635.0,120827103540.0,0.0,1501530397596.0,124260473167.0,1258281581498.0,-1749890855513.0,11905692786.0,-118239482053.0,-297043298315.0,536403969.0,-55776197031.0,675564716104.0,-238431892230.0,1965044115.0,-16817054002.0,0.0,0.0,0.0,26148641137.0,-227135260980.0,0.0,0.0,4715500046151.0,-5044125506655.0,0.0,-50090936327.0,-378716396831.0,69713058293.0,2125322390697.0,-15191037.0,2195020257953.0,,,,,,,
HPG,2013,4,HPG,cash_flow,624906992751.0,251887298783.0,-21311495954.0,-19467570040.0,-27137784105.0,124373034373.0,0.0,1113248112183.0,-143583110760.0,39205087020.0,-74693002938.0,14579645079.0,-141362484134.0,-52517684746.0,3908665563.0,-23000626836.0,735784600431.0,-403983710108.0,1076116746.0,-158262157802.0,26319051657.0,-395947200000.0,133334.0,33965105608.0,-896832660565.0,0.0,0.0,5166410402121.0,-4751486142320.0,0.0,-440163400.0,414484096401.0,253436036267.0,2014263312314.0,-76957885.0,2267622390696.0,,,,,,,
HPG,2013,3,HPG,cash_flow,597978454091.0,164500424985.0,-76003820472.0,-67443974794.0,-27282824659.0,79447906827.0,0.0,671196165978.0,70702330394.0,-438976864516.0,597329721307.0,-50516645121.0,-12040740626.0,-6666946516.0,91489237.0,-18022825908.0,813095684229.0,-659432504998.0,1496464877.0,-36000000000.0,46980047200.0,-546074299.0,0.0,21759530296.0,-625742536924.0,600000000.0,0.0,4906915930348.0,-4047269743860.0,0.0,-418813813012.0,441432373476.0,628785520781.0,1385641109293.0,-163317760.0,2014263312314.0,,,,,,,
HPG,2013,2,HPG,cash_flow,599329395099.0,153612281709.0,24541434887.0,88925011228.0,-16753148991.0,77682792362.0,-27281308193.0,900056458101.0,391392242164.0,-862146448487.0,897922226436.0,21681730049.0,-142382619339.0,-77379043550.0,18156769011.0,-7497932861.0,1139803381524.0,-1031909410784.0,3343397309.0,1322098857.0,50337901143.0,-5.0,-8803477837.0,8494315371.0,-977215175946.0,0.0,0.0,4902010810854.0,-4674063868578.0,0.0,-1423348191.0,226523594085.0,389111799663.0,996320633597.0,208676032.0,1385641109292.0,,,,,,,
HPG,2013,1,HPG,cash_flow,572218567611.0,151633777795.0,5194528495.0,432985468.0,-132847850801.0,81392133173.0,27281308193.0,705305449934.0,-127469433349.0,161549921074.0,218534567660.0,11171586597.0,-102574263389.0,-64265003857.0,2165779847.0,-46044383352.0,758374221165.0,-980583115840.0,4624938046.0,-1322098857.0,3000000000.0,-7389599995.0,125070383355.0,34021143068.0,-822578350223.0,20000000.0,0.0,3987269523999.0,-4221219828219.0,0.0,-44238550.0,-233974542770.0,-298178671828.0,1294493700486.0,5604939.0,996320633597.0,,,,,,,
VCB,2025,4,VCB,cash_flow,,,,,,,,12013519000000.0,,,,,,,,,9057928000000.0,-607910000000.0,5692000000.0,,,-60167000000.0,0.0,2249000000.0,-660767000000.0,0.0,,,,,-3776798000000.0,-3776798000000.0,4620363000000.0,536179105000000.0,0.0,540799468000000.0,,-222398000000.0,9537064000000.0,-479136000000.0,,,
VCB,2025,3,VCB,cash_flow,,,,,,,,13260522000000.0,,,,,,,,,81546582000000.0,-464524000000.0,6107000000.0,,,0.0,0.0,94521000000.0,-364267000000.0,0.0,,,,,0.0,0.0,81182315000000.0,454996790000000.0,0.0,536179105000000.0,,37554000000.0,81932953000000.0,-386371000000.0,,,
VCB,2025,2,VCB,cash_flow,,,,,,,,9933187000000.0,,,,,,,,,37917302000000.0,-194907000000.0,3754000000.0,,,0.0,0.0,12103000000.0,-179204000000.0,0.0,,,,,0.0,0.0,37738098000000.0,417258692000000.0,0.0,454996790000000.0,,-57261000000.0,38500239000000.0,-582937000000.0,,,
VCB,2025,1,VCB,cash_flow,,,,,,,,3115299000000.0,,,,,,,,,-13180595000000.0,-186147000000.0,1678000000.0,,,0.0,0.0,9703000000.0,-174898000000.0,0.0,,,,,0.0,0.0,-13355493000000.0,430614185000000.0,0.0,417258692000000.0,,-98301000000.0,-12003988000000.0,-1176607000000.0,,,
VCB,2024,4,VCB,cash_flow,,,,,,,,10425121000000.0,,,,,,,,,117112806000000.0,-531176000000.0,5492000000.0,,,0.0,0.0,24710000000.0,-501783000000.0,0.0,,,,,-19963000000.0,-19963000000.0,116591060000000.0,314023125000000.0,0.0,430614185000000.0,,-343813000000.0,117759748000000.0,-646942000000.0,,,
VCB,2024,3,VCB,cash_flow,,,,,,,,9114456000000.0,,,,,,,,,-15216618000000.0,-457907000000.0,3030000000.0,,,0.0,0.0,10299000000.0,-444866000000.0,0.0,,,,,0.0,0.0,-15661484000000.0,329684609000000.0,0.0,314023125000000.0,,-200194000000.0,-14569759000000.0,-646859000000.0,,,
VCB,2024,2,VCB,cash_flow,,,,,,,,10302421000000.0,,,,,,,,,20401129000000.0,-358137000000.0,2282000000.0,,,0.0,747000000.0,125022000000.0,-230230000000.0,0.0,,,,,0.0,0.0,20170899000000.0,309513710000000.0,0.0,329684609000000.0,,-644026000000.0,20739737000000.0,-338608000000.0,,,
VCB,2024,1,VCB,cash_flow,,,,,,,,341880000000.0,,,,,,,,,-63174486000000.0,-132901000000.0,1700000000.0,,,0.0,0.0,678000000.0,-130534000000.0,0.0,,,,,0.0,0.0,-63305020000000.0,372818730000000.0,0.0,309513710000000.0,,-202525000000.0,-61930169000000.0,-1244317000000.0,,,
VCB,2023,4,VCB,cash_flow,,,,,,,,7123781000000.0,,,,,,,,,8811415000000.0,-621249000000.0,3458000000.0,,,0.0,0.0,-6064000000.0,-630093000000.0,0.0,,,,,-15627000000.0,-15627000000.0,8165695000000.0,363661434000000.0,0.0,371827129000000.0,,-345755000000.0,9212451000000.0,-401036000000.0,,,
VCB,2023,3,VCB,cash_flow,,,,,,,,14093284000000.0,,,,,,,,,38103486000000.0,-107205000000.0,2487000000.0,,,0.0,0.0,115942000000.0,11042000000.0,0.0,,,,,0.0,0.0,38114528000000.0,325546906000000.0,0.0,363661434000000.0,,-26705000000.0,39263273000000.0,-1159787000000.0,,,
VCB,2023,2,VCB,cash_flow,,,,,,,,14515179000000.0,,,,,,,,,-134034351000000.0,-205830000000.0,1419000000.0,,,0.0,0.0,13746000000.0,-190988000000.0,0.0,,,,,0.0,0.0,-134225339000000.0,459772245000000.0,0.0,325546906000000.0,,-132508000000.0,-133890474000000.0,-143877000000.0,,,
VCB,2023,1,VCB,cash_flow,,,,,,,,9438386000000.0,,,,,,,,,47586319000000.0,-73876000000.0,2071000000.0,,,0.0,0.0,22464000000.0,-49368000000.0,0.0,,,,,0.0,0.0,47536951000000.0,412235294000000.0,0.0,459772245000000.0,,684356000000.0,48679302000000.0,-1092983000000.0,,,
VCB,2022,4,VCB,cash_flow,,,,,,,,9159766000000.0,,,,,,,,,122478610000000.0,-640541000000.0,5462000000.0,,,0.0,1000000.0,2676000000.0,-633936000000.0,0.0,,,,,-18798000000.0,-18798000000.0,121825876000000.0,290363772000000.0,0.0,412189648000000.0,,-139817000000.0,122957794000000.0,-479184000000.0,,,
VCB,2022,3,VCB,cash_flow,,,,,,,,12553919000000.0,,,,,,,,,10616321000000.0,-3123000000.0,4575000000.0,,,0.0,200034000000.0,89800000000.0,290773000000.0,0.0,,,,,0.0,0.0,10907094000000.0,279456678000000.0,0.0,290363772000000.0,,-86019000000.0,11317452000000.0,-701131000000.0,,,
VCB,2022,2,VCB,cash_flow,,,,,,,,12303964000000.0,,,,,,,,,67661893000000.0,-45514000000.0,2768000000.0,,,0.0,0.0,12382000000.0,-31080000000.0,0.0,,,,,0.0,0.0,67630813000000.0,211825865000000.0,0.0,279456678000000.0,,-63413000000.0,67950852000000.0,-288959000000.0,,,
VCB,2022,1,VCB,cash_flow,,,,,,,,9697992000000.0,,,,,,,,,-17381480000000.0,-22389000000.0,2948000000.0,,,0.0,1864000000.0,2196000000.0,-17426000000.0,0.0,,,,,-3329224000000.0,-3329224000000.0,-20728130000000.0,232553995000000.0,0.0,211825865000000.0,,-62483000000.0,-16312101000000.0,-1069379000000.0,,,
VCB,2021,4,VCB,cash_flow,,,,,,,,8035541000000.0,,,,,,,,,-11549673000000.0,-1107915000000.0,3736000000.0,,,0.0,13791000000.0,66374000000.0,-1024288000000.0,0.0,,,,,-1138679000000.0,-1138679000000.0,-13712640000000.0,248038773000000.0,0.0,234326133000000.0,,-127960000000.0,-10925973000000.0,-623700000000.0,,,
VCB,2021,3,VCB,cash_flow,,,,,,,,7964389000000.0,,,,,,,,,35041818000000.0,-156512000000.0,1653000000.0,,,-83502000000.0,0.0,17412000000.0,-221326000000.0,0.0,,,,,0.0,0.0,34820492000000.0,213218281000000.0,0.0,248038773000000.0,,-177216000000.0,35653804000000.0,-611986000000.0,,,
VCB,2021,2,VCB,cash_flow,,,,,,,,10419771000000.0,,,,,,,,,-21422817000000.0,-293503000000.0,1663000000.0,,,0.0,0.0,1780000000.0,-290395000000.0,0.0,,,,,0.0,0.0,-21713212000000.0,234931493000000.0,0.0,213218281000000.0,,-120801000000.0,-19869154000000.0,-1553663000000.0,,,
VCB,2021,1,VCB,cash_flow,,,,,,,,5969277000000.0,,,,,,,,,-56849506000000.0,-63503000000.0,1356000000.0,,,0.0,0.0,8278000000.0,-54084000000.0,0.0,,,,,-747619000000.0,-747619000000.0,-57651209000000.0,292582702000000.0,0.0,234931493000000.0,,-100199000000.0,-55840207000000.0,-1009299000000.0,,,
VCB,2020,4,VCB,cash_flow,,,,,,,,8917705000000.0,,,,,,,,,108223884000000.0,-1980809000000.0,6063000000.0,,,0.0,89696000000.0,16990000000.0,-1870550000000.0,0.0,,,,,-2238496000000.0,-2238496000000.0,104114838000000.0,189839513000000.0,0.0,293954351000000.0,,-819357000000.0,108637780000000.0,-413896000000.0,,,
VCB,2020,3,VCB,cash_flow,,,,,,,,5180211000000.0,,,,,,,,,-20097059000000.0,-586045000000.0,1380000000.0,,,0.0,1000000.0,2066000000.0,-582785000000.0,0.0,,,,,0.0,0.0,-20679844000000.0,210519357000000.0,0.0,189839513000000.0,,66727000000.0,-19683718000000.0,-413341000000.0,,,
VCB,2020,2,VCB,cash_flow,,,,,,,,8115621000000.0,,,,,,,,,24360352000000.0,-390239000000.0,1922000000.0,,,0.0,515577000000.0,2595000000.0,129537000000.0,0.0,,,,,-747619000000.0,-747619000000.0,23742270000000.0,186777087000000.0,0.0,210519357000000.0,,43816000000.0,24563932000000.0,-203580000000.0,,,
VCB,2020,1,VCB,cash_flow,,,,,,,,7294900000000.0,,,,,,,,,-85460180000000.0,-44809000000.0,867000000.0,,,0.0,0.0,10732000000.0,-33268000000.0,0.0,,,,,0.0,0.0,-85493448000000.0,272270535000000.0,0.0,186777087000000.0,,80163000000.0,-84621477000000.0,-838703000000.0,,,
VCB,2019,4,VCB,cash_flow,,,,,,,,3062937000000.0,,,,,,,,,32991031000000.0,-647290000000.0,4850000000.0,,,0.0,701000000.0,80873000000.0,-562218000000.0,0.0,,,,,0.0,0.0,32428813000000.0,239623378000000.0,0.0,272052191000000.0,,-67772000000.0,33300303000000.0,-309272000000.0,,,
VCB,2019,3,VCB,cash_flow,,,,,,,,7362940000000.0,,,,,,,,,30302227000000.0,-64512000000.0,2494000000.0,,,0.0,0.0,15384000000.0,-47010000000.0,0.0,,,,,0.0,0.0,30255217000000.0,209368161000000.0,0.0,239623378000000.0,,-39765000000.0,30603237000000.0,-301010000000.0,,,
VCB,2019,2,VCB,cash_flow,,,,,,,,7474285000000.0,,,,,,,,,14386349000000.0,-252223000000.0,1943000000.0,,,0.0,95773000000.0,91523000000.0,-67528000000.0,-11000000.0,,,,,0.0,-11000000.0,14318810000000.0,195049351000000.0,0.0,209368161000000.0,,-26672000000.0,14624363000000.0,-238014000000.0,,,
VCB,2019,1,VCB,cash_flow,,,,,,,,7205949000000.0,,,,,,,,,-55058130000000.0,-24395000000.0,1418000000.0,,,0.0,0.0,9857000000.0,-13163000000.0,6106488000000.0,,,,,0.0,6106488000000.0,-48964805000000.0,244014156000000.0,0.0,195049351000000.0,,20090000000.0,-54483095000000.0,-575035000000.0,,,
VCB,2018,4,VCB,cash_flow,,,,,,,,5687547000000.0,,,,,,,,,66485460000000.0,-595597000000.0,3001000000.0,,,0.0,1839545000000.0,-41661000000.0,1203791000000.0,0.0,,,,,-2914981000000.0,-2914981000000.0,64774270000000.0,175811866000000.0,0.0,240586136000000.0,,-60891000000.0,66849004000000.0,-363544000000.0,,,
VCB,2018,3,VCB,cash_flow,,,,,,,,5675012000000.0,,,,,,,,,1222255000000.0,-336125000000.0,1936000000.0,,,0.0,90056000000.0,24569000000.0,-219639000000.0,0.0,,,,,0.0,0.0,1002616000000.0,174809250000000.0,0.0,175811866000000.0,,-2899000000.0,1535917000000.0,-313662000000.0,,,
VCB,2018,2,VCB,cash_flow,,,,,,,,4859857000000.0,,,,,,,,,-88676812000000.0,-105050000000.0,942000000.0,,,280526000000.0,0.0,16603000000.0,192916000000.0,0.0,,,,,0.0,0.0,-88483896000000.0,263293146000000.0,0.0,174809250000000.0,,5303000000.0,-88485328000000.0,-191484000000.0,,,
VCB,2018,1,VCB,cash_flow,,,,,,,,5327859000000.0,,,,,,,,,-42649184000000.0,-97602000000.0,670000000.0,,,417912000000.0,0.0,87132000000.0,408083000000.0,0.0,,,,,0.0,0.0,-42241101000000.0,305534247000000.0,0.0,263293146000000.0,,15763000000.0,-42152701000000.0,-496483000000.0,,,
VCB,2017,4,VCB,cash_flow,,,,,,,,4371206000000.0,,,,,,,,,68358314000000.0,-817207000000.0,2599000000.0,,,265688000000.0,0.0,61241000000.0,-488588000000.0,0.0,,,,,-2878215000000.0,-2878215000000.0,64991511000000.0,193270920000000.0,0.0,258262431000000.0,,-22565000000.0,68603472000000.0,-245158000000.0,,,
VCB,2017,3,VCB,cash_flow,,,,,,,,3907799000000.0,,,,,,,,,25636442000000.0,-95118000000.0,2778000000.0,,,0.0,0.0,23499000000.0,-70245000000.0,0.0,,,,,0.0,0.0,25566197000000.0,167704723000000.0,0.0,193270920000000.0,,-56500000000.0,26101114000000.0,-464672000000.0,,,
VCB,2017,2,VCB,cash_flow,,,,,,,,5683756000000.0,,,,,,,,,41066039000000.0,-152467000000.0,1811000000.0,,,0.0,-84212000000.0,88640000000.0,-146311000000.0,0.0,,,,,0.0,0.0,40919728000000.0,149109038000000.0,-22324043000000.0,167704723000000.0,,2638000000.0,41014917000000.0,51122000000.0,,,
VCB,2017,1,VCB,cash_flow,,,,,,,,4343584000000.0,,,,,,,,,-30789342000000.0,-75184000000.0,354000000.0,,,0.0,84212000000.0,0.0,9382000000.0,0.0,,,,,0.0,0.0,-30779960000000.0,179888998000000.0,0.0,149109038000000.0,,-14285000000.0,-30305665000000.0,-483677000000.0,,,
VCB,2016,4,VCB,cash_flow,,,,,,,,5260506000000.0,,,,,,,,,24915564000000.0,-777674000000.0,2874000000.0,,,-12540000000.0,20906000000.0,0.0,-767529000000.0,0.0,,,,,0.0,0.0,24148035000000.0,152818631000000.0,0.0,176966666000000.0,,-82792000000.0,25122814000000.0,-207250000000.0,,,
VCB,2016,3,VCB,cash_flow,,,,,,,,1808086000000.0,,,,,,,,,24384097000000.0,-335467000000.0,3003000000.0,,,12540000000.0,16183000000.0,-5674000000.0,-309677000000.0,0.0,,,,,-2665020000000.0,-2665020000000.0,21409400000000.0,131409231000000.0,0.0,152818631000000.0,,-21040000000.0,24686275000000.0,-302178000000.0,,,
VCB,2016,2,VCB,cash_flow,,,,,,,,4611994000000.0,,,,,,,,,6093216000000.0,-109735000000.0,785000000.0,,,0.0,-853000000.0,-6866000000.0,-117823000000.0,0.0,,,,,0.0,0.0,5975393000000.0,125433838000000.0,0.0,131409231000000.0,,-70798000000.0,6395796000000.0,-302580000000.0,,,
VCB,2016,1,VCB,cash_flow,,,,,,,,3174781000000.0,,,,,,,,,-38950684000000.0,-49370000000.0,544000000.0,,,0.0,853000000.0,19663000000.0,-28331000000.0,0.0,,,,,0.0,0.0,-38979015000000.0,164412853000000.0,0.0,125433838000000.0,,-13020000000.0,-38562918000000.0,-387766000000.0,,,
VCB,2015,4,VCB,cash_flow,,,,,,,,3537618000000.0,,,,,,,,,9069140000000.0,-898653000000.0,2789000000.0,,,0.0,-17501000000.0,6603000000.0,-907918000000.0,0.0,,,,,0.0,0.0,8161222000000.0,152364312000000.0,0.0,160525534000000.0,,75928000000.0,9060004000000.0,9136000000.0,,,
VCB,2015,3,VCB,cash_flow,,,,,,,,2654593000000.0,,,,,,,,,22827755000000.0,-103929000000.0,1101000000.0,,,-108464000000.0,17501000000.0,61623000000.0,-132823000000.0,0.0,,,,,-2665020000000.0,-2665020000000.0,20029912000000.0,132334400000000.0,0.0,152364312000000.0,,-39268000000.0,22957956000000.0,-130201000000.0,,,
VCB,2015,2,VCB,cash_flow,,,,,,,,3081378000000.0,,,,,,,,,-1159696000000.0,-141476000000.0,988000000.0,,,0.0,12100000000.0,14210000000.0,-126464000000.0,0.0,,,,,0.0,0.0,-1286160000000.0,133620560000000.0,0.0,132334400000000.0,,26946000000.0,-921877000000.0,-237819000000.0,,,
VCB,2015,1,VCB,cash_flow,,,,,,,,2214047000000.0,,,,,,,,,-41362689000000.0,-49979000000.0,375000000.0,,,0.0,0.0,7819000000.0,-29747000000.0,0.0,,,,,0.0,0.0,-41392436000000.0,175012996000000.0,0.0,133620560000000.0,,4238000000.0,-41223847000000.0,-138842000000.0,,,
VCB,2014,4,VCB,cash_flow,,,,,,,,2230740000000.0,,,,,,,,,7552089000000.0,-748965000000.0,3625000000.0,,,-499602000000.0,9565000000.0,76026000000.0,-1160745000000.0,0.0,,,,,0.0,-47000000.0,6391297000000.0,163499042000000.0,0.0,169890339000000.0,,7659000000.0,7643566000000.0,-91477000000.0,,,
VCB,2014,3,VCB,cash_flow,,,,,,,,2963501000000.0,,,,,,,,,14226245000000.0,-138769000000.0,-464000000.0,,,0.0,0.0,12294000000.0,-127002000000.0,0.0,,,,,-2780901000000.0,-2780901000000.0,11318342000000.0,152180700000000.0,0.0,163499042000000.0,,-3162000000.0,14311132000000.0,-84887000000.0,,,
VCB,2014,2,VCB,cash_flow,,,,,,,,3139649000000.0,,,,,,,,,42471756000000.0,-91870000000.0,1218000000.0,,,0.0,0.0,61995000000.0,-28695000000.0,0.0,,,,,0.0,0.0,42443061000000.0,109737639000000.0,0.0,152180700000000.0,,348660000000.0,42790240000000.0,-318484000000.0,,,
VCB,2014,1,VCB,cash_flow,,,,,,,,1678174000000.0,,,,,,,,,-27396524000000.0,-7568000000.0,1320000000.0,,,0.0,0.0,1465000000.0,-5799000000.0,0.0,,,,,0.0,0.0,-27402323000000.0,137139962000000.0,0.0,109737639000000.0,,13058000000.0,-27369127000000.0,-27397000000.0,,,
VCB,2013,4,VCB,cash_flow,,,,,,,,3890160000000.0,,,,,,,,,16326264000000.0,-892196000000.0,-981000000.0,,,-68905000000.0,357909000000.0,41065000000.0,-563108000000.0,0.0,,,,,0.0,0.0,15763156000000.0,118049438000000.0,0.0,133812594000000.0,,291192000000.0,16391711000000.0,-65447000000.0,,,
VCB,2013,3,VCB,cash_flow,,,,,,,,2738964000000.0,,,,,,,,,-22782131000000.0,-140464000000.0,418000000.0,,,-53950000000.0,5000000000.0,67255000000.0,-72832000000.0,0.0,,,,,0.0,0.0,-22854963000000.0,140904401000000.0,0.0,118049438000000.0,,-67967000000.0,-22659634000000.0,-122497000000.0,,,
VCB,2013,2,VCB,cash_flow,,,,,,,,2825071000000.0,,,,,,,,,23453100000000.0,-85708000000.0,774000000.0,,,0.0,0.0,93025000000.0,7842000000.0,0.0,,,,,-1000000.0,-1000000.0,23460941000000.0,117443460000000.0,0.0,140904401000000.0,,45369000000.0,23602132000000.0,-149032000000.0,,,
VCB,2013,1,VCB,cash_flow,,,,,,,,2448398000000.0,,,,,,,,,-510653000000.0,-11176000000.0,266000000.0,,,5000000000.0,0.0,82051000000.0,27166000000.0,0.0,,,,,-2780900000000.0,-2780900000000.0,-3264387000000.0,120707847000000.0,0.0,117443460000000.0,,-15194000000.0,-482789000000.0,-27864000000.0,,,
SSI,2025,4,SSI,cash_flow,1003195760696.0,24572455035.0,-556252226.0,-9126335302.0,-147027598085.0,790254214308.0,-1641729238342.0,12348576018654.0,45806945600.0,0.0,26533422309.0,-39504343733.0,-805147657080.0,-18733034250.0,1646677862197.0,-9079150356.0,12386454293605.0,-64737274762.0,0.0,0.0,0.0,-2296293285000.0,663432648916.0,33796841520.0,-1663801069326.0,-388186704.0,0.0,72703698002599.0,-77958806685420.0,,-2075166697000.0,-7330663566525.0,3391989657754.0,254503105364.0,582358256.0,3646492763118.0,,,,,-1060441672138.0,-384458326785.0,
SSI,2025,3,SSI,cash_flow,1834918059122.0,24987098754.0,-41410099639.0,-287511076.0,-7268755079.0,686978549811.0,-1596758235672.0,-10873387862768.0,112580331878.0,0.0,-2843378856.0,-17236387825.0,-649301891523.0,-228578476364.0,1743129214528.0,-3420538096.0,-9891532668940.0,-69930578748.0,0.0,0.0,0.0,0.0,0.0,37680000000.0,-32250578748.0,3256525367200.0,0.0,126511601637601.0,-122338738255967.0,,-27762000.0,7429360986834.0,-2494422260854.0,2748925366218.0,274603487.0,254503105364.0,,,,,-681791764196.0,-343722500559.0,
SSI,2025,2,SSI,cash_flow,1197796550893.0,24178523828.0,9972602.0,8023092658.0,-16641922976.0,618980067659.0,-1447633397955.0,-3821457847849.0,-42451587650.0,0.0,3505608018.0,3893146690.0,-606909609525.0,-195847279983.0,1362317956300.0,-4311144707.0,-3546554095482.0,-11496294641.0,907681818.0,0.0,0.0,0.0,69117205321.0,0.0,58528592498.0,100000000000.0,0.0,104356589683919.0,-98336521969501.0,,-158008000.0,6119909706418.0,2631884203434.0,117041162784.0,70439180.0,2748925366218.0,,,,,-262803709148.0,754118664386.0,
SSI,2025,1,SSI,cash_flow,1047063625660.0,23649226649.0,16420391.0,2627463707.0,-36497105781.0,465588292122.0,-1138582344698.0,-9599030503503.0,199701065000.0,0.0,-19358577620.0,18861731214.0,-466284524003.0,-135934761973.0,994062783627.0,-73613110165.0,-9373976296507.0,-2018233306.0,30744181.0,0.0,0.0,-500000000000.0,0.0,0.0,-501987489125.0,0.0,0.0,66737013304857.0,-56982985552641.0,,-23042000.0,9754004710216.0,-121959075416.0,239000238200.0,2174347516.0,117041162784.0,,,,,791019323570.0,58427922469.0,
SSI,2024,4,SSI,cash_flow,554769762801.0,23294171773.0,34762788174.0,-9980537388.0,-93897108710.0,405752832021.0,-1026919751205.0,-6542795640146.0,-276145542000.0,0.0,-94364324227.0,-5864781300.0,-386222868753.0,-173297277481.0,1036691380044.0,-2918076634.0,-6369727968576.0,-290162312537.0,83484415636.0,0.0,0.0,-820000000000.0,0.0,0.0,-1026677896901.0,2263708005000.0,0.0,73010223971356.0,-66794440486399.0,,-1505372068000.0,6974119421957.0,-422286443520.0,661286681720.0,512993328.0,239000238200.0,,,,,-402214172791.0,-115346181038.0,
SSI,2024,3,SSI,cash_flow,986616815390.0,28381468640.0,16603189.0,-4422108677.0,-35505029326.0,365511351331.0,-1052544888583.0,2690056372342.0,0.0,0.0,60695370051.0,17193618398.0,-365218071380.0,-184027639551.0,1155489494926.0,-3359719042.0,2769058759576.0,-122793349738.0,0.0,0.0,-3389260272.0,0.0,1500000000000.0,174138190772.0,1547955580762.0,0.0,0.0,59213303118525.0,-65000102693235.0,,-494921000.0,-5787294495710.0,-1470280155372.0,2131566837092.0,986786633.0,661286681720.0,,,,,-102942435417.0,44231844914.0,
SSI,2024,2,SSI,cash_flow,1059488841628.0,28297697629.0,121753423.0,12458365092.0,-43966880904.0,351424648924.0,-1138152964167.0,-3471790866773.0,3308490895.0,0.0,-356408993525.0,-5322107957.0,-362453025936.0,-197731264560.0,1110910213876.0,-4879746747.0,-3206617856961.0,-9275987528.0,477272727.0,0.0,3389260272.0,0.0,100000000000.0,-1685369862.0,92905175609.0,100000000000.0,0.0,67249275874223.0,-62259031525100.0,,0.0,5090244349123.0,1976531667771.0,155035169321.0,505017956.0,2131566837092.0,,,,,-268437518498.0,93244405708.0,
SSI,2024,1,SSI,cash_flow,942652063843.0,27586811786.0,0.0,-10876126995.0,-57639941509.0,383075951019.0,-932668864893.0,2165041344497.0,33067817105.0,0.0,-442017515901.0,11175967246.0,-385021363849.0,-294019111498.0,875210846726.0,-86144358978.0,2542968359212.0,-14335249052.0,0.0,0.0,0.0,0.0,200000000000.0,1685369862.0,187350120810.0,0.0,0.0,58117738667473.0,-61186831526383.0,,-95980000.0,-3069188838910.0,-338870358888.0,493905528209.0,2242128654.0,155035169321.0,,,,,-35083492671.0,-850243889517.0,
SSI,2023,4,SSI,cash_flow,644083122168.0,29383567150.0,0.0,-805800235.0,-63966415661.0,393445706858.0,-991306968569.0,-12778297055932.0,1865132891.0,0.0,610849577589.0,22209353818.0,-378560701119.0,-13400000000.0,873128880578.0,-5186732356.0,-12656317654958.0,-18006508617.0,216727273.0,0.0,0.0,0.0,0.0,1685369862.0,-16104411482.0,0.0,0.0,148526602637286.0,-135771211803995.0,,-29580000.0,12755361253291.0,82939186851.0,410966341358.0,2036563602.0,493905528209.0,,,,,873223545437.0,-98790294005.0,
SSI,2023,3,SSI,cash_flow,880314982321.0,23462538490.0,0.0,-732314179.0,-66755424728.0,356812399112.0,-874426756120.0,-4453845403897.0,-24995870891.0,0.0,220119960606.0,869674218.0,-352973555859.0,-122523425822.0,922955684219.0,-3921841559.0,-4136934352506.0,-52191341155.0,0.0,0.0,-20146739726.0,0.0,150000000000.0,172145835615.0,249807754734.0,0.0,0.0,117287027865755.0,-111647684392841.0,,-1496633411000.0,4142710061914.0,255583464142.0,155382877216.0,157090032.0,410966341358.0,,,,,117076172911.0,42245084020.0,
SSI,2023,2,SSI,cash_flow,706517172343.0,25664421136.0,0.0,-8322546084.0,-66545029313.0,428246218838.0,-800036580703.0,3284857309854.0,-840866616.0,0.0,-154263610467.0,4886873997.0,-438683117896.0,-108633723226.0,842675899141.0,-1582066667.0,3570368502105.0,-11757691696.0,47485489710.0,0.0,20146739726.0,-146640000000.0,0.0,-19572602740.0,-110338065000.0,0.0,0.0,87223887731005.0,-90671048822958.0,,0.0,-3447161091953.0,12869345152.0,142513532064.0,-257093437.0,155382877216.0,,,,,70904858623.0,422128171865.0,
SSI,2023,1,SSI,cash_flow,617651693361.0,27243467819.0,0.0,-58902283969.0,-40216658979.0,391934718459.0,-712448170116.0,-1692357133166.0,25508282042.0,0.0,-126748602998.0,5914525047.0,-397685179166.0,-42331432322.0,565232555305.0,-63044787915.0,-1470147033331.0,-17024750574.0,128554545.0,0.0,0.0,-200000000000.0,0.0,19572602740.0,-197323593289.0,100000000000.0,0.0,103806930409433.0,-103514750393480.0,,-3120000.0,392176895953.0,-1275293730667.0,1417807262731.0,3155957416.0,142513532064.0,,,,,316632739777.0,-203517492130.0,
SSI,2022,4,SSI,cash_flow,288640116715.0,23683092442.0,75000000.0,-9977881138.0,-69162134906.0,250613291942.0,-613183439793.0,-5809834700584.0,-26704698536.0,0.0,278997193502.0,-2167491510.0,-246504553159.0,-100110894441.0,584709404331.0,-6612110998.0,-5938971316253.0,-41188720409.0,0.0,0.0,0.0,0.0,268936469827.0,9809589000.0,237557338418.0,-4800000000.0,0.0,79625916656251.0,-73117526025214.0,,-7891000.0,6503582740037.0,802168762202.0,615638500529.0,3897895919.0,1417807262731.0,,,,,-838757146290.0,-187726691575.0,
SSI,2022,3,SSI,cash_flow,415261069199.0,22196689368.0,0.0,32759269829.0,-31299215222.0,237401517228.0,-634146457765.0,-2285300365530.0,-5943622290.0,0.0,7257576388.0,-16973768100.0,-245134576702.0,-109464251312.0,584724832667.0,-3354632303.0,-2149712727984.0,-49387376965.0,6190910.0,0.0,-69216876721.0,-2650000000000.0,3000000000000.0,250116876721.0,481518813945.0,7445628625000.0,-36518500.0,90716681687379.0,-95125872469573.0,,-991049063500.0,2045352260806.0,377158346767.0,238480153762.0,2352641361.0,615638500529.0,,,,,-327977600855.0,-307674773994.0,
SSI,2022,2,SSI,cash_flow,522514601188.0,22224406658.0,-1242906276.0,44463885481.0,-60479363047.0,278747346918.0,-651249944676.0,5228376504313.0,58405073124.0,0.0,14320315544.0,-24076002883.0,-296595905763.0,-202667001965.0,653405205487.0,-5849560621.0,5438993580957.0,-55871038790.0,0.0,0.0,69216876721.0,0.0,1390327500000.0,-39305479462.0,1364367858469.0,45500000000.0,-141700450.0,87154777056286.0,-94569925049030.0,,-10372000.0,-7369800065194.0,-566438625768.0,804918779530.0,292095610.0,238480153762.0,,,,,-285795110254.0,261180351871.0,
SSI,2022,1,SSI,cash_flow,883287604675.0,20572041673.0,0.0,-4674327662.0,-84607184979.0,263887789515.0,-744236916940.0,-4920785460801.0,226062330552.0,0.0,-6970222053.0,-6019873539.0,-272791629899.0,-235743202992.0,687461407021.0,-99540863090.0,-4498902642177.0,-33889017802.0,32781818.0,0.0,0.0,-250000000000.0,2250000000000.0,39305479462.0,2005449243478.0,141660000000.0,-1189010450.0,81789184727236.0,-79745445825058.0,,-72745000.0,2184137146728.0,-309316251971.0,1114235031501.0,-1476043941.0,804918779530.0,,,,,1105540587975.0,-3477361923202.0,
SSI,2021,4,SSI,cash_flow,1253078931937.0,18301569345.0,-20665104615.0,4393501882.0,-381981625576.0,288978429547.0,-652445357352.0,34022500492.0,-259020352385.0,0.0,8493015606.0,-273119443.0,-293089646194.0,-165409621339.0,681545437205.0,-9701317443.0,384577821048.0,-93127004343.0,0.0,0.0,0.0,-23312500000.0,2374642230999.0,163688767133.0,2421891493789.0,1111796556685.0,-670928250.0,78672192843154.0,-81764637493884.0,,-749776000.0,-1982068798295.0,824400516542.0,289834514959.0,-2393885278.0,1114235031501.0,,,,,-393497401674.0,4098717747775.0,
SSI,2021,3,SSI,cash_flow,848414122933.0,16806354168.0,-13349887290.0,1534482715.0,-177850449374.0,289281044668.0,-536863714962.0,-6081304689799.0,42061904467.0,0.0,-4050865913.0,-16481892515.0,-246738142745.0,-156473723023.0,603962072128.0,-368646309.0,-5650194586261.0,-27962518231.0,0.0,0.0,0.0,-3010000000000.0,2600000000000.0,145338958918.0,-292623559313.0,0.0,-19383300.0,97493538392521.0,-90858272198174.0,,-645919707350.0,5989327103697.0,46508958123.0,243325556836.0,-702916620.0,289834514959.0,,,,,-514949141946.0,-978345880261.0,
SSI,2021,2,SSI,cash_flow,733477981840.0,14549777490.0,760309310.0,-2933894289.0,-138028912958.0,229591683137.0,-472350747842.0,-4722556874925.0,2854595113.0,0.0,-10802017488.0,-10898185301.0,-247798356262.0,-105825967093.0,441578371503.0,-4014508246.0,-4371888776500.0,-30775750422.0,500000000.0,0.0,0.0,-1852929700000.0,2600000000000.0,174323506865.0,891118056443.0,90540000000.0,-229822400.0,43415689676511.0,-40060767837878.0,,-423665000.0,3444808351233.0,-35962368824.0,279287925660.0,-262600965.0,243325556836.0,,,,,297304382713.0,264153277591.0,
SSI,2021,1,SSI,cash_flow,530067804459.0,14457203372.0,-9989360387.0,29358887418.0,-140303935436.0,222007328495.0,-367368749579.0,-1041493662810.0,-2854595113.0,0.0,21644065912.0,1622755776.0,-235895296673.0,-56725643577.0,379992640588.0,-69440892958.0,-781810747836.0,-13269750137.0,12636363.0,0.0,0.0,-250000000000.0,0.0,83397541702.0,-179859572072.0,0.0,-229625100.0,35066339865830.0,-34188340581645.0,,-63315000.0,877706344085.0,-83963975823.0,363251901483.0,-368556503.0,279287925660.0,,,,,-429058987930.0,465344099451.0,
SSI,2020,4,SSI,cash_flow,477187343779.0,13330188888.0,-4851625113.0,-2913330235.0,-148178595547.0,215504666427.0,-299408002358.0,-7345375423566.0,-14293945671.0,0.0,-5365596066.0,-6906774555.0,-159812453073.0,-87866099365.0,274463342217.0,-4036990109.0,-7146167118738.0,-11900709550.0,1090909091.0,0.0,0.0,-2200000000000.0,1238437671300.0,234946136991.0,-737425992168.0,0.0,-15531735851.0,33536476315312.0,-25486285066141.0,,-139146000.0,8034520367320.0,150927256414.0,212324645069.0,-35899519.0,363251901483.0,,,,,-162951943490.0,327751225089.0,
SSI,2020,3,SSI,cash_flow,420873081081.0,13781210828.0,5473091629.0,-1748041835.0,-170122801835.0,183677244995.0,-227404256803.0,-3149141316740.0,14293945671.0,0.0,2051322322.0,-2779753256.0,-216686047560.0,-123057850072.0,225836677480.0,-858408000.0,-3067307037194.0,-14705800757.0,24245453.0,0.0,0.0,-1600000000000.0,3800000000000.0,168167150686.0,2353485595382.0,0.0,-376800.0,26937531970068.0,-25615260970068.0,,-598558386000.0,723712237200.0,9890795388.0,202433849681.0,139942561.0,212324645069.0,,,,,180085941590.0,66934910273.0,
SSI,2020,2,SSI,cash_flow,651527979091.0,13153631923.0,0.0,-22224080567.0,-213441812940.0,207393538004.0,-194723067557.0,-1430824738708.0,-36172153700.0,0.0,-84095420.0,10244206727.0,-190728014302.0,-60431688.0,196641163857.0,-3288660000.0,-1405337886976.0,-13885390177.0,1954546.0,0.0,0.0,-1700000000000.0,4690814000000.0,142934723304.0,3119865287673.0,0.0,-403300.0,36396119326166.0,-38190549746839.0,,-100400000.0,-1794531223973.0,-80003823276.0,282437672957.0,2640888358.0,202433849681.0,,,,,-198723317234.0,-471724188215.0,
SSI,2020,1,SSI,cash_flow,7964881112.0,12578214098.0,0.0,-17666026751.0,-232709331038.0,222855873662.0,-203443461640.0,-597676091084.0,0.0,0.0,-18457315719.0,4974497489.0,-219486479226.0,-30892578855.0,178132942756.0,-28222792807.0,-654783080553.0,-18547157749.0,434272727.0,0.0,0.0,-1000000000000.0,400000000000.0,160350731512.0,-457762153510.0,100000000000.0,-2968550.0,31705965106903.0,-31451561841687.0,,-200000000.0,354200296666.0,-758344937397.0,1040782610354.0,-264724688.0,282437672957.0,,,,,-8208620612.0,517482831736.0,
SSI,2019,4,SSI,cash_flow,262964653001.0,12174968830.0,11018850000.0,4887188223.0,-245060100253.0,222416901692.0,-203864205285.0,32990514040.0,0.0,0.0,15849782477.0,6297414906.0,-167735044011.0,-52867173847.0,183489915947.0,-3359375500.0,113064271043.0,-20794997622.0,954546.0,0.0,0.0,-2620720027000.0,1550000000000.0,180068800012.0,-911445270064.0,0.0,-1020800.0,26356035381923.0,-24354431893838.0,,-506668467000.0,1494934000285.0,696553001264.0,344229609090.0,-95397491.0,1040782610354.0,,,,,21925261058.0,-364950546672.0,
SSI,2019,3,SSI,cash_flow,332330496480.0,10416308416.0,0.0,4717416211.0,-231904316250.0,212860623271.0,-192081018917.0,3661916545882.0,0.0,0.0,-6070622460.0,5747939348.0,-245290344621.0,-46544754185.0,204055266150.0,-5401505993.0,3726582381294.0,-20946869533.0,2645453.0,0.0,0.0,-4200000000000.0,1560000000000.0,195192547965.0,-2465751676115.0,0.0,-10390926900.0,26632256932906.0,-27816877845448.0,,0.0,-1195011839442.0,65818865737.0,278410743353.0,0.0,344229609090.0,,,,,-10967833225.0,-595687357189.0,
SSI,2019,2,SSI,cash_flow,264063080290.0,10093968893.0,0.0,4836871956.0,-168984294142.0,203922344805.0,-225810291313.0,-948335287751.0,0.0,0.0,8176294584.0,4514113396.0,-159624002214.0,-47619229274.0,214048996080.0,-1479042257.0,-869462510456.0,-13891935470.0,101081817.0,0.0,0.0,-4800996448830.0,3395549999996.0,215217136999.0,-1204020165488.0,0.0,-433100.0,23736954016578.0,-21579393836916.0,,0.0,2157559746562.0,84077070618.0,194333672735.0,-10303696.0,278410743353.0,,,,,-4616590286.0,-160349380316.0,
SSI,2019,1,SSI,cash_flow,246165331686.0,10207875644.0,0.0,2614550352.0,-128745457845.0,164977094804.0,-156851826491.0,-34122227080.0,0.0,0.0,-4171866725.0,-12461443969.0,-212843669273.0,-41811441464.0,157553597073.0,-38748527616.0,78478449711.0,-11099262672.0,90909091.0,0.0,0.0,-2740000000000.0,1030000000000.0,99209149959.0,-1621799203622.0,0.0,-358600.0,22546293995808.0,-21421519349422.0,,0.0,1124774287786.0,-418546466125.0,612880138860.0,3460747416.0,194333672735.0,,,,,948936770.0,-53349682571.0,
SSI,2018,4,SSI,cash_flow,268428963802.0,10198062073.0,296899522152.0,-2918363513.0,-205331165866.0,154057051811.0,-242719831498.0,7428202479.0,0.0,0.0,3743457669.0,-14375457684.0,-129836466056.0,-90801777778.0,241987340916.0,-13625149278.0,335351501903.0,-17440094914.0,48127272.0,0.0,0.0,-1791342813000.0,1592333233000.0,95490565810.0,-120910981832.0,100000000000.0,-603550.0,21499470371612.0,-20925679111038.0,,-498089723000.0,175700934024.0,390141454095.0,222738684765.0,0.0,612880138860.0,,,,,3797565539.0,225340051489.0,
SSI,2018,3,SSI,cash_flow,468936792832.0,8963472809.0,574797.0,2698829588.0,-121243964035.0,137654581171.0,-160819385582.0,-3505770573786.0,0.0,0.0,-3734537495.0,4801891761.0,-116985433049.0,-82467319742.0,164482000582.0,-44367614532.0,-3295303950843.0,-5810123048.0,340000.0,0.0,0.0,-2210000000000.0,2771600000000.0,100841963136.0,656632180088.0,0.0,-53430842100.0,19693915191140.0,-17623967300937.0,,0.0,2016517048103.0,-622154722652.0,844893407417.0,1762164130.0,222738684765.0,,,,,-4219174788.0,557278868001.0,
SSI,2018,2,SSI,cash_flow,376287776092.0,5905454396.0,-103048127.0,88397279.0,-249180636005.0,128848724294.0,-233490958931.0,122086105404.0,0.0,0.0,-6848788949.0,-5147381967.0,-92781464199.0,-188720518005.0,241600343931.0,18183090197.0,268528589540.0,-24242522449.0,17721000000.0,0.0,0.0,-2140000000000.0,2054372080000.0,124592075420.0,32442632971.0,0.0,-50812500.0,22850561461530.0,-23045398765710.0,,-84480000.0,-194972596680.0,105998625831.0,738894781586.0,0.0,844893407417.0,,,,,30093234656.0,-436960854128.0,
SSI,2018,1,SSI,cash_flow,509559931229.0,5761478580.0,-60201171.0,-290319585.0,-187577141289.0,116308539324.0,-192190637586.0,-549097583460.0,0.0,0.0,8540912704.0,-803584462.0,-130056638645.0,-1406904347.0,181809221586.0,-27388995084.0,-246745692462.0,-9866925276.0,189313565670.0,0.0,0.0,-1168690687304.0,641000000000.0,112109672082.0,-236134374828.0,113767095785.0,-10865900.0,21732046652476.0,-20969956504676.0,,-57242000.0,875789135685.0,392909068395.0,345985713191.0,0.0,738894781586.0,,,,,-9335385723.0,1028054067416.0,
SSI,2017,4,SSI,cash_flow,425852038968.0,6240067638.0,-276668349.0,134350549.0,-131387380923.0,105101176493.0,-163608967367.0,-1599409296037.0,-23864605500.0,0.0,1984278778.0,-2302922140.0,-84183113687.0,-35481020959.0,166198125967.0,-2252490000.0,-1478948912089.0,-7846834917.0,95799081.0,0.0,0.0,-907000000000.0,780000000000.0,102982100588.0,-31768935248.0,100072064000.0,0.0,15600646476751.0,-13914427661254.0,,-488311331000.0,1297979548497.0,-212738298840.0,558724012030.0,208527714.0,345985713190.0,,,,,-20028031933.0,-291294088587.0,
SSI,2017,3,SSI,cash_flow,244210834218.0,5236312495.0,-196523724.0,-402244423.0,-160325142880.0,86459676956.0,-181628561064.0,-575652521379.0,3070784400.0,0.0,-423715644.0,1059881647.0,-86506875730.0,-45142312211.0,178045705464.0,-1097316000.0,-533680242961.0,-10438156310.0,445500000.0,0.0,0.0,-2219000320400.0,1558000000000.0,108578003845.0,-562414972865.0,0.0,0.0,13383295952517.0,-12549711672212.0,,0.0,833584280305.0,-262510935521.0,821234947551.0,143080064.0,558724012030.0,,,,,-2645749154.0,58579924567.0,
SSI,2017,2,SSI,cash_flow,370923235374.0,4959144098.0,112377798.0,441290256.0,-108362294941.0,75958112207.0,-141064121174.0,12150129573.0,12344031126.0,0.0,-445833184.0,-3442864434.0,-84134976902.0,-61996438200.0,141055482204.0,-2090074999.0,95815885388.0,-9283142633.0,0.0,0.0,0.0,-1512000000000.0,1260100000000.0,96666119188.0,-164517023445.0,0.0,0.0,12332363458194.0,-11754164625971.0,,-26398000.0,578172434223.0,509471296166.0,311763651386.0,45477136.0,821234947552.0,,,,,-627453800.0,409875341211.0,
SSI,2017,1,SSI,cash_flow,364035300471.0,4511688913.0,-259785416.0,0.0,-95154299991.0,76382263879.0,-112741864812.0,178174201498.0,35257684474.0,0.0,-4725125120.0,-7903035119.0,-67141945860.0,-51710393929.0,112830392482.0,-23007993665.0,340825349675.0,-7538242738.0,0.0,0.0,0.0,-1615000000000.0,430000000000.0,75136444562.0,-1117401798176.0,397000000.0,0.0,8184850045518.0,-7405104987944.0,,-366922000.0,779775135574.0,3198687073.0,308564964313.0,2262183726.0,311763651386.0,,,,,-3009348960.0,-328541829799.0,
SSI,2016,4,SSI,cash_flow,120905714204.0,4355409923.0,11125774555.0,0.0,-85222755550.0,69762955836.0,-124739141200.0,631037202426.0,-41285274200.0,0.0,7684643786.0,-18209603179.0,-58659870716.0,-78469718198.0,130154375200.0,-1787672043.0,530672954743.0,-32069538340.0,1727273.0,0.0,0.0,-437681836000.0,664000000000.0,71382441124.0,265632794057.0,99980000000.0,-2081344900.0,6346392674592.0,-6900452283912.0,,-478843442000.0,-935004396220.0,-138698647420.0,447263611734.0,-1316207601.0,308564964314.0,,,,,9005279644.0,148689626319.0,
SSI,2016,3,SSI,cash_flow,447198682795.0,4331264547.0,0.0,0.0,-85355553126.0,75833947426.0,-131578947245.0,386779654992.0,155692408800.0,0.0,813801415.0,-1608194155.0,-76362483284.0,-62924657868.0,146093268044.0,-303079068.0,575082280431.0,-26350785926.0,1818182.0,0.0,0.0,-1338000000000.0,582000000000.0,68396903455.0,-713952064289.0,0.0,0.0,8882813760591.0,-8916660520039.0,,-3600000.0,-33850359448.0,-172720143306.0,619983755040.0,-1292763479.0,447263611734.0,,,,,-2909327843.0,51038426637.0,
SSI,2016,2,SSI,cash_flow,344588257438.0,4396569378.0,-5153726983.0,0.0,-66288104282.0,66607004854.0,-178609451626.0,-292745822988.0,-165361634600.0,0.0,-1280307270.0,-8487557317.0,-73938627437.0,-27646819347.0,175595049024.0,-1401604055.0,-221321039712.0,-693782110.0,0.0,0.0,0.0,-1488505600000.0,725100000000.0,54393645568.0,-709705736542.0,0.0,-419700.0,8824148816740.0,-7830252328295.0,,-88245000.0,993807823745.0,62781047491.0,557202707549.0,-1368639747.0,619983755040.0,,,,,2085092531.0,-310175684884.0,
SSI,2016,1,SSI,cash_flow,231370344455.0,5123112542.0,6519333122.0,0.0,-66656990299.0,57109585173.0,-110452380048.0,-464887850685.0,0.0,0.0,-2797274130.0,701386413.0,-75635123312.0,-75396720946.0,123560066767.0,-36251047706.0,-388108454548.0,-4552125775.0,0.0,0.0,0.0,-680000000000.0,450000000000.0,45740937526.0,-188811188249.0,0.0,-240535800.0,8349679055407.0,-7961676464536.0,,0.0,387762055071.0,-189157587726.0,746360295275.0,5917487184.0,557202707549.0,,,,,-1502090495.0,-61175965812.0,
SSI,2015,4,SSI,cash_flow,308864083728.0,5092693170.0,-57163875618.0,0.0,-109816956975.0,47705184869.0,0.0,194681129174.0,0.0,109927384309.0,0.0,-1108679244.0,-32092811423.0,-58370723323.0,0.0,-826889300.0,-1073147345799.0,-1446798035.0,0.0,-620000000000.0,0.0,-479653946887.0,701458498678.0,26782846645.0,-372859399599.0,99936000000.0,-547500.0,6089211748293.0,-4712413791340.0,,-21600000.0,1476711809453.0,30705064055.0,1959706325684.0,-1287573.0,1990410102166.0,,,,,-1234463958314.0,-50892797678.0,
SSI,2015,3,SSI,cash_flow,185939145446.0,5227587981.0,-31033591736.0,0.0,-8416031712.0,30896110769.0,0.0,182613220748.0,0.0,-682655738649.0,0.0,-2878975338.0,-20967980876.0,-22034665539.0,0.0,-875093000.0,-1087981928298.0,-2429693200.0,0.0,-394440750000.0,160230780000.0,-459051688845.0,324056210460.0,13520565178.0,-358114576407.0,0.0,-50000.0,4516118844105.0,-3547964348746.0,,-74704000.0,968079741359.0,-478016763346.0,2433826470521.0,3866618509.0,1959676325684.0,,,,,-177332164830.0,-363850530814.0,
SSI,2015,2,SSI,cash_flow,415574104615.0,5373294627.0,-233211908504.0,0.0,-93220037889.0,26100041222.0,0.0,120615494071.0,0.0,0.0,0.0,3328562157.0,-12622812261.0,-46278917866.0,0.0,-16029480001.0,291161581595.0,-1278221800.0,11590549.0,-1312206000000.0,244236686302.0,-43703007187.0,364414145475.0,57738309703.0,-690786496958.0,-25000000.0,0.0,3612833490437.0,-3324576141742.0,,-42020000.0,288190328695.0,-111434586668.0,2543208901044.0,2052156245.0,2433826470621.0,,,,,-15733605397.0,304638066859.0,
SSI,2015,1,SSI,cash_flow,153759468768.0,5435801023.0,24646737995.0,0.0,-86046697926.0,20504774652.0,0.0,118300084512.0,0.0,351569065034.0,0.0,-3805677736.0,-11300352386.0,-23321651330.0,3225000.0,-23345739824.0,604460955566.0,-947246079.0,545455.0,-568821250000.0,0.0,-209790288992.0,222140471395.0,29130099041.0,-528287669180.0,52542860000.0,-169830000.0,5603341049185.0,-5141330349532.0,,0.0,514383729653.0,590557016039.0,1952651885005.0,0.0,2543208901044.0,,,,,-187615861190.0,383977863486.0,
SSI,2014,4,SSI,cash_flow,114885611385.0,5383745569.0,102556133291.0,0.0,-52785631465.0,11313412919.0,0.0,181353271699.0,0.0,639182814235.0,0.0,-1736773257.0,-10920431552.0,-71391191303.0,0.0,155330000.0,85709266431.0,-2228147423.0,0.0,-29816382157.0,34899457956.0,-582562484075.0,299430246427.0,8326459457.0,-271950849815.0,0.0,-54900.0,9013587016720.0,-8858132098063.0,,-353139351000.0,-197684487243.0,-383926070627.0,2336577955632.0,0.0,1952651885005.0,,,,,214512629892.0,-865446383283.0,
SSI,2014,3,SSI,cash_flow,234067393430.0,5365881246.0,49840360281.0,0.0,-179871769227.0,3057433996.0,0.0,112459299726.0,0.0,437501075784.0,0.0,2110201266.0,-2826452399.0,-65312006999.0,0.0,-245330000.0,-2477508916223.0,-4725186995.0,0.0,0.0,114500000000.0,-560904468355.0,785856926193.0,42883470092.0,377610740935.0,86498771600.0,0.0,7624825510636.0,-6802155443884.0,,-2555358.0,909166282994.0,-1190731892294.0,3527309847926.0,0.0,2336577955632.0,,,,,-699571894851.0,-2261623808750.0,
SSI,2014,2,SSI,cash_flow,348628648905.0,5217739230.0,45038332088.0,0.0,-214382422770.0,850086670.0,0.0,185352384123.0,0.0,-1185518290954.0,0.0,150725429.0,-908011346.0,-58846453503.0,7000000.0,-2063500000.0,156968288320.0,-1958068961.0,0.0,0.0,303194472326.0,-325529065498.0,776282586464.0,69735051750.0,821724976081.0,0.0,0.0,2571492822213.0,-2505159276203.0,,-30295000.0,66303251010.0,1044996515411.0,2482313332515.0,0.0,3527309847926.0,,,,,123721590888.0,1095072843683.0,
SSI,2014,1,SSI,cash_flow,230258746337.0,5025411499.0,-14266469410.0,0.0,-111760948385.0,1317329115.0,0.0,110574069156.0,0.0,-477058606077.0,0.0,-4110363983.0,-1339120595.0,-27409372535.0,20000000.0,-23960704300.0,447319436688.0,-766604075.0,1000000.0,0.0,0.0,-227746568073.0,282952228156.0,39260471220.0,93700527228.0,0.0,0.0,1526056353213.0,-1423348459076.0,,-34004000.0,102673890137.0,643693854053.0,1838619478462.0,0.0,2482313332515.0,,,,,-773467289983.0,1644070825005.0,
SSI,2013,4,SSI,cash_flow,89057283581.0,5086379071.0,-57037079981.0,0.0,-85166663027.0,41823464597.0,0.0,-6236615759.0,0.0,127183968174.0,0.0,5834946922.0,-890851446.0,-11281069499.0,0.0,-462500000.0,-1100120246986.0,-3119708793.0,0.0,-74561832573.0,100838575344.0,-240481099514.0,289381228583.0,40491856373.0,112549019420.0,0.0,0.0,1862185711496.0,-1578065972486.0,,-55009000.0,284064730010.0,-703506497556.0,2542125976018.0,0.0,1838619478462.0,,,,,-135153655628.0,-1079114469750.0,
SSI,2013,3,SSI,cash_flow,118529988503.0,5728589597.0,-18250940727.0,0.0,-40856418952.0,177773912.0,0.0,65328992333.0,0.0,544567531035.0,0.0,2921713290.0,-163495209.0,-12715781833.0,0.0,-104865821.0,-97463293092.0,-1158941050.0,909090909.0,0.0,0.0,-78094513792.0,53315260247.0,28376304691.0,3347201005.0,0.0,0.0,522508005086.0,-447666702775.0,,-349758056000.0,-274916753689.0,-369032845776.0,2911158821794.0,0.0,2542125976018.0,,,,,-266148527329.0,-431148859558.0,
SSI,2013,2,SSI,cash_flow,110560464824.0,6486992609.0,1828670840.0,0.0,-57445141189.0,141025176.0,0.0,61572012260.0,0.0,-475995766046.0,0.0,4578845099.0,-281864375.0,-37154620205.0,0.0,-4587978917.0,437614762535.0,-4655830100.0,918181818.0,-41530000000.0,45218106711.0,-83774866159.0,98236956001.0,70858183669.0,85270731940.0,0.0,-131760.0,329471719665.0,-490573614801.0,,-8360000.0,-161110386896.0,361775107579.0,2549383714215.0,0.0,2911158821794.0,,,,,230291735062.0,659192399657.0,
SSI,2013,1,SSI,cash_flow,187686447269.0,6846599618.0,-61115012846.0,0.0,-87680110927.0,2361086071.0,0.0,48099009185.0,0.0,375009078610.0,0.0,-761053606.0,-2715534314.0,-9820919352.0,0.0,-8842753163.0,758117630509.0,-2529694320.0,0.0,-20000000000.0,25000000000.0,-80106461876.0,82468567995.0,20114466866.0,24946878665.0,15854880000.0,0.0,740995512302.0,-937621638243.0,,0.0,-180771245941.0,602293263233.0,1947090450982.0,0.0,2549383714215.0,,,,,-134047073485.0,491196876634.0,
VNM,2025,4,VNM,cash_flow,3476999882086.0,541738993017.0,46127336228.0,-814155330.0,-165878469613.0,89980184766.0,0.0,3875782613126.0,-169341656757.0,-696279778126.0,-449877758728.0,-86052764995.0,-89985880099.0,-367025679910.0,0.0,-278276289649.0,1738942804862.0,-345651260618.0,35456626576.0,0.0,-287521376079.0,-62898220000.0,14960000000.0,371831328480.0,-273822901641.0,0.0,0.0,6403017072055.0,-5218255024631.0,,-6007520145910.0,-4822758098486.0,-3357638195265.0,5154466367051.0,-1948452915.0,1794879718871.0,,,,,,,0.0
VNM,2025,3,VNM,cash_flow,3125600614052.0,541039255027.0,-271183088.0,1966656093.0,-343083171016.0,75464626344.0,0.0,3637430619240.0,9776943388.0,608237237047.0,-686343175344.0,-50064019859.0,-85506405917.0,-230295937837.0,0.0,-46191597084.0,3157043663634.0,-578217462040.0,30714451025.0,0.0,908498573067.0,0.0,6035000000.0,653951773966.0,1020982336018.0,0.0,0.0,3247744547248.0,-4765228853680.0,,-4737055500.0,-1522221361932.0,2655804637720.0,2498443286245.0,218443086.0,5154466367051.0,,,,,,,0.0
VNM,2025,2,VNM,cash_flow,3096088533277.0,521675831592.0,15324626688.0,465990729.0,-327506107156.0,85204331624.0,0.0,3452748763307.0,-620096984280.0,-192130805876.0,1368992555827.0,-19202727112.0,-77134972563.0,-6939791412.0,0.0,-9370653810.0,3896865384081.0,-421123605734.0,25859519366.0,0.0,836612959523.0,0.0,0.0,245118946699.0,686467819854.0,7200000000.0,0.0,4945600235911.0,-5376263263540.0,,-4207249672340.0,-4630712699969.0,-47379496034.0,2538024316626.0,7798465653.0,2498443286245.0,,,,,,,0.0
VNM,2025,1,VNM,cash_flow,1951296195523.0,511791212722.0,2485756955.0,4698502109.0,-343185308883.0,75155207673.0,0.0,2263061347306.0,915922733863.0,-1409385906048.0,-429866370896.0,-61949344633.0,-58880104706.0,-931863109189.0,0.0,-411754049754.0,-124714804057.0,-417018396950.0,25697543325.0,0.0,774829727404.0,0.0,983316000.0,157981771666.0,542473961445.0,0.0,0.0,4902420919300.0,-3963677101750.0,,-1044977722500.0,-106233904950.0,311525252438.0,2225943732075.0,555332113.0,2538024316626.0,,,,,,,0.0
VNM,2024,4,VNM,cash_flow,2643368770905.0,502861179798.0,18671148659.0,-8934928035.0,-372031320266.0,66109861870.0,0.0,2934405659183.0,-534613780488.0,285415987686.0,-329849561692.0,54380811447.0,-79577377555.0,-903017091931.0,0.0,-131521295692.0,1295623350958.0,-381309452011.0,29902760669.0,2667539526912.0,0.0,0.0,9270000000.0,366050616797.0,2691453452367.0,0.0,0.0,6973203593000.0,-6160349023505.0,,-5196551452950.0,-4383696883455.0,-396620080130.0,2616234711174.0,6329101031.0,2225943732075.0,,,,,,,0.0
VNM,2024,3,VNM,cash_flow,2941801640478.0,563849144337.0,4509743614.0,3348586438.0,-385090432461.0,62624826693.0,0.0,3279156925716.0,502122753268.0,286105749551.0,305903634499.0,1935649987.0,-37626107253.0,6908783596.0,0.0,-180167324440.0,4164340064924.0,-392175886355.0,30627539290.0,-3434575257325.0,0.0,0.0,26434764000.0,550444893405.0,-3219243946985.0,0.0,0.0,2575708393458.0,-2093292902775.0,,0.0,482415490683.0,1427511608622.0,1198562887528.0,-9839784976.0,2616234711174.0,,,,,,,0.0
VNM,2024,2,VNM,cash_flow,3308642928230.0,523825243110.0,2975914691.0,-5431153785.0,-330596189079.0,64294446778.0,0.0,3640893340416.0,-386731248915.0,137207411891.0,357463397480.0,90310558794.0,-80643224421.0,-384854168143.0,0.0,-55221142079.0,3318424925023.0,-589564090578.0,30356023115.0,-2852987065500.0,-34235481165.0,0.0,0.0,262540916333.0,-3183889697795.0,46207000000.0,0.0,5106918716760.0,-3967402455216.0,,-1918097497500.0,-732374235956.0,-597839008728.0,1788254863348.0,8147032908.0,1198562887528.0,,,,,,,0.0
VNM,2024,1,VNM,cash_flow,2705840401722.0,504624077696.0,1299112526.0,-2331136075.0,-359178305121.0,86395425954.0,0.0,3012309463526.0,751974551131.0,-762680286964.0,-521637847835.0,-55379919602.0,-138840952227.0,-846730006438.0,0.0,-531465803150.0,907549198441.0,-378452282107.0,22762588100.0,0.0,34235481165.0,0.0,0.0,294041766712.0,-27412446130.0,676200000000.0,0.0,2764598729970.0,-4403425616970.0,,-1044977722500.0,-2007604609500.0,-1127467857189.0,2912027359925.0,3695360612.0,1788254863348.0,,,,,,,0.0
VNM,2023,4,VNM,cash_flow,2852064600379.0,517866570359.0,17348002686.0,3572601291.0,-365104295780.0,96231603161.0,0.0,3208238846296.0,-764132499014.0,-578146961187.0,-442381898850.0,12023053003.0,-58107360372.0,-835119449240.0,0.0,-57098048554.0,485275682082.0,-519884863780.0,28701388834.0,-575419143856.0,0.0,0.0,10570000000.0,495280136848.0,-560752481954.0,-192872992.0,0.0,3046045712825.0,-1746367168668.0,,-5190521652450.0,-3891035981285.0,-3966512781157.0,6875567986039.0,2972155043.0,2912027359925.0,,,,,,,0.0
VNM,2023,3,VNM,cash_flow,3075789821151.0,491605000895.0,381848059.0,2940062682.0,-414801393695.0,79600679532.0,0.0,3310908712134.0,300186241796.0,516836588561.0,392228055999.0,24881897683.0,-77085630938.0,-307037904564.0,0.0,-218978665662.0,3941939295009.0,-191415880964.0,27787128715.0,187826012209.0,0.0,-23894832735.0,0.0,463272969854.0,463575397079.0,151879882000.0,0.0,1011758029279.0,-279164172658.0,,-135910000.0,884337828621.0,5289852520709.0,1582506692207.0,3208773123.0,6875567986039.0,,,,,,,0.0
VNM,2023,2,VNM,cash_flow,2727998544003.0,515807377104.0,4716037403.0,11071666376.0,-360411240906.0,95970637757.0,0.0,3069899179578.0,662820622520.0,291256666371.0,-521773785211.0,23859555186.0,-98141291364.0,-7391288214.0,0.0,-89110014039.0,3331419644827.0,-511069025115.0,25484345483.0,-2468710659705.0,-595311888127.0,0.0,0.0,183478453851.0,-3366128773613.0,338100000000.0,-142548827636.0,3233083516768.0,-3789115747176.0,,-35001066500.0,-395482124544.0,-430191253330.0,2011202511723.0,1495433814.0,1582506692207.0,,,,,,,0.0
VNM,2023,1,VNM,cash_flow,2312046425953.0,529307916114.0,4416470035.0,-10136208614.0,-322449210933.0,82291916805.0,0.0,2670410792851.0,-443861503618.0,-1251259683318.0,128549496304.0,-52896323660.0,-69373556896.0,-414525307219.0,0.0,-438254973999.0,128788940445.0,-357267370903.0,22907922254.0,0.0,595311888127.0,-11875000000.0,0.0,225679908509.0,474757347987.0,0.0,0.0,4497529706931.0,-2462185467993.0,,-2925937623000.0,-890593384062.0,-287047095630.0,2299943527624.0,-1693920271.0,2011202511723.0,,,,,,,0.0
VNM,2022,4,VNM,cash_flow,2295242241835.0,518465696774.0,18795035435.0,-37709125252.0,-309790581815.0,53226546796.0,0.0,2621819923631.0,-323856956229.0,100113197805.0,587684749308.0,-24722822830.0,-72895032400.0,-1182224363703.0,0.0,-68713560259.0,1637205135323.0,-544290990514.0,31517617681.0,0.0,2114126507322.0,-12275000000.0,0.0,439122953860.0,2028201088349.0,338100000000.0,0.0,74460006848.0,-4575198249609.0,,-68054218220.0,-4230692460981.0,-565286237309.0,2867857717514.0,-2627952581.0,2299943527624.0,,,,,,,0.0
VNM,2022,3,VNM,cash_flow,2859883167325.0,519932114467.0,2508921921.0,8347587934.0,-304758106018.0,49942302240.0,0.0,3217130306317.0,145032717998.0,1170617557118.0,49012854865.0,-41625935038.0,-30200578249.0,-4319705578.0,0.0,-270371253685.0,4235275963748.0,-275135514383.0,32678492852.0,0.0,-542595808761.0,0.0,0.0,338287929867.0,-446764900425.0,0.0,0.0,2108262740353.0,-2424633276675.0,,-5120390840250.0,-5436761376572.0,-1648250313249.0,4507497088287.0,8610942476.0,2867857717514.0,,,,,,,0.0
VNM,2022,2,VNM,cash_flow,2576057643749.0,519680313013.0,-23118769821.0,18765937820.0,-316464029016.0,36701642341.0,0.0,2899765051796.0,111504280918.0,554691597850.0,-288064121816.0,27917606527.0,-13859036144.0,-313608928018.0,0.0,-168342875725.0,2810003575388.0,-376750770688.0,41247791036.0,0.0,1468401014877.0,0.0,0.0,188785840560.0,1321683875785.0,0.0,0.0,-161958314770.0,-1096336875705.0,,-52516937250.0,-1310812127725.0,2820875323448.0,1680858133124.0,5763631715.0,4507497088287.0,,,,,,,0.0
VNM,2022,1,VNM,cash_flow,2764351623836.0,537371734423.0,-2758112613.0,13818366371.0,-255201025309.0,26168600367.0,0.0,3164756998863.0,-220757350364.0,-974159283034.0,-734666056911.0,-34688910773.0,-24349437056.0,-475136766140.0,0.0,-556210692528.0,144788502057.0,-260736777031.0,31681656288.0,0.0,594783333169.0,-30900000000.0,0.0,234823238963.0,569651451389.0,0.0,0.0,4236765622155.0,-2692851399800.0,,-2925937623000.0,-1382023400645.0,-667583447199.0,2348551874348.0,-110294025.0,1680858133124.0,,,,,,,0.0
VNM,2021,4,VNM,cash_flow,2688037023963.0,534531930191.0,31150685652.0,-945595838.0,-259127588460.0,23606131783.0,0.0,3112079516133.0,196920958051.0,-504395056818.0,133391669295.0,17733217659.0,-38442032429.0,-1443094434863.0,0.0,-163732710514.0,1310461126514.0,-476734934789.0,34591138702.0,-1270955615962.0,0.0,-18905857575.0,0.0,388908926691.0,-1343096342933.0,22540000000.0,0.0,3644283404234.0,-3305731540656.0,,-44669622900.0,316422240678.0,283787024259.0,2051857098275.0,12907751814.0,2348551874348.0,,,,,,,0.0
VNM,2021,3,VNM,cash_flow,3586603289912.0,539359820888.0,2034675583.0,4153986284.0,-313784164169.0,-46532738825.0,0.0,3852210792259.0,240227639444.0,361721935211.0,236770041444.0,40181414369.0,-35611697178.0,-351391408402.0,0.0,-288672021480.0,4055436695667.0,-638146714343.0,37633032244.0,210878872106.0,0.0,0.0,0.0,316720627688.0,-72914182305.0,0.0,0.0,2331816027715.0,-2779299380232.0,,-3134933167500.0,-3582416520017.0,400105993345.0,1663036014269.0,-11284909339.0,2051857098275.0,,,,,,,0.0
VNM,2021,2,VNM,cash_flow,3493684950239.0,547756789868.0,-3508982145.0,-3585620065.0,-246530287511.0,28072255034.0,0.0,3893497863282.0,-912285302715.0,-480784663584.0,383647905131.0,89748086761.0,-8489668682.0,-12962786832.0,0.0,-75004249781.0,2877367183580.0,-241674993139.0,31248056978.0,-424540543341.0,0.0,-4321875000.0,1336500000.0,149433956359.0,-488518898143.0,196000000000.0,0.0,911102897822.0,-682111123596.0,,-2351459800500.0,-1926468026274.0,462380259163.0,1197956795582.0,2698959524.0,1663036014269.0,,,,,,,0.0
VNM,2021,1,VNM,cash_flow,3153910222805.0,499689193833.0,3789250096.0,-1281139009.0,-241554937720.0,12905990201.0,0.0,3494031135649.0,-41714113141.0,-1637223057031.0,730238705657.0,-147546962653.0,-15796286643.0,-549149282272.0,0.0,-644131581434.0,1188708558132.0,-174468716999.0,30432767605.0,-2029848548257.0,150000000.0,0.0,0.0,145015833823.0,-2028718663828.0,99320664553.0,0.0,2709758030232.0,-784318154711.0,,-2089695872250.0,-64935332176.0,-904945437872.0,2111242815581.0,-8340582127.0,1197956795582.0,,,,,,,0.0
VNM,2020,4,VNM,cash_flow,2671876716607.0,545413737797.0,43717904388.0,17776990028.0,-602754158648.0,25857854618.0,0.0,3065931746758.0,338096748719.0,219062180306.0,-342930345042.0,-13902968116.0,-24747091435.0,-1376173589619.0,0.0,-242254695396.0,1623081986175.0,-331440622408.0,41623645123.0,355606409411.0,22720498078.0,0.0,15660460001.0,679703952898.0,783874343103.0,0.0,0.0,3513640917035.0,-2628425044234.0,,-3515487388000.0,-2630271515199.0,-223315185921.0,2335881481579.0,-1323480077.0,2111242815581.0,,,,,,,0.0
VNM,2020,3,VNM,cash_flow,3777019789971.0,551231227788.0,-2000594719.0,-14810127185.0,-331009325392.0,38257217439.0,0.0,4151930444988.0,-156108957411.0,369339834301.0,154975681705.0,42452692812.0,-97654097013.0,-440226814798.0,0.0,-275703469573.0,3749005315011.0,-259511681417.0,45232304785.0,-1209731363792.0,-19798404571.0,0.0,56700000.0,239814007393.0,-1203938437602.0,0.0,0.0,2931509588341.0,-2703692788327.0,,-2612066540460.0,-2384249740446.0,160817136963.0,2176667357252.0,-1603012636.0,2335881481579.0,,,,,,,0.0
VNM,2020,2,VNM,cash_flow,3711380577468.0,556761193198.0,6782636573.0,-70182197587.0,-305112953506.0,37641854799.0,0.0,4015191853351.0,-798813712450.0,-41272718213.0,-251611274053.0,116164637797.0,-43161271053.0,-3883737667.0,0.0,-64173681018.0,2928440096694.0,-285938583140.0,34914151212.0,-2151737750322.0,13050562820.0,0.0,5914424085.0,102167616423.0,-2281629578922.0,0.0,-14364328733.0,363879305622.0,-190086416469.0,,-9682167601.0,149746392819.0,796556910591.0,1379711866875.0,398579786.0,2176667357252.0,,,,,,,0.0
VNM,2020,1,VNM,cash_flow,3358259002978.0,555460462969.0,1003914771.0,67852556191.0,-243434785501.0,42061538321.0,0.0,3857284664651.0,-98128897274.0,-817204595821.0,226768277649.0,-121073448246.0,-47206055606.0,-466046765343.0,0.0,-654774677678.0,1879641990348.0,-387926108738.0,28572651322.0,-1875408172827.0,15592992000.0,-8134000.0,0.0,118860284353.0,-2100316487890.0,0.0,0.0,960114694496.0,-231397975055.0,,-1790475448000.0,-1061758728559.0,-1282433226101.0,2665194638452.0,-3049545476.0,1379711866875.0,,,,,,,0.0
VNM,2019,4,VNM,cash_flow,2649338858483.0,502928809106.0,1003332731.0,7871927410.0,-223541479216.0,35838396433.0,0.0,2996776067070.0,1086934191849.0,179425917988.0,-134249653741.0,18374333821.0,-59045450382.0,-830474047043.0,0.0,-7738740515.0,3245522579047.0,-412682027575.0,41889685185.0,-2150520561967.0,603109511.0,-674953145601.0,-5094607490.0,388922232516.0,-2811835315421.0,-127856925000.0,127768725000.0,2793809369363.0,-1606120787370.0,,0.0,1187600381993.0,1621287645619.0,1043473767363.0,433225470.0,2665194638452.0,,,,,,,0.0
VNM,2019,3,VNM,cash_flow,3253756149711.0,494141498125.0,-748428436.0,-678177168.0,-171662309655.0,27795829812.0,0.0,3632874011664.0,-141321492048.0,466516959344.0,222731981563.0,118497985945.0,-81161524995.0,-499993419017.0,0.0,-272923098054.0,3445221404402.0,-515985946731.0,28996148615.0,-932595439820.0,638871538.0,-82911895211.0,0.0,89883118829.0,-1411975142780.0,-126787500.0,-21047760.0,2926898806392.0,-2105756532596.0,,-3482755388000.0,-2661760949464.0,-628514687842.0,1676491290318.0,-4502835113.0,1043473767363.0,,,,,,,0.0
VNM,2019,2,VNM,cash_flow,3549831766256.0,478654208826.0,2076193560.0,468890998.0,-175936221517.0,25355145802.0,0.0,3908018643554.0,164882527594.0,-348103866318.0,130558345289.0,-24826984854.0,-69330211449.0,-294323955874.0,0.0,-146351574871.0,3320522923071.0,-551822503663.0,21603005352.0,360592524771.0,646992000.0,-1324814577950.0,6607824875.0,127792733879.0,-1359394000736.0,128305350940.0,-128807701000.0,2229905423649.0,-1113102253725.0,,-2612087527500.0,-1495786707636.0,465342214699.0,1209154406312.0,1994669307.0,1676491290318.0,,,,,,,0.0
VNM,2019,1,VNM,cash_flow,3342782864107.0,472348259477.0,5001735507.0,-1204432181.0,-151304520654.0,19835521940.0,0.0,3718201085788.0,-736900175446.0,104156418177.0,-618843746648.0,-95636203348.0,-18379368663.0,-408800744034.0,0.0,-545135630656.0,1398661635170.0,-677758728707.0,21601148510.0,-492856250615.0,709224499.0,-75558716069.0,0.0,59192929151.0,-1164670393231.0,-321638440.0,127669500000.0,2476161669254.0,-1408133072360.0,,-1741407855000.0,-546031396546.0,-312040154607.0,1522610167671.0,-1415606752.0,1209154406312.0,,,,,,,0.0
VNM,2018,4,VNM,cash_flow,2680499625011.0,435817082372.0,5482797862.0,-3513282284.0,-12621228032.0,13558039918.0,-155905033876.0,3009588296958.0,631935457172.0,-1260296240064.0,1198124725250.0,44057075460.0,-73679724730.0,-812899793394.0,0.0,-97641858898.0,2639187937754.0,-754460003456.0,24503898262.0,-1302290439295.0,1196918636.0,0.0,16955703509.0,192851388570.0,-1821242533774.0,0.0,-634110920.0,2477404795723.0,-2401212316800.0,,0.0,75558368003.0,893503771983.0,630784664818.0,-1678269130.0,1522610167671.0,,,,,,,31287841927.0
VNM,2018,3,VNM,cash_flow,3033968043856.0,410134236563.0,-96807242830.0,-1357776969.0,-5892802666.0,11981786169.0,-154195368449.0,3234595049035.0,-242670243422.0,502408308195.0,-696799651704.0,20297499116.0,-13598961804.0,-352525024151.0,-149174000.0,-211592389694.0,2239965411571.0,-735685538410.0,36327914820.0,1149651771427.0,189361909797.0,0.0,297000000.0,149506005109.0,789459062743.0,0.0,-370485840.0,38193734965.0,-880855186260.0,,-2902384504000.0,-3745416441135.0,-715991966821.0,1343435279374.0,3341352265.0,630784664818.0,,,,,,,22784482067.0
VNM,2018,2,VNM,cash_flow,3160765705183.0,395470414797.0,-4769281387.0,1373082074.0,7564938916.0,17272008785.0,-183721795859.0,3433926543173.0,50598543542.0,-556307221605.0,264627245971.0,-6315983562.0,-15750004879.0,-394072132165.0,0.0,-149175286484.0,2627531703991.0,-1098217774830.0,10912852049.0,1051800663462.0,1692702019.0,-12250000000.0,0.0,175350527457.0,129288970157.0,0.0,-1685141000.0,371675657187.0,-166710243649.0,,-2176870123500.0,-1973589850962.0,783230823186.0,563392699177.0,-3188242989.0,1343435279374.0,,,,,,,25991779370.0
VNM,2018,1,VNM,cash_flow,3176462892073.0,385210648619.0,4227246199.0,2139828092.0,-14061854211.0,8555583980.0,-184754015176.0,3381743433532.0,-548399424564.0,-371241518450.0,-780464995133.0,10620079733.0,-7711647185.0,-320083426899.0,149174000.0,-731057695701.0,633553979333.0,-597432120943.0,22730847793.0,300000000000.0,764296338.0,0.0,1215000000.0,130071841502.0,-142650135310.0,0.0,-636147800.0,1940705852193.0,-654811071845.0,,-2176917780000.0,-891659147452.0,-400755303429.0,963335914164.0,812088442.0,563392699177.0,,,,,,,-10016587338.0
VNM,2017,4,VNM,cash_flow,2085821039955.0,361296133295.0,8183557255.0,-1005453891.0,-23150316785.0,5015216618.0,-192250150991.0,2251507721441.0,-119692805765.0,-275746944565.0,104750988551.0,-3128340447.0,-19625043160.0,-882543002721.0,0.0,-9243768130.0,1046278805204.0,-1014868596476.0,49973489631.0,229998314361.0,-1429238222.0,13170000000.0,29535359489.0,247146083058.0,-446474588159.0,0.0,-1452559480.0,801702959833.0,-1107022314733.0,,-4808323.0,-306776722703.0,293027494342.0,668414723359.0,1893696463.0,963335914164.0,,,,,,,-3252258594.0
VNM,2017,3,VNM,cash_flow,3223014334435.0,313041751008.0,3438771223.0,-235275295.0,-8393748492.0,7006245652.0,-196524797524.0,3355459619830.0,-381497100128.0,309819135860.0,-84783736100.0,11749845419.0,-7006245652.0,-428250958947.0,0.0,-258595612325.0,2516894947957.0,-530926922208.0,12754474532.0,850011799478.0,1158251597.0,-100000000000.0,0.0,201425742917.0,434423346316.0,0.0,-54360575098.0,570803480214.0,-487796582887.0,,-2903116484782.0,-2874470162553.0,76848131720.0,590906789944.0,659801695.0,668414723359.0,,,,,,,9521857674.0
VNM,2017,2,VNM,cash_flow,3444022345991.0,314288377307.0,2837979598.0,2911766974.0,-18980009176.0,4023632084.0,-195028555940.0,3557266251635.0,-562133549735.0,-291495672990.0,864673523943.0,-20244107430.0,-4023632084.0,-433641587858.0,0.0,-107265614975.0,3003135610506.0,-609408193544.0,44351183120.0,-1298258834235.0,167837165623.0,0.0,0.0,117246260959.0,-1578232418077.0,0.0,-87145916880.0,726000210240.0,-792260176986.0,,-2902686424000.0,-3056092307626.0,-1631189115197.0,2216760721249.0,5335183892.0,590906789944.0,,,,,,,-1399766352.0
VNM,2017,1,VNM,cash_flow,3476087663755.0,311243892290.0,-5248321388.0,2045337290.0,-16609907192.0,13393474209.0,-186324026005.0,3605935049763.0,-535822761013.0,575893123634.0,74089011677.0,1622947718.0,-34476094310.0,-189074031088.0,0.0,-462882084959.0,3035285161422.0,-517785777958.0,13632259257.0,0.0,134306171542.0,0.0,0.0,189141986132.0,-180705361027.0,0.0,-139441921480.0,678543472183.0,-1837107787294.0,,0.0,-1298006236591.0,1556573563804.0,655423095436.0,4764062009.0,2216760721249.0,,,,,,,6756455655.0
VNM,2016,4,VNM,cash_flow,2204169931367.0,305898825987.0,9870879395.0,-2421530243.0,-625995076746.0,19574144919.0,490446032083.0,2389705533271.0,683975707234.0,-729218911374.0,294247502773.0,-15910075449.0,-6359793658.0,-696468005657.0,0.0,-86405240153.0,1833566716987.0,-563825266202.0,14992224440.0,-1448254879189.0,-68402720000.0,0.0,1800000000.0,148429296008.0,-1915261344943.0,0.0,-1064835600.0,793714910086.0,-823150958440.0,,0.0,-30500883954.0,-112195511910.0,772572092518.0,-4953485172.0,655423095436.0,,,,,,,-11837673491.0
VNM,2016,3,VNM,cash_flow,3044873308173.0,299199643751.0,1997166470.0,-1122641475.0,11186138007.0,9907013298.0,-158222932118.0,3204873389625.0,-214469721916.0,415554950933.0,172466280018.0,-32188309264.0,-17902089394.0,-526612749831.0,0.0,-325166832602.0,2687584251069.0,-274831031269.0,19136893916.0,-2085033711.0,-318119017671.0,0.0,0.0,111424073132.0,-464474115603.0,354965040720.0,-459688141.0,2403872588708.0,-2434361645825.0,,-4838199696000.0,-4514183400538.0,-2291073265072.0,3059808166107.0,3837191483.0,772572092518.0,,,,,,,-2944306481.0
VNM,2016,2,VNM,cash_flow,3362070367159.0,296186157902.0,10914616653.0,-2654178472.0,138855035365.0,8704401479.0,-332223099965.0,3496635280093.0,-8767370365.0,-379289285036.0,271245446363.0,19322587690.0,-5530486223.0,-419991024402.0,0.0,-20535485116.0,2953089687014.0,-124416915644.0,8239997175.0,937769650000.0,385250985674.0,0.0,0.0,190774479178.0,1397618196383.0,0.0,-67797170608.0,194864990907.0,-239776180663.0,,-2400278796000.0,-2512987156364.0,1837720727033.0,1228329938789.0,-6242499715.0,3059808166107.0,,,,,,,14781979972.0
VNM,2016,1,VNM,cash_flow,2626512964197.0,289552380294.0,2069301682.0,4879483004.0,-159026751087.0,8313790353.0,0.0,2772301168443.0,-643813097813.0,-343931914727.0,-407564684707.0,112828925191.0,-4411251035.0,-128170725101.0,0.0,-442089418988.0,915540651263.0,-178539539234.0,7957839467.0,-937769650000.0,1270751997.0,-8100000000.0,0.0,151511215125.0,-963669382645.0,0.0,0.0,679432646891.0,-762757530671.0,,0.0,-83324883780.0,-131453615162.0,1358682600684.0,1100953267.0,1228329938789.0,,,,,,,0.0
VNM,2015,4,VNM,cash_flow,2285812672463.0,282693269930.0,9452796831.0,-1832703171.0,-118645695328.0,8538729589.0,0.0,2466019070314.0,220420988772.0,-187776432431.0,-131452125151.0,-84322648065.0,-4302072489.0,-532921429124.0,0.0,-154964043556.0,1590690156909.0,-199490388329.0,-7757208485.0,-1309442450000.0,-438849070340.0,0.0,8843058117.0,171300066306.0,-1775395992731.0,784391909.0,0.0,922113056493.0,-816410975120.0,,-1549950354.0,104936522928.0,-79769312894.0,1409857423245.0,28594490333.0,1358682600684.0,,,,,,,0.0
VNM,2015,3,VNM,cash_flow,2553778018374.0,276279699878.0,-2326598340.0,4070666998.0,-133072431101.0,7823572163.0,0.0,2706552927972.0,46092094373.0,104484498560.0,283014730199.0,3517086155.0,-6933611285.0,-505175219378.0,-22765700000.0,-153058969212.0,2578554111239.0,-286419670818.0,12665980902.0,212862360672.0,440826441325.0,-80161500899.0,3532122500.0,161224879154.0,464530612836.0,22320014037.0,0.0,1745095032790.0,-1237171192396.0,,-4000474416000.0,-3470230561569.0,-427145837494.0,1854221704170.0,-17218443431.0,1409857423245.0,,,,,,,0.0
VNM,2015,2,VNM,cash_flow,2622484714956.0,271404668281.0,-7110705898.0,1712378954.0,-168426171453.0,6783629838.0,0.0,2726848514678.0,-18923403981.0,63761443246.0,-7743119813.0,-19321562854.0,-6253423958.0,-345113069246.0,0.0,-93588930597.0,2300992832381.0,-369439681479.0,10561319038.0,631251751997.0,0.0,20982476.0,1527061268.0,33639943837.0,307561377137.0,84371992908.0,0.0,1306014281986.0,-1365990956702.0,,-2000237208000.0,-1975841889808.0,632712319710.0,1227505962892.0,-5996578432.0,1854221704170.0,,,,,,,0.0
VNM,2015,1,VNM,cash_flow,1905065650592.0,266697914650.0,9730802015.0,21503375.0,-120953311467.0,8131520374.0,0.0,2068694079539.0,-82027954407.0,-479008754986.0,340520121347.0,64253223010.0,-9841219741.0,-422400933527.0,22765700000.0,-314040254076.0,1188914007159.0,-212491480427.0,28530489589.0,-1034114112669.0,0.0,-20982476.0,0.0,94718653758.0,-1123377432225.0,0.0,0.0,0.0,-363166758519.0,,0.0,-363166758519.0,-297630183585.0,1527875428216.0,-2739281739.0,1227505962892.0,,,,,,,0.0
VNM,2014,4,VNM,cash_flow,2176921311427.0,263064953718.0,-3640165104.0,9183282297.0,-137459574325.0,9075994158.0,0.0,2317145802171.0,-284555594237.0,-140172757190.0,126060617090.0,-55343121010.0,-7675427249.0,-383310768661.0,45152745658.0,-73105950595.0,1544195545977.0,-288398582496.0,13733258951.0,-550420667523.0,0.0,-2011694925.0,17213461471.0,133048456472.0,-676835768050.0,168684341.0,0.0,-3666195544.0,-6438074389.0,,-488201.0,-9936073793.0,857423704134.0,670329547281.0,122176801.0,1527875428216.0,,,,,,,0.0
VNM,2014,3,VNM,cash_flow,1723121792874.0,261083845708.0,2936371849.0,-13342408990.0,-368448360666.0,7423763901.0,248292374936.0,1854832437454.0,-283428430610.0,700224588589.0,-547820013811.0,19356738147.0,-3941104832.0,-448978208152.0,0.0,-144373533102.0,1145872473683.0,-281081876600.0,13504052453.0,-3000096000000.0,1801892101394.0,86728260.0,-86515208.0,129387586257.0,-1336393923444.0,68951103287.0,0.0,1241880467897.0,-1419835457.0,,-1666867855129.0,-357456119402.0,-547977569163.0,1219936043702.0,-1628927258.0,670329547281.0,,,,,,,-6234942158.0
VNM,2014,2,VNM,cash_flow,1969970340278.0,256700612080.0,11181881075.0,-2385211951.0,104577152258.0,12410656942.0,-248292374936.0,2110397997904.0,209752272202.0,-491003751413.0,296947233045.0,-4082278741.0,-12454117049.0,-319907772294.0,966420000.0,-6432953215.0,1784183050439.0,-121134383337.0,23949522845.0,1500000000000.0,-1796596000000.0,-572351069.0,498622064.0,279474544120.0,-114380045377.0,1301716303.0,-75788000.0,240956160318.0,-220059210062.0,,-1666874642000.0,-1644751763441.0,25051241621.0,1193310867797.0,1573934284.0,1219936043702.0,,,,,,,6234942158.0
VNM,2014,1,VNM,cash_flow,1743355416339.0,251880590533.0,-6691497143.0,-1860468523.0,-126621935996.0,10671322757.0,0.0,1870733427967.0,227802236917.0,-614365683108.0,84031617046.0,45574782583.0,-10671322757.0,-369710651438.0,0.0,-379321936739.0,854072470471.0,-168331439284.0,2707450005.0,-1600000000000.0,0.0,-175474400.0,2122893144.0,18568820979.0,-1745107749556.0,0.0,-243814000.0,11804394842.0,-5966180000.0,,-666771088800.0,-661176687958.0,-1552211967043.0,2745645325950.0,-122491110.0,1193310867797.0,,,,,,,0.0
VNM,2013,4,VNM,cash_flow,1839575616385.0,234338576859.0,10212988650.0,1846201913.0,-126202558548.0,104027048.0,0.0,1959874852307.0,16245370232.0,13030704982.0,288107196577.0,-19647393735.0,-104027048.0,-381435472567.0,15000000.0,-30564397414.0,1845521833334.0,-413858030707.0,5168055655.0,-350000000000.0,50000000000.0,-124805693826.0,0.0,49247453259.0,-784248215619.0,0.0,-114858000.0,0.0,0.0,,0.0,-114858000.0,1061158759715.0,1684436360678.0,50205557.0,2745645325950.0,,,,,,,0.0
VNM,2013,3,VNM,cash_flow,2056207979291.0,217046141830.0,2077386476.0,14811246488.0,-17686524438.0,0.0,-104497829984.0,2169448963252.0,-100854666397.0,620615866424.0,-35627466875.0,11983677151.0,0.0,-440417416152.0,19271912000.0,-158618310985.0,2085802558418.0,-471825503988.0,3483548063.0,850000000000.0,2195381059.0,0.0,3127205437.0,68012306772.0,454992937343.0,0.0,-129847000.0,0.0,0.0,,-1666951482000.0,-1667081329000.0,873714166761.0,812485229333.0,-1763035416.0,1684436360678.0,,,,,,,1490563589.0
VNM,2013,2,VNM,cash_flow,2246550550556.0,181791307800.0,8209589727.0,7175018431.0,71212152937.0,0.0,-191907183590.0,2323370170038.0,-120146434803.0,-129679584301.0,-40213526678.0,-17971820185.0,0.0,-314240265642.0,1695349520.0,-135320934589.0,1567492953360.0,-251080359470.0,9047347728.0,-1073100000000.0,270000000000.0,0.0,31800000000.0,122196131313.0,-891136880429.0,0.0,-175398959.0,0.0,0.0,,-1500283567800.0,-1500458966759.0,-824102893828.0,1633381902213.0,3206220948.0,812485229333.0,,,,,,,338734177.0
VNM,2013,1,VNM,cash_flow,1867922710487.0,153256896661.0,7318993345.0,-10767841818.0,-74019283699.0,0.0,0.0,1943711474976.0,-60152113353.0,-314325531999.0,-240792526573.0,-15625082924.0,0.0,-263889132445.0,2652000.0,-367188520297.0,681741219385.0,-353936443223.0,3292438182.0,-50000000000.0,32336515321.0,0.0,0.0,70095213874.0,-298212275846.0,0.0,-105339000.0,0.0,0.0,,0.0,-105339000.0,383423604539.0,1252120160804.0,-2161863130.0,1633381902213.0,,,,,,,0.0
MWG,2025,4,MWG,cash_flow,2501184888420.0,433341853388.0,77120424854.0,185292496.0,-788649925749.0,384665886359.0,,2607848419768.0,56727310574.0,-3231320441649.0,678619490708.0,-137022020670.0,-380112310890.0,-205810713361.0,,0.0,-611070265520.0,-353729653647.0,16183490194.0,-17149996012338.0,16183041691837.0,-10099674113.0,-1620547815145.0,2512279641583.0,-422868331629.0,109037980000.0,-811106251046.0,29944191430061.0,-28718878584132.0,,0.0,523244574883.0,-510694022266.0,5510816169528.0,-196430075.0,4999925717187.0,,,,,,,
MWG,2025,3,MWG,cash_flow,2172351166079.0,459321401160.0,102781600012.0,17804103606.0,-763715309306.0,388038374707.0,,2376581336258.0,-83919351041.0,-512336774122.0,1930842466387.0,14950225012.0,-379197708077.0,-571103348185.0,,0.0,2775816846232.0,-119682197534.0,4753636569.0,-13513380882621.0,14012658540167.0,0.0,1620547815145.0,-987782133561.0,1017114778165.0,0.0,-1522850000.0,26389717989161.0,-29222061079411.0,,-1478456763000.0,-4312322703250.0,-519391078853.0,6030067748439.0,139499942.0,5510816169528.0,,,,,,,
MWG,2025,2,MWG,cash_flow,2028204755376.0,489299387395.0,13861998805.0,20285050148.0,-721876708932.0,375178482038.0,,2204952964830.0,-251635229938.0,-888492280751.0,994923531151.0,7330869497.0,-311664671169.0,-312745003158.0,,0.0,1442670180462.0,-255979320848.0,1755696465.0,-13442045712675.0,9722310788550.0,-104772187500.0,0.0,520808780312.0,-3557921955696.0,174490000000.0,-3241610000.0,22571231063140.0,-17255443886818.0,,0.0,5487035566322.0,3371783791088.0,2658218136149.0,65821202.0,6030067748439.0,,,,,,,
MWG,2025,1,MWG,cash_flow,1934661387220.0,508919466750.0,11990839619.0,10006964390.0,-637707361482.0,322792850500.0,,2150664146997.0,-20551258.0,-575792834900.0,1748346307159.0,-51385677184.0,-325485637820.0,-456800409565.0,,0.0,2489525343429.0,-163054946249.0,755077318.0,-12842790158451.0,8842431495252.0,0.0,0.0,464757235329.0,-3697901296801.0,0.0,0.0,19644968702325.0,-20675754394437.0,,0.0,-1030785692112.0,-2239161645484.0,4897331540730.0,48240903.0,2658218136149.0,,,,,,,
MWG,2024,4,MWG,cash_flow,1035471253998.0,806163942588.0,66918985373.0,-141025314729.0,-627238602343.0,323470486929.0,,1463760751816.0,38470643956.0,-454321055722.0,-325910980822.0,-6332644201.0,-307080568328.0,-280150639769.0,,0.0,128435506930.0,-62842918607.0,7320550676.0,-19208764699749.0,10647198693834.0,0.0,-1777389076956.0,2376478611267.0,-8017998839535.0,0.0,-4311790000.0,20459240811095.0,-17420567788704.0,,0.0,3034361232391.0,-4855202100214.0,9752339611719.0,194029225.0,4897331540730.0,,,,,,,
MWG,2024,3,MWG,cash_flow,1068045400607.0,709538513762.0,80430663127.0,20090137067.0,-283114817875.0,303696061820.0,,1898685958508.0,325328320498.0,-892284242431.0,193484688240.0,33370603157.0,-320504510983.0,-316590960701.0,,0.0,921489856288.0,-192924283078.0,13744481224.0,-7206863787201.0,9836218769118.0,0.0,1777389076956.0,-1354529919662.0,2873034337357.0,-6870914127.0,0.0,18966926966123.0,-18047655601891.0,,-730957694000.0,181442756105.0,3975966949750.0,5776462799036.0,-90137067.0,9752339611719.0,,,,,,,
MWG,2024,2,MWG,cash_flow,1516043093292.0,678485705848.0,10720119998.0,44786364809.0,-299454082517.0,243089634104.0,,2193670835534.0,-245714153459.0,-559392776703.0,1703772577621.0,35334158153.0,-238666474463.0,-263393323126.0,,0.0,2625610843557.0,-25473845353.0,23100009043.0,-12886534558449.0,10309832935985.0,0.0,0.0,834079917131.0,-1744995541643.0,5139612188.0,-3287890000.0,17221762086009.0,-17898483015502.0,,0.0,-674869207305.0,205746094609.0,5570878069236.0,-161364809.0,5776462799036.0,,,,,,,
MWG,2024,1,MWG,cash_flow,1206203265181.0,719230919285.0,62882883093.0,101838393807.0,-519356600752.0,266979946895.0,,1837778807509.0,33120379966.0,1269070160551.0,2010460439610.0,65416753793.0,-275269986960.0,-98780054502.0,,0.0,4841796499967.0,-22506780357.0,10496649248.0,-12857087949196.0,7496014988027.0,0.0,0.0,519757465681.0,-4853325626597.0,1773365640481.0,-1542110000.0,18108349216306.0,-19663632014286.0,,0.0,216540732501.0,205011605871.0,5365704857172.0,161606193.0,5570878069236.0,,,,,,,
MWG,2023,4,MWG,cash_flow,218925223312.0,701829297877.0,-21011530774.0,85793314830.0,-303257759051.0,329035164103.0,,1011313710297.0,262612129132.0,1191190239280.0,-669304754250.0,-42518101861.0,-476120279595.0,-110460524384.0,,0.0,1166712418619.0,84459988182.0,17874623315.0,-8000132052985.0,7486489366384.0,-105597412729.0,-850176017298.0,1113823997114.0,-253257508017.0,443220000.0,-2116340000.0,23386416925825.0,-21284493416508.0,,0.0,2100250389317.0,3013705299919.0,2351917872085.0,81685168.0,5365704857172.0,,,,,,,
MWG,2023,3,MWG,cash_flow,182016087121.0,1006840609129.0,-55178311258.0,-266996700.0,-475018894506.0,438383487662.0,,1096775981448.0,-90022700555.0,-923986300505.0,-844627371226.0,61107528212.0,-349433316401.0,-96410133566.0,,0.0,-1146596312593.0,-169717571299.0,4417187838.0,-6816046278337.0,6893118919183.0,0.0,850176017298.0,-663292796669.0,98655478014.0,0.0,-2880000.0,19130672654158.0,-18441337404711.0,,-731280023500.0,-41947654053.0,-1089888488632.0,3441539364017.0,266996700.0,2351917872085.0,,,,,,,
MWG,2023,2,MWG,cash_flow,129784475802.0,795750255130.0,-37738373012.0,-1841689564.0,-448139684846.0,384520976326.0,,822335959836.0,-624212470029.0,-888833114986.0,430844019003.0,35167611010.0,-339659697858.0,-94302291722.0,,0.0,-658659984746.0,-128149054360.0,6501879697.0,-7874531089794.0,3923745742332.0,0.0,0.0,374001057554.0,-3698431464571.0,0.0,-6752960000.0,16605054559487.0,-11580877676096.0,,0.0,5017423923391.0,660332474074.0,2781240200379.0,-33310436.0,3441539364017.0,,,,,,,
MWG,2023,1,MWG,cash_flow,158966581661.0,876110565119.0,-52001853088.0,-53356364.0,-311890462234.0,295778726706.0,,966910201800.0,1127422344569.0,4790660933684.0,-2055474905901.0,76243066094.0,-270518576762.0,-560759008694.0,,0.0,4074484054790.0,-309976693317.0,2370099800.0,-11460664759521.0,4501761434555.0,0.0,0.0,288135716115.0,-6978374202368.0,0.0,-911100000.0,11251588904100.0,-10626621359930.0,,0.0,624056444170.0,-2279833703408.0,5061020547422.0,53356365.0,2781240200379.0,,,,,,,
MWG,2022,4,MWG,cash_flow,933378274121.0,996662347576.0,-49620584491.0,727903727.0,-142998803578.0,361070284056.0,,2099219421411.0,628813223031.0,3035187850019.0,1015673176217.0,12788014601.0,-458462850797.0,-401192432121.0,,0.0,5932026402361.0,-1619369846398.0,187066778.0,-5710336019828.0,5459274776982.0,0.0,0.0,172344521478.0,-1697899500988.0,0.0,-1751430000.0,12114645490505.0,-18350737810831.0,,0.0,-6237843750326.0,-2003716848953.0,7065242844865.0,-505448490.0,5061020547422.0,,,,,,,
MWG,2022,3,MWG,cash_flow,1417840145809.0,866076773120.0,-92845447932.0,-300485553.0,-49640153073.0,434637150382.0,,2575767982753.0,-733148082079.0,-341263128961.0,294908791756.0,-34183400669.0,-312130317515.0,-423379365487.0,,0.0,1026572479798.0,-885442520448.0,1917253574.0,-2926240072148.0,6242654791180.0,0.0,0.0,229969106876.0,2662858559034.0,718670000.0,-1577710000.0,18829462135076.0,-18350921127634.0,,0.0,477681967442.0,4167113006274.0,2897829353037.0,300485554.0,7065242844865.0,,,,,,,
MWG,2022,2,MWG,cash_flow,1702143324153.0,861860467800.0,-146189157450.0,1014786880.0,14102508960.0,365962737941.0,,2798894668284.0,-649794460344.0,4482194324656.0,-1449498903922.0,-61914730658.0,-344797078919.0,-428217834535.0,,0.0,4346865984562.0,-1244895758042.0,811010594.0,-3546481722220.0,2955561256420.0,-181034840000.0,0.0,183806957608.0,-1832233095640.0,0.0,-1696500000.0,14263849962306.0,-16405339484869.0,,-731854815000.0,-2875040837563.0,-360407948641.0,3259252088558.0,-1014786880.0,2897829353037.0,,,,,,,
MWG,2022,1,MWG,cash_flow,2002993629475.0,857825230333.0,-33144177011.0,-1157830640.0,-210295952505.0,200473736724.0,,2816694636376.0,102890289514.0,-3384181624681.0,-2147725823212.0,-10187588939.0,-206990862173.0,-552551212191.0,,0.0,-3382052185306.0,-661851560501.0,1302110694.0,-8616076251135.0,11194475246487.0,0.0,0.0,551422035595.0,2469271581140.0,191909700000.0,0.0,20043690263194.0,-20206740863665.0,,0.0,28859099529.0,-883921504637.0,4142015762555.0,1157830640.0,3259252088558.0,,,,,,,
MWG,2021,4,MWG,cash_flow,2049913129681.0,797527199280.0,46876943689.0,781227162.0,-278251369537.0,187425447131.0,,2804272577406.0,-894059069792.0,-7662556523028.0,4436729980940.0,-99678153658.0,-130736394960.0,-716369614985.0,,0.0,-2262397198077.0,-1300736120722.0,223007860.0,-13953916755014.0,12386420318306.0,0.0,0.0,280060375002.0,-2587949174568.0,0.0,-722670000.0,19549452019415.0,-12967000535166.0,,-1883709063.0,6579845105186.0,1729498732541.0,3215215954814.0,-781227162.0,4943933460193.0,,,,,,,
MWG,2021,3,MWG,cash_flow,968131160753.0,748163282149.0,204477834995.0,-874832730.0,-242887862149.0,163932694294.0,,1840942277312.0,469670301191.0,640212077697.0,-1218069153970.0,105873060173.0,-191674504122.0,-4587601471.0,,0.0,1642366456810.0,-1321898067106.0,447177723.0,-541782080476.0,1817097525622.0,0.0,0.0,270835159788.0,224699715551.0,0.0,-390350000.0,12408461378259.0,-15440946869791.0,,-237635732000.0,-3270511573532.0,-1403445401171.0,4617786523255.0,874832730.0,3215215954814.0,,,,,,,
MWG,2021,2,MWG,cash_flow,1625970525968.0,719003729709.0,-20334657221.0,5598581.0,-231539753959.0,169881589077.0,,2262987032155.0,-342419130884.0,867238203561.0,267013561680.0,-28628925286.0,-161078455291.0,-365088720091.0,,0.0,2500023565844.0,-1451652365381.0,-1581240217.0,-4733651106847.0,3456573237675.0,0.0,0.0,46987903575.0,-2683323571195.0,93069700000.0,-838570000.0,18996257010816.0,-16491348228126.0,,0.0,2597139912690.0,2413839907339.0,2203952214497.0,-5598581.0,4617786523255.0,,,,,,,
MWG,2021,1,MWG,cash_flow,1827568934141.0,656019397272.0,-51469404286.0,-58647007.0,-206163553318.0,152706974017.0,,2378603700819.0,-199360289145.0,-3781705226133.0,303730516143.0,-12846458946.0,-100684597506.0,-447056186260.0,,0.0,-1859318541028.0,-889596825490.0,2018075304.0,-5884311709591.0,1194263057536.0,0.0,0.0,321964678028.0,-5255662724213.0,135183330000.0,-368410000.0,12982037839460.0,-11145835324654.0,,0.0,1971017434806.0,-5143963830435.0,7347857397925.0,58647007.0,2203952214497.0,,,,,,,
MWG,2020,4,MWG,cash_flow,1333731770224.0,608974865200.0,15882714698.0,-21687423.0,-193219098275.0,146611809252.0,,1911960373676.0,-262181655564.0,-1913722977757.0,1437589746324.0,-136449111081.0,-88011196183.0,-656280771704.0,,0.0,292904407711.0,-1243044895261.0,981767800.0,-36400000000.0,2517435726028.0,0.0,0.0,160157026128.0,1399129624695.0,0.0,-738630000.0,14964549033263.0,-11219965165206.0,,-678908841000.0,3064936397057.0,4756970429463.0,2590965281039.0,21687423.0,7347957397925.0,,,,,,,
MWG,2020,3,MWG,cash_flow,1278279929468.0,602426943255.0,-57679001191.0,-4301625.0,-181100346722.0,132177340658.0,,1774100563843.0,-68742180690.0,613463289236.0,174286998143.0,8272665162.0,-121844639437.0,-382089988469.0,,0.0,1997446707788.0,-1007899391738.0,687081459.0,-2938354547946.0,1032400000000.0,0.0,0.0,51021603473.0,-2862145254752.0,0.0,-1376690000.0,11668737316579.0,-10377929116788.0,,0.0,1289431509791.0,424732962827.0,2166228016587.0,4301625.0,2590965281039.0,,,,,,,
MWG,2020,2,MWG,cash_flow,1253662361959.0,513388842580.0,42029188133.0,47726029.0,-116041223559.0,136986550722.0,,1830073445864.0,200826873229.0,2837088314715.0,264055010549.0,5523966719.0,-169778771026.0,-294809200395.0,,0.0,4672979639655.0,-992445686207.0,131455076.0,-5323200000000.0,410800000000.0,0.0,0.0,29486054802.0,-5875228176329.0,0.0,0.0,12298384257785.0,-12203235446877.0,,0.0,95148810908.0,-1107099725766.0,3273375468382.0,-47726029.0,2166228016587.0,,,,,,,
MWG,2020,1,MWG,cash_flow,1544061345702.0,470792420000.0,58133757746.0,-58611559.0,-67266479980.0,178228120389.0,,2183890552298.0,872376548892.0,4732742545325.0,-3678546016269.0,30812301263.0,-150671988725.0,-161405479164.0,,0.0,3829198463620.0,-667968186796.0,217770969.0,-2377000000000.0,1714000000000.0,0.0,0.0,94733329586.0,-1236017086241.0,105200450000.0,-3925610000.0,12236490776257.0,-14772866953281.0,,0.0,-2435101337024.0,158080040355.0,3115236816468.0,58611559.0,3273375468382.0,,,,,,,
MWG,2019,4,MWG,cash_flow,1179569456751.0,435265892789.0,58959068742.0,66098274.0,-113482969476.0,156338194060.0,,1716715741140.0,-1218023406795.0,-8809131632423.0,4217813267101.0,-129105103983.0,-132977235159.0,-370386931892.0,,-5000000000.0,-4730095302011.0,-1308899456795.0,0.0,-1245469863015.0,2445869863015.0,0.0,0.0,115246349569.0,6746892774.0,85719580000.0,-460940000.0,14095159953663.0,-9976681399995.0,,-277017479.0,4203460176189.0,-519888233048.0,3697191147790.0,-66098274.0,3177236816468.0,,,,,,,
MWG,2019,3,MWG,cash_flow,1137102315885.0,368936086417.0,70472606720.0,-120126982.0,-127469023114.0,144687353950.0,,1593609212876.0,54752109549.0,-646028415022.0,-1117056086666.0,-9447018763.0,-148028878657.0,-259597180994.0,,0.0,-531796257677.0,-872299600207.0,340968191.0,-1533832981258.0,3391832981258.0,0.0,0.0,124860128857.0,1110901496841.0,4255000000.0,-1001610000.0,10180021123545.0,-10357967814501.0,,0.0,-174693300956.0,404411938208.0,3292659082600.0,120126982.0,3697191147790.0,,,,,,,
MWG,2019,2,MWG,cash_flow,1395617277771.0,327182930368.0,-9834712112.0,27741344.0,-66275899197.0,133756189910.0,,1780473528084.0,712108065115.0,211542849876.0,1353978885057.0,-89179849325.0,-161124458749.0,-270920079717.0,,0.0,3536878940341.0,-528525839984.0,-5811636167.0,-2289477548261.0,-13922451739.0,0.0,0.0,-3278007802.0,-2841015483953.0,0.0,-1497843867.0,10162086404548.0,-9745852095043.0,,-657073005000.0,-242336539362.0,453526917026.0,2839159906918.0,-27741344.0,3292659082600.0,,,,,,,
MWG,2019,1,MWG,cash_flow,1341158154289.0,311442029380.0,-29101181144.0,-873000.0,-33578435645.0,133354979214.0,,1723274673094.0,-217526844274.0,868820167438.0,-1637664859390.0,-73062390.0,-95866891481.0,-191459539999.0,,-10000000000.0,439503642998.0,-357196267154.0,6373188920.0,-3793000000000.0,13922451739.0,0.0,0.0,34827988384.0,-4095072638111.0,480240000.0,-1889666133.0,11468684819486.0,-8721460482328.0,,-637140206.0,2745177770819.0,-910391224294.0,3749550258212.0,873000.0,2839159906918.0,,,,,,,
MWG,2018,4,MWG,cash_flow,918938088015.0,337080211991.0,16158784472.0,-82991496.0,-35207384368.0,110783202536.0,,1347669911150.0,-281709747071.0,-4153600754618.0,3503821607071.0,-19000999815.0,-135951010664.0,-270812631579.0,,0.0,-9583625526.0,-449347935402.0,-2062506869.0,608928653693.0,0.0,0.0,0.0,38190149974.0,195708361396.0,128322510000.0,-729700000.0,7104434315185.0,-8737704295431.0,,-748501235.0,-1506425671481.0,-1320300935611.0,5069778230756.0,72963067.0,3749550258212.0,,,,,,,
MWG,2018,3,MWG,cash_flow,856152481258.0,322218177564.0,227862314.0,-2851609274.0,-30111340870.0,107492002949.0,,1253127573941.0,-24911405961.0,967735176814.0,-77902747024.0,13152204575.0,-79240528647.0,-218069240051.0,,0.0,1833891033647.0,-278499113332.0,3402406949.0,3151048412.0,0.0,0.0,0.0,7914978046.0,-264030679925.0,914520000.0,-993020000.0,7558781074033.0,-6963284231913.0,,0.0,595418342120.0,2165278695842.0,2904599435150.0,-99900236.0,5069778230756.0,,,,,,,
MWG,2018,2,MWG,cash_flow,968242972018.0,288375292601.0,48212881818.0,-296246332.0,-15137961548.0,105346054241.0,,1394742992798.0,378964388367.0,99728382479.0,614010121595.0,29394208115.0,-129405281781.0,-242069170136.0,,0.0,2145365641437.0,-224064921078.0,0.0,-695434653844.0,0.0,-23139697907.0,0.0,15123488975.0,-927515783854.0,0.0,830320000.0,8521469859517.0,-8694910642721.0,,-485113925593.0,-657724388797.0,560125468786.0,2344357965889.0,116000475.0,2904599435150.0,,,,,,,
MWG,2018,1,MWG,cash_flow,1042985027628.0,275195696006.0,61484098224.0,3123787796.0,-4400592798.0,112795317948.0,,1491183334804.0,1156728740090.0,-1586806999135.0,-2691311201860.0,90945030806.0,-82967555418.0,-98571977984.0,,0.0,-1720800628697.0,-531757773572.0,0.0,-2567500000.0,0.0,-805026772234.0,0.0,3058218066.0,-1336293827740.0,576545137200.0,-264400000.0,8709119907937.0,-7294949570204.0,,0.0,1990451074933.0,-1066643381504.0,3410983351393.0,17996000.0,2344357965889.0,,,,,,,
MWG,2017,4,MWG,cash_flow,734042615213.0,209253657481.0,64336720641.0,634168907.0,-26005123288.0,60704492385.0,,1042966531339.0,-1782292941548.0,-3307420737488.0,2882664189265.0,-75976747611.0,-47879648901.0,-256438681238.0,,0.0,-1544378036182.0,-840296388335.0,0.0,-210280000000.0,125580000000.0,0.0,0.0,21814123296.0,-903182265039.0,92226480000.0,0.0,9195491933734.0,-6360296805925.0,,-745266829.0,2926676340980.0,479116039759.0,2931921550990.0,-54239356.0,3410983351393.0,,,,,,,
MWG,2017,3,MWG,cash_flow,719250703350.0,179416362892.0,11291372340.0,460826746.0,-8576390041.0,45558103727.0,,947400979014.0,-89626813352.0,-60882608240.0,1257970592625.0,-25775398338.0,-43903234714.0,-145064422904.0,,0.0,1840119094091.0,-415593422313.0,180000000.0,0.0,0.0,0.0,0.0,6670930954.0,-408742491359.0,0.0,0.0,6061857917444.0,-6080343375162.0,,0.0,-18485457718.0,1412891145014.0,1519018369920.0,12036056.0,2931921550990.0,,,,,,,
MWG,2017,2,MWG,cash_flow,650410162131.0,158018739212.0,30479606314.0,0.0,-520104188.0,55706011073.0,,894094414542.0,-43918189922.0,457682104585.0,1691813008939.0,-16906153976.0,-60747903388.0,-151461696075.0,,0.0,2770555584705.0,-517245002681.0,0.0,0.0,0.0,0.0,0.0,526896608.0,-516718106073.0,240000000.0,0.0,4874497729811.0,-6204480150134.0,,-230973660301.0,-1560716080624.0,693121398008.0,825896971912.0,0.0,1519018369920.0,,,,,,,
MWG,2017,1,MWG,cash_flow,705608551952.0,143024949047.0,19861343303.0,-39194284.0,-235123790.0,65386590548.0,,933607116776.0,616677656093.0,114323349042.0,-1863771428987.0,21852552263.0,-61331796377.0,-137703399355.0,,0.0,-376345950545.0,-314124818190.0,0.0,0.0,0.0,0.0,0.0,362630070.0,-313762188120.0,0.0,0.0,9329927546215.0,-8810879937894.0,,0.0,519047608321.0,-171060530344.0,996983462012.0,-25959756.0,825896971912.0,,,,,,,
MWG,2016,4,MWG,cash_flow,456988272900.0,110692511578.0,39847036334.0,-75417199.0,-269816246.0,39160064874.0,,646342652241.0,-732889566580.0,-2902200800880.0,2087534970743.0,-41151907795.0,-34533354536.0,-137644285967.0,,0.0,-1114542292774.0,-457490204448.0,0.0,0.0,0.0,0.0,0.0,599287588.0,-456890916860.0,-161500000.0,105950000.0,7408312433374.0,-5413504604285.0,,-44764000.0,1994707515089.0,423274305455.0,573679281109.0,29875448.0,996983462012.0,,,,,,,
MWG,2016,3,MWG,cash_flow,498682422049.0,106416842786.0,15518707434.0,52608698.0,990989968.0,25006812972.0,,646668383907.0,-278187817982.0,-1431609562357.0,613049760558.0,-34801585886.0,-22545268489.0,-111220745310.0,,0.0,-618646835559.0,-406854905208.0,0.0,0.0,0.0,0.0,0.0,446889044.0,-406408016164.0,0.0,-105950000.0,4150594331417.0,-3147824484119.0,,0.0,1002663897298.0,-22390954425.0,596042942677.0,27292857.0,573679281109.0,,,,,,,
MWG,2016,2,MWG,cash_flow,525312730087.0,82427538988.0,9501158865.0,843114099.0,-378620558.0,25660229081.0,,643366150562.0,-108914006266.0,487319509209.0,2158655280.0,-58854751486.0,-26401132109.0,-109232114840.0,,0.0,829442310350.0,-234680919892.0,0.0,0.0,0.0,0.0,0.0,378620558.0,-234302299334.0,0.0,0.0,4049450838952.0,-4256865403309.0,,-220085518800.0,-427500083157.0,167639927859.0,428430307675.0,-27292857.0,596042942677.0,,,,,,,
MWG,2016,1,MWG,cash_flow,524927089887.0,70010742956.0,13564588625.0,-911688178.0,-374589508.0,29818588379.0,,637034732161.0,130628526416.0,-657458223172.0,421267484884.0,-30356022034.0,-28516036530.0,-172757057796.0,,0.0,299843403929.0,-161389516512.0,0.0,0.0,0.0,0.0,0.0,374589508.0,-161014927004.0,-153800000.0,0.0,4401150938344.0,-4455268276299.0,,0.0,-54271137955.0,84557338970.0,343872968705.0,0.0,428430307675.0,,,,,,,
MWG,2015,4,MWG,cash_flow,427786079554.0,61222096161.0,7256227233.0,-385868729.0,-280621226.0,11821907686.0,,507419820679.0,-298293309393.0,-2023834480683.0,757082353265.0,-31202992080.0,-10544406833.0,-10893163303.0,,0.0,-1110266178348.0,-184185363362.0,0.0,0.0,0.0,0.0,0.0,280621226.0,-183904742136.0,0.0,-146600000.0,3566769281923.0,-2397142265070.0,,0.0,1169480416853.0,-124690503631.0,468563472336.0,0.0,343872968705.0,,,,,,,
MWG,2015,3,MWG,cash_flow,371034334240.0,51579539955.0,29881855488.0,118338447.0,-243162046.0,6137689256.0,,458508595340.0,-155963749905.0,-508266697092.0,379275344295.0,-20383000542.0,-6543557222.0,-63680252586.0,,0.0,82946682288.0,-151948695136.0,0.0,0.0,0.0,-72239580000.0,0.0,243162046.0,-223945113090.0,0.0,-100100000.0,1497780316664.0,-1281755248858.0,,-1834225628.0,214090742178.0,73092311376.0,395471160960.0,0.0,468563472336.0,,,,,,,
MWG,2015,2,MWG,cash_flow,286836401388.0,45364594791.0,791672268.0,573950024.0,-258467291.0,8730737161.0,,342038888341.0,-11292945991.0,-75283128124.0,246791663836.0,-18683336322.0,-9149257072.0,-65280486637.0,,9270616553.0,418412014584.0,-143414320833.0,0.0,0.0,0.0,0.0,0.0,207460603.0,-143206860230.0,0.0,-647300000.0,1197964660295.0,-1311553929147.0,,0.0,-114236568852.0,160968585502.0,234502575458.0,0.0,395471160960.0,,,,,,,
MWG,2015,1,MWG,cash_flow,300126972512.0,38889780917.0,-5742299170.0,-445336229.0,-74164467.0,12203517911.0,,344958471474.0,-11135306481.0,-148807256794.0,-147792094908.0,6882764111.0,-11205300252.0,-56194555201.0,,-9270616553.0,-32563894604.0,-106969518141.0,0.0,0.0,0.0,0.0,0.0,182416411.0,-106787101730.0,0.0,-1259900000.0,1866747656139.0,-1704554804538.0,,0.0,160932951601.0,21581955267.0,212920620191.0,0.0,234502575458.0,,,,,,,
MWG,2014,4,MWG,cash_flow,240645785331.0,34812537561.0,11232788959.0,0.0,-162604583.0,5444208588.0,,291972715856.0,-6866478727.0,-579924552402.0,175145464495.0,-39102187297.0,-4943379360.0,-64995390661.0,,-9910851289.0,-238624659385.0,-174196960239.0,0.0,0.0,0.0,0.0,0.0,2821415998.0,-171375544241.0,-26519.0,0.0,1033660863972.0,-829295622706.0,,5.0,204365214752.0,-205634988874.0,418555609065.0,0.0,212920620191.0,,,,,,,
MWG,2014,3,MWG,cash_flow,227287844187.0,30524158806.0,4252431584.0,0.0,-2208468470.0,5084574236.0,,264940540343.0,-54492949117.0,-405057922467.0,244192173818.0,-17888537588.0,-4964098845.0,-36980810534.0,,-15444970000.0,-25696574390.0,-33481214363.0,400909091.0,50000000000.0,0.0,-50000000000.0,0.0,1807559379.0,-31272745893.0,0.0,0.0,1060145513720.0,-887732074463.0,,0.0,172413439257.0,115444118974.0,303111490091.0,0.0,418555609065.0,,,,,,,
MWG,2014,2,MWG,cash_flow,184868425569.0,28616983152.0,16650817658.0,0.0,-921122404.0,313202941.0,,229528306916.0,7833085862.0,81955496962.0,275315366136.0,-3364127891.0,-795140081.0,-50341315081.0,,-10777918749.0,529353754074.0,-54144756546.0,1047019883.0,0.0,0.0,-50000000000.0,0.0,465307193.0,-102632429470.0,2297060000.0,-300394500.0,522551933490.0,-821132348171.0,,0.0,-296583749181.0,130137575423.0,172973914668.0,0.0,303111490091.0,,,,,,,
MWG,2014,1,MWG,cash_flow,215395388007.0,22434770637.0,18183605592.0,0.0,-1629362293.0,10419429996.0,,264803831939.0,-16154877056.0,-45811611349.0,-279377082845.0,-9172887730.0,-10419429996.0,-69235729754.0,,0.0,-165367786791.0,-4573593451.0,0.0,0.0,0.0,0.0,0.0,1629362292.0,-2944231159.0,11866630000.0,0.0,1170511001583.0,-1143207955599.0,,-2617511835.0,36552164149.0,-131759853801.0,304733768468.0,0.0,172973914667.0,,,,,,,
FPT,2025,4,FPT,cash_flow,3498404603905.0,799357162185.0,439639826670.0,79771309056.0,-747618605185.0,207025852637.0,,4276580149268.0,-1378491062205.0,-116465576774.0,1887405476440.0,-1294248598.0,-229165608776.0,-266308557020.0,0.0,-10850944897.0,4161409627438.0,-1025175214715.0,793894439.0,-19497962555746.0,17046161206333.0,-415590467225.0,358779074.0,563048321820.0,-3328366036020.0,2794778.0,0.0,11517570319652.0,-9866402296591.0,-241007595.0,-1702079053200.0,-51149242956.0,781894348462.0,9853512731370.0,-95225438912.0,10540181640920.0,,,,,,,
FPT,2025,3,FPT,cash_flow,3374738598090.0,734178712672.0,47498611636.0,29175508927.0,-588504116817.0,233582914481.0,,3830670228989.0,-532628876071.0,23467202956.0,1915125309361.0,-155675161774.0,-244250547102.0,-452247490721.0,0.0,-40440604859.0,4344020060779.0,-830371040007.0,2509745476.0,-10246875400883.0,9706147048362.0,-69458442668.0,0.0,340788225860.0,-1097259863860.0,3000000.0,0.0,7824889714007.0,-11220806613192.0,-252389781.0,-6194605275.0,-3402360894241.0,-155600697322.0,10019630995136.0,-10517566444.0,9853512731370.0,,,,,,,
FPT,2025,2,FPT,cash_flow,3141032584460.0,721965579781.0,57938863082.0,-64717262394.0,-749583262000.0,216761295705.0,,3323397798634.0,-307854255428.0,33156557092.0,1937186010413.0,-232106924674.0,-177254861198.0,-241660887432.0,0.0,-144386436677.0,4190477000730.0,-687830960368.0,810291524.0,-17090346868606.0,14236985730372.0,-131294469705.0,17433745902.0,817639763306.0,-2836602767575.0,1196229390000.0,0.0,11552806194767.0,-7901515047258.0,-262813768.0,-2865470362188.0,1981787361553.0,3335661594708.0,6755645214252.0,-71675813824.0,10019630995136.0,,,,,,,
FPT,2025,1,FPT,cash_flow,3024693510849.0,644023121646.0,85128981266.0,-71839057689.0,-490145755006.0,152389538333.0,,3344250339399.0,-595412339418.0,-248648680346.0,-3168677797967.0,-205624354170.0,-161803237457.0,-1286964186262.0,0.0,-184023466180.0,-2506903722401.0,-2607427905351.0,3212123070.0,-10159337998571.0,8175498984215.0,-94356673179.0,5739731680.0,279282736376.0,-4397389001760.0,0.0,0.0,12175546656648.0,-7902260870560.0,-230583912.0,-9557000.0,4273045645176.0,-2631247078985.0,9315440438884.0,71451854353.0,6755645214252.0,,,,,,,
FPT,2024,4,FPT,cash_flow,2958495178069.0,643307118661.0,869017513957.0,-70305066169.0,-510810581685.0,134854268998.0,,4024558431831.0,422213671904.0,203736468281.0,1178663906552.0,-179916896052.0,-124205428778.0,-114629531066.0,0.0,-13864424110.0,5396556198562.0,-838077306200.0,697620442.0,-12927219472332.0,10606724400366.0,-267882879016.0,48102486048.0,274299454911.0,-3103355695781.0,106211170000.0,0.0,5780557256676.0,-5398194818783.0,-222686386.0,-1469515337775.0,-981164416268.0,1312036086513.0,7935632407357.0,67771945014.0,9315440438884.0,,,,,,,
FPT,2024,3,FPT,cash_flow,2908620633374.0,644267304242.0,184625096550.0,181991482518.0,-456702528472.0,128825950601.0,,3591627938813.0,-1241612260855.0,-173093145210.0,1662964903692.0,-166500663328.0,-198428414709.0,-228190332417.0,0.0,-10823229000.0,3235944796986.0,-876954143250.0,1616251625.0,-8247959851394.0,8725918508280.0,-94349648464.0,0.0,364420147044.0,-127308736159.0,57131819874.0,0.0,7449918727586.0,-9459849670403.0,-1400699807.0,-18119086577.0,-1972318909327.0,1136317151500.0,6836262549195.0,-36947293338.0,7935632407357.0,,,,,,,
FPT,2024,2,FPT,cash_flow,2668968551824.0,630349712236.0,14203632656.0,-42817780646.0,-419955973144.0,150125422101.0,,3000873565027.0,-926810872792.0,-24269860464.0,2031571606019.0,19707673468.0,-124408944051.0,-233770928124.0,0.0,-14014690585.0,3728877548498.0,-912958599267.0,1618261988.0,-11804030293743.0,10099852425500.0,-10808869438.0,0.0,607154928052.0,-2019172146908.0,0.0,0.0,7228633945893.0,-7172714473158.0,-336397420.0,-1269151045384.0,-1213567970069.0,496137431521.0,6341457504996.0,-1332387322.0,6836262549195.0,,,,,,,
FPT,2024,1,FPT,cash_flow,2533582054552.0,617374340526.0,81105147752.0,-22556832506.0,-337553397592.0,137833720086.0,,3009785032818.0,-167453550762.0,-271641024449.0,-1997629152574.0,-67254616445.0,-160111959538.0,-633330715962.0,0.0,-369965368266.0,-657601355178.0,-647322276985.0,10295249160.0,-8977359495900.0,6851263040484.0,-733152087882.0,0.0,284299976870.0,-3211975594253.0,0.0,0.0,10487172776046.0,-7982467720579.0,-345563252.0,-535074322385.0,1969285169830.0,-1900291779601.0,8279156683221.0,-37407398624.0,6341457504996.0,,,,,,,
FPT,2023,4,FPT,cash_flow,2435092799591.0,676678338463.0,470735400917.0,-68387251886.0,-436657963650.0,206644073232.0,,3284105396667.0,-60812532941.0,171483828380.0,1089883462715.0,86456302249.0,-320269511758.0,-266834360511.0,0.0,-8949467333.0,3975063117468.0,-936419359950.0,9526779053.0,-7266476702593.0,10829081604630.0,-1053326490167.0,0.0,649966271040.0,2232352102013.0,0.0,0.0,7596496990331.0,-12719909236528.0,-357879371.0,-1857559615.0,-5125627685183.0,1081787534298.0,7153625069795.0,43744079128.0,8279156683221.0,,,,,,,
FPT,2023,3,FPT,cash_flow,2429150459859.0,557527595017.0,15169771232.0,126189249999.0,-544698633183.0,265654864395.0,,2848993307319.0,-926271125556.0,282384093843.0,1971966230913.0,-46580704009.0,-161649214270.0,-255133912886.0,0.0,-9735692245.0,3703972983109.0,-1123052126580.0,7657615939.0,-5579325976926.0,6413233166862.0,-260888050990.0,94939906000.0,344023912939.0,-103411552756.0,0.0,0.0,8360601367622.0,-8696647987147.0,-294707124.0,-2371938249525.0,-2708279576174.0,892281854179.0,6236475101406.0,24868114210.0,7153625069795.0,,,,,,,
FPT,2023,2,FPT,cash_flow,2218132633347.0,542326870002.0,27037979804.0,-100962353080.0,-388369753500.0,212364005360.0,,2510529381933.0,118119344163.0,57442490330.0,946527284360.0,10659492350.0,-160991654715.0,-162489287440.0,0.0,-52026419984.0,3267770630997.0,-1295411927462.0,769674106.0,-13958940271643.0,7357672039717.0,-131577791087.0,0.0,910563613381.0,-7116924662988.0,73050500000.0,0.0,11615919717863.0,-4450236364211.0,-27228980554.0,-377874873800.0,6833629999298.0,2984475967307.0,3289424451229.0,-37425317130.0,6236475101406.0,,,,,,,
FPT,2023,1,FPT,cash_flow,2120643647098.0,510016474629.0,127203042533.0,9089996756.0,-640246263497.0,147985668274.0,,2274692565793.0,-149759558922.0,-115149297662.0,-2621858951796.0,-117502927576.0,-189127995202.0,-286845937469.0,0.0,-221143116021.0,-1426695218855.0,-623674682456.0,11586480653.0,-6731446119194.0,5858264271833.0,-306515795863.0,0.0,232671727970.0,-1559114117057.0,0.0,0.0,6698228161444.0,-6685088864823.0,-2288208062.0,-178957765195.0,-168106676636.0,-3153916012548.0,6440177174322.0,3163289455.0,3289424451229.0,,,,,,,
FPT,2022,4,FPT,cash_flow,1989028630914.0,500029827304.0,616541583535.0,58787739060.0,-526082534268.0,156583283497.0,,2794888530042.0,-1106673777230.0,175395225847.0,1195278491834.0,-205593299191.0,-199132300872.0,-580903064164.0,0.0,-74628727662.0,1998631078604.0,-1242589310752.0,437966142.0,-7549708156781.0,15004802557968.0,-121688535896.0,28200047000.0,584541046103.0,6703995613784.0,7181600000.0,0.0,2888553449095.0,-8884259572642.0,-2464679951.0,-397495900.0,-5991386699398.0,2711239992990.0,3737291803926.0,-8354622648.0,6440177174268.0,,,,,,,
FPT,2022,3,FPT,cash_flow,2028024819924.0,455112193671.0,181566912077.0,52094188065.0,-497004314547.0,166542329315.0,,2386336128505.0,-750073714243.0,10707622080.0,1743590766874.0,-169726753340.0,-148610771875.0,-243651636637.0,0.0,-9686929000.0,2818884712364.0,-747831923421.0,484495775.0,-7206028064096.0,8458326041070.0,-273881675684.0,28200047000.0,271477931470.0,530746852114.0,0.0,0.0,6165244903885.0,-9702286221087.0,-3090184755.0,-1274523335350.0,-4814654837307.0,-1465023272829.0,5219950154604.0,-17635077849.0,3737291803926.0,,,,,,,
FPT,2022,2,FPT,cash_flow,1857844626387.0,447956576173.0,-28165541725.0,-75830118684.0,-446027776455.0,176780202333.0,,1932557968029.0,169999528624.0,-358199189918.0,793812469121.0,-86105846762.0,-164709307828.0,-205902901477.0,0.0,-46154386014.0,2035298333775.0,-710980983387.0,3020594474.0,-4839732516607.0,4992708365166.0,-149236241944.0,0.0,709154444759.0,4933662461.0,62123329275.0,0.0,9013536398007.0,-9756141831889.0,-2476540117.0,-944460727426.0,-1627419372150.0,412812624086.0,4825840656865.0,-18703126347.0,5219950154604.0,,,,,,,
FPT,2022,1,FPT,cash_flow,1779047846680.0,430035197980.0,89399909694.0,-27398961364.0,-540253007882.0,145819741163.0,,1876650726271.0,-408473574946.0,-325706369017.0,-2214552976580.0,-172525514290.0,-129336588963.0,-191388167584.0,0.0,-273166933002.0,-1838499398111.0,-485430154004.0,1718973637.0,-13388405350671.0,12213279082524.0,-249624051.0,0.0,216215570169.0,-1442871502396.0,7723760000.0,0.0,10052894233746.0,-7397367323294.0,-344740601.0,-2753237319.0,2660152692532.0,-621218207975.0,5417845293242.0,29213571598.0,4825840656865.0,,,,,,,
FPT,2021,4,FPT,cash_flow,1760402225467.0,458158012704.0,39796663769.0,-19060227915.0,-585657291168.0,138051289995.0,,1791690672852.0,-419795810552.0,452334064188.0,1782555834477.0,-168065936985.0,-122942983590.0,-423297798061.0,0.0,41789101404.0,2934267143733.0,-890243073814.0,680069381.0,-13164712447507.0,8715246105016.0,-135019453347.0,0.0,284288374708.0,-5189760425563.0,0.0,0.0,10301887489625.0,-7885184788039.0,-625519839.0,-185329827275.0,2230747354472.0,-24745927358.0,5446784083688.0,-4192882283.0,5417845274047.0,,,,,,,
FPT,2021,3,FPT,cash_flow,1638572771884.0,412677697690.0,92616498281.0,11948579368.0,-400706720285.0,120148949616.0,,1875257776554.0,72551729611.0,-99660954755.0,120823333955.0,-37801580690.0,-129236691013.0,-213582047269.0,0.0,35364915.0,1588386931308.0,-600290303392.0,751381248.0,-8303095176592.0,7846066786719.0,-31155979863.0,420000000.0,264496492572.0,-822806799308.0,29140000000.0,0.0,8712779094344.0,-8114218024190.0,-239954966.0,-908452811825.0,-280991696637.0,484588435363.0,4978881337221.0,-16685688896.0,5446784083688.0,,,,,,,
FPT,2021,2,FPT,cash_flow,1539464518474.0,386729793605.0,146040451868.0,21240184423.0,-378420396991.0,124530447801.0,,1839584999180.0,-627168722951.0,-215346281347.0,1454852031824.0,-101276360915.0,-119187250128.0,-114248828074.0,0.0,-15312816407.0,2101896771182.0,-810212916667.0,796437839.0,-12923503210310.0,11028696617740.0,63815003753.0,0.0,476788572547.0,-2163619495098.0,58471404675.0,0.0,7015372275735.0,-6306379454143.0,-220037146.0,-862498108050.0,-95253918929.0,-156976642845.0,5162685900519.0,-26827920453.0,4978881337221.0,,,,,,,
FPT,2021,1,FPT,cash_flow,1396751211337.0,386343688745.0,73754310236.0,-78041968544.0,-334170310563.0,99817213604.0,,1544454144815.0,280130646330.0,-355558654325.0,-1575604939361.0,-68399255544.0,-80188741107.0,-293906079737.0,0.0,-233431616446.0,-782504495375.0,-612643752771.0,639001817.0,-1435807810770.0,0.0,-348518102879.0,0.0,157238394322.0,-2239092270281.0,0.0,0.0,8433667718307.0,-4625382966624.0,-220856361.0,-297903198825.0,3510160696497.0,488563930841.0,4686191374038.0,-12069404360.0,5162685900519.0,,,,,,,
FPT,2020,4,FPT,cash_flow,1447320040402.0,388297670978.0,270031770202.0,13112713378.0,-302344472792.0,98553625985.0,,1914971348153.0,-198921991818.0,-29598634873.0,1056746353957.0,53730572653.0,-88167135237.0,-260765048787.0,0.0,-46055332206.0,2401940131842.0,-1216644520225.0,893494114.0,-2633451553347.0,0.0,-3910706681.0,0.0,214418398948.0,-3638694887191.0,25470000000.0,0.0,6525423492757.0,-4794108032481.0,-226226135.0,-148723280050.0,1607835954091.0,371081198742.0,4306782189437.0,7001480182.0,4684864868361.0,,,,,,,
FPT,2020,3,FPT,cash_flow,1385878971886.0,372221761446.0,78887286573.0,-5368707091.0,-273808227095.0,85791923680.0,,1643603009399.0,-256855120310.0,-158599231746.0,1023701343566.0,-1276270354.0,-104079628833.0,-184465325340.0,0.0,-19050596958.0,1942978179424.0,-467250709640.0,1775554231.0,-1168782626028.0,0.0,-66657180894.0,0.0,170758148158.0,-1530156814173.0,392908611.0,0.0,5365448198112.0,-4730733277935.0,-760653564.0,-919753396775.0,-285406221551.0,127415143700.0,4180454757893.0,-1087712156.0,4306782189437.0,,,,,,,
FPT,2020,2,FPT,cash_flow,1285493108002.0,368909141743.0,-33795401989.0,-20788997694.0,-244896562395.0,101366297422.0,,1456287585089.0,474661288141.0,-25097837720.0,592379071641.0,120196004700.0,-120531439566.0,-82806934399.0,0.0,5291975846.0,2420379713732.0,-682595481990.0,459977961.0,-8756753003263.0,7106294339034.0,5747600288.0,31000000000.0,383449242518.0,-1912397325452.0,-147227851.0,0.0,3711583892590.0,-3225886490533.0,-250567405.0,-695538858200.0,-210239251399.0,297743136881.0,3891505567428.0,-8793946416.0,4180454757893.0,,,,,,,
FPT,2020,1,FPT,cash_flow,1142289868828.0,361754904561.0,-2153504264.0,9658270348.0,-218568594119.0,99625907809.0,,1392606853163.0,247451095313.0,158171103417.0,-1550561101907.0,-120035857830.0,-89135581096.0,-249750324350.0,0.0,-232686738986.0,-443940552276.0,-651906628045.0,194044504.0,-501401478135.0,0.0,-18602427347.0,0.0,125836283691.0,-1045880205332.0,33917900000.0,0.0,4845978111764.0,-2819149748652.0,-516346316.0,-135063847900.0,1925166068896.0,435345311288.0,3453388617569.0,2771638571.0,3891505567428.0,,,,,,,
FPT,2019,4,FPT,cash_flow,1041350935269.0,346046222543.0,229971499273.0,8364259017.0,94598001716.0,117279119511.0,,1837610037329.0,565592069399.0,23943622866.0,844989095915.0,-645855809593.0,-75681256776.0,-280536114827.0,157410174984.0,-176412334148.0,2251059485149.0,-199475459360.0,-1781676437.0,263212956596.0,0.0,-259439108474.0,-18783573200.0,437649314598.0,221382453723.0,0.0,0.0,3178838334426.0,-4660763724055.0,0.0,-758293351565.0,-2240218741194.0,232223197678.0,3230352153676.0,-4919599614.0,3457655751740.0,,,,,,,
FPT,2019,3,FPT,cash_flow,1368471027871.0,346549618162.0,23368926409.0,-28012203193.0,-233519009363.0,100505919296.0,,1577364279182.0,-260238579300.0,157007833655.0,174833136315.0,-450968153914.0,-68789428163.0,-130104628357.0,0.0,-3108700789.0,995995758629.0,-837939582329.0,324951078.0,-446763471324.0,0.0,-36576587147.0,8000000000.0,166251099297.0,-1146703590425.0,0.0,0.0,4653650032724.0,-3552395784559.0,0.0,-801201624050.0,300052624115.0,149344792319.0,3081007361357.0,0.0,3230352153676.0,,,,,,,
FPT,2019,2,FPT,cash_flow,1178628750300.0,332986023249.0,30862841778.0,42200094576.0,-194469805398.0,72389484923.0,,1462597389428.0,-590890520416.0,-54191082926.0,751320077051.0,-79126398618.0,-85537842893.0,-111762273842.0,0.0,-47894505959.0,1244514841825.0,-770970377560.0,-26669521.0,-139679918476.0,0.0,-63500000000.0,0.0,145550403445.0,-828626562112.0,31782000000.0,-167383200.0,2933397150028.0,-2314093732124.0,0.0,-664003790775.0,-13085756071.0,402802523642.0,2678204837715.0,0.0,3081007361357.0,,,,,,,
FPT,2019,1,FPT,cash_flow,960366721615.0,318407902750.0,-2842245162.0,6886666420.0,-172799781155.0,72702857836.0,,1182722122304.0,454936663387.0,-75416608610.0,-1319006658568.0,-63321889857.0,-97290754705.0,-200255836004.0,0.0,-212406223815.0,-330039185868.0,-904560732250.0,281565737.0,-158272299275.0,0.0,-41852000000.0,101389573200.0,133816642623.0,-869197249965.0,0.0,-102241800.0,3005078473648.0,-3038751008368.0,0.0,-14511156225.0,-48285932745.0,-1247522368578.0,3925727206293.0,0.0,2678204837715.0,,,,,,,
FPT,2018,4,FPT,cash_flow,1114533003366.0,293889676252.0,45064328632.0,15882975907.0,-207710076287.0,74811405467.0,,1336471313337.0,-609437968983.0,212080457476.0,770616410068.0,-81217395913.0,-111721558534.0,-164118149356.0,0.0,-76287444863.0,1276385663232.0,-816785919496.0,30974137.0,-500859589485.0,0.0,480000000.0,14329124836.0,138330597114.0,-1164474812894.0,0.0,0.0,1659587216711.0,-1708333529810.0,0.0,-118993374075.0,-167739687174.0,-55828836836.0,3982145134665.0,0.0,3926316297829.0,,,,,,,
FPT,2018,3,FPT,cash_flow,1050676926003.0,310650048095.0,19008011926.0,903961400.0,-172477711339.0,62035657522.0,,1270796893607.0,-132202396055.0,-304249171946.0,356373275503.0,-61974044140.0,-58402678854.0,-75623913999.0,0.0,-23402629020.0,971315335096.0,-375579980322.0,308615268.0,-686733112549.0,485877271686.0,-630488949233.0,0.0,140991767575.0,-1065624387575.0,0.0,0.0,2710640478264.0,-2068588589554.0,0.0,-625687714975.0,16364173735.0,-77944878744.0,4060090013409.0,0.0,3982145134665.0,,,,,,,
FPT,2018,2,FPT,cash_flow,906314220349.0,286031373028.0,28004591987.0,-34393594223.0,-208220407371.0,55088753336.0,,1032824937106.0,182885124689.0,-19213297489.0,483241975302.0,-94124245541.0,-49019408948.0,-27353070197.0,0.0,-55546845121.0,1453695169801.0,-658374370301.0,417340235.0,420153483511.0,-485877271686.0,-79534620000.0,165900000000.0,98071267749.0,-539244170492.0,26545560000.0,0.0,2920832479563.0,-2078480355984.0,0.0,-799403076450.0,69494607129.0,983945606438.0,3076144406971.0,0.0,4060090013409.0,,,,,,,
FPT,2018,1,FPT,cash_flow,780778210852.0,274120905699.0,28467536958.0,36234011948.0,-172895957104.0,46408615422.0,,993113323775.0,430508628152.0,-117726206731.0,-997380363984.0,-130373073840.0,-44399653219.0,-162818299787.0,0.0,-88490091653.0,-117565737287.0,-602935284388.0,16349167.0,-420153483511.0,0.0,0.0,0.0,96312241294.0,-926760177438.0,0.0,0.0,2963896342683.0,-2160548216900.0,0.0,-163537318875.0,639810806908.0,-404515107817.0,3480659514788.0,0.0,3076144406971.0,,,,,,,
FPT,2017,4,FPT,cash_flow,1940194881279.0,296046482587.0,48802285910.0,-6397702835.0,-1022815599789.0,70422375454.0,,1326252722606.0,-1673745395345.0,-723601695214.0,2002489069911.0,-47682271015.0,-54274342970.0,-270426500265.0,0.0,7799349929.0,566810937637.0,-265599470404.0,-1642129706.0,-942508215806.0,25654459565.0,0.0,-1743479749068.0,115873769868.0,-2811701335551.0,0.0,260000000.0,4630850181600.0,-3895002779658.0,0.0,-234773378429.0,501334023513.0,-1743556374401.0,5224202887296.0,0.0,3480646512895.0,,,,,,,
FPT,2017,3,FPT,cash_flow,881652746973.0,252656443882.0,38949722145.0,-16586575319.0,-107765043075.0,85119266199.0,,1134026560805.0,-548696033121.0,-229812150600.0,844556478282.0,-85969268233.0,-97194493968.0,-87227602074.0,0.0,-16326506378.0,913356984713.0,-339891714976.0,521161501.0,0.0,-123346676303.0,0.0,918600000000.0,90184021953.0,546066792175.0,500000000.0,0.0,5464212713263.0,-5736500947703.0,0.0,-541394158053.0,-813182392493.0,646241384395.0,4577961502901.0,0.0,5224202887296.0,,,,,,,
FPT,2017,2,FPT,cash_flow,783482958680.0,249836681594.0,64737057859.0,8309386893.0,-105242796123.0,100132120954.0,,1101255409857.0,-828700201756.0,708199930415.0,724045105757.0,-10442999073.0,-118075386374.0,-111733063514.0,0.0,-54308652446.0,1410240142866.0,-311015472400.0,1701797292.0,0.0,833980554746.0,0.0,638567493.0,111217059170.0,636522506301.0,23143700000.0,-10000000.0,4752626488803.0,-5810439707279.0,0.0,-470033032800.0,-1504712551276.0,542050097891.0,4035911405008.0,0.0,4577961502899.0,,,,,,,
FPT,2017,1,FPT,cash_flow,643244794751.0,240877160280.0,32079200825.0,-4276764673.0,-93661195649.0,112871916941.0,,931135112475.0,717745206261.0,-311261568352.0,-1909817307407.0,91883152.0,-116865618894.0,-174796036102.0,0.0,-189268473329.0,-1053036802196.0,-187864270732.0,3292174348.0,0.0,-736288338008.0,0.0,946800000.0,90781467399.0,-829132166993.0,15500000000.0,-120000000.0,6454882031000.0,-6481311328384.0,0.0,-84231718193.0,-95281015577.0,-1977449984766.0,6013361389774.0,0.0,4035911405008.0,,,,,,,
FPT,2016,4,FPT,cash_flow,1002297239272.0,257003615767.0,-7268326249.0,13878802387.0,-110102530661.0,102512653452.0,,1258321453968.0,-1022920816584.0,-32078650819.0,977947042120.0,-122316040630.0,-83482568384.0,-82982863869.0,0.0,-104188615159.0,788298940643.0,-183646765064.0,2104370697.0,-1069782619792.0,0.0,-220729133820.0,22097109222.0,108326229017.0,-1341630809740.0,-3104300000.0,1403700000.0,7398226504778.0,-5988014247487.0,0.0,705458.0,1408512362749.0,855180493652.0,4675450843741.0,0.0,5530631337393.0,,,,,,,
FPT,2016,3,FPT,cash_flow,754086133430.0,257897328907.0,66705599865.0,-1371330206.0,-61986583655.0,104295791626.0,,1119626939967.0,-620270226326.0,268587089657.0,1061838175979.0,51621767315.0,-99649907895.0,-194354337220.0,0.0,-41916626365.0,1545482875112.0,-341576694657.0,1710672411.0,-171680617820.0,0.0,-21999999999.0,132118654473.0,62526840932.0,-338901144660.0,0.0,-773700000.0,4955225945359.0,-4741970822849.0,0.0,-619155527160.0,-406674104650.0,799907625802.0,3875543217939.0,0.0,4675450843741.0,,,,,,,
FPT,2016,2,FPT,cash_flow,694769657598.0,210377173002.0,27300782208.0,18525550529.0,-92964365810.0,107257164991.0,,965265962518.0,140530074765.0,393475510280.0,215857778928.0,-25159480354.0,-85601650701.0,-83091155189.0,0.0,-41954977510.0,1479322062737.0,-390092240309.0,823181568.0,-533190801608.0,0.0,-71340954183.0,99079378763.0,74124983962.0,-820596451807.0,43311990000.0,-1506300000.0,4670469039397.0,-4527183793677.0,0.0,-398223613900.0,-213132678180.0,445592932750.0,3429950285189.0,0.0,3875543217939.0,,,,,,,
FPT,2016,1,FPT,cash_flow,562745635942.0,207132870420.0,23860287018.0,-15013463522.0,-66141603958.0,63801798833.0,,776385524733.0,675592031306.0,163385882148.0,-813667905528.0,23622944769.0,-91030831676.0,-176653257710.0,0.0,-141820384198.0,415814003844.0,-427980474996.0,2938636.0,380453628759.0,0.0,0.0,66225020000.0,63791786286.0,82492898685.0,20556300000.0,0.0,5632001815211.0,-6264962252387.0,0.0,-40661631933.0,-653065769109.0,-154758866580.0,3584709151769.0,0.0,3429950285189.0,,,,,,,
FPT,2015,4,FPT,cash_flow,882089197438.0,272529828724.0,12247669003.0,11944901297.0,-273900140649.0,105133994523.0,,1010045450336.0,-359202318447.0,-551701106576.0,742910530650.0,-671350416633.0,-87189297533.0,-72704978452.0,0.0,21762220541.0,32570083886.0,-182876151895.0,106003771487.0,-687275070271.0,0.0,0.0,0.0,137209697266.0,-626937753413.0,1530000000.0,0.0,6380923695948.0,-5218165362798.0,0.0,-904365050.0,1163383968100.0,569016298573.0,3015692853195.0,0.0,3584709151768.0,,,,,,,
FPT,2015,3,FPT,cash_flow,618499963188.0,114010804395.0,9439948971.0,-7709679278.0,6600948988.0,54828938991.0,,795670925255.0,59355649833.0,95209095401.0,-201796177021.0,-64169291208.0,-58378121853.0,-127295624187.0,0.0,-35729309131.0,462867147089.0,-621286807576.0,-987252474.0,-668768320000.0,0.0,0.0,0.0,-52075557129.0,-1343117937179.0,2699500000.0,-4249500000.0,6372680639064.0,-5070324863490.0,0.0,-396002761750.0,904803013824.0,24552223734.0,2991140629461.0,0.0,3015692853195.0,,,,,,,
FPT,2015,2,FPT,cash_flow,705024545630.0,182982029906.0,36406079993.0,-16284897670.0,-43419919096.0,65642153436.0,,930349992199.0,-515755712453.0,13116110101.0,654881292041.0,-76673091850.0,-58223782923.0,-68047687519.0,0.0,-37205056990.0,842442062606.0,-441587445495.0,2504807483.0,-344524947285.0,0.0,0.0,0.0,70111563819.0,-713496021478.0,20522670000.0,-100000000.0,5467635288074.0,-6043908786535.0,0.0,-577008412178.0,-1132859240639.0,-1003913199511.0,3995053828972.0,0.0,2991140629461.0,,,,,,,
FPT,2015,1,FPT,cash_flow,645332005031.0,162352394928.0,783301087.0,18319955679.0,-66476746992.0,40841485197.0,,801152394930.0,38880793943.0,-252856624904.0,-803433595342.0,296212546960.0,-53558840006.0,-153423816216.0,0.0,-13954289772.0,-140981430407.0,-880511515042.0,464798822.0,550234177285.0,0.0,0.0,0.0,71323677005.0,-258488861930.0,6201800000.0,0.0,5739103377901.0,-5686977081786.0,0.0,-86422575.0,58241673540.0,-341228618797.0,4336282447769.0,0.0,3995053828972.0,,,,,,,
FPT,2014,4,FPT,cash_flow,630803373782.0,164238741744.0,45967916325.0,21417376051.0,-204024891987.0,91952795323.0,,750355311238.0,-387837171502.0,-794456926062.0,658095690650.0,146682245316.0,-65027480375.0,-58903483618.0,0.0,-38093272721.0,210814912926.0,-911049695866.0,18906048708.0,-1013144793066.0,-118522395790.0,0.0,0.0,392923699906.0,-1630887136108.0,1640000000.0,0.0,10752836221461.0,-9137415768569.0,0.0,-747257025.0,1616313195867.0,196240972685.0,4106773475086.0,0.0,4303014447771.0,,,,,,,
FPT,2014,3,FPT,cash_flow,599424263440.0,137792133402.0,15342626230.0,-22548299293.0,-29663208447.0,49194248354.0,,749541763686.0,-228249315818.0,-272261174419.0,455396298036.0,-117864124869.0,-54488004048.0,-99663915763.0,31355915266.0,-26802618523.0,436964823548.0,22183737780.0,-9333743844.0,738442371576.0,-167284134878.0,0.0,0.0,-286932470841.0,297075759793.0,8741820000.0,0.0,4967257368193.0,-3653150492800.0,0.0,-342578097600.0,980270597793.0,1714311181134.0,2392462293952.0,0.0,4106773475086.0,,,,,,,
FPT,2014,2,FPT,cash_flow,645004484376.0,120113047721.0,18427604347.0,-17589290282.0,-80092505668.0,47212296680.0,,733075637174.0,-343216031512.0,-93865296855.0,747255188897.0,-119107191588.0,-22812053814.0,-86784048690.0,-31355915266.0,19884497883.0,803074786229.0,-341728909614.0,13558931610.0,0.0,-295823624260.0,0.0,0.0,58932070948.0,-565061531316.0,0.0,0.0,3890648829553.0,-4446827528822.0,0.0,-412421260800.0,-968599960069.0,-730586705156.0,3123048999108.0,0.0,2392462293952.0,,,,,,,
FPT,2014,1,FPT,cash_flow,581570638467.0,125129723218.0,5696461658.0,1848049687.0,-91916924789.0,35506573224.0,,657834521465.0,281123471776.0,-151107971432.0,-834275974220.0,-17040620229.0,-60214999272.0,-156248625507.0,0.0,-19884497883.0,-299814695302.0,-209962055425.0,26591382.0,0.0,581630154928.0,0.0,0.0,24761194582.0,396455885467.0,6007090000.0,0.0,4206686343073.0,-3937244879795.0,0.0,-11888350.0,275436664928.0,372077855093.0,2750971144015.0,0.0,3123048999108.0,,,,,,,
FPT,2013,4,FPT,cash_flow,676391725018.0,124987009530.0,26872718020.0,-3353596393.0,-182914885631.0,33207510570.0,,675190481114.0,-428461111465.0,-551145055543.0,1140070561798.0,-20124757516.0,-35724582290.0,-86916755594.0,0.0,32027089025.0,724915869529.0,-450494339426.0,-1319561201.0,-471919135990.0,0.0,0.0,0.0,24694096042.0,-899038940575.0,0.0,0.0,3779656410063.0,-3213938082963.0,0.0,-196417690829.0,369300636271.0,195177565225.0,2292011717347.0,0.0,2487189282572.0,,,,,,,
FPT,2013,3,FPT,cash_flow,562529454864.0,113860144779.0,5009847092.0,-539307554.0,-83199655657.0,33765560183.0,,631426043707.0,-153746381475.0,179447013310.0,46737060160.0,-21682389239.0,-16199416872.0,-132745340507.0,0.0,8054276995.0,541290866079.0,-220895792996.0,1613841574.0,152754453885.0,-45920974281.0,0.0,0.0,45337980738.0,-67110491080.0,-150000000.0,0.0,3600721358401.0,-3468412404695.0,0.0,-470339465825.0,-338180512119.0,135999862880.0,2156011854467.0,0.0,2292011717347.0,,,,,,,
FPT,2013,2,FPT,cash_flow,702324732688.0,98098457698.0,40134654614.0,-131904094.0,-95762269436.0,29936292950.0,,774599964420.0,-540963229017.0,-20075463790.0,123602940934.0,7885504948.0,-35714194995.0,-86253225725.0,0.0,27985123528.0,251067420303.0,-112727197387.0,-1983389560.0,-545024006229.0,0.0,0.0,0.0,40349907194.0,-619384685982.0,17577510000.0,92960000.0,3438588440871.0,-2776577382536.0,0.0,-83556770894.0,596124757441.0,227807491762.0,1928204362705.0,0.0,2156011854467.0,,,,,,,
FPT,2013,1,FPT,cash_flow,574384079642.0,107156330415.0,-87925448.0,-11229251451.0,-56002884246.0,35581809119.0,,649802158031.0,441924007870.0,-305723782499.0,-518341345105.0,-30406645082.0,-21360679290.0,-134876535662.0,0.0,-42983214952.0,38033963311.0,-270263686503.0,2320280807.0,-150038784295.0,0.0,0.0,0.0,9009216200.0,-408972973791.0,0.0,-122380000.0,2765492900617.0,-2785142169522.0,0.0,0.0,-19771648905.0,-390710659385.0,2318915022090.0,0.0,1928204362705.0,,,,,,,
FPT,2007,2,FPT,cash_flow,299510007843.0,39468065547.0,0.0,-437664765.0,-1252457408.0,11091556679.0,,348379507896.0,-181137187851.0,-100733291253.0,43751164363.0,-9899021298.0,-11091556679.0,-24486347039.0,0.0,-22051330762.0,42731937377.0,-73847803994.0,1252457408.0,0.0,0.0,-50000000000.0,0.0,0.0,-122595346586.0,4884000000.0,-18000000.0,1361800535893.0,-1116658462964.0,0.0,0.0,250008072929.0,170144663720.0,511180166408.0,-41928201.0,681282901927.0,,,,,,,
FPT,2007,1,FPT,cash_flow,206721851604.0,36931876042.0,0.0,50415764.0,-1084669460.0,9609988640.0,,252229462590.0,225909260634.0,-253760281562.0,-90846866916.0,6551438913.0,-9609988640.0,-37778583300.0,0.0,-23675071025.0,69019370694.0,-69180808840.0,1084669460.0,0.0,0.0,-9500000000.0,0.0,0.0,-77596139380.0,2500000000.0,-22500000.0,1475134222492.0,-1589091804963.0,0.0,-38219326167.0,-149699408638.0,-158276177324.0,669451697346.0,4646386.0,511180166408.0,,,,,,,
GAS,2025,4,GAS,cash_flow,1742972889113.0,701135561827.0,1339371543983.0,-15888788744.0,-457190006671.0,54245962520.0,,3364647162028.0,-1590758525806.0,-2077928188593.0,845953126075.0,205880242515.0,-100876608869.0,-66554877312.0,-8010861999.0,256856073649.0,829207541688.0,-820343112200.0,0.0,-12857312127882.0,12139363434888.0,0.0,0.0,392604897371.0,-1145686907823.0,0.0,0.0,233920892674.0,-571059973698.0,0.0,-4110224595170.0,-4447363676194.0,-4763843042329.0,11641062000554.0,-750676140.0,6876468282085.0,,,,,,,
GAS,2025,3,GAS,cash_flow,3205974288123.0,765505523929.0,15705105236.0,-5958148819.0,-365321685512.0,49580237152.0,,3665485320109.0,-2865458384227.0,843328518943.0,3043532649576.0,-70029694213.0,-8339047702.0,-806833433849.0,-8868742763.0,-129500669740.0,3663316516134.0,-489687694546.0,-2664520.0,-16164300000000.0,14406400000000.0,-30167798761.0,16000000000.0,535491012093.0,-1726267145734.0,10167798761.0,0.0,494201892975.0,-178961053482.0,0.0,-999214099609.0,-673805461355.0,1263243909045.0,10377145910363.0,672181146.0,11641062000554.0,,,,,,,
GAS,2025,2,GAS,cash_flow,5981602520823.0,696239333549.0,-1629478535211.0,-13585871429.0,-347585362600.0,57658298922.0,,4744834849807.0,-2684294930290.0,-288287933333.0,3619908521556.0,251446769577.0,-106437910626.0,-664935795811.0,-149855457.0,-134720013472.0,4737363701951.0,-525855616911.0,177802670000.0,-8299184423365.0,6316851441180.0,0.0,-29479305449.0,208048088518.0,-2151817146027.0,-10167798761.0,0.0,190515029527.0,-557250470931.0,0.0,0.0,-376903240165.0,2208643315759.0,8166654567957.0,1848026647.0,10377145910363.0,,,,,,,
GAS,2025,1,GAS,cash_flow,3428885485800.0,732605346412.0,101492705227.0,-14201410467.0,-262154113829.0,54571826113.0,,4041199839256.0,2491692706425.0,1662552003683.0,-3059344410062.0,-33043211073.0,-4796095694.0,-864411306762.0,149855457.0,-85528297888.0,4148471083342.0,-494982618712.0,-177800000000.0,-10433963434888.0,9179524992171.0,0.0,29479305449.0,202969089372.0,-1694772666608.0,10167798761.0,0.0,190256839481.0,-54514671514.0,0.0,0.0,145909966728.0,2599608383462.0,5567998965715.0,-952781220.0,8166654567957.0,,,,,,,
GAS,2024,4,GAS,cash_flow,2558297020087.0,595304253998.0,689438656677.0,-29752749306.0,-346885827966.0,57220327241.0,,3523621680731.0,-469957148515.0,-2248705197592.0,1592534884442.0,-29135789186.0,-109810675459.0,-633989018495.0,0.0,49764016302.0,1674322752228.0,-672026764542.0,1386025703.0,-7513263639155.0,12818276757065.0,0.0,3084888.0,375645822228.0,5010021286187.0,0.0,0.0,97442499784.0,-430349061780.0,0.0,-12872476202356.0,-13205382764352.0,-6521038725937.0,12082560123616.0,6462033789.0,5567983431468.0,,,,,,,
GAS,2024,3,GAS,cash_flow,3203960587307.0,821200801165.0,520787864205.0,723030500.0,-314603126496.0,68611895014.0,,4300681051695.0,2984236495371.0,410378636519.0,-4032691288588.0,-59844917225.0,-39303182634.0,-814710541363.0,0.0,-252973136768.0,2495773117007.0,-369431329432.0,0.0,-17158909136106.0,20724294570779.0,0.0,-3084888.0,677139515961.0,3873090536314.0,0.0,0.0,67883127006.0,-902532054885.0,0.0,-1000000000000.0,-1834648927879.0,4534214725442.0,7555301267056.0,-6955868882.0,12082560123616.0,,,,,,,
GAS,2024,2,GAS,cash_flow,4239243258874.0,608153285247.0,896881542008.0,15627519510.0,-406665646125.0,84360661851.0,,5437600621365.0,-3444389095922.0,-235851105642.0,2485201576869.0,21199431699.0,-164685910723.0,-846339362972.0,-64530455195.0,39896299917.0,3228101999396.0,-837763118814.0,0.0,-12278647441599.0,12287255577970.0,0.0,0.0,448714973610.0,-380440008833.0,0.0,0.0,1672180243950.0,-3055859158126.0,0.0,13137103066.0,-1370541811110.0,1477120179453.0,6074928497007.0,3252590596.0,7555301267056.0,,,,,,,
GAS,2024,1,GAS,cash_flow,3170606630107.0,703051463625.0,2334337365.0,14473141642.0,-435996602413.0,108404069269.0,,3562873039595.0,-3619274928562.0,1412045477694.0,885561260236.0,-112033720268.0,-20223382419.0,-337061440973.0,64530455195.0,-199403949665.0,1637012810833.0,-46235358964.0,0.0,-9693674570779.0,8406404557761.0,0.0,0.0,299143342281.0,-1034362029701.0,0.0,0.0,25397014510.0,-214114644176.0,0.0,-13137103066.0,-201854732732.0,400796048400.0,5668895214949.0,5237233658.0,6074928497007.0,,,,,,,
GAS,2023,4,GAS,cash_flow,3364820476996.0,770604410752.0,75826977659.0,-44238876985.0,-467263994838.0,109925461445.0,,3809674455029.0,-713245612685.0,-1598257813590.0,2458734753560.0,107823466095.0,-218886783237.0,-746818639053.0,191089383084.0,-117448178208.0,3172665030995.0,-774563131174.0,595061818.0,-12849865647018.0,7057345448326.0,0.0,0.0,438519244335.0,-6127969023713.0,0.0,0.0,2007584341553.0,-2335438505852.0,0.0,-1903057103066.0,-2230911267365.0,-5186215260083.0,10851522950436.0,3587502696.0,5668895193049.0,,,,,,,
GAS,2023,3,GAS,cash_flow,3009022578452.0,754583629941.0,137371875032.0,98155132122.0,-800382736161.0,105613394329.0,,3304363873715.0,2642850088086.0,-65400074907.0,-920561068411.0,-566062247419.0,-1364453853.0,-790410364179.0,-66531080355.0,-14831434838.0,3522053237839.0,-218205437253.0,0.0,-12160573693259.0,11450848389474.0,0.0,0.0,946125294756.0,18194553718.0,0.0,0.0,52801541973.0,-21706541973.0,0.0,-5218907626700.0,-5187812626700.0,-1647564835143.0,12499180008661.0,-92223082.0,10851522950436.0,,,,,,,
GAS,2023,2,GAS,cash_flow,3999064389031.0,734779931580.0,175581172023.0,47242679085.0,-561512401845.0,62362003722.0,,4456625737015.0,-1274159641590.0,-186930074240.0,1253573729956.0,753909710529.0,-209667524409.0,-836863218124.0,3741683959.0,-250033253555.0,3705638037251.0,-244831782700.0,0.0,-14786718639707.0,10751323064970.0,0.0,0.0,411160131150.0,-3869067226287.0,0.0,0.0,0.0,-56508751000.0,0.0,0.0,-56508751000.0,-219937940036.0,12714013568114.0,5104380583.0,12499180008661.0,,,,,,,
GAS,2023,1,GAS,cash_flow,4266634764731.0,790731950222.0,-11642390236.0,-25431555768.0,-480986565211.0,62075197062.0,,4601381400800.0,-1280130516194.0,1959128426122.0,-1860148690292.0,302508654331.0,-14572416150.0,-760058908022.0,-3741683959.0,-124477510929.0,2824447867997.0,-531755860030.0,0.0,-10401800000000.0,9895603527500.0,0.0,0.0,369644793603.0,-668307538927.0,0.0,0.0,15359724831.0,-5625000000.0,0.0,0.0,9734724831.0,2165875053901.0,10550229675118.0,-2091160905.0,12714013568114.0,,,,,,,
GAS,2022,4,GAS,cash_flow,4169039880294.0,804244136772.0,242699774105.0,-83770169408.0,-323739157422.0,83570676766.0,,4892045141107.0,1445840137280.0,-1551678859451.0,-2690622812787.0,777517949757.0,-204756170404.0,-828591196364.0,15518718877.0,-360933449743.0,1494339458272.0,-567251707813.0,570658941.0,-6999768266787.0,9141809077942.0,0.0,-60000000000.0,197297517117.0,1712657279400.0,0.0,0.0,20000000000.0,-2864243727490.0,0.0,-11885148000.0,-2856128875490.0,350867862182.0,10206278543029.0,-7808766674.0,10549337638537.0,,,,,,,
GAS,2022,3,GAS,cash_flow,3851199263663.0,774774629228.0,6390581675.0,103326354227.0,-569636340073.0,67533785424.0,,4233588274144.0,3369474310085.0,-433457904793.0,-1902999725139.0,-177507911851.0,-111738427081.0,-1246981938820.0,553844887.0,-54399685209.0,3676530836223.0,-305400981076.0,0.0,-8691383724685.0,10916255177484.0,0.0,0.0,670730008001.0,2590200479724.0,92404972493.0,0.0,658402622960.0,-5625000000.0,0.0,-5865099848000.0,-5119917252547.0,1146814063400.0,9054658184090.0,4806295539.0,10206278543029.0,,,,,,,
GAS,2022,2,GAS,cash_flow,6400522139419.0,763208964968.0,-11677095863.0,79441414730.0,-366959677302.0,91456259218.0,,6955992005170.0,-422457411999.0,3084186310.0,-1070164810051.0,-293646379200.0,-112454399221.0,-883730437165.0,-116225533202.0,15748349280.0,4076145569922.0,-691887023085.0,978400000000.0,-17073938384308.0,13249818936306.0,-40424772709.0,0.0,317884526603.0,-3260146717193.0,66365778391.0,0.0,28277541866.0,-498481964190.0,0.0,-5331965700.0,-409170609633.0,406828243096.0,8648444105639.0,-614164645.0,9054658184090.0,,,,,,,
GAS,2022,1,GAS,cash_flow,4381391090024.0,761903141989.0,174888101735.0,-25370597799.0,-218056650788.0,81978340051.0,,5156733425212.0,-3610580648623.0,1103671782397.0,1762124879532.0,-596341213641.0,-108170786912.0,-492407620026.0,104308084152.0,-126200022927.0,3193137879164.0,-441415240274.0,-978400000000.0,-7847860000000.0,8124428976329.0,0.0,0.0,143966066603.0,-999280197342.0,0.0,0.0,618701374640.0,-2325000000.0,0.0,0.0,616376374640.0,2810234056462.0,5832777735432.0,5432313745.0,8648444105639.0,,,,,,,
GAS,2021,4,GAS,cash_flow,2550558646707.0,797758784024.0,541019167212.0,-97345306983.0,-267842106395.0,100281311387.0,,3722500495952.0,-3523189980347.0,-830040626574.0,4302690907345.0,-1393733238157.0,-92345807720.0,-631528637067.0,-10287508400.0,-84774968987.0,1459290636045.0,-1141541024915.0,-29156197996.0,-9726481613070.0,8987046800000.0,0.0,0.0,211373292527.0,-1698758743454.0,0.0,0.0,625414819490.0,-474224227503.0,0.0,-307022527100.0,-155831935113.0,-395300042522.0,5994119472080.0,1511305874.0,5600330735432.0,,,,,,,
GAS,2021,3,GAS,cash_flow,3084370576314.0,812255631367.0,-45084752291.0,-15160477191.0,-414286404214.0,81356019689.0,,3503450593674.0,595779935163.0,-306838300572.0,-883023459029.0,-732947769877.0,-76887521179.0,-638324744517.0,-12491734051.0,-47082230765.0,1401634768847.0,-658089369188.0,0.0,-14558146000000.0,16637411845885.0,0.0,0.0,508367965838.0,1929544442535.0,0.0,0.0,2313173813015.0,-38053272497.0,0.0,-5557736740000.0,-3282616199482.0,48563011900.0,5947560639666.0,-2004179486.0,5994119472080.0,,,,,,,
GAS,2021,2,GAS,cash_flow,2932827367629.0,836848078086.0,243113266799.0,-9866240333.0,-165671859832.0,69687381742.0,,3906937994091.0,-2053029244100.0,-42585565783.0,2589545066494.0,-587923374944.0,-48973529061.0,-540815706595.0,-69821662253.0,20904768017.0,3174238745866.0,-1135169668157.0,0.0,-6807155135731.0,2848960289846.0,0.0,0.0,14561724656.0,-5078802789386.0,0.0,0.0,1907546908876.0,-510944000000.0,0.0,-35100000.0,1396567808876.0,-507996234644.0,6457577994501.0,-2021120191.0,5947560639666.0,,,,,,,
GAS,2021,1,GAS,cash_flow,2637241653121.0,791067632562.0,-535743765.0,-5772363790.0,-261092833403.0,52814030559.0,,3213722375284.0,-2740780085818.0,-315526359383.0,1775794239236.0,-25705800531.0,-44235436822.0,-461315925080.0,89253311602.0,-116522998155.0,1374683320333.0,-1812372847872.0,209823959323.0,-10419101599947.0,10340000000000.0,0.0,0.0,259506505106.0,-1422143983390.0,0.0,0.0,1423792108728.0,-156100000000.0,0.0,0.0,1267692108728.0,1220231445671.0,5237246729402.0,99819428.0,6457577994501.0,,,,,,,
GAS,2020,4,GAS,cash_flow,2074728670149.0,678004746657.0,538391723108.0,-7422465044.0,-310554621856.0,24808582325.0,,2997956635339.0,-477141782449.0,172172805951.0,-753217197640.0,-229499994226.0,-35480673985.0,-308818192390.0,77642098398.0,-15577677189.0,1428036021809.0,-1926276895031.0,26774884542.0,-14401772135731.0,12800000000000.0,0.0,0.0,492200821009.0,-3009073325211.0,0.0,0.0,1346132383187.0,-973137749083.0,0.0,-276209296300.0,96785337804.0,-1484251965598.0,6819915906268.0,-347304128.0,5335316636542.0,,,,,,,
GAS,2020,3,GAS,cash_flow,2605322825138.0,609040897469.0,-88261851.0,-13077596850.0,-494941378329.0,15777930913.0,,2722034416490.0,-560413241266.0,-223011809481.0,58426488734.0,7999640956.0,-1310137219.0,-450379057244.0,13728639724.0,-1117836459608.0,449238481086.0,-1598293023272.0,18181819.0,-5954550000000.0,7150500000000.0,0.0,0.0,365753808579.0,-36571032874.0,0.0,0.0,656639352593.0,-254340334971.0,0.0,-6526331825000.0,-6124032807378.0,-5711365359166.0,12531543227548.0,-261962114.0,6819915906268.0,,,,,,,
GAS,2020,2,GAS,cash_flow,2278260493643.0,627207751035.0,414399550034.0,-36064950590.0,-316316714869.0,26386611740.0,,2993872740993.0,1200335011867.0,394968996579.0,-678467396387.0,-12538559849.0,-55412785207.0,-597528253468.0,-440003910069.0,597705914105.0,3402931758564.0,-1046056348315.0,0.0,-344300000000.0,5246000000000.0,0.0,0.0,422505333087.0,4278148984772.0,0.0,0.0,115061098500.0,-541486131415.0,0.0,0.0,-426425032915.0,7254655710421.0,5277466733988.0,-579216861.0,12531543227548.0,,,,,,,
GAS,2020,1,GAS,cash_flow,2967645202299.0,618731285755.0,18765132938.0,37994599396.0,-382424233334.0,34245067519.0,,3294957054573.0,-1599637467511.0,-358573540855.0,2063122181544.0,57384195815.0,-3236813911.0,-733664364713.0,440003910069.0,-752141515658.0,2408213639353.0,-753701331232.0,0.0,-7765000000000.0,6669000000000.0,0.0,0.0,416991430584.0,-1432709900648.0,0.0,0.0,81992604250.0,-245328824217.0,0.0,-11879673000.0,-175215892967.0,800287845738.0,4475889167227.0,1289721023.0,5277466733988.0,,,,,,,
GAS,2019,4,GAS,cash_flow,3824270771876.0,631381614947.0,432893597717.0,-13788710949.0,-514363576485.0,41600058731.0,,4401993517288.0,1735147684375.0,7047890517.0,-2467195299807.0,46905701280.0,-89255163218.0,-742092012757.0,100000000000.0,-65601467981.0,2926950849697.0,-1619404701278.0,-30000000.0,-18597287355270.0,16064153000000.0,0.0,83000000000.0,453603307129.0,-3615965749419.0,0.0,0.0,594756143262.0,-1172285953485.0,0.0,-7116198600.0,-584646008823.0,-1273660908545.0,5933208581387.0,-183652176768.0,4475895496074.0,,,,,,,
GAS,2019,3,GAS,cash_flow,3688483339437.0,668248419911.0,-14672306062.0,-12634614190.0,-580763277983.0,44423415262.0,,3793084976375.0,-570861924007.0,-261869721150.0,-473183375092.0,8181575440.0,-5983779830.0,-714119864344.0,97526765695.0,10403202558.0,1883177855645.0,-682088665630.0,1501318187.0,-6215500000000.0,7660200000000.0,-87801500000.0,0.0,483431139625.0,1159742292182.0,0.0,0.0,607597652784.0,-535026670254.0,-2633295231.0,-4554384939875.0,-4484447252576.0,-1441527104749.0,7375347002091.0,-611315955.0,5933208581387.0,,,,,,,
GAS,2019,2,GAS,cash_flow,3811757862346.0,687178363382.0,415683632040.0,4233339670.0,-278167507942.0,54162787529.0,,4694848477025.0,446353714343.0,61880474819.0,628339590707.0,-91056847677.0,-97466605914.0,-582426996385.0,-21553913468.0,-124222955649.0,4914694937801.0,-133433473118.0,-567630847.0,-8919700000000.0,4763000000000.0,0.0,-23000000000.0,267183642994.0,-4046517460971.0,0.0,0.0,566620183256.0,-1118546035435.0,-2633295231.0,-527900000000.0,-1082459147410.0,-214281670580.0,7589139804750.0,488867921.0,7375347002091.0,,,,,,,
GAS,2019,1,GAS,cash_flow,3816725536920.0,687309523410.0,2954654095.0,-2671803230.0,-379851470754.0,58877675529.0,,4183344115970.0,-1447481531965.0,368393810948.0,963300341475.0,-48869943044.0,-83676416246.0,-816373081591.0,21553913468.0,-32127807602.0,3108063401413.0,-229161357199.0,1455863642.0,-3510000000000.0,5250000000000.0,0.0,23000000000.0,436152738890.0,1971447245333.0,0.0,0.0,575178235908.0,-1468525880964.0,-2633295231.0,-3300000000000.0,-4195980940287.0,883529706459.0,6705645460007.0,-35361716.0,7589139804750.0,,,,,,,
GAS,2018,4,GAS,cash_flow,4074295672624.0,692381973100.0,-174919349703.0,-30555507141.0,-465499389929.0,107933971007.0,,4203637369958.0,-942007123108.0,-580495338812.0,-570774881379.0,-52434419148.0,-123655501998.0,-786550672641.0,-37663318778.0,-135835767189.0,974220346905.0,-36545678136.0,0.0,-4744900000000.0,4227100000000.0,70480000000.0,0.0,391125440676.0,-92740237460.0,0.0,0.0,564413361655.0,-2018707308658.0,-2234985385.0,-21445945800.0,-1477974878188.0,-596494768743.0,7302682513477.0,-512273387.0,6705675471347.0,,,,,,,
GAS,2018,3,GAS,cash_flow,4062557697560.0,552260966854.0,176577753604.0,44036545760.0,-596228803874.0,98317907501.0,,4344476515044.0,2635126457688.0,886942881919.0,-2281282800896.0,-90628799151.0,-116566864478.0,-721703449960.0,15898392971.0,-23271891173.0,4648990441964.0,-133024486123.0,-148822531.0,-6087000000000.0,5699700000000.0,-70480000000.0,-1302359175.0,664499951088.0,72244283259.0,91566025.0,0.0,756593743806.0,-2749557571700.0,0.0,-5144085447825.0,-7136957709694.0,-2415722984471.0,9718262208643.0,143289305.0,7302682513477.0,,,,,,,
GAS,2018,2,GAS,cash_flow,3908411442329.0,844527006077.0,-27174967295.0,6515881473.0,-264893983767.0,109528560005.0,,4569959491183.0,-1082215520578.0,-146680593258.0,1545246825484.0,-80651419859.0,-95507989542.0,-625778119384.0,18743838407.0,-126467986499.0,3976648525954.0,-223881389359.0,41707937803.0,-6245104000000.0,521200000000.0,0.0,25422359175.0,228090899899.0,-5652564192482.0,-91566025.0,0.0,573710821876.0,-1127307310987.0,-3919136469.0,-2700000000000.0,-3257607191605.0,-4933522858133.0,14666498838126.0,1286228650.0,9734262208643.0,,,,,,,
GAS,2018,1,GAS,cash_flow,3309459349546.0,586436185080.0,50308446346.0,56091878640.0,-293401827777.0,124754106422.0,,3833648138257.0,-2126612080025.0,-444059326877.0,2785593477416.0,-44892955749.0,-110496559090.0,-978706431883.0,-17170553996.0,-2122983500.0,2895180724553.0,-321030270226.0,-41559115272.0,-1996100000000.0,600000000000.0,0.0,0.0,253858362312.0,-1504831023186.0,61044037968.0,0.0,630029894136.0,-928733367328.0,-4491262472.0,0.0,-242150697696.0,1148199003671.0,13518016964678.0,282869777.0,14666498838126.0,,,,,,,
GAS,2017,4,GAS,cash_flow,4846904016084.0,615359394258.0,27199682870.0,-31691459705.0,-458670680105.0,63227784589.0,,5062328737991.0,-379384769048.0,220253763688.0,-633301885737.0,-25853620255.0,-140800522099.0,-605770085794.0,93047564199.0,-137778191247.0,3452740991698.0,-985207786267.0,0.0,-4995000000000.0,4955000000000.0,0.0,29794177488.0,464623587403.0,-530790021376.0,0.0,0.0,1344260287207.0,-1441313047632.0,-4229021650.0,-2043859033999.0,-2145140816074.0,776810154248.0,12897663167477.0,-2456357047.0,13672016964678.0,,,,,,,
GAS,2017,3,GAS,cash_flow,2453540191389.0,592001851945.0,83377107740.0,-13117097557.0,-447171652724.0,63182675498.0,,2731813076291.0,569031787054.0,-459387212002.0,-86490980583.0,-174281001254.0,-146843337477.0,-472500937983.0,8629342568.0,130560692976.0,2100531429590.0,-276526917926.0,41984021091.0,-3110000000000.0,1246000000000.0,0.0,0.0,382373676541.0,-1716169220294.0,0.0,0.0,1060529460816.0,-862964651269.0,-5678897946.0,-2196344513200.0,-2004458601599.0,-1620096392303.0,14515027558565.0,2732001215.0,12897663167477.0,,,,,,,
GAS,2017,2,GAS,cash_flow,2380194995209.0,660952744415.0,149928070994.0,-5023486536.0,-270811045129.0,89896340937.0,,3005137619890.0,2097033931072.0,78042334663.0,-119990462851.0,-236168576490.0,-78862424068.0,-541855876138.0,-5667160855.0,-252468737299.0,3945200647924.0,-235436370505.0,67272729.0,-2403900000000.0,1199000000000.0,0.0,-223207911.0,236819103989.0,-1203673201698.0,0.0,0.0,5832110579753.0,-5559706485897.0,-4890418432.0,-2655648914466.0,-2388135239042.0,353392207184.0,14158837192590.0,2798158791.0,14515027558565.0,,,,,,,
GAS,2017,1,GAS,cash_flow,2784589676220.0,795804320386.0,64974982240.0,-864795074.0,-220783533115.0,63806731829.0,,3487527382486.0,638082806427.0,-177470061715.0,2250717772758.0,267924141513.0,-116626479419.0,-780568789889.0,5736160855.0,-95227516802.0,5480095416214.0,-1077653052041.0,5478181818.0,-4420000000000.0,1000000000.0,0.0,223207911.0,179138274064.0,-5311813388248.0,0.0,0.0,2209808690082.0,-1046751860889.0,-4853378005.0,-701708625534.0,456494825654.0,624776853620.0,13595294716123.0,-3500569366.0,14216571000377.0,,,,,,,
GAS,2016,4,GAS,cash_flow,3917393461603.0,543111978219.0,82058025626.0,105867939870.0,-234625902337.0,83333280245.0,,4497138783226.0,-2452984541758.0,116207982505.0,-704869219442.0,194245404140.0,-78075810365.0,-330449974597.0,69035466146.0,-27686037295.0,1282562052560.0,-611798923206.0,71269999.0,-100584000000.0,-350000000000.0,-51000000000.0,0.0,262169560465.0,-851142092742.0,100000000000.0,0.0,2188236985219.0,-1834344146364.0,-38490855754.0,-4299154039811.0,-3883752056710.0,-3452332096892.0,17064067367435.0,825038773.0,13612560309316.0,,,,,,,
GAS,2016,3,GAS,cash_flow,1335967366289.0,783487254489.0,154711116213.0,-2588041694.0,-647188583479.0,82519144643.0,,1706908256461.0,1303204251431.0,-13218452711.0,-641097235777.0,-585720137936.0,-105341796612.0,-260993842580.0,62250483458.0,-38896661017.0,1427094864717.0,-868808828357.0,213914091.0,543500000000.0,120820000000.0,-487494000000.0,715146877780.0,307799476467.0,331177439981.0,0.0,0.0,1986710271987.0,-2493831307913.0,-9202330766.0,-1209087340934.0,-1725410707626.0,32861597072.0,17030368776879.0,836993484.0,17064067367435.0,,,,,,,
GAS,2016,2,GAS,cash_flow,1963898110468.0,1013187435111.0,-33535444403.0,-953790086.0,54437564438.0,106673577747.0,,3103707453275.0,-2195275845880.0,-37465430909.0,1500447772034.0,83986722121.0,-65013937323.0,-599933617482.0,-150234252062.0,-128325809511.0,1511893054263.0,-910408446729.0,-154050167.0,-803016000000.0,793792000000.0,487165000000.0,-218540026785.0,239213238707.0,-411948284974.0,0.0,0.0,836231201989.0,-158942899741.0,-10426717960.0,-2345079121000.0,-1678217536712.0,-578272767423.0,17697501570720.0,-5500036409.0,17113728766888.0,,,,,,,
GAS,2016,1,GAS,cash_flow,1950610722293.0,731203931081.0,-15765280230.0,-33547530271.0,-556821837982.0,71904973955.0,,2147584978846.0,-566826114818.0,-152914089035.0,-3546606684.0,-49332071782.0,-76717589040.0,-312817176813.0,150234252062.0,-175118143661.0,960547439075.0,-983092337477.0,123834258.0,-53850000000.0,169208000000.0,-545165000000.0,218540026785.0,290475795563.0,-903759680871.0,379000000000.0,0.0,2849310987008.0,-1840066102774.0,-19522555880.0,-1481220619000.0,-112498290646.0,-55710532442.0,18030043218216.0,4879698416.0,17979212384190.0,,,,,,,
GAS,2015,4,GAS,cash_flow,1450149790560.0,842673703531.0,26760842835.0,1894473851.0,-360956976760.0,55354498811.0,,2015876332828.0,-5298674275380.0,-257612632851.0,4104437258103.0,-122748819076.0,57601544.0,-611100298043.0,-569263596011.0,499685230990.0,-239343197896.0,-614920889619.0,1190950600.0,-16274416667.0,152916816667.0,0.0,141476819388.0,239456450556.0,-96154269075.0,0.0,0.0,920478753406.0,-912594266257.0,122636667118.0,-1893275960384.0,-1762754806117.0,-2098252273088.0,19799251696463.0,61345105154.0,17762344528529.0,,,,,,,
GAS,2015,3,GAS,cash_flow,3002293893065.0,577217261428.0,-39457779652.0,89570067094.0,-157810135108.0,35241443926.0,,3507054750753.0,1415824988222.0,615913668614.0,-1990616149773.0,36719339050.0,-61912083062.0,-715932480467.0,210938240868.0,846708256755.0,3864698530960.0,-2563960335505.0,-397507639.0,-1977470000000.0,-169060000000.0,0.0,-101909219388.0,298055814994.0,-4514741247538.0,0.0,0.0,1433677373053.0,-1016805849736.0,-101576780424.0,-209334736346.0,105960006547.0,-544082710031.0,20405257333892.0,-61922927398.0,19799251696463.0,,,,,,,
GAS,2015,2,GAS,cash_flow,3373776951455.0,803947319526.0,-186293511770.0,30024220323.0,-185396052523.0,38319330946.0,,3874378257957.0,215646567469.0,-502533148052.0,781804431672.0,-23067526155.0,-63154176471.0,-708385516211.0,224923344110.0,-1825470808359.0,1974141425960.0,-976960462805.0,1320954545.0,-2687000000000.0,266567600000.0,0.0,62341619388.0,260996054898.0,-3072734233974.0,0.0,-200000000.0,643133801173.0,-2305743984317.0,-60375290070.0,-1301856994967.0,-3025042468181.0,-4123635276195.0,24528362820168.0,529789919.0,20405257333892.0,,,,,,,
GAS,2015,1,GAS,cash_flow,3371071064998.0,926654772900.0,210289089798.0,25853088924.0,-127536734449.0,66561067450.0,,4472892349621.0,734259068411.0,766738349746.0,-1520079598112.0,104625891895.0,-63795008827.0,-1293319954281.0,519233892198.0,-169638570331.0,3550916420320.0,-434169771648.0,0.0,-313000000000.0,0.0,0.0,96505070612.0,276025403906.0,-374639297130.0,0.0,-39911223937.0,1127657283918.0,-1492386419384.0,0.0,-2323357910880.0,-2727998270283.0,448278852907.0,24080005607944.0,78359317.0,24528362820168.0,,,,,,,
GAS,2014,4,GAS,cash_flow,6075239821304.0,883576594589.0,-93912554712.0,26153449053.0,-213640727672.0,60019089523.0,,6737435672085.0,1562032097957.0,-90978071174.0,-2795476724815.0,166365801299.0,-102485310288.0,-788852774383.0,-696643533563.0,508985579859.0,4500382736977.0,-965267588092.0,-51355173333.0,4082000000000.0,-3354030416667.0,197647340000.0,-65000000000.0,173433181258.0,17427343166.0,-139000000000.0,0.0,1676149904727.0,-1633472995248.0,33692759497.0,-3627643069837.0,-3690273400861.0,827536679282.0,23250246563039.0,1901975628.0,24079685217949.0,,,,,,,
GAS,2014,3,GAS,cash_flow,3819517729741.0,887916486341.0,135828007443.0,-8924311416.0,-308392258935.0,101962968587.0,,4627908621761.0,-1047119467238.0,-126841362312.0,2787625671007.0,-342230430148.0,-68707159675.0,-824530583154.0,696643533563.0,-528913301054.0,5173835522750.0,-1151511802386.0,59490515998.0,-4638769583333.0,3632430416667.0,-197647340000.0,65000000000.0,358999208955.0,-1872008584099.0,139000000000.0,0.0,1924271014118.0,-1453351054055.0,-70829484527.0,-909586670995.0,-370496195459.0,2931330743192.0,20321030401809.0,-2114581962.0,23250246563039.0,,,,,,,
GAS,2014,2,GAS,cash_flow,4094432583529.0,832694812476.0,-13804297251.0,29406038850.0,-306459949762.0,96954191921.0,,4733223379763.0,272177159107.0,-87488972980.0,-2014558427159.0,330945229593.0,-125452252352.0,-789282867078.0,-403370023646.0,339691137672.0,2255884362920.0,-271195903569.0,-424265859.0,-11230416667.0,67960000000.0,89000000000.0,-5000000000.0,244163591960.0,113273005865.0,-89000000000.0,0.0,1929583842230.0,-2150444741445.0,-11327096080.0,-3147093551798.0,-3468281547093.0,-1099124178308.0,21418317255713.0,1837324404.0,20321030401809.0,,,,,,,
GAS,2014,1,GAS,cash_flow,3996706716191.0,857699153424.0,-3580793847.0,606030029.0,-283620483663.0,107778385469.0,,4675589007603.0,93793202259.0,981367473166.0,-700575584533.0,395591582456.0,-85388759765.0,-579343640311.0,403370023646.0,-508760779101.0,4675642525420.0,-380840417727.0,429222223.0,-300000000000.0,40000000.0,-89000000000.0,5000000000.0,331816804467.0,-432554391037.0,89000000000.0,0.0,715716600162.0,-892068233366.0,-7615861254.0,-1021789008202.0,-1116756502660.0,3126331631723.0,18292997853785.0,-1012229795.0,21418317255713.0,,,,,,,
GAS,2013,4,GAS,cash_flow,2857490077373.0,813410753826.0,-214740784601.0,-43204852304.0,-237077374600.0,105542411152.0,,3281420230846.0,43741829471.0,-1094190652228.0,2163743192530.0,220061823840.0,-131755999826.0,-716015258346.0,-380154278777.0,89676464811.0,3476527352321.0,-1042775374613.0,0.0,-314433158412.0,-178300000000.0,400000000000.0,-43100000000.0,186132432651.0,-992476100374.0,-399500000000.0,-1153105.0,2292058906663.0,-2969408214889.0,237957466362.0,-1628956971993.0,-2467849966962.0,16201284985.0,18276676708448.0,250190109.0,18293128183542.0,,,,,,,
GAS,2013,3,GAS,cash_flow,3742746183459.0,799377760645.0,245583769434.0,-14047972642.0,-356180949159.0,105405478144.0,,4522884269881.0,-110183172614.0,254228556706.0,-1068882770746.0,58570066317.0,-71110159243.0,-697724009559.0,420865236059.0,-256032858569.0,3052615158232.0,-565260037217.0,0.0,-83344362164.0,178300000000.0,-400000000000.0,43100000000.0,340832995747.0,-486371403634.0,399500000000.0,0.0,2252981727623.0,-2332554120725.0,-237957466362.0,-2152819024381.0,-2070848883845.0,495394870753.0,17781206438976.0,75398719.0,18276676708448.0,,,,,,,
GAS,2013,2,GAS,cash_flow,3700238848840.0,861688062707.0,18229962679.0,47290533768.0,-298347273194.0,119982247049.0,,4449082381849.0,748198265164.0,-801854509143.0,965457780127.0,329529649069.0,-157533853118.0,-1013677874585.0,-33431572427.0,-253722991165.0,4232047275771.0,-446904688609.0,0.0,387245716864.0,-348601612927.0,0.0,0.0,294983756424.0,-113276828248.0,0.0,0.0,532567495036.0,-950763702063.0,40014456444.0,-1914318474270.0,-2292500224853.0,1826270222670.0,15955511012894.0,-574796588.0,17781206438976.0,,,,,,,
GAS,2013,1,GAS,cash_flow,5382859400308.0,761410450855.0,714765483.0,24741931416.0,-254188957211.0,89773106264.0,,6005310697115.0,-1233368054549.0,776312671665.0,-1233331599594.0,310748309580.0,-90023428622.0,-577546892345.0,60446453234.0,-102519444186.0,3916028712298.0,-399549213401.0,0.0,-387601354700.0,396951612927.0,0.0,0.0,276843737120.0,-113355218054.0,0.0,0.0,532004341247.0,-1092521377716.0,-40014456444.0,0.0,-600531492913.0,3202142001331.0,12753084518890.0,284492673.0,15955511012894.0,,,,,,,
VPB,2025,4,VPB,cash_flow,,,,,,,,18903365000000.0,,,,,,,,,17134993000000.0,-71331000000.0,551000000.0,,,0.0,0.0,15983000000.0,-56998000000.0,12618772000000.0,,,,,0.0,12618772000000.0,29696767000000.0,166400452000000.0,0.0,196097219000000.0,,345682000000.0,17134993000000.0,0.0,,,
VPB,2025,3,VPB,cash_flow,,,,,,,,12010252000000.0,,,,,,,,,4043752000000.0,-13953000000.0,-43000000.0,,,0.0,0.0,11861000000.0,-2135000000.0,0.0,,,,,0.0,0.0,4041617000000.0,162358835000000.0,0.0,166400452000000.0,,268867000000.0,4043752000000.0,0.0,,,
VPB,2025,2,VPB,cash_flow,,,,,,,,11417755000000.0,,,,,,,,,14803070000000.0,18218000000.0,659000000.0,,,0.0,0.0,7317000000.0,26194000000.0,0.0,,,,,-3968172000000.0,-3968172000000.0,10861092000000.0,151497743000000.0,0.0,162358835000000.0,,362934000000.0,14803070000000.0,0.0,,,
VPB,2025,1,VPB,cash_flow,,,,,,,,10147577000000.0,,,,,,,,,8550806000000.0,-64029000000.0,8182000000.0,,,0.0,0.0,0.0,-55847000000.0,0.0,,,,,0.0,0.0,8494959000000.0,143002784000000.0,0.0,151497743000000.0,,8940000000.0,8550806000000.0,0.0,,,
VPB,2024,4,VPB,cash_flow,,,,,,,,15547712000000.0,,,,,,,,,23834263000000.0,-56271000000.0,-80000000.0,,,0.0,0.0,9654000000.0,-46697000000.0,0.0,,,,,-693000000.0,-693000000.0,23786873000000.0,119215911000000.0,0.0,143002784000000.0,,104026000000.0,23834263000000.0,0.0,,,
VPB,2024,3,VPB,cash_flow,,,,,,,,10297016000000.0,,,,,,,,,16946320000000.0,-1534000000.0,869000000.0,,,0.0,0.0,3147000000.0,2223000000.0,0.0,,,,,0.0,0.0,16948543000000.0,102267368000000.0,0.0,119215911000000.0,,-50907000000.0,16946320000000.0,0.0,,,
VPB,2024,2,VPB,cash_flow,,,,,,,,9580225000000.0,,,,,,,,,21894246000000.0,-497000000.0,1000000.0,,,0.0,0.0,0.0,-496000000.0,0.0,,,,,-7935139000000.0,-7935139000000.0,13958611000000.0,88308757000000.0,0.0,102267368000000.0,,-102379000000.0,21894246000000.0,0.0,,,
VPB,2024,1,VPB,cash_flow,,,,,,,,6834558000000.0,,,,,,,,,-5358644000000.0,-994000000.0,925000000.0,,,0.0,0.0,0.0,-69000000.0,0.0,,,,,0.0,0.0,-5358713000000.0,93667470000000.0,0.0,88308757000000.0,,-149421000000.0,-5358644000000.0,0.0,,,
VPB,2023,4,VPB,cash_flow,,,,,,,,8864399000000.0,,,,,,,,,-30763738000000.0,-52854000000.0,259000000.0,,,0.0,0.0,0.0,-52595000000.0,35897546000000.0,,,,,-7933924000000.0,28265818000000.0,-2550515000000.0,96217984000000.0,0.0,93667469000000.0,,-168849000000.0,-30763738000000.0,0.0,,,
VPB,2023,3,VPB,cash_flow,,,,,,,,10272503000000.0,,,,,,,,,-11663640000000.0,-31852000000.0,256000000.0,,,0.0,0.0,3147000000.0,-28449000000.0,0.0,,,,,0.0,0.0,-11692089000000.0,107910073000000.0,0.0,96217984000000.0,,-9465000000.0,-11663640000000.0,0.0,,,
VPB,2023,2,VPB,cash_flow,,,,,,,,9480373000000.0,,,,,,,,,32753079000000.0,-18471000000.0,0.0,,,0.0,0.0,0.0,-18471000000.0,0.0,,,,,0.0,0.0,32734608000000.0,75175465000000.0,0.0,107910073000000.0,,1545952000000.0,32753079000000.0,0.0,,,
VPB,2023,1,VPB,cash_flow,,,,,,,,7643936000000.0,,,,,,,,,21134682000000.0,-4838000000.0,450000000.0,,,0.0,0.0,0.0,-4388000000.0,0.0,,,,,0.0,0.0,21130294000000.0,54045171000000.0,0.0,75175465000000.0,,817515000000.0,21134682000000.0,0.0,,,
VPB,2022,4,VPB,cash_flow,,,,,,,,8872509000000.0,,,,,,,,,15701168000000.0,-36003000000.0,399000000.0,,,-517612000000.0,0.0,0.0,-553216000000.0,0.0,,,,,0.0,0.0,15147952000000.0,38897219000000.0,0.0,54045171000000.0,,51761000000.0,15701168000000.0,0.0,,,
VPB,2022,3,VPB,cash_flow,,,,,,,,8349072000000.0,,,,,,,,,-13669768000000.0,-37127000000.0,88000000.0,,,0.0,0.0,12801000000.0,-24238000000.0,0.0,,,,,0.0,300000000000.0,-13394006000000.0,52291225000000.0,0.0,38897219000000.0,,62894000000.0,-13669768000000.0,0.0,,,
VPB,2022,2,VPB,cash_flow,,,,,,,,9833336000000.0,,,,,,,,,5890665000000.0,-30615000000.0,2507000000.0,,,1000000.0,0.0,0.0,-28107000000.0,0.0,,,,,0.0,0.0,5862558000000.0,46428667000000.0,0.0,52291225000000.0,,297508000000.0,5890665000000.0,0.0,,,
VPB,2022,1,VPB,cash_flow,,,,,,,,10489182000000.0,,,,,,,,,-7229528000000.0,-2154000000.0,248000000.0,,,-117827000000.0,0.0,0.0,-119733000000.0,0.0,,,,,0.0,0.0,-7349261000000.0,53777928000000.0,0.0,46428667000000.0,,6396593000000.0,-7229528000000.0,0.0,,,
VPB,2021,4,VPB,cash_flow,,,,,,,,5929243000000.0,,,,,,,,,-18793802000000.0,745000000.0,1385000000.0,,,-16500000000.0,25928205000000.0,0.0,25913835000000.0,0.0,,,,,0.0,-261960000000.0,6858073000000.0,46919855000000.0,0.0,53777928000000.0,,-5291000000.0,-18793802000000.0,0.0,,,
VPB,2021,3,VPB,cash_flow,,,,,,,,6780991000000.0,,,,,,,,,14170897000000.0,-6379000000.0,-2000000.0,,,0.0,5509000000.0,1967000000.0,1095000000.0,0.0,,,,,0.0,150000000000.0,14321992000000.0,32597863000000.0,0.0,46919855000000.0,,-164872000000.0,14170897000000.0,0.0,,,
VPB,2021,2,VPB,cash_flow,,,,,,,,9487729000000.0,,,,,,,,,12495677000000.0,-8632000000.0,1720000000.0,,,0.0,0.0,0.0,-6912000000.0,0.0,,,,,0.0,0.0,12488765000000.0,20109098000000.0,0.0,32597863000000.0,,-395391000000.0,12495677000000.0,0.0,,,
VPB,2021,1,VPB,cash_flow,,,,,,,,7067924000000.0,,,,,,,,,-2756982000000.0,-25111000000.0,0.0,,,0.0,0.0,0.0,-25111000000.0,0.0,,,,,0.0,0.0,-2782093000000.0,22891191000000.0,0.0,20109098000000.0,,83773000000.0,-2756982000000.0,0.0,,,
VPB,2020,4,VPB,cash_flow,,,,,,,,6964461000000.0,,,,,,,,,-4414789000000.0,-8660000000.0,7506000000.0,,,0.0,0.0,2477000000.0,1323000000.0,0.0,,,,,0.0,170000000000.0,-4243466000000.0,27134657000000.0,0.0,22891191000000.0,,142855000000.0,-4414789000000.0,0.0,,,
VPB,2020,3,VPB,cash_flow,,,,,,,,5019578000000.0,,,,,,,,,1266888000000.0,-5242000000.0,6527000000.0,,,0.0,0.0,2536000000.0,3821000000.0,0.0,,,,,0.0,0.0,1270709000000.0,25863948000000.0,0.0,27134657000000.0,,-12967000000.0,1266888000000.0,0.0,,,
VPB,2020,2,VPB,cash_flow,,,,,,,,7562234000000.0,,,,,,,,,3183785000000.0,-4493000000.0,133000000.0,,,0.0,0.0,0.0,-4360000000.0,0.0,,,,,0.0,0.0,3179425000000.0,22684523000000.0,0.0,25863948000000.0,,-30710000000.0,3183785000000.0,0.0,,,
VPB,2020,1,VPB,cash_flow,,,,,,,,6387133000000.0,,,,,,,,,1283670000000.0,-7140000000.0,11548000000.0,,,0.0,0.0,0.0,4408000000.0,0.0,,,,,0.0,0.0,1288078000000.0,21396445000000.0,0.0,22684523000000.0,,-9109000000.0,1283670000000.0,0.0,,,
VPB,2019,4,VPB,cash_flow,,,,,,,,6338080000000.0,,,,,,,,,2726443000000.0,-13008000000.0,12379000000.0,,,-11000000000.0,0.0,0.0,-11629000000.0,0.0,,,,,0.0,-2415590000000.0,299224000000.0,21097220000000.0,0.0,21396444000000.0,,-3586000000.0,2726443000000.0,0.0,,,
VPB,2019,3,VPB,cash_flow,,,,,,,,5866306000000.0,,,,,,,,,-4463065000000.0,-4733000000.0,574000000.0,,,0.0,0.0,2635000000.0,-1524000000.0,0.0,,,,,0.0,-1000000000000.0,-5464589000000.0,26561809000000.0,0.0,21097220000000.0,,42539000000.0,-4463065000000.0,0.0,,,
VPB,2019,2,VPB,cash_flow,,,,,,,,6531986000000.0,,,,,,,,,13273509000000.0,-13341000000.0,1366000000.0,,,0.0,0.0,0.0,-11975000000.0,0.0,,,,,0.0,0.0,13261534000000.0,13300275000000.0,0.0,26561809000000.0,,29647000000.0,13273509000000.0,0.0,,,
VPB,2019,1,VPB,cash_flow,,,,,,,,4427943000000.0,,,,,,,,,-14705522000000.0,-15875000000.0,0.0,,,0.0,0.0,0.0,-15875000000.0,0.0,,,,,0.0,0.0,-14721397000000.0,28021672000000.0,0.0,13300275000000.0,,72816000000.0,-14705522000000.0,0.0,,,
VPB,2018,4,VPB,cash_flow,,,,,,,,5446924000000.0,,,,,,,,,12022379000000.0,-81462000000.0,58000000.0,,,0.0,0.0,0.0,-81404000000.0,0.0,,,,,0.0,0.0,11940975000000.0,16080697000000.0,0.0,28021672000000.0,,643818000000.0,12022379000000.0,0.0,,,
VPB,2018,3,VPB,cash_flow,,,,,,,,4062336000000.0,,,,,,,,,-2798965000000.0,-4712000000.0,1918000000.0,,,0.0,0.0,0.0,-2794000000.0,336951000000.0,,,,,-146439000000.0,-4801209000000.0,-7602968000000.0,23683665000000.0,0.0,16080697000000.0,,3855000000.0,-2798965000000.0,0.0,,,
VPB,2018,2,VPB,cash_flow,,,,,,,,4299929000000.0,,,,,,,,,-1887674000000.0,-6922000000.0,422000000.0,,,0.0,845000000.0,0.0,-5655000000.0,0.0,,,,,0.0,0.0,-1893329000000.0,25576994000000.0,0.0,23683665000000.0,,137000000.0,-1887674000000.0,0.0,,,
VPB,2018,1,VPB,cash_flow,,,,,,,,4574466000000.0,,,,,,,,,1349973000000.0,-26795000000.0,16000000.0,,,0.0,0.0,0.0,-26779000000.0,0.0,,,,,0.0,0.0,1323194000000.0,24253800000000.0,0.0,25576994000000.0,,840737000000.0,1349973000000.0,0.0,,,
VPB,2017,4,VPB,cash_flow,,,,,,,,4778595000000.0,,,,,,,,,10555352000000.0,-60425000000.0,107000000.0,,,-30000000000.0,157172000000.0,598000000.0,67452000000.0,1000000.0,,,,,0.0,1000000.0,10622805000000.0,13630405000000.0,0.0,24253210000000.0,,994321000000.0,10555352000000.0,0.0,,,
VPB,2017,3,VPB,cash_flow,,,,,,,,4164221000000.0,,,,,,,,,-4740331000000.0,-85611000000.0,-324000000.0,,,0.0,568000000.0,0.0,-85367000000.0,6224936000000.0,,,,,-146439000000.0,6078497000000.0,1252799000000.0,12377606000000.0,0.0,13630405000000.0,,112335000000.0,-4740331000000.0,0.0,,,
VPB,2017,2,VPB,cash_flow,,,,,,,,4293042000000.0,,,,,,,,,2310519000000.0,-22634000000.0,237292000000.0,,,0.0,0.0,0.0,224606000000.0,-550000000.0,,,,,0.0,-550000000.0,2534575000000.0,9843031000000.0,0.0,12377606000000.0,,108253000000.0,2310519000000.0,0.0,,,
VPB,2017,1,VPB,cash_flow,,,,,,,,3759827000000.0,,,,,,,,,1123141000000.0,-79236000000.0,0.0,,,0.0,0.0,0.0,-79236000000.0,0.0,,,,,0.0,0.0,1043905000000.0,8799126000000.0,0.0,9843031000000.0,,23034000000.0,1123141000000.0,0.0,,,
VPB,2016,4,VPB,cash_flow,,,,,,,,3394530000000.0,,,,,,,,,-4388402000000.0,-102476000000.0,3000000.0,,,0.0,7705000000.0,410000000.0,-94358000000.0,0.0,,,,,0.0,2876960000000.0,-1605800000000.0,10404926000000.0,0.0,8799126000000.0,,187228000000.0,-4388402000000.0,0.0,,,
VPB,2016,3,VPB,cash_flow,,,,,,,,1988094000000.0,,,,,,,,,976564000000.0,-137422000000.0,1691000000.0,,,0.0,0.0,0.0,-135731000000.0,0.0,,,,,-146439000000.0,-146439000000.0,694394000000.0,9710532000000.0,0.0,10404926000000.0,,63187000000.0,976564000000.0,0.0,,,
VPB,2016,2,VPB,cash_flow,,,,,,,,2574829000000.0,,,,,,,,,-5911140000000.0,134872000000.0,-142279000000.0,,,0.0,0.0,0.0,-7407000000.0,0.0,,,,,0.0,0.0,-5918547000000.0,15629079000000.0,0.0,9710532000000.0,,268119000000.0,-5911140000000.0,0.0,,,
VPB,2016,1,VPB,cash_flow,,,,,,,,1653979000000.0,,,,,,,,,3011456000000.0,-194855000000.0,188259000000.0,,,0.0,550000000.0,0.0,-6046000000.0,0.0,,,,,0.0,0.0,3005410000000.0,12623669000000.0,0.0,15629079000000.0,,18636000000.0,3011456000000.0,0.0,,,
VPB,2015,4,VPB,cash_flow,,,,,,,,2159214000000.0,,,,,,,,,-257206000000.0,-111322000000.0,131514000000.0,,,185277000000.0,338902000000.0,1997000000.0,361092000000.0,1000000.0,,,,,0.0,1000000.0,103887000000.0,12519782000000.0,0.0,12623669000000.0,,481961000000.0,-257206000000.0,0.0,,,
VPB,2015,3,VPB,cash_flow,,,,,,,,1352975000000.0,,,,,,,,,-330307000000.0,-30269000000.0,54000000.0,,,-185277000000.0,0.0,347000000.0,-215145000000.0,-1000000.0,,,,,0.0,-1000000.0,-545453000000.0,13065235000000.0,0.0,12519782000000.0,,55506000000.0,-330307000000.0,0.0,,,
VPB,2015,2,VPB,cash_flow,,,,,,,,2422905000000.0,,,,,,,,,1805180000000.0,-39678000000.0,24343000000.0,,,-42500000000.0,43800000000.0,0.0,-13965000000.0,2019690000000.0,,,,,0.0,2019690000000.0,3810905000000.0,9368339000000.0,-114009000000.0,13065235000000.0,,60404000000.0,1805180000000.0,0.0,,,
VPB,2015,1,VPB,cash_flow,,,,,,,,1221754000000.0,,,,,,,,,-39280000000.0,-40845000000.0,0.0,,,42500000000.0,0.0,0.0,1585000000.0,0.0,,,,,0.0,0.0,-37695000000.0,9292025000000.0,114009000000.0,9368339000000.0,,23075000000.0,-39280000000.0,0.0,,,
VPB,2014,4,VPB,cash_flow,,,,,,,,296488000000.0,,,,,,,,,2474125000000.0,185859000000.0,-1381000000.0,,,-1221151000000.0,0.0,1814000000.0,-1034859000000.0,0.0,,,,,0.0,0.0,1439266000000.0,7810065000000.0,42694000000.0,9292025000000.0,,-51519000000.0,2474125000000.0,0.0,,,
VPB,2014,3,VPB,cash_flow,,,,,,,,-89038000000.0,,,,,,,,,443374000000.0,-115286000000.0,2893000000.0,,,0.0,0.0,3358000000.0,-110613000000.0,0.0,,,,,0.0,0.0,332761000000.0,7487005000000.0,-9701000000.0,7810065000000.0,,22097000000.0,443374000000.0,0.0,,,
VPB,2014,2,VPB,cash_flow,,,,,,,,908133000000.0,,,,,,,,,-5442592000000.0,-155346000000.0,383000000.0,,,0.0,0.0,3542000000.0,-151508000000.0,0.0,,,,,0.0,0.0,-5594100000000.0,13116640000000.0,-35535000000.0,7487005000000.0,,17774000000.0,-5442592000000.0,0.0,,,
VPB,2014,1,VPB,cash_flow,,,,,,,,88761000000.0,,,,,,,,,7658235000000.0,-12172000000.0,0.0,,,0.0,0.0,2000000.0,-12171000000.0,0.0,,,,,0.0,0.0,7646064000000.0,5468034000000.0,2542000000.0,13116640000000.0,,4459000000.0,7658235000000.0,0.0,,,
VPB,2013,4,VPB,cash_flow,,,,,,,,1042400000000.0,,,,,,,,,-10196871000000.0,-91636000000.0,11487000000.0,,,140000000.0,0.0,-31982000000.0,-104502000000.0,0.0,,,,,0.0,0.0,-10301373000000.0,15743489000000.0,25918000000.0,5468034000000.0,,75188000000.0,-10196871000000.0,0.0,,,
VPB,2013,3,VPB,cash_flow,,,,,,,,735652000000.0,,,,,,,,,-199753000000.0,-10272000000.0,-10578000000.0,,,-3331000000.0,0.0,32843000000.0,16640000000.0,2500000000000.0,,,,,0.0,2500000000000.0,2316887000000.0,13425433000000.0,1169000000.0,15743489000000.0,,26158000000.0,-199752000000.0,-1000000.0,,,
VPB,2013,2,VPB,cash_flow,,,,,,,,620055000000.0,,,,,,,,,676690000000.0,10382000000.0,3089000000.0,,,-1302000000.0,0.0,10507000000.0,21609000000.0,0.0,,,,,0.0,0.0,698299000000.0,12728568000000.0,-1434000000.0,13425433000000.0,,-29681000000.0,676716000000.0,-26000000.0,,,
VPB,2013,1,VPB,cash_flow,,,,,,,,204179000000.0,,,,,,,,,-5212436000000.0,-21918000000.0,0.0,,,0.0,0.0,260000000.0,-21328000000.0,0.0,,,,,0.0,0.0,-5233764000000.0,17987985000000.0,-25653000000.0,12728568000000.0,,30722000000.0,-5212436000000.0,0.0,,,
TCB,2025,4,TCB,cash_flow,,,,,,,,14320944000000.0,,,,,,,,,38511806000000.0,-148429000000.0,819000000.0,,,-156553000000.0,0.0,1880000000.0,-302339000000.0,-11893017000000.0,,,,,-7084911000000.0,-6871089000000.0,31338378000000.0,159923680000000.0,0.0,191262058000000.0,,186814000000.0,38512984000000.0,-1178000000.0,,,
TCB,2025,3,TCB,cash_flow,,,,,,,,9640762000000.0,,,,,,,,,19633015000000.0,-201513000000.0,840000000.0,,,-43283000000.0,0.0,6497000000.0,-227849000000.0,10730125000000.0,,,,,0.0,10730125000000.0,30135291000000.0,129788389000000.0,0.0,159923680000000.0,,5713000000.0,19633302000000.0,-287000000.0,,,
TCB,2025,2,TCB,cash_flow,,,,,,,,8240200000000.0,,,,,,,,,-7771212000000.0,-271585000000.0,1499000000.0,,,0.0,0.0,31518000000.0,-251094000000.0,1376714000000.0,,,,,0.0,1376714000000.0,-6645592000000.0,136433981000000.0,0.0,129788389000000.0,,6371000000.0,-7771210000000.0,-2000000.0,,,
TCB,2025,1,TCB,cash_flow,,,,,,,,1088680000000.0,,,,,,,,,-11015276000000.0,-35503000000.0,345000000.0,,,0.0,0.0,43000000.0,-35158000000.0,0.0,,,,,0.0,0.0,-11050434000000.0,147484415000000.0,0.0,136433981000000.0,,-102654000000.0,-11014809000000.0,-467000000.0,,,
TCB,2024,4,TCB,cash_flow,,,,,,,,12277494000000.0,,,,,,,,,25033667000000.0,-1052218000000.0,1510044000000.0,,,-55000000000.0,0.0,67000000.0,-846810000000.0,198242000000.0,,,,,0.0,198242000000.0,24385099000000.0,123109810000000.0,-10494000000.0,147484415000000.0,,-1078660000000.0,25033888000000.0,-221000000.0,,,
TCB,2024,3,TCB,cash_flow,,,,,,,,9401189000000.0,,,,,,,,,-1685321000000.0,-286413000000.0,229812000000.0,,,-1278000000.0,0.0,6406000000.0,-50233000000.0,0.0,,,,,-70238000000.0,-70238000000.0,-1805792000000.0,124891909000000.0,23693000000.0,123109810000000.0,,37289000000.0,-1684931000000.0,-390000000.0,,,
TCB,2024,2,TCB,cash_flow,,,,,,,,8016234000000.0,,,,,,,,,5985634000000.0,-200950000000.0,1436000000.0,,,0.0,0.0,58051000000.0,-142741000000.0,2253000000.0,,,,,-5140017000000.0,-5137764000000.0,705129000000.0,124179846000000.0,6934000000.0,124891909000000.0,,-285470000000.0,5987393000000.0,-1759000000.0,,,
TCB,2024,1,TCB,cash_flow,,,,,,,,1342520000000.0,,,,,,,,,13042575000000.0,-79305000000.0,236000000.0,,,0.0,0.0,37000000.0,657185000000.0,0.0,,,,,0.0,0.0,13699760000000.0,110500219000000.0,-20133000000.0,124179846000000.0,,-1032838000000.0,13042784000000.0,-209000000.0,,,
TCB,2023,4,TCB,cash_flow,,,,,,,,8859283000000.0,,,,,,,,,14260693000000.0,-635604000000.0,2677000000.0,,,0.0,0.0,23633000000.0,-18930000000.0,52664000000.0,,,,,854000000.0,52664000000.0,14294427000000.0,96203611000000.0,2181000000.0,110500219000000.0,,-49302000000.0,14262874000000.0,-2181000000.0,,,
TCB,2023,3,TCB,cash_flow,,,,,,,,7336195000000.0,,,,,,,,,22147334000000.0,-128954000000.0,9060000000.0,,,0.0,0.0,8451000000.0,-111443000000.0,-854000000.0,,,,,0.0,0.0,22035891000000.0,74171203000000.0,-3483000000.0,96203611000000.0,,198229000000.0,22147773000000.0,-439000000.0,,,
TCB,2023,2,TCB,cash_flow,,,,,,,,5698260000000.0,,,,,,,,,-2480003000000.0,-395291000000.0,4379000000.0,,,-3033432000000.0,0.0,30000000.0,-3042234000000.0,0.0,,,,,0.0,0.0,-5522237000000.0,79696786000000.0,-3346000000.0,74171203000000.0,,502142000000.0,-2479455000000.0,-548000000.0,,,
TCB,2023,1,TCB,cash_flow,,,,,,,,3045078000000.0,,,,,,,,,-21874737000000.0,-72509000000.0,6040000000.0,,,0.0,0.0,2642000000.0,260141000000.0,854000000.0,,,,,0.0,854000000.0,-21613742000000.0,101305880000000.0,4648000000.0,79696786000000.0,,733547000000.0,-21872892000000.0,-1845000000.0,,,
TCB,2022,4,TCB,cash_flow,,,,,,,,8208947000000.0,,,,,,,,,19130477000000.0,-720321000000.0,41068000000.0,,,0.0,0.0,30000000.0,-679274000000.0,1835000000.0,,,,,0.0,-700059000000.0,17751144000000.0,83562091000000.0,-7355000000.0,101305880000000.0,,149716000000.0,19130887000000.0,-410000000.0,,,
TCB,2022,3,TCB,cash_flow,,,,,,,,8524608000000.0,,,,,,,,,15949913000000.0,-212131000000.0,802000000.0,,,0.0,0.0,6406000000.0,-204923000000.0,61343000000.0,,,,,0.0,63237000000.0,15808227000000.0,67760496000000.0,-6632000000.0,83562091000000.0,,190970000000.0,15950014000000.0,-101000000.0,,,
TCB,2022,2,TCB,cash_flow,,,,,,,,7410004000000.0,,,,,,,,,-4019664000000.0,-64703000000.0,417000000.0,,,0.0,0.0,2292000000.0,-61994000000.0,0.0,,,,,0.0,0.0,-4081658000000.0,71831132000000.0,11022000000.0,67760496000000.0,,66809000000.0,-4015556000000.0,-4108000000.0,,,
TCB,2022,1,TCB,cash_flow,,,,,,,,4870010000000.0,,,,,,,,,24407775000000.0,-112956000000.0,1824000000.0,,,0.0,0.0,48000000.0,-111084000000.0,1894000000.0,,,,,-74648000000.0,-72754000000.0,24223937000000.0,47604230000000.0,2965000000.0,71831132000000.0,,198451000000.0,24408012000000.0,-237000000.0,,,
TCB,2021,4,TCB,cash_flow,,,,,,,,5871991000000.0,,,,,,,,,-9327951000000.0,-279916000000.0,344000000.0,,,0.0,0.0,3981000000.0,-275591000000.0,0.0,,,,,0.0,0.0,-9603542000000.0,57276683000000.0,-15000000.0,47673126000000.0,,417766000000.0,-9322544000000.0,-5407000000.0,,,
TCB,2021,3,TCB,cash_flow,,,,,,,,6337573000000.0,,,,,,,,,17974233000000.0,-179617000000.0,263000000.0,,,-53000000.0,0.0,20000000.0,-179387000000.0,60053000000.0,,,,,0.0,60053000000.0,17854899000000.0,39425237000000.0,-3453000000.0,57276683000000.0,,-41934000000.0,17979457000000.0,-5224000000.0,,,
TCB,2021,2,TCB,cash_flow,,,,,,,,6477851000000.0,,,,,,,,,11205114000000.0,-337391000000.0,56544000000.0,,,-1444000000.0,0.0,21000000.0,-282270000000.0,0.0,,,,,0.0,0.0,10922844000000.0,28500728000000.0,1665000000.0,39425237000000.0,,166744000000.0,11205191000000.0,-77000000.0,,,
TCB,2021,1,TCB,cash_flow,,,,,,,,4351682000000.0,,,,,,,,,-6954278000000.0,-143072000000.0,355000000.0,,,0.0,0.0,21000000.0,-142696000000.0,0.0,,,,,0.0,0.0,-7096974000000.0,35595899000000.0,1803000000.0,28500728000000.0,,273652000000.0,-6954237000000.0,-41000000.0,,,
TCB,2020,4,TCB,cash_flow,,,,,,,,5411007000000.0,,,,,,,,,-478976000000.0,-268085000000.0,801000000.0,,,0.0,0.0,4002000000.0,-263290000000.0,47607000000.0,,,,,-28007000000.0,-137462000000.0,-879728000000.0,36473878000000.0,1749000000.0,35595899000000.0,,387996000000.0,-478858000000.0,-118000000.0,,,
TCB,2020,3,TCB,cash_flow,,,,,,,,4559331000000.0,,,,,,,,,-12204399000000.0,-157104000000.0,831000000.0,,,0.0,0.0,150000000.0,-156674000000.0,0.0,,,,,0.0,0.0,-12361073000000.0,48835595000000.0,-644000000.0,36473878000000.0,,226496000000.0,-12203926000000.0,-473000000.0,,,
TCB,2020,2,TCB,cash_flow,,,,,,,,5488218000000.0,,,,,,,,,-1273819000000.0,-61282000000.0,4847000000.0,,,0.0,0.0,39000000.0,-56396000000.0,0.0,,,,,-37079000000.0,-37079000000.0,-1367294000000.0,50216352000000.0,-13463000000.0,48835595000000.0,,368999000000.0,-1273800000000.0,-19000000.0,,,
TCB,2020,1,TCB,cash_flow,,,,,,,,2172677000000.0,,,,,,,,,3884034000000.0,-194696000000.0,358000000.0,,,0.0,0.0,0.0,-194338000000.0,-5000000.0,,,,,0.0,-5000000.0,3689691000000.0,46514302000000.0,12359000000.0,50216352000000.0,,206942000000.0,3884039000000.0,-5000000.0,,,
TCB,2019,4,TCB,cash_flow,,,,,,,,3519979000000.0,,,,,,,,,1959151000000.0,-84071000000.0,4816000000.0,,,0.0,0.0,20000000.0,-79319000000.0,35428000000.0,,,,,0.0,-2164572000000.0,-284740000000.0,46894017000000.0,26000000.0,46609303000000.0,,13366000000.0,1959387000000.0,-236000000.0,,,
TCB,2019,3,TCB,cash_flow,,,,,,,,2978841000000.0,,,,,,,,,797364000000.0,-53557000000.0,4424000000.0,,,0.0,0.0,4016000000.0,-45271000000.0,0.0,,,,,0.0,-1000000000000.0,-247907000000.0,47141880000000.0,44000000.0,46894017000000.0,,128016000000.0,804973000000.0,-7609000000.0,,,
TCB,2019,2,TCB,cash_flow,,,,,,,,3558892000000.0,,,,,,,,,3716830000000.0,-109638000000.0,799000000.0,,,0.0,0.0,146000000.0,-108693000000.0,-58201000000.0,,,,,0.0,12137000000.0,3620274000000.0,43521850000000.0,-244000000.0,47141880000000.0,,258692000000.0,3718871000000.0,-2041000000.0,,,
TCB,2019,1,TCB,cash_flow,,,,,,,,2950197000000.0,,,,,,,,,6253458000000.0,-10355000000.0,21389000000.0,,,0.0,0.0,34000000.0,11038000000.0,58201000000.0,,,,,0.0,58201000000.0,6322697000000.0,37198979000000.0,174000000.0,43521850000000.0,,84950000000.0,6253485000000.0,-27000000.0,,,
TCB,2018,4,TCB,cash_flow,,,,,,,,3332796000000.0,,,,,,,,,-5302007000000.0,-214783000000.0,0.0,,,0.0,1000000.0,-1000000.0,-214852000000.0,0.0,,,,,0.0,57871000000.0,-5458988000000.0,42604730000000.0,499000000.0,37146241000000.0,,-25779000000.0,-5301948000000.0,-59000000.0,,,
TCB,2018,3,TCB,cash_flow,,,,,,,,2594128000000.0,,,,,,,,,-5809515000000.0,-128196000000.0,-6060000000.0,,,0.0,0.0,0.0,-128042000000.0,0.0,,,,,0.0,-1507761000000.0,-7445318000000.0,50050197000000.0,-149000000.0,42604730000000.0,,114824000000.0,-5809515000000.0,0.0,,,
TCB,2018,2,TCB,cash_flow,,,,,,,,2948562000000.0,,,,,,,,,19534066000000.0,-28496000000.0,4437000000.0,,,894427000000.0,-894428000000.0,276000000.0,-34251000000.0,0.0,,,,,0.0,6517507000000.0,26017322000000.0,24037489000000.0,-4614000000.0,50050197000000.0,,53886000000.0,19534066000000.0,0.0,,,
TCB,2018,1,TCB,cash_flow,,,,,,,,957757000000.0,,,,,,,,,-8163415000000.0,-15166000000.0,2398000000.0,,,0.0,894428000000.0,0.0,883680000000.0,0.0,,,,,0.0,8631761000000.0,1352026000000.0,22681199000000.0,4264000000.0,24037489000000.0,,67951000000.0,-8163415000000.0,0.0,,,
TCB,2017,4,TCB,cash_flow,,,,,,,,6135059000000.0,,,,,,,,,1506258000000.0,-110265000000.0,4953000000.0,,,0.0,300000000.0,63000000.0,-104949000000.0,2099999000000.0,,,,,0.0,4799999000000.0,6201308000000.0,16590726000000.0,411000000.0,22792445000000.0,,62376000000.0,1506497000000.0,-239000000.0,,,
TCB,2017,3,TCB,cash_flow,,,,,,,,1793357000000.0,,,,,,,,,2862344000000.0,-51164000000.0,376000000.0,,,0.0,0.0,271000000.0,-51033000000.0,0.0,,,,,0.0,-4043249000000.0,-1231938000000.0,17803518000000.0,19146000000.0,16590726000000.0,,11282000000.0,2862344000000.0,0.0,,,
TCB,2017,2,TCB,cash_flow,,,,,,,,1651043000000.0,,,,,,,,,-1674643000000.0,-5556000000.0,271000000.0,,,0.0,300000000.0,0.0,-5149000000.0,0.0,,,,,0.0,16328000000.0,-1663464000000.0,18116347000000.0,1350635000000.0,17803518000000.0,,379469000000.0,-1674619000000.0,-24000000.0,,,
TCB,2017,1,TCB,cash_flow,,,,,,,,1388060000000.0,,,,,,,,,4385098000000.0,-8830000000.0,195000000.0,,,0.0,925180000000.0,0.0,916508000000.0,0.0,,,,,0.0,-8164000000.0,5293442000000.0,12816151000000.0,6754000000.0,18116347000000.0,,144944000000.0,4385098000000.0,0.0,,,
TCB,2016,4,TCB,cash_flow,,,,,,,,2170851000000.0,,,,,,,,,1380584000000.0,-136445000000.0,1788000000.0,,,0.0,748000000.0,0.0,-134241000000.0,0.0,,,,,0.0,0.0,1246343000000.0,12941836000000.0,4918000000.0,14193097000000.0,,178126000000.0,1380584000000.0,0.0,,,
TCB,2016,3,TCB,cash_flow,,,,,,,,918162000000.0,,,,,,,,,-976896000000.0,-14435000000.0,214000000.0,,,0.0,710000000.0,0.0,-13577000000.0,0.0,,,,,0.0,0.0,-990473000000.0,13947532000000.0,-15223000000.0,12941836000000.0,,-436604000000.0,-976894000000.0,-2000000.0,,,
TCB,2016,2,TCB,cash_flow,,,,,,,,982875000000.0,,,,,,,,,8808789000000.0,-738664000000.0,257000000.0,,,0.0,17100000000.0,390000000.0,-721064000000.0,0.0,,,,,0.0,0.0,8087725000000.0,12722776000000.0,-12969000000.0,13947532000000.0,,-73510000000.0,8808914000000.0,-125000000.0,,,
TCB,2016,1,TCB,cash_flow,,,,,,,,1880885000000.0,,,,,,,,,-6850751000000.0,-56397000000.0,44000000.0,,,0.0,0.0,80000000.0,-56917000000.0,0.0,,,,,0.0,0.0,-6907668000000.0,19607170000000.0,23274000000.0,12722776000000.0,,342193000000.0,-6850751000000.0,0.0,,,
TCB,2015,4,TCB,cash_flow,,,,,,,,2512989000000.0,,,,,,,,,-5687580000000.0,-46172000000.0,39745000000.0,,,0.0,0.0,-13648000000.0,23012000000.0,0.0,,,,,0.0,0.0,-5664568000000.0,16847696000000.0,6916000000.0,11190044000000.0,,216221000000.0,-5672121000000.0,-15459000000.0,,,
TCB,2015,3,TCB,cash_flow,,,,,,,,926938000000.0,,,,,,,,,454908000000.0,-19742000000.0,46564000000.0,,,1677000000.0,36400000000.0,15306000000.0,37118000000.0,0.0,,,,,0.0,0.0,492026000000.0,16352840000000.0,2830000000.0,16847696000000.0,,182678000000.0,455321000000.0,-413000000.0,,,
TCB,2015,2,TCB,cash_flow,,,,,,,,-446254000000.0,,,,,,,,,6506148000000.0,-25109000000.0,234000000.0,,,-1677000000.0,0.0,8300000000.0,-18089000000.0,0.0,,,,,0.0,0.0,6488059000000.0,9882787000000.0,-18006000000.0,16352840000000.0,,-129415000000.0,6506172000000.0,-24000000.0,,,
TCB,2015,1,TCB,cash_flow,,,,,,,,3382375000000.0,,,,,,,,,-8160437000000.0,-33242000000.0,37000000.0,,,0.0,0.0,857000000.0,-32511000000.0,0.0,,,,,0.0,0.0,-8192948000000.0,18067475000000.0,8260000000.0,9882787000000.0,,327260000000.0,-8159705000000.0,-732000000.0,,,
TCB,2014,4,TCB,cash_flow,,,,,,,,2892932000000.0,,,,,,,,,-5216531000000.0,-121826000000.0,8843000000.0,,,-509005000000.0,0.0,0.0,-630699000000.0,0.0,,,,,0.0,0.0,-5847230000000.0,24127165000000.0,0.0,18279935000000.0,,-110741000000.0,-5215426000000.0,-1105000000.0,,,
TCB,2014,3,TCB,cash_flow,,,,,,,,1167318000000.0,,,,,,,,,5048023000000.0,-32528000000.0,1033000000.0,,,0.0,0.0,2974000000.0,-28521000000.0,0.0,,,,,0.0,0.0,5019502000000.0,19107663000000.0,0.0,24127165000000.0,,154605000000.0,5049019000000.0,-996000000.0,,,
TCB,2014,2,TCB,cash_flow,,,,,,,,838567000000.0,,,,,,,,,2290744000000.0,-28045000000.0,1558000000.0,,,0.0,0.0,1467000000.0,-19215000000.0,0.0,,,,,0.0,0.0,2271529000000.0,16836134000000.0,0.0,19107663000000.0,,5004000000.0,2290860000000.0,-116000000.0,,,
TCB,2014,1,TCB,cash_flow,,,,,,,,897543000000.0,,,,,,,,,-350068000000.0,-5248000000.0,0.0,,,0.0,0.0,552000000.0,-10526000000.0,0.0,,,,,0.0,0.0,-360594000000.0,17196728000000.0,0.0,16836134000000.0,,14405000000.0,-350068000000.0,0.0,,,
TCB,2013,4,TCB,cash_flow,,,,,,,,1165062000000.0,,,,,,,,,-8213314000000.0,-198362000000.0,2837000000.0,,,600000000.0,0.0,-11214000000.0,-201132000000.0,0.0,,,,,0.0,0.0,-8414446000000.0,25611174000000.0,0.0,17196728000000.0,,-298363000000.0,-8214006000000.0,692000000.0,,,
TCB,2013,3,TCB,cash_flow,,,,,,,,1445103000000.0,,,,,,,,,2271459000000.0,-65513000000.0,17000000.0,,,-36400000000.0,0.0,14141000000.0,-92762000000.0,0.0,,,,,0.0,0.0,2178697000000.0,23432477000000.0,0.0,25611174000000.0,,-362584000000.0,2271645000000.0,-186000000.0,,,
TCB,2013,2,TCB,cash_flow,,,,,,,,-346529610000.0,,,,,,,,,2007971930000.0,-24655530000.0,324980000.0,,,-360000.0,0.0,8319290000.0,-16011390000.0,0.0,,,,,0.0,0.0,1991960540000.0,21440516450000.0,0.0,23432476990000.0,,80408360000.0,2008041930000.0,-70000000.0,,,
TCB,2013,1,TCB,cash_flow,,,,,,,,785001610000.0,,,,,,,,,-1152913930000.0,-34627470000.0,82020000.0,,,360000.0,0.0,6006710000.0,-28538610000.0,0.0,,,,,0.0,0.0,-1181452540000.0,22621968990000.0,0.0,21440516450000.0,,-686834360000.0,-1152913930000.0,0.0,,,
MBB,2025,4,MBB,cash_flow,,,,,,,,11056679000000.0,,,,,,,,,127553960000000.0,-854117000000.0,515000000.0,,,521997000000.0,269110000000.0,19652000000.0,-35563000000.0,0.0,,,,,0.0,-3813554000000.0,123704843000000.0,115555146000000.0,0.0,239259989000000.0,,343771000000.0,127695776000000.0,-141816000000.0,,,
MBB,2025,3,MBB,cash_flow,,,,,,,,9900748000000.0,,,,,,,,,10405047000000.0,-452322000000.0,227573000000.0,,,-506943000000.0,-57485000000.0,12470000000.0,-776707000000.0,0.0,,,,,-2072592000000.0,2072408000000.0,11700748000000.0,103854400000000.0,-2000000.0,115555146000000.0,,76201000000.0,10706288000000.0,-301241000000.0,,,
MBB,2025,2,MBB,cash_flow,,,,,,,,11324348000000.0,,,,,,,,,27591549000000.0,-367960000000.0,3035000000.0,,,56245000000.0,57485000000.0,27174000000.0,-224021000000.0,0.0,,,,,0.0,3500000000000.0,30867528000000.0,72986872000000.0,0.0,103854400000000.0,,345874000000.0,27622388000000.0,-30839000000.0,,,
MBB,2025,1,MBB,cash_flow,,,,,,,,7431718000000.0,,,,,,,,,-26075011000000.0,-105862000000.0,166000000.0,,,-71299000000.0,0.0,40000000.0,-176955000000.0,0.0,,,,,0.0,2198563000000.0,-24053403000000.0,97040275000000.0,0.0,72986872000000.0,,175647000000.0,-25928594000000.0,-146417000000.0,,,
MBB,2024,4,MBB,cash_flow,,,,,,,,12636013000000.0,,,,,,,,,15414261000000.0,-910154000000.0,1713000000.0,,,-37651000000.0,4209000000.0,32861000000.0,-909022000000.0,995438000000.0,,,,,-162709000000.0,4992180000000.0,19497419000000.0,77542854000000.0,0.0,97040273000000.0,,508424000000.0,15569567000000.0,-155306000000.0,,,
MBB,2024,3,MBB,cash_flow,,,,,,,,6610835000000.0,,,,,,,,,-20490106000000.0,-532734000000.0,3036000000.0,,,0.0,4337000000.0,-3507000000.0,-528868000000.0,0.0,,,,,0.0,395103000000.0,-20623871000000.0,98166725000000.0,0.0,77542854000000.0,,156241000000.0,-20422349000000.0,-67757000000.0,,,
MBB,2024,2,MBB,cash_flow,,,,,,,,6232242000000.0,,,,,,,,,12386261000000.0,-291321000000.0,2149000000.0,,,-24082000000.0,33022000000.0,21761000000.0,-258471000000.0,115007000000.0,,,,,-2643542000000.0,2322465000000.0,14450255000000.0,83716470000000.0,0.0,98166725000000.0,,56968000000.0,12467153000000.0,-80892000000.0,,,
MBB,2024,1,MBB,cash_flow,,,,,,,,4484806000000.0,,,,,,,,,-25886800000000.0,-567487000000.0,29000000.0,,,24082000000.0,0.0,1528000000.0,-541848000000.0,0.0,,,,,0.0,1050000000000.0,-25378648000000.0,109095118000000.0,0.0,83716470000000.0,,100700000000.0,-25842466000000.0,-44334000000.0,,,
MBB,2023,4,MBB,cash_flow,,,,,,,,9732628000000.0,,,,,,,,,50354548000000.0,-494669000000.0,449000000.0,,,24496000000.0,0.0,7890000000.0,-461834000000.0,0.0,,,,,0.0,3149000000000.0,53041714000000.0,56053404000000.0,0.0,109095118000000.0,,174320000000.0,50422238000000.0,-67690000000.0,,,
MBB,2023,3,MBB,cash_flow,,,,,,,,9295028000000.0,,,,,,,,,14594737000000.0,-265640000000.0,0.0,,,10180000000.0,-613000000.0,12612000000.0,-243461000000.0,0.0,,,,,-2266993000000.0,-1966993000000.0,12384283000000.0,43669121000000.0,0.0,56053404000000.0,,187902000000.0,14717425000000.0,-122688000000.0,,,
MBB,2023,2,MBB,cash_flow,,,,,,,,7053119000000.0,,,,,,,,,-1889313000000.0,-538486000000.0,500000000.0,,,-613000000.0,613000000.0,33369000000.0,-504617000000.0,0.0,,,,,0.0,0.0,-2393930000000.0,46063051000000.0,0.0,43669121000000.0,,219739000000.0,-1864017000000.0,-25296000000.0,,,
MBB,2023,1,MBB,cash_flow,,,,,,,,5253670000000.0,,,,,,,,,-21765360000000.0,-356591000000.0,2765000000.0,,,-44887000000.0,0.0,3212000000.0,-395501000000.0,0.0,,,,,0.0,0.0,-22160861000000.0,68223912000000.0,0.0,46063051000000.0,,131420000000.0,-21731654000000.0,-33706000000.0,,,
MBB,2022,4,MBB,cash_flow,,,,,,,,8531553000000.0,,,,,,,,,22377386000000.0,-962001000000.0,145000000.0,,,0.0,-99974000000.0,5155000000.0,-1056675000000.0,0.0,,,,,0.0,200000000000.0,21520711000000.0,46703201000000.0,0.0,68223912000000.0,,47375000000.0,22411790000000.0,-34404000000.0,,,
MBB,2022,3,MBB,cash_flow,,,,,,,,7351434000000.0,,,,,,,,,-22193036000000.0,-317591000000.0,962000000.0,,,114000000.0,-117000000.0,5115000000.0,-311517000000.0,0.0,,,,,0.0,130000000000.0,-22374553000000.0,69077754000000.0,0.0,46703201000000.0,,174305000000.0,-22167343000000.0,-25693000000.0,,,
MBB,2022,2,MBB,cash_flow,,,,,,,,6679163000000.0,,,,,,,,,10547728000000.0,-276421000000.0,914000000.0,,,-49304000000.0,271040000000.0,120245000000.0,66474000000.0,0.0,,,,,0.0,1790000000000.0,12404202000000.0,56673552000000.0,0.0,69077754000000.0,,80192000000.0,10581269000000.0,-33541000000.0,,,
MBB,2022,1,MBB,cash_flow,,,,,,,,6537955000000.0,,,,,,,,,-8855749000000.0,-192093000000.0,27000000.0,,,49190000000.0,0.0,1426000000.0,-141450000000.0,0.0,,,,,0.0,0.0,-8997199000000.0,65670751000000.0,0.0,56673552000000.0,,189472000000.0,-8713801000000.0,-141948000000.0,,,
MBB,2021,4,MBB,cash_flow,,,,,,,,5376305000000.0,,,,,,,,,7187696000000.0,-448485000000.0,4300000000.0,,,0.0,4212000000.0,37607000000.0,-402366000000.0,0.0,,,,,0.0,0.0,6785330000000.0,58885421000000.0,0.0,65670751000000.0,,221982000000.0,7250063000000.0,-62367000000.0,,,
MBB,2021,3,MBB,cash_flow,,,,,,,,4749747000000.0,,,,,,,,,15858210000000.0,-238132000000.0,2907000000.0,,,9613000000.0,-9751000000.0,13300000000.0,-222063000000.0,0.0,,,,,0.0,0.0,15636147000000.0,43249274000000.0,0.0,58885421000000.0,,90001000000.0,16061107000000.0,-202897000000.0,,,
MBB,2021,2,MBB,cash_flow,,,,,,,,5930590000000.0,,,,,,,,,-1798998000000.0,-278120000000.0,135000000.0,,,-12220000000.0,18830000000.0,33072000000.0,-238303000000.0,0.0,,,,,0.0,0.0,-2037301000000.0,45286575000000.0,0.0,43249274000000.0,,135741000000.0,-1675353000000.0,-123645000000.0,,,
MBB,2021,1,MBB,cash_flow,,,,,,,,5172930000000.0,,,,,,,,,-16778610000000.0,-295131000000.0,519000000.0,,,2607000000.0,0.0,30856000000.0,-261149000000.0,0.0,,,,,0.0,0.0,-17039759000000.0,62326334000000.0,0.0,45286575000000.0,,109363000000.0,-16748174000000.0,-30436000000.0,,,
MBB,2020,4,MBB,cash_flow,,,,,,,,3783260000000.0,,,,,,,,,30312278000000.0,-30955000000.0,648000000.0,,,7221000000.0,-35338000000.0,6746000000.0,-51678000000.0,0.0,,,,,0.0,0.0,30260600000000.0,32065734000000.0,0.0,62326334000000.0,,-151257000000.0,30466443000000.0,-154165000000.0,,,
MBB,2020,3,MBB,cash_flow,,,,,,,,3138971000000.0,,,,,,,,,-11368623000000.0,-226260000000.0,3997000000.0,,,3000000.0,595000000.0,16270000000.0,-205395000000.0,0.0,,,,,0.0,0.0,-11574018000000.0,43639752000000.0,0.0,32065734000000.0,,81798000000.0,-11324763000000.0,-43860000000.0,,,
MBB,2020,2,MBB,cash_flow,,,,,,,,-4267638000000.0,,,,,,,,,-4293431000000.0,-213130000000.0,75000000.0,,,-3000000.0,34743000000.0,68274000000.0,-110041000000.0,-100746000000.0,,,,,0.0,1000000.0,-4403471000000.0,48043223000000.0,0.0,43639752000000.0,,90436000000.0,-4279052000000.0,-14379000000.0,,,
MBB,2020,1,MBB,cash_flow,,,,,,,,12671696000000.0,,,,,,,,,25647000000.0,-288920000000.0,19000000.0,,,0.0,0.0,1221000000.0,-287680000000.0,1820668000000.0,,,,,0.0,2292983000000.0,2030950000000.0,46012273000000.0,0.0,48043223000000.0,,54080000000.0,41931000000.0,-16284000000.0,,,
MBB,2019,4,MBB,cash_flow,,,,,,,,3582148000000.0,,,,,,,,,-1505363000000.0,-216516000000.0,1968000000.0,,,606000000.0,591000000.0,19672000000.0,-193679000000.0,432090000000.0,,,,,0.0,432090000000.0,-1266952000000.0,47279225000000.0,0.0,46012273000000.0,,36475000000.0,-1374995000000.0,-130368000000.0,,,
MBB,2019,3,MBB,cash_flow,,,,,,,,4102531000000.0,,,,,,,,,-2490589000000.0,-145094000000.0,77000000.0,,,-606000000.0,0.0,14947000000.0,-130676000000.0,0.0,,,,,0.0,0.0,-2621265000000.0,49900490000000.0,0.0,47279225000000.0,,62685000000.0,-2458824000000.0,-31765000000.0,,,
MBB,2019,2,MBB,cash_flow,,,,,,,,4111108000000.0,,,,,,,,,7299387000000.0,-235822000000.0,719000000.0,,,-89900000000.0,0.0,42880000000.0,-282123000000.0,0.0,,,,,-267507000000.0,-1304219000000.0,5713045000000.0,44187445000000.0,0.0,49900490000000.0,,42979000000.0,7316098000000.0,-16711000000.0,,,
MBB,2019,1,MBB,cash_flow,,,,,,,,3191662000000.0,,,,,,,,,-2444678000000.0,-70018000000.0,141000000.0,,,89900000000.0,0.0,728000000.0,20751000000.0,0.0,,,,,-1036712000000.0,-1036712000000.0,-3460639000000.0,47648084000000.0,0.0,44187445000000.0,,20156000000.0,-2416701000000.0,-27977000000.0,,,
MBB,2018,4,MBB,cash_flow,,,,,,,,2536911000000.0,,,,,,,,,6593512000000.0,-181243000000.0,-22605000000.0,,,-259299000000.0,0.0,-12490000000.0,-475637000000.0,0.0,,,,,0.0,0.0,6117875000000.0,41530209000000.0,0.0,47648084000000.0,,297419000000.0,6748347000000.0,-154835000000.0,,,
MBB,2018,3,MBB,cash_flow,,,,,,,,1773054000000.0,,,,,,,,,-433736000000.0,-190162000000.0,31000000.0,,,290766000000.0,0.0,2601000000.0,103236000000.0,0.0,,,,,0.0,0.0,-330500000000.0,41860709000000.0,0.0,41530209000000.0,,46150000000.0,-398073000000.0,-35663000000.0,,,
MBB,2018,2,MBB,cash_flow,,,,,,,,2311489000000.0,,,,,,,,,7053483000000.0,-52493000000.0,26987000000.0,,,245503000000.0,0.0,30843000000.0,250195000000.0,0.0,,,,,-3289000000.0,-3289000000.0,7300389000000.0,34560320000000.0,0.0,41860709000000.0,,551153000000.0,7869788000000.0,-816305000000.0,,,
MBB,2018,1,MBB,cash_flow,,,,,,,,2609192000000.0,,,,,,,,,-10608607000000.0,-60068000000.0,1346000000.0,,,-246986000000.0,0.0,9224000000.0,-295839000000.0,0.0,,,,,-1089303000000.0,-1089303000000.0,-11993749000000.0,46554069000000.0,0.0,34560320000000.0,,-400253000000.0,-11305651000000.0,697044000000.0,,,
MBB,2017,4,MBB,cash_flow,,,,,,,,3346588000000.0,,,,,,,,,5346025000000.0,-145401000000.0,100073000000.0,,,-486349000000.0,0.0,5015000000.0,-533955000000.0,171275000000.0,,,,,91147000000.0,262422000000.0,5074492000000.0,40506879000000.0,0.0,45581371000000.0,,-459987000000.0,5217260000000.0,128765000000.0,,,
MBB,2017,3,MBB,cash_flow,,,,,,,,1065857000000.0,,,,,,,,,13161404000000.0,-3264000000.0,1342000000.0,,,-397949000000.0,-980000000.0,24483000000.0,-375614000000.0,0.0,,,,,-110309000000.0,-110309000000.0,12675481000000.0,27831398000000.0,0.0,40506879000000.0,,-525710000000.0,13414565000000.0,-253161000000.0,,,
MBB,2017,2,MBB,cash_flow,,,,,,,,2030748000000.0,,,,,,,,,9467836000000.0,-213730000000.0,-1342000000.0,,,-134951000000.0,980000000.0,27219000000.0,-322578000000.0,0.0,,,,,-3812000000.0,-3812000000.0,9141446000000.0,18689952000000.0,0.0,27831398000000.0,,-441793000000.0,9476050000000.0,-8214000000.0,,,
MBB,2017,1,MBB,cash_flow,,,,,,,,1299757000000.0,,,,,,,,,-2900967000000.0,-140542000000.0,54000000.0,,,-92339000000.0,0.0,5441000000.0,-226632000000.0,0.0,,,,,-1031519000000.0,-1031519000000.0,-4159118000000.0,22849070000000.0,0.0,18689952000000.0,,-455204000000.0,-2862824000000.0,-38143000000.0,,,
MBB,2016,4,MBB,cash_flow,,,,,,,,1167464000000.0,,,,,,,,,-138203000000.0,346949000000.0,-47772000000.0,,,0.0,463123000000.0,-24620000000.0,722869000000.0,0.0,,,,,-18335000000.0,-18335000000.0,566331000000.0,22282739000000.0,0.0,22849070000000.0,,-318613000000.0,-58504000000.0,-79699000000.0,,,
MBB,2016,3,MBB,cash_flow,,,,,,,,1280168000000.0,,,,,,,,,3387416000000.0,-746311000000.0,310346000000.0,,,-278421000000.0,0.0,30987000000.0,-668588000000.0,0.0,,,,,-993000000.0,-993000000.0,2717835000000.0,19564904000000.0,0.0,22282739000000.0,,-542545000000.0,3416964000000.0,-29548000000.0,,,
MBB,2016,2,MBB,cash_flow,,,,,,,,1317549000000.0,,,,,,,,,-1343701000000.0,-24025000000.0,-314616000000.0,,,0.0,140467000000.0,51188000000.0,-118169000000.0,-421491000000.0,,,,,-1865000000.0,-423356000000.0,-1885226000000.0,21450130000000.0,0.0,19564904000000.0,,-274124000000.0,-1316507000000.0,-27194000000.0,,,
MBB,2016,1,MBB,cash_flow,,,,,,,,1693127000000.0,,,,,,,,,-5414337000000.0,-137338000000.0,341719000000.0,,,0.0,261906000000.0,4131000000.0,441601000000.0,421491000000.0,,,,,-992000000.0,420499000000.0,-4552237000000.0,26002367000000.0,0.0,21450130000000.0,,-403126000000.0,-5384935000000.0,-29402000000.0,,,
MBB,2015,4,MBB,cash_flow,,,,,,,,1811888000000.0,,,,,,,,,2116581000000.0,-180527000000.0,-291317000000.0,,,-42894000000.0,0.0,15642000000.0,-537001000000.0,-1000000.0,,,,,3749000000.0,3748000000.0,1583328000000.0,24419038000000.0,0.0,26002366000000.0,,-478498000000.0,2050217000000.0,66364000000.0,,,
MBB,2015,3,MBB,cash_flow,,,,,,,,-280718000000.0,,,,,,,,,-1009789000000.0,-17380000000.0,280501000000.0,,,-81162000000.0,0.0,16624000000.0,198583000000.0,4438348000000.0,,,,,-580543000000.0,3857805000000.0,3046599000000.0,21372439000000.0,0.0,24419038000000.0,,-336052000000.0,-829596000000.0,-180193000000.0,,,
MBB,2015,2,MBB,cash_flow,,,,,,,,1962126000000.0,,,,,,,,,9255842000000.0,-19169000000.0,-278237000000.0,,,-17455000000.0,0.0,52229000000.0,-262632000000.0,0.0,,,,,-1620000000.0,-1620000000.0,8991590000000.0,12380849000000.0,0.0,21372439000000.0,,-311207000000.0,9263569000000.0,-7727000000.0,,,
MBB,2015,1,MBB,cash_flow,,,,,,,,1616685000000.0,,,,,,,,,-7915215000000.0,-70057000000.0,278594000000.0,,,-53211000000.0,0.0,7184000000.0,162510000000.0,0.0,,,,,0.0,0.0,-7752705000000.0,20133554000000.0,0.0,12380849000000.0,,-240726000000.0,-7868483000000.0,-46732000000.0,,,
MBB,2014,4,MBB,cash_flow,,,,,,,,1234826154078.0,,,,,,,,,2587573685201.0,-149300908174.0,0.0,,,0.0,75270845759.0,22603744239.0,-145831453608.0,0.0,,,,,-800751993926.0,-800751993926.0,1640990237667.0,18492563920725.0,0.0,20133554158392.0,,-369335722500.0,1993997407468.0,593576277733.0,,,
MBB,2014,3,MBB,cash_flow,,,,,,,,922529090476.0,,,,,,,,,1302678834242.0,-68266326425.0,-57239811.0,,,0.0,-62133755097.0,3294741131.0,-124926956179.0,0.0,,,,,-9589090860.0,-9589090860.0,1168162787203.0,17324401133522.0,0.0,18492563920725.0,,-303489586991.0,1969710685585.0,-667031851343.0,,,
MBB,2014,2,MBB,cash_flow,,,,,,,,1433063770277.0,,,,,,,,,727274861061.0,-103401996894.0,-2185940986.0,,,0.0,7846917726.0,42131245101.0,-57700233999.0,0.0,,,,,9589090860.0,9589090860.0,679163717922.0,16645237415600.0,0.0,17324401133522.0,,-284401015418.0,739986985124.0,-12712124063.0,,,
MBB,2014,1,MBB,cash_flow,,,,,,,,1473116988383.0,,,,,,,,,4066261258927.0,-40340885142.0,2243180797.0,,,0.0,73480750033.0,2268159400.0,37651205088.0,0.0,,,,,0.0,0.0,4103912464015.0,12541324951585.0,0.0,16645237415600.0,,-217359725175.0,4096139622362.0,-29878363435.0,,,
MBB,2013,4,MBB,cash_flow,,,,,,,,82576488530.0,,,,,,,,,-486496171194.0,-77997806125.0,1690782554.0,,,-30958101336.0,0.0,34667871387.0,-86709433248.0,631250000000.0,,,,,-850000000000.0,-218749999620.0,-791955604062.0,13267325721599.0,0.0,12475370117537.0,,-457000569959.0,-434445090094.0,-52051081100.0,,,
MBB,2013,3,MBB,cash_flow,,,,,,,,882261504771.0,,,,,,,,,3288374629019.0,-91063225132.0,818838493.0,,,-68575677946.0,0.0,-8805605059.0,-168365630957.0,0.0,,,,,296893373.0,18484381928.0,3138493379990.0,10128832341609.0,0.0,13267325721599.0,,-411359961866.0,3318765004661.0,-30390375642.0,,,
MBB,2013,2,MBB,cash_flow,,,,,,,,1686597280757.0,,,,,,,,,-12650399744451.0,-350613976219.0,44926436227.0,,,-10599477467.0,0.0,60713654318.0,-281373363141.0,625000000000.0,,,,,-837796893373.0,-212796893373.0,-13144570000965.0,23273402342574.0,0.0,10128832341609.0,,-134428743872.0,-12626784516403.0,-23615228048.0,,,
MBB,2013,1,MBB,cash_flow,,,,,,,,1153577752290.0,,,,,,,,,-5217561139527.0,-121411105193.0,132442937.0,,,80345167337.0,0.0,1991434400.0,-38942060519.0,0.0,,,,,625000000000.0,625000000000.0,-4631503200046.0,27904905542620.0,0.0,23273402342574.0,,-252572820797.0,-5203185030675.0,-14376108852.0,,,
MBB,2012,4,MBB,cash_flow,,,,,,,,0.0,,,,,,,,,0.0,0.0,0.0,,,0.0,0.0,0.0,0.0,0.0,,,,,0.0,0.0,0.0,0.0,0.0,0.0,,0.0,0.0,0.0,,,
MBB,2012,2,MBB,cash_flow,,,,,,,,1879474429290.0,,,,,,,,,-1473436370381.0,-49650455303.0,423283395.0,,,-128824900000.0,11154656885.0,25492769784.0,5655099836927.0,0.0,,,,,-638000000000.0,-650009715118.0,3531653751428.0,37270254726685.0,10212750000.0,40812121228113.0,,-138808869736.0,-1246874509355.0,-226561861026.0,,,
MBB,2012,1,MBB,cash_flow,,,,,,,,0.0,,,,,,,,,0.0,0.0,0.0,,,0.0,0.0,0.0,0.0,0.0,,,,,0.0,0.0,0.0,0.0,0.0,0.0,,0.0,0.0,0.0,,,
MBB,2011,4,MBB,cash_flow,,,,,,,,0.0,,,,,,,,,0.0,0.0,0.0,,,0.0,0.0,0.0,0.0,0.0,,,,,0.0,0.0,0.0,0.0,0.0,0.0,,0.0,0.0,0.0,,,
MBB,2011,3,MBB,cash_flow,,,,,,,,0.0,,,,,,,,,0.0,0.0,0.0,,,0.0,0.0,0.0,0.0,0.0,,,,,0.0,0.0,0.0,0.0,0.0,0.0,,0.0,0.0,0.0,,,
MBB,2011,2,MBB,cash_flow,,,,,,,,981670025887.0,,,,,,,,,-2012168826349.0,-281239142518.0,5407999998.0,,,848990061061.0,-1134690517182.0,36101670681.0,-178795156978.0,0.0,,,,,321949994129.0,183717903460.0,-2007246079867.0,33349980288925.0,0.0,31342734209058.0,,-217993635713.0,-1935064800913.0,-77104025436.0,,,
ACB,2025,4,ACB,cash_flow,,,,,,,,4866737000000.0,,,,,,,,,49350984000000.0,-323105000000.0,145000000.0,,,0.0,52078000000.0,40090000000.0,-213690000000.0,0.0,,,,,0.0,0.0,49137294000000.0,113756964000000.0,319534000000.0,163213792000000.0,,-137157000000.0,49444976000000.0,-93992000000.0,,,
ACB,2025,3,ACB,cash_flow,,,,,,,,4635312000000.0,,,,,,,,,-11390620000000.0,-96628000000.0,94000000.0,,,0.0,0.0,16424000000.0,132930000000.0,0.0,,,,,0.0,0.0,-11257690000000.0,125090372000000.0,-75718000000.0,113756964000000.0,,-487112000000.0,-11377172000000.0,-13448000000.0,,,
ACB,2025,2,ACB,cash_flow,,,,,,,,6391359000000.0,,,,,,,,,-5490596000000.0,-101469000000.0,71097000000.0,,,0.0,0.0,59787000000.0,-46535000000.0,0.0,,,,,-4466658000000.0,-4466658000000.0,-10003789000000.0,135272610000000.0,-178449000000.0,125090372000000.0,,283064000000.0,-5482009000000.0,-8587000000.0,,,
ACB,2025,1,ACB,cash_flow,,,,,,,,2203592000000.0,,,,,,,,,-4309694000000.0,-180662000000.0,869000000.0,,,0.0,0.0,2856000000.0,-176937000000.0,0.0,,,,,0.0,0.0,-4486631000000.0,139824608000000.0,-65367000000.0,135272610000000.0,,118371000000.0,-4295847000000.0,-13847000000.0,,,
ACB,2024,4,ACB,cash_flow,,,,,,,,3704555000000.0,,,,,,,,,37519564000000.0,-418950000000.0,67294000000.0,,,-3507000000.0,3507000000.0,13162000000.0,-338494000000.0,0.0,,,,,0.0,0.0,37181070000000.0,102581485000000.0,62053000000.0,139824608000000.0,,-167523000000.0,37520087000000.0,-523000000.0,,,
ACB,2024,3,ACB,cash_flow,,,,,,,,5587994000000.0,,,,,,,,,-16528903000000.0,-118764000000.0,775000000.0,,,3507000000.0,0.0,10063000000.0,-104419000000.0,0.0,,,,,0.0,0.0,-16633322000000.0,119023619000000.0,191188000000.0,102581485000000.0,,10399000000.0,-16528423000000.0,-480000000.0,,,
ACB,2024,2,ACB,cash_flow,,,,,,,,6515731000000.0,,,,,,,,,-3150040000000.0,-347301000000.0,79642000000.0,,,0.0,0.0,6746000000.0,-260913000000.0,0.0,,,,,-3884051000000.0,-3884051000000.0,-7295004000000.0,126501216000000.0,-182593000000.0,119023619000000.0,,106418000000.0,-3149944000000.0,-96000000.0,,,
ACB,2024,1,ACB,cash_flow,,,,,,,,901606000000.0,,,,,,,,,-9470390000000.0,-34725000000.0,154000000.0,,,0.0,0.0,5087000000.0,-29484000000.0,0.0,,,,,0.0,0.0,-9499874000000.0,136071738000000.0,-70648000000.0,126501216000000.0,,-113383000000.0,-9470240000000.0,-150000000.0,,,
ACB,2023,4,ACB,cash_flow,,,,,,,,4366643000000.0,,,,,,,,,23999995000000.0,-778517000000.0,1571000000.0,,,0.0,0.0,5840000000.0,-771106000000.0,0.0,,,,,0.0,0.0,23228889000000.0,112718456000000.0,124393000000.0,136071738000000.0,,-123976000000.0,24000778000000.0,-783000000.0,,,
ACB,2023,3,ACB,cash_flow,,,,,,,,5957868000000.0,,,,,,,,,5154124000000.0,-144086000000.0,467000000.0,,,0.0,0.0,36910000000.0,-106709000000.0,0.0,,,,,0.0,0.0,5047415000000.0,107750512000000.0,-79471000000.0,112718456000000.0,,48709000000.0,5154308000000.0,-184000000.0,,,
ACB,2023,2,ACB,cash_flow,,,,,,,,5441896000000.0,,,,,,,,,14418612000000.0,-213810000000.0,1139000000.0,,,0.0,0.0,1154000000.0,-211517000000.0,0.0,,,,,-3377435000000.0,-3377435000000.0,10829660000000.0,96922247000000.0,-1395000000.0,107750512000000.0,,23798000000.0,14418845000000.0,-233000000.0,,,
ACB,2023,1,ACB,cash_flow,,,,,,,,3655575000000.0,,,,,,,,,-6426636000000.0,-149733000000.0,861000000.0,,,0.0,0.0,31051000000.0,-117821000000.0,0.0,,,,,0.0,0.0,-6544457000000.0,103510231000000.0,-43527000000.0,96922247000000.0,,33126000000.0,-6426336000000.0,-300000000.0,,,
ACB,2022,4,ACB,cash_flow,,,,,,,,3998583000000.0,,,,,,,,,30966897000000.0,-207854000000.0,1793000000.0,,,0.0,5951000000.0,15522000000.0,-184588000000.0,0.0,,,,,0.0,0.0,30782309000000.0,72894066000000.0,-166147000000.0,103510228000000.0,,32474000000.0,31167553000000.0,-200656000000.0,,,
ACB,2022,3,ACB,cash_flow,,,,,,,,5104535000000.0,,,,,,,,,2913112000000.0,-177344000000.0,1027000000.0,,,0.0,0.0,13071000000.0,-77882000000.0,0.0,,,,,0.0,0.0,2835230000000.0,69977128000000.0,81708000000.0,72894066000000.0,,37497000000.0,2913363000000.0,-251000000.0,,,
ACB,2022,2,ACB,cash_flow,,,,,,,,3717164000000.0,,,,,,,,,-4100991000000.0,-42821000000.0,1018000000.0,,,0.0,500000000.0,28499000000.0,-12804000000.0,0.0,,,,,0.0,0.0,-4113795000000.0,74021373000000.0,69550000000.0,69977128000000.0,,48809000000.0,-4100834000000.0,-157000000.0,,,
ACB,2022,1,ACB,cash_flow,,,,,,,,3593628000000.0,,,,,,,,,-8504479000000.0,-83494000000.0,903000000.0,,,-10520000000.0,0.0,2507000000.0,-90604000000.0,0.0,,,,,0.0,0.0,-8595083000000.0,82601567000000.0,14889000000.0,74021373000000.0,,33269000000.0,-8504080000000.0,-399000000.0,,,
ACB,2021,4,ACB,cash_flow,,,,,,,,2051001000000.0,,,,,,,,,23630380000000.0,-263261000000.0,613000000.0,,,0.0,0.0,5724000000.0,-256924000000.0,0.0,,,,,0.0,-2884000000000.0,20489456000000.0,62123133000000.0,-11022000000.0,82601567000000.0,,16989000000.0,23630638000000.0,-258000000.0,,,
ACB,2021,3,ACB,cash_flow,,,,,,,,3356786000000.0,,,,,,,,,12722016000000.0,-50349000000.0,0.0,,,0.0,0.0,9939000000.0,-40410000000.0,0.0,,,,,0.0,0.0,12681606000000.0,49440951000000.0,576000000.0,62123133000000.0,,-9741000000.0,12722291000000.0,-275000000.0,,,
ACB,2021,2,ACB,cash_flow,,,,,,,,4062063000000.0,,,,,,,,,2310032000000.0,-229438000000.0,1886000000.0,,,0.0,0.0,2822000000.0,-224730000000.0,0.0,,,,,0.0,0.0,2085302000000.0,47342974000000.0,12675000000.0,49440951000000.0,,-93442000000.0,2310412000000.0,-380000000.0,,,
ACB,2021,1,ACB,cash_flow,,,,,,,,2856723000000.0,,,,,,,,,1263471000000.0,-93052000000.0,766000000.0,,,0.0,0.0,3494000000.0,59661000000.0,0.0,,,,,0.0,0.0,1323132000000.0,46022071000000.0,-2229000000.0,47342974000000.0,,-8770000000.0,1264041000000.0,-570000000.0,,,
ACB,2020,4,ACB,cash_flow,,,,,,,,1105400000000.0,,,,,,,,,9308715000000.0,-217839000000.0,711000000.0,,,0.0,0.0,11490000000.0,-198918000000.0,0.0,,,,,0.0,-170000000000.0,8939797000000.0,37102622000000.0,-20348000000.0,46022071000000.0,,1450000000.0,9309345000000.0,-630000000.0,,,
ACB,2020,3,ACB,cash_flow,,,,,,,,2222122000000.0,,,,,,,,,-6406591000000.0,-54749000000.0,1129000000.0,,,0.0,0.0,96000000.0,-53524000000.0,0.0,,,,,0.0,0.0,-6460115000000.0,43550786000000.0,11951000000.0,37102622000000.0,,51016000000.0,-6406401000000.0,-190000000.0,,,
ACB,2020,2,ACB,cash_flow,,,,,,,,2831238000000.0,,,,,,,,,3988026000000.0,-50451000000.0,526000000.0,,,0.0,0.0,5551000000.0,-44374000000.0,0.0,,,,,0.0,-600000000.0,3943052000000.0,39609309000000.0,-1575000000.0,43550786000000.0,,982000000.0,3988141000000.0,-115000000.0,,,
ACB,2020,1,ACB,cash_flow,,,,,,,,3529624000000.0,,,,,,,,,3989111000000.0,-100093000000.0,970000000.0,,,0.0,0.0,436000000.0,-98687000000.0,0.0,,,,,0.0,30000000000.0,3920424000000.0,35678913000000.0,9972000000.0,39609309000000.0,,14539000000.0,3989332000000.0,-221000000.0,,,
ACB,2019,4,ACB,cash_flow,,,,,,,,966954000000.0,,,,,,,,,3798672000000.0,-146777000000.0,16843000000.0,,,0.0,54000000000.0,0.0,-215273000000.0,0.0,,,,,0.0,1033523000000.0,4616922000000.0,31060557000000.0,1434000000.0,35678913000000.0,,31591000000.0,3799366000000.0,-694000000.0,,,
ACB,2019,3,ACB,cash_flow,,,,,,,,1989071000000.0,,,,,,,,,-4763981000000.0,-114859000000.0,3985000000.0,,,0.0,0.0,16957000000.0,-93917000000.0,0.0,,,,,0.0,0.0,-4857898000000.0,35937063000000.0,-18608000000.0,31060557000000.0,,12778000000.0,-4763817000000.0,-164000000.0,,,
ACB,2019,2,ACB,cash_flow,,,,,,,,2380815000000.0,,,,,,,,,-292110000000.0,-134877000000.0,1214000000.0,,,0.0,0.0,9370000000.0,-124293000000.0,0.0,,,,,0.0,0.0,-416403000000.0,36335949000000.0,17517000000.0,35937063000000.0,,13166000000.0,-291835000000.0,-275000000.0,,,
ACB,2019,1,ACB,cash_flow,,,,,,,,2371137000000.0,,,,,,,,,7059907000000.0,-126334000000.0,93000000.0,,,0.0,4100000000.0,2195000000.0,-119946000000.0,0.0,,,,,0.0,0.0,6939961000000.0,29396331000000.0,-343000000.0,36335949000000.0,,8803000000.0,7060100000000.0,-193000000.0,,,
ACB,2018,4,ACB,cash_flow,,,,,,,,1258733000000.0,,,,,,,,,416738000000.0,-137038000000.0,855000000.0,,,0.0,24000000000.0,1605000000.0,-134789000000.0,0.0,,,,,0.0,2167000000000.0,2448949000000.0,26813502000000.0,133880000000.0,29396331000000.0,,6591000000.0,417282000000.0,-544000000.0,,,
ACB,2018,3,ACB,cash_flow,,,,,,,,1431546000000.0,,,,,,,,,2911281000000.0,-97084000000.0,177000000.0,,,0.0,10000000000.0,11381000000.0,-61486000000.0,0.0,,,,,0.0,0.0,2849795000000.0,24073193000000.0,-109486000000.0,26813502000000.0,,-156266000000.0,2912492000000.0,-1211000000.0,,,
ACB,2018,2,ACB,cash_flow,,,,,,,,1906304000000.0,,,,,,,,,1856541000000.0,-37641000000.0,-3972000000.0,,,0.0,0.0,8206000000.0,-13047000000.0,3000000000000.0,,,,,-100000000000.0,-100000000000.0,1743494000000.0,22356020000000.0,-26321000000.0,24073193000000.0,,72070000000.0,1857084000000.0,-543000000.0,,,
ACB,2018,1,ACB,cash_flow,,,,,,,,2548677000000.0,,,,,,,,,6720617000000.0,-101782000000.0,27565000000.0,,,0.0,0.0,9040000000.0,-65177000000.0,-3000000000000.0,,,,,0.0,-3000000000000.0,3655440000000.0,18698653000000.0,1927000000.0,22356020000000.0,,122306000000.0,6723524000000.0,-2907000000.0,,,
ACB,2017,4,ACB,cash_flow,,,,,,,,1209035000000.0,,,,,,,,,3708031000000.0,-100605000000.0,25083000000.0,,,0.0,3927000000.0,1135000000.0,-70460000000.0,0.0,,,,,0.0,0.0,3637571000000.0,15044850000000.0,16232000000.0,18698653000000.0,,127722000000.0,3708582000000.0,-551000000.0,,,
ACB,2017,3,ACB,cash_flow,,,,,,,,990151000000.0,,,,,,,,,-1608327000000.0,-78588000000.0,0.0,,,0.0,0.0,7885000000.0,-58547000000.0,0.0,,,,,0.0,0.0,-1666874000000.0,16719451000000.0,-7727000000.0,15044850000000.0,,34204000000.0,-1608098000000.0,-229000000.0,,,
ACB,2017,2,ACB,cash_flow,,,,,,,,1680072000000.0,,,,,,,,,5526043000000.0,-381485000000.0,91000000.0,,,0.0,1683000000.0,19472000000.0,-357790000000.0,0.0,,,,,-130000000000.0,-130000000000.0,5038253000000.0,11704868000000.0,-23670000000.0,16719451000000.0,,5897000000.0,5527555000000.0,-1512000000.0,,,
ACB,2017,1,ACB,cash_flow,,,,,,,,1919220000000.0,,,,,,,,,-2740226000000.0,-152615000000.0,0.0,,,0.0,0.0,3667000000.0,-148948000000.0,0.0,,,,,0.0,0.0,-2889174000000.0,14578877000000.0,15165000000.0,11704868000000.0,,353600000000.0,-2737488000000.0,-2738000000.0,,,
ACB,2016,4,ACB,cash_flow,,,,,,,,568338000000.0,,,,,,,,,543970000000.0,-192154000000.0,328000000.0,,,0.0,0.0,8568000000.0,-344937000000.0,0.0,,,,,0.0,1054000000000.0,1253033000000.0,13316705000000.0,9139000000.0,14578877000000.0,,134666000000.0,544825000000.0,-855000000.0,,,
ACB,2016,3,ACB,cash_flow,,,,,,,,1092782000000.0,,,,,,,,,1458264000000.0,-74399000000.0,265000000.0,,,0.0,0.0,5945000000.0,-73256000000.0,0.0,,,,,0.0,0.0,1385008000000.0,11929457000000.0,2240000000.0,13316705000000.0,,15726000000.0,1458673000000.0,-409000000.0,,,
ACB,2016,2,ACB,cash_flow,,,,,,,,1136700000000.0,,,,,,,,,-3092841000000.0,-172495000000.0,744000000.0,,,0.0,153750000000.0,10264000000.0,-7793000000.0,0.0,,,,,0.0,2000000000000.0,-1100634000000.0,13047035000000.0,-16944000000.0,11929457000000.0,,19340000000.0,-3091088000000.0,-1753000000.0,,,
ACB,2016,1,ACB,cash_flow,,,,,,,,1428559000000.0,,,,,,,,,829945000000.0,-83641000000.0,241000000.0,,,0.0,70454000000.0,9501000000.0,21144000000.0,0.0,,,,,0.0,0.0,851089000000.0,12190381000000.0,5565000000.0,13047035000000.0,,30753000000.0,831966000000.0,-2021000000.0,,,
ACB,2015,4,ACB,cash_flow,,,,,,,,260043000000.0,,,,,,,,,-1290640000000.0,-175544000000.0,1022000000.0,,,0.0,0.0,1014000000.0,-173508000000.0,0.0,,,,,0.0,0.0,-1464148000000.0,13657706000000.0,-3177000000.0,12190381000000.0,,45298000000.0,-1288284000000.0,-2356000000.0,,,
ACB,2015,3,ACB,cash_flow,,,,,,,,1013141000000.0,,,,,,,,,-93376000000.0,-37934000000.0,22183000000.0,,,0.0,149057000000.0,6152000000.0,139458000000.0,0.0,,,,,0.0,0.0,46082000000.0,13620986000000.0,-9362000000.0,13657706000000.0,,16285000000.0,-91368000000.0,-2008000000.0,,,
ACB,2015,2,ACB,cash_flow,,,,,,,,1435197000000.0,,,,,,,,,1381413000000.0,-51969000000.0,78794000000.0,,,0.0,37027000000.0,74000000.0,63926000000.0,0.0,,,,,-627392000000.0,-627392000000.0,817947000000.0,12792950000000.0,10089000000.0,13620986000000.0,,-21145000000.0,1383382000000.0,-1969000000.0,,,
ACB,2015,1,ACB,cash_flow,,,,,,,,1278097000000.0,,,,,,,,,2939051000000.0,-49419000000.0,235255000000.0,,,0.0,20100000000.0,4759000000.0,210695000000.0,0.0,,,,,0.0,-601000000.0,3149145000000.0,9641355000000.0,2450000000.0,12792950000000.0,,3327000000.0,2943342000000.0,-4291000000.0,,,
ACB,2014,4,ACB,cash_flow,,,,,,,,56221000000.0,,,,,,,,,-1360956000000.0,-184017000000.0,11867000000.0,,,24750000000.0,0.0,6342000000.0,-141058000000.0,0.0,,,,,0.0,-208928000000.0,-1710942000000.0,11367798000000.0,-15501000000.0,9641355000000.0,,-26904000000.0,-1371100000000.0,10144000000.0,,,
ACB,2014,3,ACB,cash_flow,,,,,,,,654435000000.0,,,,,,,,,2656333000000.0,-122222000000.0,340000000.0,,,36554000000.0,0.0,1065000000.0,-84263000000.0,0.0,,,,,0.0,0.0,2572070000000.0,8824716000000.0,-28988000000.0,11367798000000.0,,-32275000000.0,2667384000000.0,-11051000000.0,,,
ACB,2014,2,ACB,cash_flow,,,,,,,,1929222000000.0,,,,,,,,,622018000000.0,-114783000000.0,251000000.0,,,0.0,0.0,51595000000.0,-62937000000.0,0.0,,,,,-636847000000.0,-828794000000.0,-269713000000.0,9065687000000.0,28742000000.0,8824716000000.0,,16355000000.0,632505000000.0,-10487000000.0,,,
ACB,2014,1,ACB,cash_flow,,,,,,,,224943000000.0,,,,,,,,,-678712000000.0,-33829000000.0,126000000.0,,,0.0,0.0,4732000000.0,-28971000000.0,0.0,,,,,0.0,-4828000000.0,-712511000000.0,9762451000000.0,15747000000.0,9065687000000.0,,473000000.0,-675308000000.0,-3404000000.0,,,
ACB,2013,4,ACB,cash_flow,,,,,,,,-289620000000.0,,,,,,,,,-114747000000.0,-296348000000.0,3170000000.0,,,432720000000.0,-426247000000.0,11757000000.0,-274948000000.0,0.0,,,,,0.0,0.0,-389695000000.0,10158982000000.0,-6837000000.0,9762450000000.0,,-57560000000.0,-105907000000.0,-8840000000.0,,,
ACB,2013,3,ACB,cash_flow,,,,,,,,1138669000000.0,,,,,,,,,2000427000000.0,143438000000.0,3516000000.0,,,0.0,-6872000000.0,470000000.0,140552000000.0,0.0,,,,,0.0,-31217000000.0,2109762000000.0,8033907000000.0,15313000000.0,10158982000000.0,,-521000000.0,2009156000000.0,-8729000000.0,,,
ACB,2013,2,ACB,cash_flow,,,,,,,,1588858000000.0,,,,,,,,,-7132452000000.0,-127334000000.0,239000000.0,,,433119000000.0,-810000000.0,14429000000.0,319643000000.0,0.0,,,,,-642322000000.0,-870526000000.0,-7683335000000.0,15732463000000.0,-15221000000.0,8033907000000.0,,-197000000.0,-7119474000000.0,-12978000000.0,,,
ACB,2013,1,ACB,cash_flow,,,,,,,,-214919000000.0,,,,,,,,,-886818000000.0,-74257000000.0,0.0,,,0.0,810000000.0,17845000000.0,-55602000000.0,0.0,,,,,0.0,0.0,-942420000000.0,16668138000000.0,6745000000.0,15732463000000.0,,-2909000000.0,-872365000000.0,-14453000000.0,,,
ACB,2008,3,ACB,cash_flow,,,,,,,,0.0,,,,,,,,,0.0,0.0,0.0,,,0.0,0.0,0.0,0.0,0.0,,,,,0.0,0.0,0.0,0.0,0.0,0.0,,0.0,0.0,0.0,,,
VIC,2025,4,VIC,cash_flow,11116835000000.0,10295506000000.0,6692598000000.0,84079000000.0,-10295865000000.0,6257581000000.0,0.0,24150734000000.0,-28853853000000.0,-9611514000000.0,16496036000000.0,185611000000.0,-5720470000000.0,-700927000000.0,,0.0,-4054383000000.0,-18277469000000.0,1240328000000.0,-2401683000000.0,30040029000000.0,-33971811000000.0,16761703000000.0,752995000000.0,-5855908000000.0,318000000000.0,0.0,67920410000000.0,-55268526000000.0,0.0,-1683815000000.0,11286069000000.0,1375778000000.0,72150719000000.0,0.0,73526497000000.0,,,,,,,0.0
VIC,2025,3,VIC,cash_flow,4024377000000.0,9008611000000.0,787212000000.0,877376000000.0,-34836687000000.0,9027158000000.0,0.0,-11111953000000.0,18933777000000.0,-52100255000000.0,59767396000000.0,-1844021000000.0,-7101369000000.0,-602411000000.0,,0.0,7940584000000.0,-26016418000000.0,383591000000.0,-4061682000000.0,11284465000000.0,-65173100000000.0,31734152000000.0,347157000000.0,-51501835000000.0,246100000000.0,0.0,90020118000000.0,-47970031000000.0,85334000000.0,-870482000000.0,41511039000000.0,-2050212000000.0,74759825000000.0,-558894000000.0,72150719000000.0,,,,,,,0.0
VIC,2025,2,VIC,cash_flow,3777060000000.0,5944211000000.0,1157779000000.0,633114000000.0,1699406000000.0,7614201000000.0,0.0,20825771000000.0,-3407884000000.0,-16304160000000.0,109954141000000.0,-937247000000.0,-6231654000000.0,-15177042000000.0,,0.0,88222505000000.0,-29926382000000.0,354701000000.0,-17423096000000.0,2138007000000.0,-36426535000000.0,3655947000000.0,1222227000000.0,-76405131000000.0,492266000000.0,0.0,66880997000000.0,-37373466000000.0,-85334000000.0,-22844000000.0,29891619000000.0,41708993000000.0,32491938000000.0,558894000000.0,74759825000000.0,,,,,,,0.0
VIC,2025,1,VIC,cash_flow,7381863000000.0,7049131000000.0,4909756000000.0,408606000000.0,-3818552000000.0,6102357000000.0,0.0,22033161000000.0,5554418000000.0,2652830000000.0,-44698830000000.0,1875827000000.0,-5853488000000.0,-1165946000000.0,,0.0,-17473778000000.0,-12883907000000.0,250577000000.0,-8628702000000.0,3274341000000.0,-2837438000000.0,3792505000000.0,403882000000.0,-16628742000000.0,1210662000000.0,0.0,63585814000000.0,-40784384000000.0,0.0,0.0,24012092000000.0,-10090428000000.0,42582366000000.0,0.0,32491938000000.0,,,,,,,0.0
VIC,2024,4,VIC,cash_flow,5446885000000.0,5586927000000.0,6525747000000.0,1061496000000.0,-7750752000000.0,6919631000000.0,0.0,17789934000000.0,-28783274000000.0,12787495000000.0,58953183000000.0,1030708000000.0,-7228702000000.0,-3137974000000.0,,0.0,50961370000000.0,-21617763000000.0,1982242000000.0,-14199186000000.0,341218000000.0,-9633227000000.0,13255649000000.0,-1517171000000.0,-31388238000000.0,0.0,-10485188000000.0,44866250000000.0,-37884299000000.0,-128800000000.0,-60950000000.0,-3692987000000.0,15880145000000.0,27040242000000.0,-338021000000.0,42582366000000.0,,,,,,,0.0
VIC,2024,3,VIC,cash_flow,4705397000000.0,6362201000000.0,-77258000000.0,-1655844000000.0,-7078921000000.0,5608268000000.0,0.0,7863843000000.0,-30693163000000.0,-26215552000000.0,59153241000000.0,-684144000000.0,-5857537000000.0,-6366227000000.0,,0.0,-2799539000000.0,-5993785000000.0,-704103000000.0,-1879147000000.0,3956886000000.0,-5611481000000.0,15808715000000.0,121520000000.0,5698605000000.0,20000000000.0,0.0,41070906000000.0,-45625047000000.0,52647000000.0,-5238000000.0,-4486732000000.0,-1587666000000.0,28565428000000.0,62480000000.0,27040242000000.0,,,,,,,0.0
VIC,2024,2,VIC,cash_flow,4127427000000.0,5513696000000.0,1934051000000.0,1701101000000.0,-9482575000000.0,5622417000000.0,0.0,9416117000000.0,-27897359000000.0,-1465573000000.0,28599641000000.0,-1841446000000.0,-6353730000000.0,-1316281000000.0,,0.0,-858631000000.0,-4200691000000.0,1979228000000.0,-10494354000000.0,6480037000000.0,-8228998000000.0,15096754000000.0,3134788000000.0,3766764000000.0,6017058000000.0,0.0,36439108000000.0,-43336828000000.0,-52647000000.0,0.0,-933309000000.0,1974824000000.0,26653084000000.0,-62480000000.0,28565428000000.0,,,,,,,0.0
VIC,2024,1,VIC,cash_flow,2493879000000.0,5129418000000.0,2044832000000.0,1461014000000.0,-18746143000000.0,4829728000000.0,0.0,-2787272000000.0,-7643941000000.0,-8117371000000.0,-1252127000000.0,-1172086000000.0,-4459331000000.0,-1024575000000.0,,0.0,-26456703000000.0,-16755198000000.0,1386000000.0,-3886771000000.0,4897667000000.0,-14204624000000.0,34987549000000.0,39773000000.0,5079782000000.0,9621948000000.0,0.0,35329504000000.0,-24304070000000.0,0.0,-600000000000.0,20047382000000.0,-1329539000000.0,27982623000000.0,0.0,26653084000000.0,,,,,,,0.0
VIC,2023,4,VIC,cash_flow,1305848000000.0,4835484000000.0,3308155000000.0,110488000000.0,-4366535000000.0,5379584000000.0,0.0,10573024000000.0,-17534405000000.0,-14496120000000.0,27845571000000.0,80953000000.0,-3933120000000.0,-2068549000000.0,,0.0,1064986000000.0,-16735129000000.0,520095000000.0,-2989749000000.0,5312541000000.0,-10740911000000.0,15403236000000.0,13058000000.0,-9216859000000.0,1157400000000.0,0.0,47344895000000.0,-27881952000000.0,0.0,-60950000000.0,20559393000000.0,12407520000000.0,16882015000000.0,0.0,29289535000000.0,,,,,,,0.0
VIC,2023,3,VIC,cash_flow,4475332000000.0,4656409000000.0,1600950000000.0,2508111000000.0,-389497000000.0,5504380000000.0,0.0,18355685000000.0,-13894893000000.0,144113000000.0,8321954000000.0,-519932000000.0,-3775766000000.0,-4014878000000.0,,0.0,4370538000000.0,-15067030000000.0,46964000000.0,-3508513000000.0,1720101000000.0,-13076978000000.0,10539154000000.0,255813000000.0,-19090489000000.0,8350800000000.0,0.0,22652997000000.0,-17905086000000.0,0.0,-85000000.0,13098626000000.0,-1621325000000.0,18445846000000.0,57494000000.0,16882015000000.0,,,,,,,0.0
VIC,2023,2,VIC,cash_flow,3635529000000.0,4175850000000.0,170083000000.0,490907000000.0,-3744223000000.0,3194591000000.0,0.0,7922737000000.0,-8152114000000.0,8203276000000.0,-9414420000000.0,-281288000000.0,-3134227000000.0,-1204128000000.0,,0.0,-3859038000000.0,-12295347000000.0,210091000000.0,-4871240000000.0,4803102000000.0,-1682130000000.0,12428397000000.0,1022508000000.0,-384619000000.0,1142700000000.0,0.0,32222702000000.0,-28067989000000.0,0.0,0.0,5297413000000.0,1053756000000.0,17449584000000.0,-57494000000.0,18445846000000.0,,,,,,,0.0
VIC,2023,1,VIC,cash_flow,4264287000000.0,3459939000000.0,2466539000000.0,-331473000000.0,-9160323000000.0,3331489000000.0,0.0,4030458000000.0,-7145722000000.0,-6830563000000.0,2254058000000.0,914271000000.0,-2972381000000.0,-42361000000.0,,0.0,-9992306000000.0,-14719985000000.0,22683000000.0,-1209790000000.0,1063763000000.0,-883522000000.0,6113352000000.0,10635000000.0,-9602864000000.0,101648000000.0,0.0,16491262000000.0,-5761458000000.0,0.0,0.0,10831452000000.0,-8763718000000.0,26213302000000.0,0.0,17449584000000.0,,,,,,,0.0
VIC,2022,4,VIC,cash_flow,3954741000000.0,4142869000000.0,-586038000000.0,-1226364000000.0,-1703822000000.0,2953960000000.0,0.0,7535346000000.0,823425000000.0,-12032384000000.0,9510166000000.0,-1306956000000.0,-2804046000000.0,-345134000000.0,,0.0,-972531000000.0,-16381085000000.0,-144336000000.0,-1670869000000.0,7344632000000.0,-3201604000000.0,19183559000000.0,3764260000000.0,8894557000000.0,175605000000.0,0.0,18200682000000.0,-25880718000000.0,0.0,-657950000000.0,-8162381000000.0,-240355000000.0,26449568000000.0,0.0,26209213000000.0,,,,,,,0.0
VIC,2022,3,VIC,cash_flow,5252320000000.0,6325887000000.0,-729185000000.0,1877679000000.0,-9759120000000.0,3036936000000.0,0.0,6004517000000.0,-16348926000000.0,-5425681000000.0,-343451000000.0,-821536000000.0,-2536112000000.0,207720000000.0,,0.0,-17403556000000.0,-24118982000000.0,163286000000.0,-362584000000.0,915226000000.0,-192237000000.0,10369195000000.0,420705000000.0,-12805391000000.0,36927000000.0,0.0,20047160000000.0,-5598269000000.0,0.0,-22506000000.0,14463312000000.0,-15745635000000.0,42208684000000.0,-13481000000.0,26449568000000.0,,,,,,,0.0
VIC,2022,2,VIC,cash_flow,1558581000000.0,5504816000000.0,4856039000000.0,1013821000000.0,-14303469000000.0,2689078000000.0,0.0,1318866000000.0,-27434751000000.0,-33493973000000.0,87357150000000.0,-1590184000000.0,-3003190000000.0,-1369341000000.0,,0.0,20239190000000.0,-20594435000000.0,2651552000000.0,-3069995000000.0,2611101000000.0,-1250412000000.0,12632609000000.0,1867730000000.0,-5151850000000.0,6368000000.0,0.0,23381968000000.0,-8820852000000.0,0.0,-2701565000000.0,11865919000000.0,26953259000000.0,15241944000000.0,13481000000.0,42208684000000.0,,,,,,,0.0
VIC,2022,1,VIC,cash_flow,1928153000000.0,5279610000000.0,78666000000.0,166757000000.0,-10625513000000.0,2372279000000.0,0.0,-800048000000.0,-4742121000000.0,1910033000000.0,2014421000000.0,-109778000000.0,-1617038000000.0,-3012261000000.0,,0.0,-1761823000000.0,-18425430000000.0,293184000000.0,-498665000000.0,491169000000.0,-6983409000000.0,12566489000000.0,1125430000000.0,-11431232000000.0,0.0,0.0,12641205000000.0,-2558442000000.0,0.0,0.0,10082763000000.0,-3110292000000.0,18352236000000.0,0.0,15241944000000.0,,,,,,,0.0
VIC,2021,4,VIC,cash_flow,-6368911000000.0,4792571000000.0,-285910000000.0,382643000000.0,-3240793000000.0,2560860000000.0,0.0,-2159540000000.0,7611833000000.0,5116134000000.0,4567639000000.0,1144267000000.0,-1732948000000.0,-4638513000000.0,,0.0,9929534000000.0,-9388646000000.0,145331000000.0,-3082992000000.0,4014872000000.0,-4055567000000.0,2623598000000.0,88748000000.0,-9654656000000.0,4986167000000.0,-450000000.0,24205329000000.0,-30995856000000.0,0.0,-79300000000.0,-1884110000000.0,-1609232000000.0,21262502000000.0,0.0,19653270000000.0,,,,,,,0.0
VIC,2021,3,VIC,cash_flow,3314566000000.0,3589692000000.0,-2206080000000.0,-697336000000.0,-881988000000.0,2686664000000.0,0.0,5805518000000.0,-9103127000000.0,-620914000000.0,-910387000000.0,678999000000.0,-2634833000000.0,-933149000000.0,,0.0,-9577220000000.0,-18954241000000.0,6872000000.0,1809904000000.0,2969321000000.0,-370013000000.0,20256912000000.0,102858000000.0,5821613000000.0,2832995000000.0,0.0,18684596000000.0,-18262881000000.0,0.0,-1541367000000.0,1713343000000.0,-2042264000000.0,23302535000000.0,2231000000.0,21262502000000.0,,,,,,,0.0
VIC,2021,2,VIC,cash_flow,3614331000000.0,4093107000000.0,3564340000000.0,73244000000.0,-556002000000.0,2623808000000.0,0.0,13412828000000.0,-4722598000000.0,6079276000000.0,-9541489000000.0,794270000000.0,-2379239000000.0,-449991000000.0,,0.0,3717226000000.0,-5607518000000.0,50421000000.0,-8753078000000.0,2177203000000.0,-298212000000.0,399520000000.0,463781000000.0,-11567883000000.0,3531858000000.0,0.0,16707469000000.0,-12028652000000.0,0.0,-97540000000.0,8113135000000.0,262478000000.0,23042288000000.0,-2231000000.0,23302535000000.0,,,,,,,0.0
VIC,2021,1,VIC,cash_flow,2785750000000.0,2931384000000.0,133562000000.0,-130009000000.0,-2563775000000.0,2705898000000.0,0.0,5862810000000.0,-5939640000000.0,-194300000000.0,-9749279000000.0,847081000000.0,-2420198000000.0,-4679520000000.0,,0.0,-12666060000000.0,-6987519000000.0,23464000000.0,-1749496000000.0,3351201000000.0,-60298000000.0,0.0,121982000000.0,-5300666000000.0,2542323000000.0,-3800000000.0,15849647000000.0,-6782844000000.0,0.0,0.0,11605326000000.0,-6361400000000.0,29403688000000.0,0.0,23042288000000.0,,,,,,,0.0
VIC,2020,4,VIC,cash_flow,4231438000000.0,2835598000000.0,-861663000000.0,-585577000000.0,-8625741000000.0,2725497000000.0,0.0,-280448000000.0,8756037000000.0,12090839000000.0,-3595319000000.0,-793607000000.0,-3045877000000.0,-3181280000000.0,,0.0,11733503000000.0,-7776871000000.0,313874000000.0,-3273154000000.0,3650651000000.0,-5005784000000.0,7573273000000.0,154291000000.0,-4363720000000.0,6587260000000.0,0.0,6198277000000.0,-22268012000000.0,0.0,0.0,-9482475000000.0,-2112692000000.0,30288635000000.0,0.0,28175943000000.0,,,,,,,0.0
VIC,2020,3,VIC,cash_flow,3608563000000.0,2832365000000.0,-870812000000.0,-170054000000.0,-4420283000000.0,3003737000000.0,0.0,3983516000000.0,-2428473000000.0,11719816000000.0,1710033000000.0,440510000000.0,-2038855000000.0,-3378140000000.0,,0.0,9191972000000.0,-7957434000000.0,11026000000.0,-3403257000000.0,938266000000.0,-8424096000000.0,12171501000000.0,91969000000.0,-6572025000000.0,385789000000.0,-42980000000.0,11146463000000.0,-10791220000000.0,0.0,0.0,698052000000.0,3317999000000.0,26969148000000.0,1488000000.0,30288635000000.0,,,,,,,0.0
VIC,2020,2,VIC,cash_flow,2693614000000.0,1973937000000.0,1477219000000.0,-426937000000.0,-402611000000.0,2945477000000.0,0.0,8260699000000.0,-629276000000.0,37312000000.0,-705803000000.0,1007926000000.0,-3177884000000.0,-58451000000.0,,0.0,6811844000000.0,-396823000000.0,891861000000.0,-400002000000.0,1794936000000.0,-3830209000000.0,2547681000000.0,420627000000.0,1028071000000.0,975606000000.0,0.0,19390986000000.0,-12235829000000.0,0.0,37000000.0,8130800000000.0,15970715000000.0,10999921000000.0,-1488000000.0,26969148000000.0,,,,,,,0.0
VIC,2020,1,VIC,cash_flow,3428345000000.0,2529983000000.0,69002000000.0,767608000000.0,-8024504000000.0,2745830000000.0,0.0,1516264000000.0,1038658000000.0,-3893448000000.0,-2963234000000.0,-1890038000000.0,-2140655000000.0,-2733668000000.0,,0.0,-10109121000000.0,-11290818000000.0,267938000000.0,-52165000000.0,5987979000000.0,-4721606000000.0,2772798000000.0,23261000000.0,-7012613000000.0,1026300000000.0,0.0,10257490000000.0,-1601878000000.0,0.0,-7225000000.0,9674687000000.0,-7447047000000.0,18446968000000.0,0.0,10999921000000.0,,,,,,,0.0
VIC,2019,4,VIC,cash_flow,6254949000000.0,3120229000000.0,1414621000000.0,32528000000.0,-8525701000000.0,2141050000000.0,0.0,4437676000000.0,-9719431000000.0,-9552845000000.0,29385586000000.0,-3791422000000.0,-1561425000000.0,-1070640000000.0,,0.0,8127499000000.0,-16555014000000.0,-14266000000.0,-12537529000000.0,8764552000000.0,-18997281000000.0,8019491000000.0,182452000000.0,-31137595000000.0,3799000000.0,1000000.0,37069131000000.0,-12097614000000.0,0.0,-3272000000.0,24972045000000.0,1961949000000.0,16526657000000.0,0.0,18488606000000.0,,,,,,,0.0
VIC,2019,3,VIC,cash_flow,2544142048161.0,2060985863151.0,-599743206070.0,-192863826881.0,-286448794656.0,2350503065375.0,0.0,5876575149080.0,3517945488943.0,-11092071730523.0,1358351955644.0,-1079658709311.0,-1665604125660.0,-2989924690903.0,,0.0,-6074386662730.0,-18195071300201.0,246451345163.0,-1417926652747.0,25242442395536.0,-24307095598990.0,16989222666311.0,213733843439.0,-1228243301489.0,782430917029.0,-3199343375711.0,10942594238336.0,-6980580757678.0,0.0,-1260942852414.0,284158169562.0,-7018471794657.0,23549297107100.0,-4168217869.0,16526657094574.0,,,,,,,0.0
VIC,2019,2,VIC,cash_flow,4911825583422.0,2120346898774.0,1269396920822.0,164344127544.0,-709834713943.0,1592780061948.0,0.0,9348858878567.0,-6675546266229.0,4628173592410.0,-1025886213669.0,47466133440.0,-999628294974.0,-1365981131108.0,,0.0,3957456698437.0,-6600957788487.0,59466038346.0,-346967769388.0,2077438316156.0,-13061703241217.0,8377720392000.0,180921422573.0,-9314082630017.0,22755912477791.0,0.0,4336585779715.0,-4708174178795.0,0.0,-924459572978.0,21459864505733.0,16103238574153.0,7441890315078.0,4168217869.0,23549297107100.0,,,,,,,0.0
VIC,2019,1,VIC,cash_flow,1928135465798.0,1476839234519.0,-332571028167.0,1374347097.0,-3271999196008.0,1433788425049.0,0.0,1235567248288.0,-698205318284.0,349541553040.0,9963205803568.0,73243760404.0,-1647275025172.0,-2666286052371.0,,0.0,6609791969473.0,-19084955978710.0,74887331967.0,-2004340021578.0,1968071470685.0,-10752130758389.0,6100012300123.0,46380494507.0,-23652075161395.0,614000000000.0,0.0,14550952584549.0,-4237834360130.0,0.0,0.0,10927118224419.0,-6115164967503.0,13557055282581.0,0.0,7441890315078.0,,,,,,,0.0
VIC,2018,4,VIC,cash_flow,5437419299481.0,1315059586466.0,597121114649.0,-184552780968.0,-3826978845011.0,1248035108875.0,0.0,4586103483492.0,-4856806589328.0,-6797211883773.0,91026696869.0,909412946486.0,-1890981530285.0,-1733458105216.0,,0.0,-9691914981755.0,-9859184021281.0,351612062170.0,-3071014033045.0,2122397042937.0,-9410790880920.0,8504590950029.0,765492406207.0,-10596896473903.0,-47702626007.0,0.0,26304247464960.0,-7285832570946.0,0.0,-1065475900360.0,17905236367647.0,-2383575088011.0,15942086048859.0,0.0,13558510960848.0,,,,,,,0.0
VIC,2018,3,VIC,cash_flow,2168146525042.0,1153209759453.0,-167138679631.0,218626793074.0,-2081280193522.0,1051647877342.0,0.0,2343212081758.0,-5315759742149.0,10186348130662.0,-379160439406.0,-1889473485218.0,-340816386518.0,-1841764837489.0,,0.0,2763175099534.0,-13067577931713.0,962491127379.0,-344810564449.0,1133118747742.0,-6721982821937.0,859290498857.0,24007043169.0,-17155463900952.0,10162962700000.0,0.0,10668268346077.0,-3801508741473.0,0.0,-71274966.0,17029651029638.0,2637362228220.0,13304249477986.0,474342653.0,15942086048859.0,,,,,,,0.0
VIC,2018,2,VIC,cash_flow,3554299499031.0,1203395118424.0,-22178960037.0,109502760899.0,-159498372746.0,1043553207438.0,0.0,5729073253009.0,905220645387.0,-5248907199460.0,-3226750864846.0,243620611235.0,-1532117213446.0,-1664017419802.0,,0.0,-4781604085817.0,-8657656050041.0,300155683288.0,-6468015649490.0,4112370954241.0,-7077206817702.0,16596405395247.0,575568705772.0,-618377778685.0,12250000000000.0,0.0,17338745865854.0,-18437609403122.0,0.0,5921750665.0,11157058213397.0,5757076348895.0,7547647471744.0,-474342653.0,13304249477986.0,,,,,,,0.0
VIC,2018,1,VIC,cash_flow,2654151989202.0,1111554360102.0,-215367430248.0,50631655563.0,-504053338511.0,994221722021.0,0.0,4091138958129.0,1818904268021.0,8478800410488.0,-8066766337105.0,485888822057.0,-465035425025.0,-1147051104343.0,,0.0,5195879592222.0,-10869573289632.0,277996704099.0,-10552839534172.0,12882293605020.0,-22310939323345.0,1036600493029.0,457765527818.0,-29078695817183.0,2536000000000.0,0.0,26920973049994.0,-6005062630310.0,0.0,-163196750665.0,23288713669019.0,-594102555942.0,8141750027686.0,0.0,7547647471744.0,,,,,,,0.0
VIC,2017,4,VIC,cash_flow,3987668639704.0,880562766653.0,100325873122.0,41090488935.0,-64805387718.0,847320858643.0,0.0,5792163239339.0,-480321138742.0,7190403005483.0,5403746583702.0,-1094017531330.0,-1409874337953.0,-1072673619763.0,,0.0,14329426200736.0,-9393947796065.0,5069491887.0,-3291698625417.0,2069058883298.0,-2789178897980.0,166262450000.0,167083190195.0,-13067351304082.0,-4000000000.0,0.0,11804072950093.0,-11332737090419.0,0.0,-66060036930.0,401275822744.0,1663350719398.0,6947208189094.0,-54970647.0,8610503937845.0,,,,,,,0.0
VIC,2017,3,VIC,cash_flow,1785937233839.0,982182739996.0,9635615515.0,-27546752025.0,-479055089949.0,1155436599915.0,0.0,3426590347291.0,-3543390868410.0,-141845776190.0,2018396599886.0,-553492063977.0,-930178050202.0,-943290361245.0,,0.0,-667210172847.0,-4004275064803.0,5218033083.0,-2641695613943.0,500266924603.0,-4614980000000.0,5833118613168.0,91167023008.0,-4831180084884.0,11000000000.0,0.0,6175771235916.0,-2119026244618.0,0.0,-1153471214345.0,2914273776953.0,-2584116480778.0,9531328169866.0,-3499994.0,6947208189094.0,,,,,,,0.0
VIC,2017,2,VIC,cash_flow,1897786358719.0,898147167525.0,175981378084.0,33812407350.0,-139342617702.0,138305600515.0,0.0,3004690294491.0,-2669779524198.0,4663514691047.0,6132645043196.0,-184464786520.0,-1050977526855.0,-641322674278.0,,0.0,9254305516883.0,-6307119270049.0,20199790290.0,-5213126443453.0,1332116830986.0,-5567648930436.0,2437536295968.0,698384471106.0,-12599657255588.0,6000000000.0,0.0,4104974563429.0,-4858185346450.0,0.0,-75905993040.0,-823116776061.0,-4168468514766.0,13699824350754.0,-27666122.0,9531328169866.0,,,,,,,0.0
VIC,2017,1,VIC,cash_flow,1243812548052.0,1102708244919.0,-160195689942.0,2325386973.0,-364333131599.0,1506030862516.0,0.0,3330348220919.0,135207154355.0,-6828186072723.0,5326540792590.0,-1142979403353.0,-708559542220.0,-1300004095616.0,,0.0,-1187632946048.0,-2345122815240.0,70271667384.0,-1473270000000.0,1030155177580.0,-986330100719.0,4062154222580.0,50528604193.0,408386755778.0,0.0,0.0,6047631203179.0,-1092779919495.0,0.0,-309112962061.0,4645738321623.0,3866492131353.0,9833332219401.0,0.0,13699824350754.0,,,,,,,0.0
VIC,2016,4,VIC,cash_flow,1577921982380.0,883938486252.0,-144944932708.0,132119153082.0,-2403058698869.0,2073876427393.0,0.0,2119852417530.0,6488896319549.0,3857206222719.0,-10729708440083.0,733174185902.0,-839388022460.0,-945840231775.0,,0.0,684192451382.0,-3430370881818.0,147908648269.0,-618606463381.0,13890481797794.0,-3279509649452.0,6870440846695.0,264008595833.0,13844352893940.0,260186395000.0,0.0,4151162882298.0,-18283002292610.0,0.0,-339000000000.0,-14210653015312.0,317892330010.0,9653393353822.0,-1.0,9971285683831.0,,,,,,,0.0
VIC,2016,3,VIC,cash_flow,532982351077.0,782917288389.0,747257462.0,19562572677.0,-332660657540.0,744803249120.0,0.0,1748352061185.0,-1034351311249.0,-3615732498359.0,8649779252706.0,-1269887021153.0,-457948757785.0,-200235925060.0,,0.0,3819975800285.0,-1403709848584.0,11439350480.0,-1656562372494.0,2563471630501.0,-11247370619866.0,6946079251742.0,59189483215.0,-4727463125006.0,87000000000.0,0.0,6973365038820.0,-815010878435.0,0.0,-560060250000.0,5685293910385.0,4777806585664.0,4871883290078.0,3703478080.0,9653393353822.0,,,,,,,0.0
VIC,2016,2,VIC,cash_flow,1858691485347.0,813603378671.0,80027251686.0,4720853891.0,-2531218441463.0,760226463556.0,0.0,986050991688.0,1183626950839.0,-5701617072440.0,6508197137020.0,-1550274976959.0,-1072016109702.0,-241953999352.0,,0.0,742012921094.0,-4972546944136.0,-26425751877.0,673190686879.0,4733693278382.0,-6481248356013.0,6972436663385.0,226031360374.0,1125130936994.0,510000000000.0,0.0,1162405088317.0,-3353679181096.0,0.0,5412942681.0,-1675861150098.0,191282707990.0,4680600576496.0,5592.0,4871883290078.0,,,,,,,0.0
VIC,2016,1,VIC,cash_flow,2165229890110.0,812492051421.0,118868034923.0,-221333837394.0,-312040176942.0,775611570785.0,0.0,3338827532903.0,-1812503967582.0,2460396885765.0,-1868896507903.0,34885049801.0,-718839851560.0,-790603443515.0,,0.0,13265697909.0,-2441536382427.0,32586993667.0,-1461875500000.0,1924294290534.0,-4939783622678.0,772479216533.0,312020084279.0,-5801814920092.0,446280000000.0,0.0,5946539076154.0,-2657934025527.0,0.0,-205412942681.0,3529472107946.0,-2259077114237.0,6938465104490.0,1212586243.0,4680600576496.0,,,,,,,0.0
VIC,2015,4,VIC,cash_flow,962417405016.0,199229536173.0,45833903484.0,-303531594778.0,-458781678888.0,1009351043486.0,0.0,1667258018084.0,1956768337368.0,-3847311896858.0,12050277476908.0,161044160341.0,-1080186369391.0,-341278668552.0,,0.0,10678893752900.0,-2611559598630.0,12222650949.0,-12818826328901.0,5092573916156.0,-9483462060034.0,1195784773115.0,404195831123.0,-18209070816222.0,5077944797536.0,0.0,10437974264457.0,-9874249565297.0,0.0,-370874899293.0,5270794597403.0,-2259382465919.0,9895961264635.0,-5.0,7636578798711.0,,,,,,,0.0
VIC,2015,3,VIC,cash_flow,560791186361.0,331590672713.0,60869024113.0,292905340513.0,-536419052137.0,366229653748.0,0.0,1279705978216.0,-2951345908641.0,-2031223356065.0,17469143390139.0,-1364624280708.0,-1476488131296.0,-217929710876.0,,0.0,10707237980769.0,-4432785968629.0,10658943172.0,-1063595498578.0,1872039674758.0,-6998141342655.0,1793438230790.0,434421168933.0,-8383964792209.0,413439380000.0,0.0,1308096733008.0,-2591885980108.0,0.0,-387070500007.0,-1257420367107.0,1065852821453.0,8828151979168.0,1956464014.0,9895961264635.0,,,,,,,0.0
VIC,2015,2,VIC,cash_flow,571908425390.0,313493652260.0,-22194926617.0,136562990814.0,138722836490.0,722915239607.0,0.0,2060145490676.0,-1015816549318.0,-3083238228496.0,10669334461345.0,-527179026983.0,-1141107878966.0,-329163613905.0,,0.0,6632974654353.0,-4550124660768.0,-934216847872.0,-1712194136798.0,788303307730.0,-1019187078346.0,649361823857.0,119857500381.0,-6658200091816.0,2178367470000.0,0.0,-1921873984406.0,3384018960505.0,0.0,-188349650000.0,3452162796099.0,3426937358636.0,5399732443220.0,1482177312.0,8828151979168.0,,,,,,,0.0
VIC,2015,1,VIC,cash_flow,691741964338.0,478538875653.0,40270616091.0,111996370297.0,-1084483571666.0,500916605562.0,0.0,738980860275.0,-1538630459715.0,815333919762.0,2249367105865.0,80120764273.0,-427166318476.0,-542745815578.0,,0.0,1375260056406.0,-3786645935174.0,943733067770.0,-2368032863202.0,1473417477354.0,-3564381553342.0,160500000000.0,194256709850.0,-6947153096744.0,147500000000.0,0.0,12829749622395.0,-9612449337210.0,0.0,0.0,3364800285185.0,-2207092755153.0,7607513719673.0,-688521300.0,5399732443220.0,,,,,,,0.0
VIC,2014,4,VIC,cash_flow,619779847301.0,282585686320.0,86040878251.0,70370167483.0,-7162775429.0,658020772075.0,-289862911668.0,1347730900123.0,1428985333666.0,989499717460.0,6875972922661.0,-729527327912.0,-1047010429391.0,-142539972193.0,,-193721629.0,8722917422785.0,-5687188735654.0,1204942613018.0,-1204282500000.0,1740425572990.0,3718851751359.0,649324180798.0,102919203248.0,524992085759.0,20557362660781.0,-8217500301059.0,-12588680867699.0,-3553844738291.0,0.0,-3046737892694.0,-6849401138962.0,2398508369582.0,5209108954978.0,-103604887.0,7607513719673.0,,,,,,,-275264621648.0
VIC,2014,3,VIC,cash_flow,1596287954183.0,218258258003.0,13958328969.0,-63090962560.0,535554769898.0,800791201699.0,-852242418509.0,2398432326778.0,-128599307813.0,2805582118369.0,-3879165302463.0,-80106788710.0,-568459757060.0,-446095705553.0,,-2607773005.0,98979810543.0,-722533177339.0,17599911872.0,1408076105947.0,-109377183446.0,-2875530511949.0,277283819202.0,-847545472562.0,-2852026508275.0,-522923188753.0,0.0,4976414355909.0,-4015255773396.0,0.0,802812415711.0,1241047809471.0,-1511998888261.0,6721056604833.0,51238406.0,5209108954978.0,,,,,,,-2253217965.0
VIC,2014,2,VIC,cash_flow,1663305003499.0,225387906892.0,-3512823482.0,145876615883.0,-367338680412.0,740281320731.0,247395183035.0,2809141307334.0,-1563707044519.0,3818331449668.0,-361212733335.0,69825177763.0,-1039255393957.0,-945949566568.0,,2183154424.0,2789356350810.0,-5886721892925.0,-8929720983.0,-668204000000.0,406356988736.0,-3588060708758.0,526411751675.0,368933529149.0,-8850214053106.0,2002523188753.0,0.0,3112266511790.0,-344476929987.0,0.0,-122550548122.0,4647762222434.0,-1413095479862.0,8134099718214.0,52366481.0,6721056604833.0,,,,,,,-813889074.0
VIC,2014,1,VIC,cash_flow,1547409388801.0,209444167280.0,-900284836.0,365437484.0,-1370169915.0,512176370469.0,-247395183035.0,2155500219699.0,100853300920.0,2199578098479.0,-3461620585969.0,85928790799.0,-536551214549.0,-383989573096.0,,-2467260256.0,157231776027.0,-807463037314.0,15776994459.0,-779828105947.0,33415796871.0,-2452096961409.0,1066500000000.0,61559782105.0,-2862135531235.0,0.0,0.0,4500000000000.0,-1195045229873.0,0.0,0.0,3304954770127.0,600051014919.0,7534048703295.0,0.0,8134099718214.0,,,,,,,813889074.0
VIC,2013,4,VIC,cash_flow,1381291123289.0,232876721111.0,19156433709.0,-24509538919.0,-135173804352.0,479260507915.0,-269444534637.0,1683581651092.0,-539039026661.0,818053301377.0,3413929055333.0,219958395611.0,-207132369187.0,-207079432896.0,,39306162.0,5182310880831.0,-4074274346092.0,12546150761.0,-2343886674378.0,-798703519230.0,-5126650035845.0,543900000000.0,83140436814.0,-11703927987970.0,565098810000.0,-4743044083.0,9813678856826.0,-2546897645929.0,0.0,-41263999997.0,7785872976817.0,1264255869678.0,6269792833617.0,0.0,7534048703295.0,,,,,,,124742976.0
VIC,2013,3,VIC,cash_flow,2821804892483.0,605870327922.0,14911133797.0,4515776713.0,-279483200172.0,226454191041.0,-216225121554.0,3179308441014.0,1526374911958.0,3734984209409.0,-210557238846.0,-103723502531.0,-196479887484.0,-1182564369603.0,,-630119690.0,6746712444227.0,-2191290208310.0,14587143751.0,-1752580691000.0,1683004172709.0,-1368445579029.0,192699910908.0,108165895140.0,-3313859355831.0,2829600000000.0,-2949235240000.0,2407619196600.0,-1589994366930.0,0.0,-247587000000.0,450402589670.0,3883255678066.0,2386537155551.0,0.0,6269792833617.0,,,,,,,1460440784.0
VIC,2013,2,VIC,cash_flow,5084168929423.0,-11835902503.0,21412321075.0,71021792652.0,-4688974580996.0,375442152711.0,-126157633137.0,722486783282.0,670140504739.0,19660848008.0,189371940108.0,26665182484.0,-1106385215933.0,-175037095026.0,,-17499999.0,346885447663.0,-3725456053171.0,11825544326.0,-3449040400000.0,1368151209176.0,-725071444106.0,8501823681183.0,163755267347.0,2145987804755.0,0.0,0.0,1961364803400.0,-6242879402029.0,0.0,0.0,-4281514598629.0,-1788641346211.0,4175172391881.0,6109881.0,2386537155551.0,,,,,,,-2590295943.0
VIC,2013,1,VIC,cash_flow,433152823534.0,282562455694.0,-2136069208.0,39817024647.0,-588553825023.0,425621975262.0,-139182424207.0,450359944089.0,-13805767476.0,-1837265179822.0,414684151665.0,49838248542.0,-450789720648.0,-238938939318.0,,-36386379.0,-1625953649347.0,-645535576895.0,1226755258.0,-811280000000.0,3068290195927.0,0.0,1219600000000.0,52545069891.0,2884846444181.0,0.0,0.0,2025274684654.0,-725850262542.0,0.0,0.0,1299424422112.0,2558317216946.0,1616855174935.0,0.0,4175172391881.0,,,,,,,-922016610.0
VIC,2008,2,VIC,cash_flow,0.0,0.0,0.0,0.0,0.0,0.0,0.0,0.0,0.0,0.0,0.0,0.0,0.0,0.0,,0.0,0.0,0.0,0.0,0.0,0.0,0.0,0.0,0.0,0.0,0.0,0.0,0.0,0.0,0.0,0.0,0.0,0.0,0.0,0.0,0.0,,,,,,,0.0
VHM,2025,4,VHM,cash_flow,32985823000000.0,795622000000.0,64576000000.0,46704000000.0,-7116788000000.0,2788122000000.0,,29564059000000.0,-1237059000000.0,-8947482000000.0,-15845900000000.0,-542367000000.0,-4909621000000.0,-315718000000.0,,,-2234088000000.0,-10659822000000.0,-26733000000.0,-6092329000000.0,22575986000000.0,-18759010000000.0,8044882000000.0,4954461000000.0,37435000000.0,0.0,0.0,22729168000000.0,-18328223000000.0,,-1023396000000.0,3377549000000.0,1180896000000.0,48767614000000.0,0.0,49948510000000.0,,,,,,,
VHM,2025,3,VHM,cash_flow,5420373000000.0,402704000000.0,-420005000000.0,-3801000000.0,-7202263000000.0,2699135000000.0,,896143000000.0,-14765171000000.0,-50281133000000.0,68364559000000.0,-575276000000.0,-3057713000000.0,-266854000000.0,,,1814555000000.0,-2809778000000.0,432684000000.0,9170850000000.0,-179262000000.0,-65136200000000.0,3885979000000.0,1915649000000.0,-52720078000000.0,3899000000.0,0.0,64754609000000.0,-13657263000000.0,,-100000000000.0,51001245000000.0,95722000000.0,48671892000000.0,0.0,48767614000000.0,,,,,,,
VHM,2025,2,VHM,cash_flow,9033008000000.0,629678000000.0,-271835000000.0,148853000000.0,-9258169000000.0,2453497000000.0,,2735032000000.0,-14248845000000.0,-16011773000000.0,77550793000000.0,-1118944000000.0,-2434109000000.0,-6013904000000.0,,,40458250000000.0,-2035225000000.0,1949467000000.0,-16004526000000.0,86408000000.0,-27933138000000.0,11365530000000.0,17019366000000.0,-15552118000000.0,0.0,0.0,15432773000000.0,-13153219000000.0,,-6500000000.0,2273054000000.0,27179186000000.0,21492706000000.0,0.0,48671892000000.0,,,,,,,
VHM,2025,1,VHM,cash_flow,3839479000000.0,488518000000.0,157428000000.0,48276000000.0,-4079207000000.0,3641519000000.0,,4096013000000.0,13105903000000.0,-976784000000.0,-13009643000000.0,-146682000000.0,-3638831000000.0,-922662000000.0,,,635564000000.0,-2324859000000.0,121443000000.0,-7367722000000.0,8198743000000.0,-15925119000000.0,2167780000000.0,597512000000.0,-14532222000000.0,0.0,0.0,21136121000000.0,-14526880000000.0,,0.0,6609241000000.0,-7287417000000.0,28780123000000.0,0.0,21492706000000.0,,,,,,,
VHM,2024,4,VHM,cash_flow,16252191000000.0,479223000000.0,74163000000.0,181683000000.0,-9006917000000.0,2972408000000.0,,10952751000000.0,-33242782000000.0,-14850314000000.0,38144453000000.0,931252000000.0,-2375409000000.0,-1821740000000.0,,,-3761789000000.0,3803752000000.0,447757000000.0,4652694000000.0,-9158241000000.0,-5257637000000.0,17857864000000.0,2872100000000.0,15218289000000.0,0.0,-10485188000000.0,31449604000000.0,-24262276000000.0,,0.0,-3297860000000.0,8158640000000.0,20621483000000.0,0.0,28780123000000.0,,,,,,,
VHM,2024,3,VHM,cash_flow,10836623000000.0,530438000000.0,31625000000.0,-161821000000.0,-5516078000000.0,1508326000000.0,,7229113000000.0,-30756602000000.0,20865736000000.0,3729570000000.0,-312295000000.0,-1435432000000.0,-7012241000000.0,,,-7692151000000.0,-3836747000000.0,1983842000000.0,6388697000000.0,-9313214000000.0,-17876125000000.0,23966461000000.0,7713668000000.0,9026582000000.0,20000000000.0,0.0,18320877000000.0,-16228565000000.0,,-5236000000.0,2107076000000.0,3441507000000.0,17179976000000.0,0.0,20621483000000.0,,,,,,,
VHM,2024,2,VHM,cash_flow,12342794000000.0,370152000000.0,138163000000.0,225936000000.0,-8184899000000.0,2042438000000.0,,6934584000000.0,-30089335000000.0,4895964000000.0,15893497000000.0,-759336000000.0,-2514638000000.0,-734198000000.0,,,-6371928000000.0,-606604000000.0,-847350000000.0,-18742918000000.0,24562533000000.0,-10242204000000.0,9284977000000.0,3656935000000.0,7065369000000.0,0.0,0.0,14691675000000.0,-7729759000000.0,,0.0,6961916000000.0,7655357000000.0,9524619000000.0,0.0,17179976000000.0,,,,,,,
VHM,2024,1,VHM,cash_flow,1416341000000.0,420665000000.0,-37971000000.0,0.0,-1866446000000.0,1066079000000.0,,998668000000.0,-1302647000000.0,-3342586000000.0,1583166000000.0,-533755000000.0,-651368000000.0,-1323626000000.0,,,-4573682000000.0,-10005472000000.0,885519000000.0,-10089090000000.0,2198240000000.0,-5046644000000.0,14761301000000.0,1370421000000.0,-5925725000000.0,2000000000.0,0.0,16035251000000.0,-9516406000000.0,,-600000000000.0,5920845000000.0,-4578562000000.0,14103181000000.0,0.0,9524619000000.0,,,,,,,
VHM,2023,4,VHM,cash_flow,1323126000000.0,1104615000000.0,-45291000000.0,-63664000000.0,-4118033000000.0,1013827000000.0,,-785420000000.0,-7088459000000.0,-4311940000000.0,15217316000000.0,808896000000.0,-618430000000.0,344913000000.0,,,4214189000000.0,-1433240000000.0,-202878000000.0,-10418855000000.0,19867104000000.0,-27884766000000.0,11838365000000.0,1398370000000.0,-6835900000000.0,0.0,0.0,20944474000000.0,-7128546000000.0,,0.0,13815928000000.0,11194217000000.0,2909914000000.0,0.0,14104131000000.0,,,,,,,
VHM,2023,3,VHM,cash_flow,14206185000000.0,408352000000.0,288299000000.0,100319000000.0,-1831774000000.0,716341000000.0,,13887722000000.0,-4626048000000.0,-26984000000.0,11085148000000.0,442642000000.0,-747046000000.0,-5245455000000.0,,,14574234000000.0,-4215369000000.0,-44140000000.0,-4473394000000.0,4951979000000.0,-12832108000000.0,-204723000000.0,180938000000.0,-16636817000000.0,0.0,0.0,7810668000000.0,-7943455000000.0,,0.0,-132787000000.0,-2195370000000.0,5105284000000.0,0.0,2909914000000.0,,,,,,,
VHM,2023,2,VHM,cash_flow,12640174000000.0,324476000000.0,-169510000000.0,73141000000.0,-1882729000000.0,679165000000.0,,11664717000000.0,-15553916000000.0,6031563000000.0,-1596456000000.0,1006839000000.0,-1235321000000.0,-606719000000.0,,,1911833000000.0,-3760913000000.0,49642000000.0,-6136292000000.0,2277206000000.0,-3328059000000.0,6060795000000.0,2031522000000.0,-2806099000000.0,15700000000.0,0.0,17554065000000.0,-13459859000000.0,,0.0,4109906000000.0,3215640000000.0,1889644000000.0,0.0,5105284000000.0,,,,,,,
VHM,2023,1,VHM,cash_flow,15074055000000.0,312876000000.0,181886000000.0,0.0,-10571507000000.0,682987000000.0,,5680297000000.0,-6161802000000.0,563275000000.0,-5957063000000.0,1551061000000.0,-568651000000.0,-304947000000.0,,,-5397896000000.0,-4293339000000.0,0.0,-11162378000000.0,1949115000000.0,-1081000000000.0,6104561000000.0,1491839000000.0,-6991202000000.0,1000000000.0,0.0,7603764000000.0,-4142805000000.0,,0.0,3461959000000.0,-8927139000000.0,10816783000000.0,0.0,1889644000000.0,,,,,,,
VHM,2022,4,VHM,cash_flow,12467497000000.0,397718000000.0,475148000000.0,-1851000000.0,-8625014000000.0,441999000000.0,,5155497000000.0,12803331000000.0,-10399881000000.0,14251454000000.0,1022125000000.0,-1018230000000.0,-167522000000.0,,,17299230000000.0,-14201894000000.0,3984000000.0,-8256688000000.0,7975569000000.0,-39659424000000.0,22283013000000.0,3523252000000.0,-28332188000000.0,0.0,0.0,29217452000000.0,-21440040000000.0,,-675082000000.0,7102330000000.0,-3930628000000.0,14743348000000.0,0.0,10812720000000.0,,,,,,,
VHM,2022,3,VHM,cash_flow,18948681000000.0,285772000000.0,188102000000.0,-3123000000.0,-1788933000000.0,724530000000.0,,18355029000000.0,-28960980000000.0,2581386000000.0,-1969610000000.0,-3504523000000.0,-513322000000.0,-157432000000.0,,,-11956485000000.0,-3215803000000.0,0.0,-1955673000000.0,1449478000000.0,-5000000000.0,613283000000.0,-1000000.0,-3113716000000.0,0.0,0.0,0.0,0.0,,0.0,0.0,-15070201000000.0,29813549000000.0,0.0,14743348000000.0,,,,,,,
VHM,2022,2,VHM,cash_flow,1359360000000.0,430866000000.0,245979000000.0,-5012000000.0,-595021000000.0,575887000000.0,,2012059000000.0,-18711694000000.0,-28142545000000.0,80283371000000.0,-1709745000000.0,-705655000000.0,-777463000000.0,,,32029958000000.0,-6004602000000.0,64805000000.0,-4181043000000.0,1792450000000.0,-927230000000.0,4449528000000.0,745443000000.0,-4060649000000.0,0.0,0.0,7830260000000.0,-2905670000000.0,,-8708663000000.0,-3784073000000.0,24185236000000.0,5628313000000.0,0.0,29813549000000.0,,,,,,,
VHM,2022,1,VHM,cash_flow,5885623000000.0,195888000000.0,87527000000.0,0.0,-3825943000000.0,476174000000.0,,2819269000000.0,1552458000000.0,4126744000000.0,-2742849000000.0,211543000000.0,-266565000000.0,-3282249000000.0,,,4744903000000.0,-6155183000000.0,0.0,-320072000000.0,5454077000000.0,-10587125000000.0,8436359000000.0,119745000000.0,-3052199000000.0,0.0,0.0,642966000000.0,-1333117000000.0,,0.0,-690151000000.0,1002553000000.0,4625760000000.0,0.0,5628313000000.0,,,,,,,
VHM,2021,4,VHM,cash_flow,14126223000000.0,221835000000.0,45814000000.0,0.0,-1034593000000.0,804746000000.0,,14164025000000.0,-8867769000000.0,3457230000000.0,-1785919000000.0,-590977000000.0,-1051264000000.0,-4447053000000.0,,,2336560000000.0,1078341000000.0,2000000.0,-12519485000000.0,10850782000000.0,-11590157000000.0,8298836000000.0,3408002000000.0,-473679000000.0,0.0,0.0,7345702000000.0,-8810243000000.0,,-79301000000.0,-1543842000000.0,319039000000.0,4504657000000.0,0.0,4823696000000.0,,,,,,,
VHM,2021,3,VHM,cash_flow,13811505000000.0,315322000000.0,-116491000000.0,1155000000.0,-1416693000000.0,321177000000.0,,12915975000000.0,-2338310000000.0,2486302000000.0,-2167102000000.0,-157086000000.0,-345681000000.0,-694375000000.0,,,6652218000000.0,-13077795000000.0,-5873000000.0,-403005000000.0,2682048000000.0,12755000000.0,0.0,129860000000.0,-10662010000000.0,6514952000000.0,0.0,5587574000000.0,-6976847000000.0,,-5029203000000.0,96476000000.0,-3913316000000.0,8417973000000.0,0.0,4504657000000.0,,,,,,,
VHM,2021,2,VHM,cash_flow,13470373000000.0,248393000000.0,209240000000.0,-1155000000.0,-541791000000.0,612507000000.0,,13997567000000.0,-430818000000.0,5128403000000.0,-11600035000000.0,1187206000000.0,-794095000000.0,-387665000000.0,,,6542247000000.0,-916404000000.0,15066000000.0,-3735406000000.0,-1024970000000.0,-8478000000.0,0.0,164306000000.0,-5505886000000.0,0.0,0.0,1891012000000.0,-2158010000000.0,,-97835000000.0,-364833000000.0,671528000000.0,7746445000000.0,0.0,8417973000000.0,,,,,,,
VHM,2021,1,VHM,cash_flow,7084991000000.0,261013000000.0,-229202000000.0,0.0,-2324768000000.0,594679000000.0,,5386713000000.0,-513887000000.0,2894907000000.0,-6063204000000.0,343953000000.0,-438986000000.0,-4221925000000.0,,,-2253107000000.0,-2483445000000.0,0.0,-1415029000000.0,1956446000000.0,0.0,0.0,120782000000.0,-1821246000000.0,0.0,0.0,1482363000000.0,-3375216000000.0,,0.0,-1892853000000.0,-5967206000000.0,13713651000000.0,0.0,7746445000000.0,,,,,,,
VHM,2020,4,VHM,cash_flow,14847717000000.0,246342000000.0,339929000000.0,0.0,-10175493000000.0,592102000000.0,,5850597000000.0,7121807000000.0,4091637000000.0,-11016178000000.0,3169029000000.0,-759870000000.0,-1930681000000.0,,,6526341000000.0,381546000000.0,0.0,-11768790000000.0,15815045000000.0,-18691546000000.0,11697732000000.0,917427000000.0,-1648586000000.0,0.0,0.0,3852873000000.0,-9799114000000.0,,0.0,-5946241000000.0,-1068486000000.0,13547878000000.0,0.0,12479392000000.0,,,,,,,
VHM,2020,3,VHM,cash_flow,7502478000000.0,133692000000.0,132099000000.0,0.0,-1204231000000.0,1088425000000.0,,7652463000000.0,1715685000000.0,8523262000000.0,-523597000000.0,-1081291000000.0,-865480000000.0,-2722122000000.0,,,12698920000000.0,-521150000000.0,41508000000.0,3501283000000.0,1883670000000.0,-12697796000000.0,6774935000000.0,520186000000.0,-497364000000.0,0.0,-842980000000.0,0.0,-9670225000000.0,,0.0,-10513205000000.0,1688351000000.0,11859527000000.0,0.0,13547878000000.0,,,,,,,
VHM,2020,2,VHM,cash_flow,4573044000000.0,110831000000.0,7993000000.0,0.0,-1168291000000.0,685286000000.0,,4208863000000.0,-684208000000.0,2638990000000.0,1040246000000.0,-925065000000.0,-558757000000.0,24000000.0,,,5720093000000.0,1045235000000.0,43227000000.0,-5097423000000.0,4349461000000.0,-14963058000000.0,1380758000000.0,522370000000.0,-12719430000000.0,22000000000.0,0.0,15806502000000.0,-1251759000000.0,,-157735000000.0,14419008000000.0,7419671000000.0,4439856000000.0,0.0,11859527000000.0,,,,,,,
VHM,2020,1,VHM,cash_flow,10123548000000.0,92399000000.0,-7407000000.0,0.0,-8170989000000.0,618346000000.0,,2655897000000.0,-1212409000000.0,-4809446000000.0,3271322000000.0,-409876000000.0,-547566000000.0,-1620213000000.0,,,-2672291000000.0,-2430529000000.0,97286000000.0,-5441490000000.0,7240181000000.0,-6517590000000.0,694000000000.0,52727000000.0,-6305415000000.0,0.0,0.0,104263000000.0,-19000000000.0,,0.0,85263000000.0,-8892443000000.0,13332299000000.0,0.0,4439856000000.0,,,,,,,
VHM,2019,4,VHM,cash_flow,8644684367326.0,81767344891.0,-29853908527.0,-346941507.0,-608945175386.0,583813581295.0,,8671118815020.0,-33379718648579.0,4995678561961.0,30128090733805.0,-1253501762843.0,-892975490904.0,2319879903416.0,,,10588572111876.0,-1744056835066.0,455522000000.0,-8616395958410.0,1851810149025.0,-19240382658372.0,23140000088642.0,283917920949.0,-3869585293232.0,0.0,-5549929000000.0,-135197691622.0,-2805486730902.0,,-35076952050.0,-8525690374574.0,-1806703555930.0,9038091555930.0,0.0,7231388000000.0,,,,,,,
VHM,2019,3,VHM,cash_flow,7625662352069.0,93285473346.0,-76643934465.0,-695431437.0,2001781897020.0,716784130339.0,,10360174486872.0,20979132317108.0,-19970595235025.0,-17591092577478.0,-2389615395933.0,-144217230659.0,-5495938782892.0,,,-14252152418007.0,-2555594646570.0,-105053657599.0,-1450370444750.0,24434122414057.0,-14834936966582.0,3175588009488.0,915709941327.0,9579464649371.0,0.0,0.0,3855000000000.0,-528500000000.0,,-3651447047950.0,-324947047950.0,-4997634816586.0,14035726372516.0,0.0,9038091555930.0,,,,,,,
VHM,2019,2,VHM,cash_flow,10029076757832.0,82085039036.0,-40436897197.0,167628853.0,-3384701270071.0,509668690705.0,,7195859949158.0,1333719121965.0,7155362682171.0,-929345948044.0,919055134549.0,-745687623836.0,-945423642323.0,,,13983539673640.0,1723651054275.0,105053657599.0,-3634003523004.0,2587132517515.0,-6231692084796.0,3430421610000.0,7040957710.0,-2012395810701.0,0.0,0.0,909254691622.0,-1231688238873.0,,0.0,-322433547251.0,11648710315688.0,2387016056828.0,0.0,14035726372516.0,,,,,,,
VHM,2019,1,VHM,cash_flow,3358205522773.0,83476142727.0,-96683259811.0,6744091.0,-1945577451563.0,495428597661.0,,1894856295878.0,-2297224790494.0,54926990893.0,15178227791717.0,-726347975773.0,-818667654601.0,-2066145478201.0,,,11219625179419.0,-2370140572639.0,0.0,-376240073836.0,1888953919403.0,-13478695290250.0,7602906291870.0,3840180014.0,-6729375545438.0,0.0,0.0,2018000000000.0,-7636606030225.0,,0.0,-5618606030225.0,-1128356396244.0,3515372453072.0,0.0,2387016056828.0,,,,,,,
VHM,2018,4,VHM,cash_flow,4508073477850.0,-7386499751.0,130278801403.0,-2153262742.0,8430678961206.0,803153399196.0,,13862644877162.0,-8359814906501.0,11971562836846.0,-16114543970902.0,-88095722306.0,-1266445370906.0,-538207845763.0,,,-532900102370.0,-577037086756.0,1791767295139.0,-1051067673073.0,13115238320512.0,-5798489866815.0,169624489796.0,217756352424.0,7867791831227.0,0.0,0.0,8777731841263.0,-18489828426742.0,,-38000365000.0,-9750096950479.0,-2415205221622.0,5928624411954.0,2153262742.0,3515572453074.0,,,,,,,
VHM,2018,3,VHM,cash_flow,5126418003415.0,51171848417.0,-194146034266.0,45377691.0,-3713158494270.0,718453610962.0,,1988784311949.0,1639688740470.0,-7674179953344.0,2487137410357.0,395209498958.0,-476425993201.0,-1574794136615.0,,,-3214580121426.0,-205263452368.0,1986200122585.0,-14979064778924.0,2618189523068.0,-2801996849800.0,1080097217003.0,192547518367.0,-12109290700069.0,240978700000.0,0.0,25242402906978.0,-8949485406979.0,,0.0,16533896199999.0,1210025378504.0,4718599887522.0,-854072.0,5928624411954.0,,,,,,,
VHM,2018,2,VHM,cash_flow,4861213035169.0,83154163258.0,-83718726200.0,-45377691.0,-6137835501451.0,593328783213.0,,-683903623702.0,198867638930.0,4443264543693.0,-7988419784467.0,-128528137440.0,-741898946885.0,-1206139331007.0,,,-6106757640878.0,-180794043618.0,1123606877415.0,-3869386177060.0,9523680212300.0,-12404843326252.0,8246984785200.0,388217062980.0,2827465390965.0,0.0,0.0,29840920000000.0,-23905464091505.0,,3325000.0,5935459233495.0,2656166983582.0,2062432049868.0,854072.0,4718599887522.0,,,,,,,
VHM,2018,1,VHM,cash_flow,4868842454420.0,56229027327.0,-93227976711.0,0.0,-1201081259498.0,292500254316.0,,3923262499854.0,747164883208.0,2446130365028.0,-6308791856455.0,436643905802.0,-533011093560.0,-89012472663.0,,,622386231214.0,-201372307817.0,0.0,-8961629362480.0,9503428571429.0,-29322681585455.0,13977169514944.0,353117106112.0,-14651968063267.0,12000000000000.0,0.0,10955256601431.0,-7517540490328.0,,-907280000000.0,14530436111103.0,500854279050.0,1561577770818.0,0.0,2062432049868.0,,,,,,,
VHM,2017,4,VHM,cash_flow,-956060137851.0,-30970056094.0,272869992218.0,6376840367.0,986928080906.0,228699482773.0,,507844202319.0,-1741255671231.0,1473785473091.0,1456904730151.0,-608165630030.0,-395196009418.0,-230311405606.0,,,463605689276.0,-2217813066952.0,33942874366.0,-1885000000000.0,468085714284.0,1747673059800.0,1667482738980.0,16589882263.0,-169038797259.0,28111000000.0,0.0,11475131846394.0,-11194812253677.0,,0.0,308430592717.0,602997484734.0,958580819944.0,-533860.0,1561577770818.0,,,,,,,
VHM,2017,1,VHM,cash_flow,922632397010.0,116913963641.0,-2259014372.0,0.0,-136433559491.0,152342221828.0,,1053196008616.0,9693030062.0,7312673086282.0,-327654193725.0,-26790777067.0,-33536222223.0,381731696245.0,,,8369312628190.0,-6751118619917.0,-2828000000000.0,0.0,731182462975.0,-18112800000.0,6408829200.0,16886982393.0,-8842753145349.0,0.0,0.0,3175422936893.0,-2373617515074.0,,0.0,801805421819.0,328364904660.0,2802422910160.0,0.0,3130787814820.0,,,,,,,
VHM,2016,4,VHM,cash_flow,2604984496901.0,46344610668.0,5065313074.0,-1260691556.0,130777525824.0,220366094512.0,,3006277349423.0,5105778979593.0,2810434680713.0,-6304011329347.0,-71048488740.0,-20539675083.0,-224552555533.0,,,4302338961026.0,791567272715.0,-489200738202.0,0.0,505914344.0,-6890233745228.0,3109969245589.0,141329236363.0,-3336062814419.0,-158000000000.0,0.0,2711099807654.0,-1473233211122.0,,0.0,1079866596532.0,2046142743139.0,756280167021.0,0.0,2802422910160.0,,,,,,,
VHM,2016,3,VHM,cash_flow,541206415867.0,84730041981.0,2001260512.0,187320186.0,-474512736954.0,79281896454.0,,232894198046.0,-4936830862738.0,91304625729.0,1504955472559.0,-34808879058.0,-8096400256.0,-23127058164.0,,,-3173708903882.0,-1559344633141.0,0.0,0.0,53830314883.0,-4889862541142.0,4984000000000.0,1081654322.0,-1410295205078.0,0.0,0.0,5310196323019.0,-222840950930.0,,0.0,5087355372089.0,503351263129.0,252919463413.0,9440479.0,756280167021.0,,,,,,,
VHM,2016,2,VHM,cash_flow,-370761021763.0,91717478311.0,3694828770.0,637171413.0,13426973107.0,72793611451.0,,-188490958711.0,862981193691.0,-1671823151348.0,2404593196588.0,186036694180.0,-9592345835.0,-24147938889.0,,,1559556689676.0,-517070581712.0,0.0,583442010000.0,94733856954.0,-279987404980.0,123530000000.0,174243935267.0,178891815529.0,158000000000.0,0.0,242999264449.0,-2757329492598.0,,0.0,-2356330228149.0,-617881722944.0,870801186358.0,9440478.0,252928903892.0,,,,,,,
VHM,2016,1,VHM,cash_flow,380684673239.0,80998852898.0,1041348771.0,0.0,-506852199795.0,97159336719.0,,53032011832.0,-229188702322.0,-283579917244.0,2667974915542.0,-306522355016.0,-28856089630.0,-64881517320.0,,,1807978345842.0,-684904696559.0,-583442010000.0,2455833932446.0,-3238902360000.0,0.0,0.0,20526257334.0,-2030888876779.0,0.0,0.0,2288961849675.0,-1751961619166.0,,0.0,537000230509.0,314089699572.0,556711486785.0,0.0,870801186357.0,,,,,,,
BID,2025,4,BID,cash_flow,,,,,,,,17800224000000.0,,,,,,,,,81115922000000.0,-408329000000.0,6177000000.0,,,0.0,0.0,51371000000.0,-352358000000.0,-1000000.0,,,,,-3245811000000.0,-52812000000.0,80710752000000.0,449585246000000.0,0.0,530295998000000.0,,-1020429000000.0,81115922000000.0,0.0,,,
BID,2025,3,BID,cash_flow,,,,,,,,14586247000000.0,,,,,,,,,21370660000000.0,-426002000000.0,3121000000.0,,,0.0,0.0,4974000000.0,-418818000000.0,1000000.0,,,,,0.0,1110001000000.0,22061843000000.0,427523403000000.0,0.0,449585246000000.0,,8071000000.0,21370660000000.0,0.0,,,
BID,2025,2,BID,cash_flow,,,,,,,,15762506000000.0,,,,,,,,,54524430000000.0,-481374000000.0,2077000000.0,,,0.0,0.0,118259000000.0,-361366000000.0,0.0,,,,,0.0,9523000000000.0,63686064000000.0,363837339000000.0,0.0,427523403000000.0,,-314682000000.0,54524430000000.0,0.0,,,
BID,2025,1,BID,cash_flow,,,,,,,,5947885000000.0,,,,,,,,,35945372000000.0,-507275000000.0,0.0,,,0.0,0.0,1302000000.0,-506151000000.0,4753174000000.0,,,,,0.0,3673654000000.0,39112875000000.0,324724464000000.0,0.0,363837339000000.0,,-299244000000.0,35945372000000.0,0.0,,,
BID,2024,4,BID,cash_flow,,,,,,,,15806521000000.0,,,,,,,,,60600832000000.0,-266099000000.0,9545000000.0,,,-1028000000.0,14108000000.0,6036000000.0,-237632000000.0,0.0,,,,,-85823000000.0,2275767000000.0,62638967000000.0,262085497000000.0,0.0,324724464000000.0,,-1684996000000.0,60600832000000.0,0.0,,,
BID,2024,3,BID,cash_flow,,,,,,,,10295887000000.0,,,,,,,,,-15813865000000.0,-335404000000.0,7058000000.0,,,0.0,0.0,7901000000.0,-323109000000.0,0.0,,,,,0.0,0.0,-16136974000000.0,278222471000000.0,0.0,262085497000000.0,,-293231000000.0,-15813865000000.0,0.0,,,
BID,2024,2,BID,cash_flow,,,,,,,,10107862000000.0,,,,,,,,,49593439000000.0,-333775000000.0,2356000000.0,,,0.0,0.0,70229000000.0,-261720000000.0,0.0,,,,,-8637000000.0,-8637000000.0,49323082000000.0,228899389000000.0,0.0,278222471000000.0,,-747718000000.0,49593439000000.0,0.0,,,
BID,2024,1,BID,cash_flow,,,,,,,,3659336000000.0,,,,,,,,,4466366000000.0,-309550000000.0,937000000.0,,,0.0,0.0,3939000000.0,-305979000000.0,0.0,,,,,0.0,0.0,4160387000000.0,224739002000000.0,0.0,228899389000000.0,,-391629000000.0,4466366000000.0,0.0,,,
BID,2023,4,BID,cash_flow,,,,,,,,8944734000000.0,,,,,,,,,28791710000000.0,-607584000000.0,6626000000.0,,,0.0,0.0,180591000000.0,-422372000000.0,0.0,,,,,-74839000000.0,-74839000000.0,28294499000000.0,196443803000000.0,0.0,224738302000000.0,,-2805333000000.0,28792874000000.0,-1164000000.0,,,
BID,2023,3,BID,cash_flow,,,,,,,,12630996000000.0,,,,,,,,,-10520343000000.0,125811000000.0,3242000000.0,,,0.0,0.0,33894000000.0,162695000000.0,0.0,,,,,-44855000000.0,-44855000000.0,-10402503000000.0,206846306000000.0,0.0,196443803000000.0,,-377770000000.0,-10520343000000.0,0.0,,,
BID,2023,2,BID,cash_flow,,,,,,,,14058342000000.0,,,,,,,,,-5194200000000.0,-1144474000000.0,1257000000.0,,,0.0,0.0,50232000000.0,-1093132000000.0,0.0,,,,,0.0,0.0,-6287332000000.0,213133638000000.0,0.0,206846306000000.0,,-58234000000.0,-5194200000000.0,0.0,,,
BID,2023,1,BID,cash_flow,,,,,,,,14576731000000.0,,,,,,,,,-84390513000000.0,-207725000000.0,585000000.0,,,0.0,0.0,43941000000.0,-163230000000.0,0.0,,,,,0.0,0.0,-84553743000000.0,297687381000000.0,0.0,213133638000000.0,,-123400000000.0,-84390513000000.0,0.0,,,
BID,2022,4,BID,cash_flow,,,,,,,,11321225000000.0,,,,,,,,,42948135000000.0,-406208000000.0,3274000000.0,,,933000000.0,0.0,77643000000.0,-325126000000.0,0.0,,,,,0.0,0.0,42623009000000.0,255033275000000.0,0.0,297656284000000.0,,-1093873000000.0,42949115000000.0,-980000000.0,,,
BID,2022,3,BID,cash_flow,,,,,,,,14869568000000.0,,,,,,,,,32846033000000.0,-162842000000.0,4794000000.0,,,1000000.0,0.0,6352000000.0,-152398000000.0,0.0,,,,,0.0,0.0,32693635000000.0,222339640000000.0,0.0,255033275000000.0,,-191468000000.0,32846033000000.0,0.0,,,
BID,2022,2,BID,cash_flow,,,,,,,,11339697000000.0,,,,,,,,,42221051000000.0,-247796000000.0,892000000.0,,,-1000000.0,0.0,78645000000.0,-168352000000.0,0.0,,,,,0.0,0.0,42052699000000.0,180286941000000.0,0.0,222339640000000.0,,-210592000000.0,42221051000000.0,0.0,,,
BID,2022,1,BID,cash_flow,,,,,,,,10659930000000.0,,,,,,,,,15322813000000.0,-216078000000.0,908000000.0,,,-933000000.0,0.0,2926000000.0,-213199000000.0,0.0,,,,,-152939000000.0,-152939000000.0,14956675000000.0,165330266000000.0,0.0,180286941000000.0,,-58683000000.0,15322813000000.0,0.0,,,
BID,2021,4,BID,cash_flow,,,,,,,,8509689000000.0,,,,,,,,,22018864000000.0,-1226349000000.0,3998000000.0,,,0.0,0.0,37135000000.0,-1189802000000.0,0.0,,,,,-651464000000.0,-651464000000.0,20177598000000.0,145168049000000.0,0.0,165345647000000.0,,-1674491000000.0,22019759000000.0,-895000000.0,,,
BID,2021,3,BID,cash_flow,,,,,,,,10309438000000.0,,,,,,,,,1140080000000.0,-131652000000.0,905000000.0,,,-1962000000.0,0.0,8621000000.0,-124301000000.0,0.0,,,,,0.0,0.0,1015779000000.0,144152270000000.0,0.0,145168049000000.0,,-285289000000.0,1140080000000.0,0.0,,,
BID,2021,2,BID,cash_flow,,,,,,,,12765986000000.0,,,,,,,,,-5997022000000.0,-337647000000.0,2697000000.0,,,-164000000.0,0.0,42112000000.0,-293098000000.0,0.0,,,,,-610163000000.0,-610163000000.0,-6900283000000.0,151052550000000.0,3000000.0,144152270000000.0,,-109197000000.0,-5997022000000.0,0.0,,,
BID,2021,1,BID,cash_flow,,,,,,,,8148562000000.0,,,,,,,,,52492867000000.0,-161256000000.0,776000000.0,,,-51599000000.0,0.0,573000000.0,-211555000000.0,0.0,,,,,0.0,0.0,52281312000000.0,98771238000000.0,0.0,151052550000000.0,,-76944000000.0,52492867000000.0,0.0,,,
BID,2020,4,BID,cash_flow,,,,,,,,8715518000000.0,,,,,,,,,-20303257000000.0,-290951000000.0,4561000000.0,,,0.0,0.0,6939000000.0,-279323000000.0,0.0,,,,,-2605859000000.0,-2605859000000.0,-23188439000000.0,121984384000000.0,0.0,98795945000000.0,,-1898932000000.0,-20303257000000.0,0.0,,,
BID,2020,3,BID,cash_flow,,,,,,,,6859027000000.0,,,,,,,,,24357406000000.0,-345175000000.0,2159000000.0,,,860000000.0,0.0,26764000000.0,-316418000000.0,0.0,,,,,0.0,0.0,24040988000000.0,97943396000000.0,0.0,121984384000000.0,,-210771000000.0,24361535000000.0,-4129000000.0,,,
BID,2020,2,BID,cash_flow,,,,,,,,8077805000000.0,,,,,,,,,-21180568000000.0,-164448000000.0,1561000000.0,,,52000000.0,0.0,96496000000.0,-66571000000.0,0.0,,,,,0.0,0.0,-21247139000000.0,119190535000000.0,0.0,97943396000000.0,,149386000000.0,-21184697000000.0,4129000000.0,,,
BID,2020,1,BID,cash_flow,,,,,,,,5097179000000.0,,,,,,,,,-50824924000000.0,-261059000000.0,264000000.0,,,-912000000.0,0.0,4788000000.0,-256943000000.0,0.0,,,,,0.0,0.0,-51081867000000.0,170272402000000.0,0.0,119190535000000.0,,-94019000000.0,-50824726000000.0,-198000000.0,,,
BID,2019,4,BID,cash_flow,,,,,,,,9724575000000.0,,,,,,,,,4404846000000.0,-249780000000.0,3680000000.0,,,1369000000.0,0.0,6981000000.0,-251134000000.0,20295103000000.0,,,,,-4786201000000.0,15508902000000.0,19662614000000.0,151099678000000.0,0.0,170762292000000.0,,-229167000000.0,4405041000000.0,-195000000.0,,,
BID,2019,3,BID,cash_flow,,,,,,,,9461341000000.0,,,,,,,,,25991881000000.0,-47701000000.0,725000000.0,,,26000000.0,0.0,2760000000.0,-44276000000.0,0.0,,,,,-40221000000.0,-40221000000.0,25907384000000.0,125192294000000.0,0.0,151099678000000.0,,-102884000000.0,25991881000000.0,0.0,,,
BID,2019,2,BID,cash_flow,,,,,,,,8172702000000.0,,,,,,,,,20496465000000.0,9776000000.0,221000000.0,,,-1395000000.0,0.0,96327000000.0,104917000000.0,0.0,,,,,-17808000000.0,-17808000000.0,20583574000000.0,104608720000000.0,0.0,125192294000000.0,,-22128000000.0,20496648000000.0,-183000000.0,,,
BID,2019,1,BID,cash_flow,,,,,,,,6941072000000.0,,,,,,,,,-16660896000000.0,-142385000000.0,650000000.0,,,0.0,0.0,4993000000.0,-137483000000.0,0.0,,,,,0.0,0.0,-16798379000000.0,121407099000000.0,0.0,104608720000000.0,,38545000000.0,-16660896000000.0,0.0,,,
BID,2018,4,BID,cash_flow,,,,,,,,7997922000000.0,,,,,,,,,30192963000000.0,1804822000000.0,-604000000.0,,,0.0,27239000000.0,28029000000.0,1856686000000.0,0.0,,,,,-92612000000.0,-92612000000.0,31957037000000.0,89450062000000.0,0.0,121407099000000.0,,-385776000000.0,30193107000000.0,-144000000.0,,,
BID,2018,3,BID,cash_flow,,,,,,,,6519862000000.0,,,,,,,,,-23738089000000.0,-172763000000.0,9764000000.0,,,0.0,28981000000.0,58587000000.0,-77697000000.0,0.0,,,,,0.0,0.0,-23815786000000.0,113265848000000.0,0.0,89450062000000.0,,-121349000000.0,-23738089000000.0,0.0,,,
BID,2018,2,BID,cash_flow,,,,,,,,6819486000000.0,,,,,,,,,9823143000000.0,-187717000000.0,-762000000.0,,,0.0,0.0,35891000000.0,-152645000000.0,0.0,,,,,0.0,0.0,9670498000000.0,103595348000000.0,0.0,113265846000000.0,,-91822000000.0,9823329000000.0,-186000000.0,,,
BID,2018,1,BID,cash_flow,,,,,,,,7033557000000.0,,,,,,,,,3172942000000.0,-329938000000.0,5017000000.0,,,0.0,0.0,5687000000.0,-319272000000.0,0.0,,,,,0.0,0.0,2853670000000.0,100741680000000.0,0.0,103595350000000.0,,-67034000000.0,3173127000000.0,-185000000.0,,,
BID,2017,4,BID,cash_flow,,,,,,,,9385415000000.0,,,,,,,,,20088502000000.0,-206259000000.0,8083000000.0,,,0.0,19332000000.0,8813000000.0,-172342000000.0,0.0,,,,,-10382000000.0,-10382000000.0,19905778000000.0,80549874000000.0,0.0,100455652000000.0,,-129559000000.0,20088700000000.0,-198000000.0,,,
BID,2017,3,BID,cash_flow,,,,,,,,5549780000000.0,,,,,,,,,13216189000000.0,-326211000000.0,2192000000.0,,,0.0,319862000000.0,96571000000.0,92260000000.0,0.0,,,,,-2469783000000.0,-2469783000000.0,10838666000000.0,69711208000000.0,0.0,80549874000000.0,,-108343000000.0,13216379000000.0,-190000000.0,,,
BID,2017,2,BID,cash_flow,,,,,,,,6937365000000.0,,,,,,,,,13682127000000.0,-229677000000.0,232000000.0,,,0.0,963530000000.0,38805000000.0,772410000000.0,223907000000.0,,,,,-11447000000.0,212460000000.0,14666997000000.0,53503217000000.0,1540994000000.0,69711208000000.0,,-36055000000.0,13682327000000.0,-200000000.0,,,
BID,2017,1,BID,cash_flow,,,,,,,,4879470000000.0,,,,,,,,,-11617314000000.0,-421554000000.0,679000000.0,,,0.0,22768000000.0,115000000.0,-401258000000.0,0.0,,,,,0.0,0.0,-12018572000000.0,65521789000000.0,0.0,53503217000000.0,,-43559000000.0,-11617314000000.0,0.0,,,
BID,2016,4,BID,cash_flow,,,,,,,,6295628000000.0,,,,,,,,,12884193000000.0,-731842000000.0,4013000000.0,,,60800000000.0,23679000000.0,7680000000.0,-638736000000.0,0.0,,,,,-2930522000000.0,-2930522000000.0,9314935000000.0,53260701000000.0,0.0,62575636000000.0,,-691466000000.0,12884343000000.0,-150000000.0,,,
BID,2016,3,BID,cash_flow,,,,,,,,4743773000000.0,,,,,,,,,-4186106000000.0,-460718000000.0,2885000000.0,,,-60800000000.0,-818872000000.0,187498000000.0,-1150300000000.0,0.0,,,,,-16000000.0,-16000000.0,-5336422000000.0,58597123000000.0,0.0,53260701000000.0,,-129721000000.0,-4185939000000.0,-167000000.0,,,
BID,2016,2,BID,cash_flow,,,,,,,,4241679000000.0,,,,,,,,,22384343000000.0,-506236000000.0,1946000000.0,,,0.0,-769964000000.0,140587000000.0,-1133817000000.0,0.0,,,,,-9845000000.0,-9845000000.0,21240681000000.0,38160607000000.0,0.0,59401288000000.0,,-77111000000.0,22384343000000.0,0.0,,,
BID,2016,1,BID,cash_flow,,,,,,,,3466538000000.0,,,,,,,,,-18992361000000.0,-502813000000.0,1348000000.0,,,0.0,1683071000000.0,2980000000.0,1184114000000.0,0.0,,,,,0.0,0.0,-17808247000000.0,55968854000000.0,0.0,38160607000000.0,,-23287000000.0,-18992278000000.0,-83000000.0,,,
BID,2015,4,BID,cash_flow,,,,,,,,4101250000000.0,,,,,,,,,-11644937000000.0,-269708000000.0,8062000000.0,,,1000000.0,52937000000.0,9190000000.0,-197243000000.0,0.0,,,,,-59375000000.0,-59375000000.0,-11901555000000.0,67840943000000.0,0.0,55939388000000.0,,-136836000000.0,-11644776000000.0,-161000000.0,,,
BID,2015,3,BID,cash_flow,,,,,,,,3503966000000.0,,,,,,,,,9803165000000.0,-296397000000.0,10175000000.0,,,0.0,17100000000.0,99650000000.0,-169374000000.0,127741000000.0,,,,,-2762217000000.0,-2634476000000.0,6999315000000.0,60841628000000.0,0.0,67840943000000.0,,-113645000000.0,9803358000000.0,-193000000.0,,,
BID,2015,2,BID,cash_flow,,,,,,,,4026840000000.0,,,,,,,,,28596276000000.0,-189345000000.0,4056000000.0,,,-393721000000.0,16320000000.0,172411000000.0,-390302000000.0,0.0,,,,,-121562000000.0,-121562000000.0,28084412000000.0,31279876000000.0,1477340000000.0,60841628000000.0,,44844000000.0,28596436000000.0,-160000000.0,,,
BID,2015,1,BID,cash_flow,,,,,,,,1737104000000.0,,,,,,,,,-18727518000000.0,-424367000000.0,94000000.0,,,0.0,199964000000.0,29002000000.0,-195314000000.0,0.0,,,,,0.0,0.0,-18922832000000.0,50202708000000.0,0.0,31279876000000.0,,-111591000000.0,-18727518000000.0,0.0,,,
BID,2014,4,BID,cash_flow,,,,,,,,0.0,,,,,,,,,0.0,0.0,0.0,,,0.0,0.0,0.0,0.0,0.0,,,,,0.0,0.0,0.0,0.0,0.0,0.0,,0.0,0.0,0.0,,,
BID,2014,3,BID,cash_flow,,,,,,,,0.0,,,,,,,,,0.0,0.0,0.0,,,0.0,0.0,0.0,0.0,0.0,,,,,0.0,0.0,0.0,0.0,0.0,0.0,,0.0,0.0,0.0,,,
BID,2014,2,BID,cash_flow,,,,,,,,2232687262511.0,,,,,,,,,-2967448215151.0,-450291327103.0,2119319273.0,,,0.0,6969800000.0,125124538800.0,-317234162666.0,0.0,,,,,0.0,0.0,-3284682377817.0,45209664789749.0,0.0,41924982411932.0,,380065419588.0,-2967247215151.0,-201000000.0,,,
BID,2014,1,BID,cash_flow,,,,,,,,2360359737489.0,,,,,,,,,3915875215151.0,-370327672897.0,15680727.0,,,0.0,27883200000.0,3493461200.0,-338951837334.0,0.0,,,,,0.0,0.0,3576923377817.0,41632741411932.0,0.0,45209664789749.0,,165077580412.0,3915875215151.0,0.0,,,
BID,2013,4,BID,cash_flow,,,,,,,,3251621840572.0,,,,,,,,,3587276489485.0,-468131774553.0,1336814512.0,,,402783705.0,76952617432.0,33423682526.0,-356663907603.0,0.0,,,,,0.0,0.0,3230612581882.0,38540394685444.0,0.0,41771007267326.0,,471951626057.0,3587517660176.0,-241170691.0,,,
BID,2013,3,BID,cash_flow,,,,,,,,893181429095.0,,,,,,,,,-4575000711874.0,-786312454522.0,1467343066.0,,,-88278514142.0,87826230438.0,33072170544.0,-752336865108.0,3668320697798.0,,,,,-532437438366.0,3135883259432.0,-2191454317550.0,40731849000000.0,0.0,38540394682450.0,,332901787328.0,-4574710446533.0,-290265341.0,,,
BID,2013,2,BID,cash_flow,,,,,,,,2415541329627.0,,,,,,,,,1588275143034.0,69797119577.0,65401318.0,,,-500000.0,0.0,82805419074.0,152601257241.0,0.0,,,,,0.0,0.0,1740876400275.0,38990972602719.0,0.0,40731849002994.0,,225703459183.0,1588275143034.0,0.0,,,
BID,2013,1,BID,cash_flow,,,,,,,,2403074670373.0,,,,,,,,,1816931856966.0,-282555119577.0,1201598682.0,,,-439991500000.0,5000000000.0,3228580926.0,-713134257241.0,0.0,,,,,0.0,0.0,1103797599725.0,37887175002994.0,0.0,38990972602719.0,,68423540817.0,1816931856966.0,0.0,,,
CTG,2025,4,CTG,cash_flow,,,,,,,,16875393000000.0,,,,,,,,,-2378836000000.0,-787796000000.0,8658000000.0,,,0.0,0.0,21307000000.0,-760506000000.0,0.0,,,,,-2416496000000.0,-2416496000000.0,-5555838000000.0,457361974000000.0,-60661000000.0,451745475000000.0,,-45111000000.0,-2378836000000.0,0.0,,,
CTG,2025,3,CTG,cash_flow,,,,,,,,14889228000000.0,,,,,,,,,66767196000000.0,-589230000000.0,4563000000.0,,,0.0,0.0,12296000000.0,-572769000000.0,0.0,,,,,0.0,0.0,66194427000000.0,391174348000000.0,-6801000000.0,457361974000000.0,,-120108000000.0,66767196000000.0,0.0,,,
CTG,2025,2,CTG,cash_flow,,,,,,,,17717503000000.0,,,,,,,,,27016581000000.0,-402610000000.0,7331000000.0,,,0.0,0.0,37502000000.0,-358420000000.0,0.0,,,,,0.0,0.0,26658161000000.0,364315448000000.0,200739000000.0,391174348000000.0,,-100580000000.0,27016581000000.0,0.0,,,
CTG,2025,1,CTG,cash_flow,,,,,,,,8159069000000.0,,,,,,,,,-8760941000000.0,-225314000000.0,1715000000.0,,,0.0,0.0,247000000.0,-223497000000.0,0.0,,,,,0.0,0.0,-8984438000000.0,373319556000000.0,-19670000000.0,364315448000000.0,,-174682000000.0,-8760941000000.0,0.0,,,
CTG,2024,4,CTG,cash_flow,,,,,,,,13681064000000.0,,,,,,,,,1670206000000.0,-729672000000.0,6728000000.0,,,0.0,0.0,1069000000.0,-722655000000.0,0.0,,,,,0.0,0.0,947551000000.0,372158367000000.0,213638000000.0,373319556000000.0,,-41735000000.0,1670206000000.0,0.0,,,
CTG,2024,3,CTG,cash_flow,,,,,,,,14720516000000.0,,,,,,,,,16134027000000.0,-194221000000.0,3461000000.0,,,0.0,0.0,12414000000.0,-178693000000.0,0.0,,,,,0.0,0.0,15955334000000.0,356354678000000.0,-151645000000.0,372158367000000.0,,-182103000000.0,16134027000000.0,0.0,,,
CTG,2024,2,CTG,cash_flow,,,,,,,,15211203000000.0,,,,,,,,,48014597000000.0,-236047000000.0,3861000000.0,,,0.0,0.0,6844000000.0,-226586000000.0,0.0,,,,,0.0,1537000000.0,47789548000000.0,308509791000000.0,55339000000.0,356354678000000.0,,-591251000000.0,48014597000000.0,0.0,,,
CTG,2024,1,CTG,cash_flow,,,,,,,,5141022000000.0,,,,,,,,,36369856000000.0,-202139000000.0,1108000000.0,,,0.0,0.0,212000000.0,-201089000000.0,0.0,,,,,0.0,0.0,36168767000000.0,272303607000000.0,37417000000.0,308509791000000.0,,-97376000000.0,36369856000000.0,0.0,,,
CTG,2023,4,CTG,cash_flow,,,,,,,,8001146000000.0,,,,,,,,,7141948000000.0,-364386000000.0,5014000000.0,,,0.0,0.0,17120000000.0,-344232000000.0,0.0,,,,,0.0,0.0,6797716000000.0,265483756000000.0,22135000000.0,272303607000000.0,,-46791000000.0,7141948000000.0,0.0,,,
CTG,2023,3,CTG,cash_flow,,,,,,,,15176619000000.0,,,,,,,,,19183597000000.0,-167995000000.0,2611000000.0,,,0.0,0.0,40384000000.0,-125315000000.0,0.0,,,,,0.0,0.0,19058282000000.0,246377396000000.0,48078000000.0,265483756000000.0,,-28767000000.0,19183597000000.0,0.0,,,
CTG,2023,2,CTG,cash_flow,,,,,,,,16612237000000.0,,,,,,,,,14831974000000.0,-241972000000.0,1912000000.0,,,0.0,0.0,672000000.0,-239563000000.0,0.0,,,,,0.0,0.0,14592411000000.0,231870969000000.0,-85984000000.0,246377396000000.0,,205546000000.0,14831974000000.0,0.0,,,
CTG,2023,1,CTG,cash_flow,,,,,,,,11450284000000.0,,,,,,,,,-12354419000000.0,-64500000000.0,936000000.0,,,0.0,0.0,34161000000.0,-29524000000.0,0.0,,,,,0.0,0.0,-12383943000000.0,244298220000000.0,-43308000000.0,231870969000000.0,,129663000000.0,-12354419000000.0,0.0,,,
CTG,2022,4,CTG,cash_flow,,,,,,,,11138865000000.0,,,,,,,,,38532149000000.0,-192133000000.0,5879000000.0,,,-6200000000.0,-61988000000.0,12448000000.0,-243427000000.0,0.0,,,,,0.0,0.0,38288722000000.0,207128395000000.0,-185694000000.0,245231423000000.0,,422988000000.0,38532149000000.0,0.0,,,
CTG,2022,3,CTG,cash_flow,,,,,,,,12790676000000.0,,,,,,,,,20511712000000.0,-160510000000.0,3167000000.0,,,6200000000.0,-6200000000.0,18857000000.0,-138696000000.0,0.0,,,,,0.0,0.0,20373016000000.0,186647100000000.0,108279000000.0,207128395000000.0,,-44316000000.0,20511712000000.0,0.0,,,
CTG,2022,2,CTG,cash_flow,,,,,,,,12737887000000.0,,,,,,,,,9974925000000.0,-123946000000.0,6166000000.0,,,0.0,0.0,1195000000.0,-116868000000.0,0.0,,,,,0.0,0.0,9858057000000.0,176842642000000.0,-53599000000.0,186647100000000.0,,3286470000000.0,9974925000000.0,0.0,,,
CTG,2022,1,CTG,cash_flow,,,,,,,,13789128000000.0,,,,,,,,,16376396000000.0,-77156000000.0,1632000000.0,,,0.0,6200000000.0,55236000000.0,-14340000000.0,0.0,,,,,-3844600000000.0,-3844600000000.0,12517456000000.0,164376586000000.0,-51400000000.0,176842642000000.0,,958811000000.0,16376396000000.0,0.0,,,
CTG,2021,4,CTG,cash_flow,,,,,,,,7704881000000.0,,,,,,,,,32546722000000.0,-215178000000.0,3482000000.0,,,0.0,0.0,16387000000.0,-197692000000.0,0.0,,,,,0.0,0.0,32349030000000.0,132378903000000.0,-402635000000.0,164325298000000.0,,231953000000.0,32546722000000.0,0.0,,,
CTG,2021,3,CTG,cash_flow,,,,,,,,7637351000000.0,,,,,,,,,-53734155000000.0,-269752000000.0,1144000000.0,,,0.0,0.0,25048000000.0,-243923000000.0,0.0,,,,,0.0,0.0,-53978078000000.0,186538352000000.0,-181371000000.0,132378903000000.0,,-336141000000.0,-53734155000000.0,0.0,,,
CTG,2021,2,CTG,cash_flow,,,,,,,,8803320000000.0,,,,,,,,,37158105000000.0,-120549000000.0,1508000000.0,,,0.0,0.0,30661000000.0,-88480000000.0,0.0,,,,,-21267000000.0,-21267000000.0,37048358000000.0,149394945000000.0,95049000000.0,186538352000000.0,,-21635000000.0,37158105000000.0,0.0,,,
CTG,2021,1,CTG,cash_flow,,,,,,,,6478962000000.0,,,,,,,,,-10701222000000.0,-56979000000.0,1236000000.0,,,0.0,0.0,11675000000.0,-44099000000.0,0.0,,,,,0.0,0.0,-10745321000000.0,160175076000000.0,-34810000000.0,149394945000000.0,,76659000000.0,-10701222000000.0,0.0,,,
CTG,2020,4,CTG,cash_flow,,,,,,,,4381350000000.0,,,,,,,,,15154336000000.0,-258637000000.0,5259000000.0,,,23990000000.0,-23990000000.0,15670000000.0,-240495000000.0,0.0,,,,,-1861702000000.0,-1861702000000.0,13052139000000.0,147216966000000.0,-93930000000.0,160175175000000.0,,225769000000.0,15154336000000.0,0.0,,,
CTG,2020,3,CTG,cash_flow,,,,,,,,7528030000000.0,,,,,,,,,818544000000.0,-88242000000.0,90802000000.0,,,0.0,0.0,26693000000.0,-14467000000.0,0.0,,,,,0.0,0.0,804077000000.0,146449844000000.0,-36955000000.0,147216966000000.0,,140582000000.0,818544000000.0,0.0,,,
CTG,2020,2,CTG,cash_flow,,,,,,,,5612909000000.0,,,,,,,,,-6308963000000.0,-91829000000.0,11519000000.0,,,0.0,0.0,22313000000.0,-65161000000.0,0.0,,,,,-19527000000.0,-19527000000.0,-6393651000000.0,153047985000000.0,-204490000000.0,146449844000000.0,,-63263000000.0,-6308963000000.0,0.0,,,
CTG,2020,1,CTG,cash_flow,,,,,,,,6851391000000.0,,,,,,,,,-1765883000000.0,-276246000000.0,354000000.0,,,0.0,23990000000.0,2385000000.0,-249561000000.0,0.0,,,,,0.0,0.0,-2015444000000.0,155046744000000.0,16685000000.0,153047985000000.0,,110748000000.0,-1765883000000.0,0.0,,,
CTG,2019,4,CTG,cash_flow,,,,,,,,6719662000000.0,,,,,,,,,3478049000000.0,-381385000000.0,3419000000.0,,,0.0,13000000000.0,28937000000.0,-336599000000.0,15000000.0,,,,,0.0,15000000.0,3141465000000.0,151964855000000.0,-62693000000.0,155043627000000.0,,-1271947000000.0,3480269000000.0,-2220000000.0,,,
CTG,2019,3,CTG,cash_flow,,,,,,,,7828127000000.0,,,,,,,,,-2825945000000.0,87851000000.0,146057000000.0,,,0.0,-83470000000.0,10449000000.0,129283000000.0,-6433000000.0,,,,,-25913000000.0,-32346000000.0,-2729008000000.0,154904340000000.0,-212948000000.0,151962384000000.0,,1129248000000.0,-2825945000000.0,0.0,,,
CTG,2019,2,CTG,cash_flow,,,,,,,,5505936000000.0,,,,,,,,,7013876000000.0,100813000000.0,237191000000.0,,,0.0,304905000000.0,325007000000.0,749157000000.0,593300000000.0,,,,,-211000000.0,593089000000.0,8356122000000.0,146337685000000.0,210533000000.0,154904340000000.0,,670000000.0,7013876000000.0,0.0,,,
CTG,2019,1,CTG,cash_flow,,,,,,,,7649566000000.0,,,,,,,,,-9139963000000.0,-187876000000.0,967000000.0,,,0.0,0.0,3200000000.0,-184204000000.0,0.0,,,,,0.0,0.0,-9324167000000.0,155544719000000.0,117133000000.0,146337685000000.0,,-61289000000.0,-9139963000000.0,0.0,,,
CTG,2018,4,CTG,cash_flow,,,,,,,,8286145000000.0,,,,,,,,,21923099000000.0,-308943000000.0,3847000000.0,,,0.0,0.0,36543000000.0,-269006000000.0,0.0,,,,,0.0,0.0,21654093000000.0,134600610000000.0,-93141000000.0,156161562000000.0,,-527617000000.0,21923099000000.0,0.0,,,
CTG,2018,3,CTG,cash_flow,,,,,,,,6849398000000.0,,,,,,,,,29736697000000.0,-328178000000.0,0.0,,,0.0,0.0,147864000000.0,-180314000000.0,0.0,,,,,0.0,0.0,29556383000000.0,105019573000000.0,24654000000.0,134600610000000.0,,448288000000.0,29736697000000.0,0.0,,,
CTG,2018,2,CTG,cash_flow,,,,,,,,5368665000000.0,,,,,,,,,-14189047000000.0,-320814000000.0,1044000000.0,,,0.0,0.0,184293000000.0,-136119000000.0,0.0,,,,,0.0,0.0,-14325166000000.0,119256786000000.0,87953000000.0,105019573000000.0,,19477000000.0,-14181164000000.0,-7883000000.0,,,
CTG,2018,1,CTG,cash_flow,,,,,,,,4875201000000.0,,,,,,,,,-12397893000000.0,-67369000000.0,1193000000.0,,,0.0,0.0,-1413000000.0,-71531000000.0,0.0,,,,,0.0,0.0,-12469424000000.0,131707327000000.0,18883000000.0,119256786000000.0,,7022000000.0,-12405776000000.0,7883000000.0,,,
CTG,2017,4,CTG,cash_flow,,,,,,,,5792138000000.0,,,,,,,,,14869505000000.0,-736249000000.0,2855000000.0,,,0.0,0.0,175198000000.0,-558846000000.0,0.0,,,,,-2606383000000.0,-2606383000000.0,11704276000000.0,120033619000000.0,-62001000000.0,131675894000000.0,,-526685000000.0,14869505000000.0,0.0,,,
CTG,2017,3,CTG,cash_flow,,,,,,,,6165871000000.0,,,,,,,,,-5790779000000.0,-275330000000.0,879000000.0,,,0.0,0.0,42368000000.0,-232063000000.0,0.0,,,,,0.0,0.0,-6022842000000.0,126039483000000.0,16978000000.0,120033619000000.0,,143705000000.0,-5790779000000.0,0.0,,,
CTG,2017,2,CTG,cash_flow,,,,,,,,4149193000000.0,,,,,,,,,13573143000000.0,-445718000000.0,39967000000.0,,,0.0,600000000000.0,9720000000.0,199322000000.0,0.0,,,,,0.0,0.0,13772465000000.0,112160775000000.0,106243000000.0,126039483000000.0,,-379662000000.0,13573144000000.0,-1000000.0,,,
CTG,2017,1,CTG,cash_flow,,,,,,,,4143561000000.0,,,,,,,,,1265895000000.0,-327352000000.0,0.0,,,0.0,0.0,4296000000.0,-323056000000.0,0.0,,,,,-2606383000000.0,-2606383000000.0,-1663544000000.0,113814949000000.0,9370000000.0,112160775000000.0,,-80820000000.0,1266518000000.0,-623000000.0,,,
CTG,2016,4,CTG,cash_flow,,,,,,,,6554287000000.0,,,,,,,,,-1868300000000.0,-1100714000000.0,1598000000.0,,,55267000000.0,45234000000.0,204833000000.0,-794930000000.0,0.0,,,,,0.0,0.0,-2663230000000.0,116420105000000.0,58073000000.0,113814948000000.0,,-255487000000.0,-1865592000000.0,-2708000000.0,,,
CTG,2016,3,CTG,cash_flow,,,,,,,,5773135000000.0,,,,,,,,,13189256000000.0,-308115000000.0,893000000.0,,,-47514000000.0,0.0,23845000000.0,-306929000000.0,0.0,,,,,0.0,0.0,12882327000000.0,103538219000000.0,-441000000.0,116420105000000.0,,-200402000000.0,13189256000000.0,0.0,,,
CTG,2016,2,CTG,cash_flow,,,,,,,,3298799000000.0,,,,,,,,,16124577000000.0,-291158000000.0,10275000000.0,,,0.0,-736000000.0,7698000000.0,-305286000000.0,0.0,,,,,0.0,0.0,15819291000000.0,87716794000000.0,2134000000.0,103538219000000.0,,-183027000000.0,16124612000000.0,-35000000.0,,,
CTG,2016,1,CTG,cash_flow,,,,,,,,3433218000000.0,,,,,,,,,7361690000000.0,-523923000000.0,582000000.0,,,0.0,10210000000.0,4951000000.0,-508202000000.0,0.0,,,,,0.0,0.0,6853488000000.0,80882722000000.0,-19416000000.0,87716794000000.0,,0.0,7361690000000.0,0.0,,,
CTG,2015,4,CTG,cash_flow,,,,,,,,3442533000000.0,,,,,,,,,6162803000000.0,-731587000000.0,25544000000.0,,,0.0,0.0,6419000000.0,-717663000000.0,0.0,,,,,0.0,0.0,5445140000000.0,75057935000000.0,-15688000000.0,80487387000000.0,,-105895000000.0,6162803000000.0,0.0,,,
CTG,2015,3,CTG,cash_flow,,,,,,,,2354896000000.0,,,,,,,,,2220729000000.0,-573137000000.0,8276000000.0,,,-3860000000.0,28705000000.0,344549000000.0,-195477000000.0,0.0,,,,,-3096013000000.0,-3095412000000.0,-1070160000000.0,76083362000000.0,44733000000.0,75057935000000.0,,-50088000000.0,2220729000000.0,0.0,,,
CTG,2015,2,CTG,cash_flow,,,,,,,,3887802000000.0,,,,,,,,,8499587000000.0,-299447000000.0,8366000000.0,,,-10000000000.0,11000000000.0,22181000000.0,-268085000000.0,0.0,,,,,0.0,0.0,8231502000000.0,68490239000000.0,-10386000000.0,76711355000000.0,,-86011000000.0,8499587000000.0,0.0,,,
CTG,2015,1,CTG,cash_flow,,,,,,,,2368456000000.0,,,,,,,,,-18187379000000.0,-411397000000.0,112000000.0,,,0.0,0.0,343000000.0,-411016000000.0,0.0,,,,,0.0,0.0,-18598395000000.0,87064648000000.0,23986000000.0,68490239000000.0,,-80934000000.0,-18187031000000.0,-348000000.0,,,
CTG,2014,4,CTG,cash_flow,,,,,,,,1408664842561.0,,,,,,,,,-13166197069217.0,-831403878103.0,1247468317568.0,,,0.0,10000000000.0,3133527051.0,427539657551.0,0.0,,,,,0.0,11869550000.0,-12726787861666.0,99787760115534.0,3675458180.0,87064647712048.0,,188521879579.0,-13166197069217.0,0.0,,,
CTG,2014,3,CTG,cash_flow,,,,,,,,2026348036673.0,,,,,,,,,-6163632583680.0,-545789552737.0,714508808.0,,,0.0,-11000000000.0,61032767.0,-556002332980.0,0.0,,,,,-10787676600.0,-9570176600.0,-6729205093260.0,106507777000000.0,9188208794.0,99787760115534.0,,126615101972.0,-6163632959967.0,376287.0,,,
CTG,2014,2,CTG,cash_flow,,,,,,,,3265570868631.0,,,,,,,,,22865552971016.0,-842384583809.0,1694468935.0,,,0.0,11000000000.0,15212773900.0,-814470980974.0,0.0,,,,,-3723405000000.0,-3723405000000.0,18327676990042.0,88180310933901.0,-210923943.0,106507777000000.0,,11166852049.0,22865553347303.0,-376287.0,,,
CTG,2014,1,CTG,cash_flow,,,,,,,,1423250131369.0,,,,,,,,,14949550028984.0,-985503416191.0,666531065.0,,,0.0,0.0,465226100.0,-984480019026.0,0.0,,,,,0.0,0.0,13965070009958.0,74215984000000.0,-743076057.0,88180310933901.0,,273190147951.0,14949584652697.0,-34623713.0,,,
CTG,2013,4,CTG,cash_flow,,,,,,,,660300771947.0,,,,,,,,,11679987144980.0,-1658280016513.0,4135799138.0,,,-493679.0,0.0,1525327000.0,-1654454817218.0,4572472480000.0,,,,,0.0,4572472480000.0,14598004807762.0,56940397908756.0,250632371.0,71538653348889.0,,51339849387.0,11680116974737.0,-129829757.0,,,
CTG,2013,3,CTG,cash_flow,,,,,,,,2491105507749.0,,,,,,,,,-1147355023752.0,-980502250338.0,900377786.0,,,-296730256321.0,0.0,314372289068.0,-962954748583.0,466313.0,,,,,-4194807259200.0,-4194806792887.0,-6305116565222.0,63245514000000.0,473978.0,56940397908756.0,,691566760637.0,-1147355023752.0,0.0,,,
CTG,2013,2,CTG,cash_flow,,,,,,,,3744118263180.0,,,,,,,,,-3535932153493.0,-218008530353.0,1399903849.0,,,85000000000.0,-5000000000.0,24469239620.0,-116236781596.0,15413296000000.0,,,,,0.0,15413296000000.0,11761127064911.0,51486402665787.0,-2015730698.0,63245514000000.0,,205449358850.0,-3535932153493.0,0.0,,,
CTG,2013,1,CTG,cash_flow,,,,,,,,2000402736820.0,,,,,,,,,-7385279846507.0,-368388469647.0,886096151.0,,,-80000000000.0,5000000000.0,140760380.0,-442417218404.0,0.0,,,,,0.0,0.0,-7827697064911.0,59313988000000.0,111730698.0,51486402665787.0,,180089641150.0,-7385279846507.0,0.0,,,
CTG,2012,2,CTG,cash_flow,,,,,,,,2848045939775.0,,,,,,,,,7911272153447.0,-1693211633844.0,953609699.0,,,0.0,0.0,10438796081.0,-1681803279883.0,0.0,,,,,-79000000.0,-79000000.0,6229389873564.0,27486671680634.0,5389445802.0,33721451000000.0,,308436765779.0,8789621688247.0,-878349534800.0,,,
CTG,2010,2,CTG,cash_flow,,,,,,,,2016832000000.0,,,,,,,,,7007793000000.0,-670392000000.0,10144000000.0,,,-2802000000.0,0.0,6671000000.0,-656379000000.0,0.0,,,,,0.0,0.0,6351414000000.0,30326319000000.0,0.0,36677733000000.0,,192696000000.0,7241341000000.0,-233548000000.0,,,
CTG,2009,2,CTG,cash_flow,,,,,,,,0.0,,,,,,,,,0.0,0.0,0.0,,,0.0,0.0,0.0,0.0,0.0,,,,,0.0,0.0,0.0,0.0,0.0,0.0,,0.0,0.0,0.0,,,
PNJ,2025,4,PNJ,cash_flow,1521673062472.0,20536795649.0,-10642812981.0,-825253643.0,-43129701185.0,33497968561.0,,1521110058873.0,36352596824.0,-3386317720537.0,213254720681.0,47284717199.0,-31587635266.0,-87635854398.0,0.0,-953554198.0,-1687121673814.0,-75489766295.0,3636364.0,-430400000000.0,700000000000.0,0.0,0.0,11528904337.0,205642774406.0,0.0,0.0,3047491100250.0,-1156708489089.0,0.0,-471579649590.0,1419202961571.0,-62275937837.0,584695579192.0,-394384324.0,522025257031.0,,,,,,,
PNJ,2025,3,PNJ,cash_flow,625753181461.0,21021081735.0,-5126204365.0,1505334971.0,-25115163203.0,24063535984.0,,642101766583.0,-64205154963.0,1264854560972.0,37369383510.0,41925326222.0,-23411292380.0,-71109293548.0,0.0,-4979175000.0,1822178660873.0,-7407292629.0,0.0,-2016830000000.0,1099830000000.0,0.0,0.0,38662389233.0,-885744903396.0,64877800000.0,0.0,1951671758875.0,-2715361105873.0,0.0,0.0,-698811546998.0,237622210479.0,346404312952.0,669055761.0,584695579192.0,,,,,,,
PNJ,2025,2,PNJ,cash_flow,547392819568.0,21536874400.0,-7385664894.0,-838658117.0,-14347632727.0,32672703171.0,,579030441401.0,109276110403.0,-54068071480.0,-329568580575.0,38767912168.0,-33768429038.0,-80186435560.0,0.0,-3650283185.0,126910990241.0,-37879520259.0,0.0,-69614348145.0,460170000000.0,-1950000000.0,0.0,2697852460.0,353423984056.0,0.0,0.0,2635277189042.0,-3027017404856.0,0.0,0.0,-391740215814.0,88594758483.0,256848695849.0,960858620.0,346404312952.0,,,,,,,
PNJ,2025,1,PNJ,cash_flow,854237258705.0,22196706619.0,-903692717.0,-1061047483.0,-28318857249.0,28848391611.0,,874998759486.0,94192407236.0,-631191559344.0,-207454890349.0,41216236449.0,-28319619183.0,-368459435459.0,0.0,-10171748882.0,-235189850046.0,-3854068827.0,0.0,-1550555651855.0,950000000000.0,0.0,0.0,29358112143.0,-575051608539.0,0.0,0.0,2183431447192.0,-2036940876648.0,0.0,-202112808240.0,-55622237696.0,-865863696281.0,1122712392130.0,0.0,256848695849.0,,,,,,,
PNJ,2024,4,PNJ,cash_flow,864116691201.0,20381735643.0,30432377395.0,549042768.0,-26204259443.0,22299606340.0,,911575193904.0,-140267237683.0,-2225180243885.0,8092632104.0,-21721888557.0,-20301348662.0,-86066136147.0,0.0,548303600.0,-1573320725326.0,-50265953419.0,0.0,-70000000000.0,0.0,0.0,0.0,19519565605.0,-100746387814.0,0.0,0.0,2964215858851.0,-1093093687079.0,0.0,-471584526700.0,1399537645072.0,-274529468068.0,1396669666014.0,572194184.0,1122712392130.0,,,,,,,
PNJ,2024,3,PNJ,cash_flow,318019249970.0,20042779427.0,6380258406.0,917038623.0,-5251469580.0,6438807781.0,,346546664627.0,-79665892558.0,-1094975965705.0,474266842052.0,-12607128690.0,-5797057452.0,-83741265585.0,0.0,-3585871699.0,-459559675010.0,-19623882392.0,-48157964.0,-1050000000000.0,100000000000.0,0.0,0.0,4196227073.0,-965475813283.0,66857920000.0,0.0,1478563482967.0,-267777824371.0,0.0,0.0,1277643578596.0,-147391909697.0,1544061575711.0,0.0,1396669666014.0,,,,,,,
PNJ,2024,2,PNJ,cash_flow,533277414001.0,20086209301.0,38909718255.0,-2197525135.0,-3730928336.0,3455400059.0,,589800288145.0,-29100178793.0,-239508126547.0,-29233321376.0,16939811694.0,-3583073847.0,-80229256509.0,0.0,3549833689.0,228635976456.0,-15952057909.0,40582108.0,0.0,100000000000.0,0.0,0.0,3856999389.0,87945523588.0,-130745840000.0,0.0,854937110577.0,-958808141968.0,0.0,-200097303060.0,-434714174451.0,-118132674407.0,1661537697277.0,656552841.0,1544061575711.0,,,,,,,
PNJ,2024,1,PNJ,cash_flow,935599094136.0,20311121900.0,2000000000.0,871804071.0,-11860041653.0,14581491649.0,,961503470103.0,-12709462351.0,1429826415020.0,-179566347404.0,31370437473.0,-16386345048.0,-305447778544.0,0.0,-21160790614.0,1887429598635.0,-4564405970.0,10757674.0,-70000000.0,760000000000.0,0.0,0.0,11863349121.0,767239700825.0,131131840000.0,0.0,1491143042621.0,-3511926079531.0,0.0,0.0,-1889651196910.0,765018102550.0,896147917336.0,371677391.0,1661537697277.0,,,,,,,
PNJ,2023,4,PNJ,cash_flow,796645173276.0,20391964837.0,28759191621.0,-1162795324.0,-16312187390.0,22665862084.0,,850987209104.0,48077850826.0,-1231615795576.0,224653686371.0,-29556268799.0,0.0,-80736596464.0,0.0,-20193094457.0,-238383008995.0,-24188314351.0,77702657.0,-140000000000.0,395000000000.0,0.0,0.0,16862629642.0,247752017948.0,0.0,0.0,3356137301855.0,-2686301115207.0,0.0,-267683720190.0,402152466458.0,411521475411.0,484626441925.0,0.0,896147917336.0,,,,,,,
PNJ,2023,3,PNJ,cash_flow,313291450219.0,19623995744.0,-13835212929.0,-2029467469.0,-25710452533.0,28872005523.0,,320212318555.0,-25139221169.0,420089170343.0,75569326919.0,-46259281417.0,-31920440944.0,-61853408713.0,0.0,-838497392.0,649859966182.0,-21055821915.0,670941050.0,-760033000000.0,807000000000.0,0.0,0.0,37203410818.0,63785529953.0,0.0,0.0,1911260734681.0,-2442960204348.0,0.0,-196135833230.0,-727835302897.0,-14189806762.0,498816248687.0,0.0,484626441925.0,,,,,,,
PNJ,2023,2,PNJ,cash_flow,436070808031.0,18246359844.0,1898952876.0,4221029686.0,-27216221723.0,32980727532.0,,466201656246.0,-16451813002.0,-362432286938.0,-268244524354.0,-8005679109.0,-32048410310.0,-79463737378.0,0.0,-6874524448.0,-307319319293.0,-11706326880.0,70431230.0,-580067000000.0,278000000000.0,-3980000000.0,0.0,2739437970.0,-314943457680.0,0.0,0.0,1739518882610.0,-1167927847383.0,0.0,0.0,571591035227.0,-50671741746.0,549688731182.0,-200740749.0,498816248687.0,,,,,,,
PNJ,2023,1,PNJ,cash_flow,943169280848.0,22819855060.0,4396825114.0,-2681515002.0,-11395927651.0,34050208964.0,,990358727333.0,20712709264.0,739075885166.0,-44518816292.0,-22078144491.0,-37292866369.0,-244280175163.0,0.0,-3360121658.0,1398617197790.0,-25067520969.0,259180497.0,-760000000000.0,200000000000.0,0.0,0.0,11395927651.0,-573412412821.0,0.0,0.0,1240600005543.0,-2249085378830.0,0.0,-146779551960.0,-1155264925247.0,-330060140278.0,879548130711.0,200740749.0,549688731182.0,,,,,,,
PNJ,2022,4,PNJ,cash_flow,591324894516.0,18584993552.0,-17681266091.0,-3017098982.0,-19445084149.0,33105656391.0,,602872095237.0,-76719219381.0,-1219078282385.0,-288191880166.0,-59973205631.0,-30192825968.0,-110222391758.0,0.0,3902120634.0,-1177603589418.0,-18025370406.0,934407415.0,-63000000000.0,200000000000.0,0.0,0.0,18748815473.0,138657852482.0,0.0,0.0,1749625759721.0,-812273751366.0,0.0,-196731539370.0,740620468985.0,-298325267951.0,1175216404790.0,2656993872.0,879548130711.0,,,,,,,
PNJ,2022,3,PNJ,cash_flow,329630611085.0,19218561074.0,-6961458640.0,9638482208.0,-1569159410.0,17219503105.0,,367176539422.0,-79745831868.0,-1327568401469.0,472291240036.0,-5780378609.0,-15563959777.0,-80022716868.0,0.0,31583222817.0,-637630286316.0,-12381332113.0,179657021.0,-247000000000.0,0.0,0.0,0.0,2220661997.0,-256981013095.0,36319980000.0,0.0,1683968350509.0,-815634070593.0,0.0,-143548461360.0,761105798556.0,-133505500855.0,1308721905645.0,0.0,1175216404790.0,,,,,,,
PNJ,2022,2,PNJ,cash_flow,476997372679.0,20508564871.0,6961458640.0,737642756.0,-2603140939.0,12947618655.0,,515549516662.0,-7873556933.0,-510894374819.0,354765469799.0,-8316266585.0,-14029461621.0,-80889646933.0,0.0,-46090112500.0,202221567070.0,-15415366035.0,319291200.0,-230000000000.0,0.0,0.0,0.0,2647907028.0,-242448167807.0,0.0,0.0,498000501164.0,-1452121258089.0,0.0,-147526986760.0,-1101647743685.0,-1141874344422.0,2450596250067.0,0.0,1308721905645.0,,,,,,,
PNJ,2022,1,PNJ,cash_flow,913285975874.0,19339804278.0,0.0,-4532479750.0,-321375125.0,30870653257.0,,958642578534.0,-18838079147.0,1306297367929.0,-319959835091.0,1174506906.0,-31384674043.0,-187321373205.0,0.0,-1833075651.0,1706777416232.0,-3654232828.0,64830149.0,0.0,0.0,0.0,0.0,321375125.0,-3268027554.0,1410946550000.0,0.0,2387744838452.0,-3278195195170.0,0.0,-128864170850.0,391632022432.0,2095141411110.0,355454838957.0,0.0,2450596250067.0,,,,,,,
PNJ,2021,4,PNJ,cash_flow,559359481372.0,23856784724.0,0.0,6467605453.0,-28576177917.0,32839348932.0,,593947042564.0,19705996307.0,-1176651519623.0,570469365365.0,-55926864802.0,-34219651495.0,-9865975682.0,-2113951606.0,-15896130284.0,-110551689256.0,-25510764772.0,93960342.0,0.0,0.0,0.0,0.0,684734146.0,-24732070284.0,0.0,0.0,2800967073457.0,-2500179945852.0,0.0,0.0,300787127605.0,165503368065.0,192167536492.0,0.0,357670904557.0,,,,,,,
PNJ,2021,3,PNJ,cash_flow,-193509376194.0,13817993630.0,0.0,-897857647.0,2899335567.0,27735712834.0,,-149954191810.0,-24553556783.0,-58828940128.0,-138275917987.0,29369868802.0,-27879025338.0,-11673184415.0,32011133937.0,0.0,-349783813722.0,-1654552939.0,-149910530.0,0.0,0.0,0.0,0.0,793866010.0,-1010597459.0,0.0,0.0,1503094694900.0,-1209944195016.0,0.0,-712120.0,293149787764.0,-57644623417.0,249812159909.0,0.0,192167536492.0,,,,,,,
PNJ,2021,2,PNJ,cash_flow,273211431261.0,20261046221.0,0.0,-3375982850.0,-4477719085.0,21034959436.0,,306653734983.0,10599370773.0,-1030383425603.0,28457040613.0,11119003024.0,-20753216897.0,-57470080836.0,-29897182331.0,303536661.0,-781371219613.0,-31605792707.0,12522635737.0,0.0,0.0,0.0,0.0,117607906.0,-18965549064.0,1524800000.0,-1524800000.0,1673333692872.0,-659482548340.0,0.0,-177090590925.0,836760553607.0,36423784930.0,213388374979.0,0.0,249812159909.0,,,,,,,
PNJ,2021,1,PNJ,cash_flow,648288049259.0,17048142941.0,0.0,112923305.0,1360877290.0,22770252958.0,,689580245753.0,-21628576121.0,125170956253.0,-109999766827.0,20107457420.0,-23062361473.0,-155352481872.0,0.0,-303536661.0,524511936472.0,-4594021616.0,288277783.0,0.0,0.0,0.0,0.0,57195221.0,-4248548612.0,-1524800000.0,0.0,1778807220969.0,-2506156421511.0,0.0,-235793400.0,-729109793942.0,-208846406082.0,422234781061.0,0.0,213388374979.0,,,,,,,
PNJ,2020,4,PNJ,cash_flow,535493073309.0,17181902195.0,1202878846.0,-517242077.0,3561992916.0,29105868217.0,,586028473406.0,48470685035.0,-218890253588.0,469767250473.0,-26725903397.0,-29777236151.0,-97777225395.0,0.0,-2826510042.0,728269280341.0,-22394677255.0,0.0,0.0,0.0,0.0,0.0,-1212912094.0,-23607589349.0,46375540000.0,0.0,1919791109500.0,-2341021081260.0,0.0,-139855109573.0,-514709541333.0,189952149659.0,232282631402.0,0.0,422234781061.0,,,,,,,
PNJ,2020,3,PNJ,cash_flow,256095727112.0,17686378973.0,0.0,137173996.0,-805342186.0,40680147467.0,,313794085362.0,-22371311040.0,104094069196.0,70725484727.0,-15912558472.0,-43055957149.0,-14644029298.0,0.0,-739793558.0,391889989768.0,-9477288179.0,5498540.0,0.0,0.0,0.0,0.0,823840595.0,-8647949044.0,0.0,0.0,617933471322.0,-1004846313477.0,0.0,5966229203.0,-380946612952.0,2295427772.0,229987203630.0,0.0,232282631402.0,,,,,,,
PNJ,2020,2,PNJ,cash_flow,42690872963.0,17901220069.0,0.0,0.0,-163720537.0,44251598481.0,,104679970976.0,7207906592.0,158699389657.0,-256617688381.0,-8462544609.0,-43362093146.0,-13875002854.0,0.0,-7121100640.0,-58851162405.0,-21261255962.0,86321724.0,0.0,0.0,0.0,0.0,-1900629926.0,-23075564164.0,0.0,-1283000000.0,2067307711387.0,-1835132150238.0,0.0,-221082134413.0,9810426736.0,-72116299833.0,302103503463.0,0.0,229987203630.0,,,,,,,
PNJ,2020,1,PNJ,cash_flow,511700795331.0,17376022917.0,0.0,0.0,-141717247.0,40379080111.0,,569314181112.0,-14843271228.0,441744266522.0,-399396118976.0,8638733353.0,-40996597808.0,-126935333673.0,0.0,-2450208597.0,435075650705.0,-31023850160.0,0.0,0.0,0.0,0.0,0.0,2187569301.0,-28836280859.0,0.0,0.0,1783320241764.0,-1982680547155.0,0.0,0.0,-199360305391.0,206879064455.0,95224439008.0,0.0,302103503463.0,,,,,,,
PNJ,2019,4,PNJ,cash_flow,481341318478.0,16982898344.0,0.0,-342131146.0,2578108583.0,41002191152.0,,541562385411.0,86643458531.0,-1126213620545.0,261341421976.0,-24388093871.0,-40213777304.0,-76219791268.0,8187587696.0,1162878905.0,-368137550469.0,-40961839999.0,693091286.0,0.0,0.0,0.0,0.0,675714488.0,-39593034225.0,68932500000.0,-2094000000.0,1710366779524.0,-1369628216154.0,0.0,-1294812000.0,406282251370.0,-1448333324.0,96330641186.0,342131146.0,95224439008.0,,,,,,,
PNJ,2019,3,PNJ,cash_flow,268027888640.0,10026162365.0,3414537000.0,379305830.0,-2533878978.0,28990878493.0,,308304893350.0,-30091152623.0,-958476497798.0,134714513013.0,-32976495625.0,-30517718710.0,-45610382929.0,0.0,9248458522.0,-645404382800.0,-21263822938.0,81297803.0,0.0,0.0,0.0,0.0,230160015.0,-20952365120.0,0.0,0.0,1595912325703.0,-776966240339.0,0.0,-177494909260.0,641451176104.0,-24905571816.0,121615518832.0,-379305830.0,96330641186.0,,,,,,,
PNJ,2019,2,PNJ,cash_flow,210066983171.0,15435352963.0,-3414537000.0,0.0,872594955.0,21364384129.0,,244324778218.0,581009649621.0,-290465071590.0,-603948509394.0,-11118104337.0,-19963340186.0,-80021422298.0,-685149420.0,-10411337427.0,-191278506813.0,-89470795253.0,-213041593.0,0.0,0.0,0.0,0.0,-872594955.0,-90556431801.0,0.0,0.0,1323674525578.0,-979709378413.0,0.0,-35486904150.0,308478243015.0,26643304401.0,94972214431.0,0.0,121615518832.0,,,,,,,
PNJ,2019,1,PNJ,cash_flow,543238044432.0,13715111650.0,0.0,0.0,-992034140.0,24010156644.0,,579971278586.0,-647252572214.0,324564003373.0,380610866691.0,3369088128.0,-24278144058.0,-89498269756.0,685149420.0,0.0,528171400170.0,-56458494261.0,474565816.0,0.0,0.0,0.0,0.0,992034140.0,-54991894305.0,0.0,0.0,972459994757.0,-1427789666460.0,0.0,-129598799360.0,-584928471063.0,-111748965198.0,206721179629.0,0.0,94972214431.0,,,,,,,
PNJ,2018,4,PNJ,cash_flow,336121933968.0,10766979013.0,0.0,-1132306183.0,2919284209.0,20450698807.0,,369126589814.0,-11229815791.0,-843967969317.0,345517358989.0,-7504481012.0,-25401528212.0,-56242595034.0,0.0,-11619130917.0,-241321571480.0,-30047464392.0,-2510000.0,0.0,65000000.0,0.0,0.0,4282595347.0,-25702379045.0,97273160000.0,0.0,1287702518970.0,-1024983492670.0,0.0,-3674287670.0,356317898630.0,89293948105.0,117587302131.0,-160070607.0,206721179629.0,,,,,,,
PNJ,2018,3,PNJ,cash_flow,221139298315.0,11260742472.0,0.0,0.0,-4127190626.0,15879373171.0,,244152223332.0,-32167599110.0,-188083741687.0,6540959029.0,-16317147407.0,-10383927789.0,-47075923635.0,0.0,1155815936.0,-42179341331.0,-43016840457.0,802952842.0,0.0,0.0,0.0,0.0,-3875131770.0,-46089019385.0,0.0,0.0,951493973814.0,-685186633302.0,0.0,-157189740450.0,109117600062.0,20849239346.0,96738062585.0,200.0,117587302131.0,,,,,,,
PNJ,2018,2,PNJ,cash_flow,227534526488.0,10126744458.0,0.0,963264840.0,-304669627.0,11225839714.0,,249545705873.0,-30568872418.0,-328118688960.0,19195141980.0,-16880653401.0,-11036908067.0,-41494253914.0,0.0,-14571635928.0,-173930164835.0,0.0,0.0,0.0,0.0,0.0,0.0,0.0,-46632982085.0,0.0,0.0,934486054676.0,-675382064575.0,0.0,-23751667300.0,235352322801.0,14789175881.0,81899944010.0,48942694.0,96738062585.0,,,,,,,
PNJ,2018,1,PNJ,cash_flow,420754514350.0,9947182144.0,0.0,0.0,-5894368533.0,13553130698.0,,438360458659.0,-12071458695.0,-206016316402.0,40949743548.0,-4082007882.0,-13621293461.0,-87145313529.0,0.0,-1082640170.0,155291172068.0,0.0,0.0,0.0,0.0,0.0,0.0,0.0,-50482090278.0,0.0,0.0,1147089495620.0,-1261451068707.0,0.0,-83756116880.0,-198117689967.0,-93308608177.0,175208552187.0,0.0,81899944010.0,,,,,,,
PNJ,2017,4,PNJ,cash_flow,277368980177.0,10297461201.0,0.0,0.0,669334406.0,9564728250.0,,297900504034.0,-2380456334.0,-350151421689.0,49016035055.0,-13706546543.0,-9505510823.0,-39838901231.0,-3107366043.0,0.0,-71773663574.0,-10438260315.0,271643637.0,160000000000.0,0.0,0.0,0.0,2330665594.0,152164048916.0,0.0,0.0,700180156088.0,-557018990901.0,0.0,0.0,143161165187.0,223551550529.0,111657001658.0,0.0,335208552187.0,,,,,,,
PNJ,2017,3,PNJ,cash_flow,158065416670.0,9838674116.0,35327600.0,-32506216.0,-3795065467.0,10521848660.0,,174633695363.0,-16622986037.0,-168676822835.0,30890928663.0,-17315308363.0,-11195682889.0,-22765501079.0,4618140895.0,30106797250.0,3673260968.0,-75215129858.0,350000000.0,-160000000000.0,0.0,0.0,0.0,795065467.0,-234070064391.0,975035852458.0,0.0,724790448493.0,-1290279146734.0,0.0,-107140305350.0,302406848867.0,72010045444.0,39646956214.0,0.0,111657001658.0,,,,,,,
PNJ,2017,2,PNJ,cash_flow,161600632878.0,9660355847.0,-35327600.0,246237678.0,-5030416427.0,16609785190.0,,183051267566.0,3173924580.0,-36344283334.0,-89856133099.0,-10696830715.0,-16162322330.0,-32293307410.0,-58338866.0,-30106797250.0,-29292820858.0,-20597964237.0,7800000000.0,0.0,0.0,0.0,0.0,-266833091.0,-13064797328.0,0.0,0.0,943046647752.0,-909683509313.0,0.0,-78054099950.0,-44690961511.0,-87048579697.0,126661720400.0,33815511.0,39646956214.0,,,,,,,
PNJ,2017,1,PNJ,cash_flow,311075206371.0,9543380373.0,0.0,0.0,-1348212636.0,18284670399.0,,337555044507.0,-25512575123.0,-8097088186.0,-17210524577.0,-3767112454.0,-19695265574.0,-58726097063.0,58338866.0,0.0,204604720396.0,-8745719979.0,4000000.0,0.0,0.0,0.0,0.0,1348212636.0,-7393507343.0,0.0,0.0,740096780632.0,-965994299794.0,0.0,0.0,-225897519162.0,-28686306109.0,155348026509.0,0.0,126661720400.0,,,,,,,
PNJ,2016,4,PNJ,cash_flow,144998770507.0,9110428710.0,-2913774463.0,0.0,22700466532.0,18022426145.0,,191918317431.0,-21286957827.0,-369636482035.0,85572414632.0,18979747733.0,-18125440410.0,-96869401854.0,0.0,8511168816.0,-200936633514.0,-20656834033.0,661545455.0,-229755555556.0,229755555556.0,0.0,64306410000.0,2773197931.0,47084319353.0,0.0,0.0,1135074294475.0,-812735016189.0,0.0,-98273868000.0,224065410286.0,70213096125.0,85134930384.0,0.0,155348026509.0,,,,,,,
PNJ,2016,3,PNJ,cash_flow,139415839300.0,8661069848.0,0.0,208462157.0,1200822943.0,16936446735.0,,166422640983.0,-1178707260.0,-145926008736.0,17919585444.0,-31169030153.0,-18282748257.0,-22584094772.0,-8320510061.0,-8679457102.0,-51798329914.0,-44767289453.0,14944000000.0,-80000000000.0,130000000000.0,0.0,0.0,721763471.0,20898474018.0,0.0,0.0,746986053070.0,-646678969041.0,0.0,-98273868000.0,2033216029.0,-28866639867.0,114026739688.0,-25169437.0,85134930384.0,,,,,,,
PNJ,2016,2,PNJ,cash_flow,151082939396.0,8316355906.0,0.0,-208462157.0,-45129585676.0,16918018340.0,,130979265809.0,-1155831257.0,-66696046179.0,-17431891929.0,2240112393.0,-20686487484.0,-29673351014.0,8320510061.0,6850315070.0,12746595470.0,-14484385671.0,150000000000.0,-190000000000.0,140000000000.0,0.0,0.0,420753939.0,85936368268.0,0.0,0.0,698486797810.0,-717212714810.0,0.0,0.0,-18725917000.0,79957046738.0,34044523513.0,25169437.0,114026739688.0,,,,,,,
PNJ,2016,1,PNJ,cash_flow,155130214377.0,8224597240.0,84691750000.0,0.0,481845877.0,21319390220.0,,269847797714.0,-11554309970.0,-121206510013.0,50611694692.0,3262551672.0,-13851540753.0,-11355357500.0,0.0,-6850315070.0,158904010772.0,-7146203845.0,0.0,0.0,0.0,0.0,0.0,35762117.0,-7110441728.0,0.0,0.0,673561082083.0,-780057832826.0,0.0,-49136934000.0,-155633684743.0,-3840115699.0,37884639212.0,0.0,34044523513.0,,,,,,,
PNJ,2015,4,PNJ,cash_flow,207121265.0,7917657442.0,111631281341.0,0.0,39036827693.0,21213907761.0,,180006795502.0,71344169393.0,5452127003.0,44905739321.0,-14286950195.0,-30114321460.0,-5444545923.0,-225838290.0,11857035691.0,263494211042.0,-22236090467.0,8310000.0,0.0,0.0,0.0,26152150000.0,150849266.0,4075218799.0,0.0,0.0,880023913173.0,-1142088765407.0,0.0,74543630.0,-261990308604.0,5579121237.0,32305517975.0,0.0,37884639212.0,,,,,,,
PNJ,2015,3,PNJ,cash_flow,57461433407.0,7918265936.0,57752218659.0,-647492581.0,-109038435.0,23057316569.0,,145432703555.0,-44944732036.0,120311203013.0,-47329158239.0,-15325355437.0,-14986068268.0,-13442573347.0,225838290.0,-1160892244.0,128780965287.0,-14113898948.0,139090909.0,0.0,0.0,0.0,0.0,26491285.0,-13948316754.0,0.0,0.0,1307257303180.0,-1412521311368.0,0.0,-3921933345.0,-109185941533.0,5646707000.0,26658810975.0,0.0,32305517975.0,,,,,,,
PNJ,2015,2,PNJ,cash_flow,-7316355474.0,7628720913.0,123135031341.0,647492581.0,-515979847.0,19651275727.0,,143230185241.0,18072335493.0,-408119890561.0,71597203350.0,-638328650.0,-19554499023.0,-16294953381.0,0.0,168620434.0,-211539327097.0,-21330335291.0,154545455.0,0.0,0.0,0.0,0.0,16189372.0,-21159600464.0,0.0,0.0,1494389824912.0,-1252911069440.0,0.0,-18831507285.0,222647248187.0,-10051679374.0,36710490349.0,0.0,26658810975.0,,,,,,,
PNJ,2015,1,PNJ,cash_flow,148032043381.0,6986391488.0,0.0,0.0,-233725156.0,17126229412.0,,171910939125.0,-13733990330.0,-180853142071.0,-7058928617.0,-996515317.0,-15898597498.0,-32589616815.0,0.0,-26546502839.0,-105766354362.0,-13949157412.0,0.0,0.0,0.0,0.0,0.0,36495122.0,-13912662290.0,0.0,0.0,1020601631318.0,-901918195513.0,0.0,0.0,118683435805.0,-995580847.0,37706071196.0,0.0,36710490349.0,,,,,,,
PNJ,2014,4,PNJ,cash_flow,72891281295.0,6467031446.0,3009113400.0,0.0,-8343540576.0,17415779417.0,,91439664982.0,137286571153.0,-135341796506.0,57635108943.0,-4205045077.0,-17621139872.0,-14176401527.0,5632195669.0,-11450678710.0,109198479055.0,-5539926350.0,18863637.0,0.0,0.0,0.0,42499920000.0,39336294.0,37018193581.0,0.0,0.0,1176432230513.0,-1253923435387.0,0.0,-85856450295.0,-163347655169.0,-17130982533.0,289436318608.0,0.0,272305336075.0,,,,,,,
PNJ,2014,3,PNJ,cash_flow,77592848348.0,1421220141.0,14970565910.0,0.0,-7235492385.0,21508064728.0,,108257206742.0,-185394727479.0,-56586422433.0,39220037705.0,-2914884837.0,-23796833503.0,-13774787271.0,0.0,17320576061.0,-117669835015.0,-3678035212.0,714072726.0,-7500000000.0,0.0,0.0,146108529680.0,6046096218.0,141690663412.0,0.0,0.0,1825380300036.0,-1816497611603.0,147840667400.0,-152699099305.0,4024256528.0,28045084925.0,472511893599.0,-211120659916.0,289436318608.0,,,,,,,
PNJ,2014,2,PNJ,cash_flow,77598665042.0,10742050268.0,0.0,0.0,-11102144308.0,21016302113.0,,98254873115.0,13019198308.0,-151260608228.0,-61061501966.0,-2585491789.0,-17298695044.0,-16237927982.0,0.0,11446104543.0,-125724049043.0,-4620954108.0,0.0,7500000000.0,0.0,0.0,0.0,12466137135.0,15345183027.0,0.0,0.0,1959304654520.0,-1725612296318.0,-151192652000.0,72245050400.0,154744756602.0,44365890586.0,428146003013.0,0.0,472511893599.0,,,,,,,
PNJ,2014,1,PNJ,cash_flow,106882716698.0,5671702636.0,0.0,0.0,-388531268.0,19742051541.0,,131907939607.0,-5644077152.0,-49355901788.0,42434310083.0,-150039348.0,-19588726013.0,-34998231904.0,0.0,-28347764279.0,36257509206.0,-13729705276.0,0.0,0.0,0.0,0.0,0.0,2379062491.0,-11350642785.0,0.0,0.0,1081846494801.0,-1110832068393.0,0.0,-75597035000.0,-104582608592.0,-79675742171.0,507821745184.0,0.0,428146003013.0,,,,,,,
PNJ,2013,4,PNJ,cash_flow,73621108286.0,5483214041.0,-20387710280.0,0.0,18283197904.0,21191689385.0,,98191499336.0,6184196163.0,-127973716307.0,79458793684.0,-6560346195.0,-20548693484.0,-10634324686.0,-13925576895.0,-17340899559.0,-13149067943.0,-11922079207.0,1788180910.0,0.0,0.0,-65000000.0,153828708000.0,4026447049.0,147656256752.0,35992000000.0,0.0,1433366689398.0,-1425063546598.0,0.0,3491496685.0,47786639485.0,182293828294.0,479356624890.0,-153828708000.0,507821745184.0,,,,,,,
PNJ,2013,3,PNJ,cash_flow,46696018583.0,5259278381.0,0.0,-256682751.0,-18986620178.0,20852843358.0,,53564837393.0,-20831910568.0,-50797058588.0,-178970679.0,-4557714609.0,-24590219857.0,-10146060164.0,13925576895.0,16342259971.0,-27269260206.0,-18746010864.0,7919763330.0,0.0,0.0,0.0,0.0,10625468356.0,-200779178.0,0.0,0.0,1384976585217.0,-1252148478668.0,0.0,-16924590685.0,115903515864.0,88433476480.0,237094440410.0,153828708000.0,479356624890.0,,,,,,,
PNJ,2013,2,PNJ,cash_flow,30529568690.0,5043309111.0,0.0,256682751.0,5953947668.0,21865255362.0,,63648763582.0,19434764982.0,-96478137151.0,-30992378849.0,5027395409.0,-18906596207.0,-16132272612.0,-6515613429.0,-16342259971.0,-97256334246.0,-852665553.0,4063636.0,2000000000.0,0.0,0.0,0.0,4718913062.0,5870311145.0,-958771869200.0,0.0,2071291340200.0,-1291506090264.0,0.0,-91398951500.0,-270385570764.0,-361771593865.0,598866034275.0,0.0,237094440410.0,,,,,,,
PNJ,2013,1,PNJ,cash_flow,87970886764.0,3760765397.0,0.0,0.0,-9240247860.0,19615939202.0,,102107343503.0,-31058122287.0,28313674258.0,26887922899.0,-6542885705.0,-18103192864.0,-7261018086.0,6515613429.0,0.0,100859335147.0,-9917593394.0,61363636.0,-2000000000.0,0.0,0.0,0.0,5705615.0,-11850524143.0,958771869200.0,0.0,0.0,-917570346735.0,0.0,0.0,41201522465.0,130210333469.0,468655700806.0,0.0,598866034275.0,,,,,,,
REE,2025,4,REE,cash_flow,864139454254.0,338083231402.0,56666425823.0,-1035798854.0,-326308778435.0,167351165670.0,,1098895699860.0,-288696469767.0,-195800820208.0,636921654172.0,-1551799600.0,-121687416217.0,-135388892589.0,0.0,-2833831651.0,1085690607116.0,-698145987159.0,-8555682734.0,-2327253316000.0,1231700000000.0,-306411549000.0,24843459807.0,335809493241.0,-1748013581845.0,0.0,0.0,1338107109973.0,-846433640473.0,,-139645054694.0,352028414806.0,-310294559923.0,3356120292119.0,7309898.0,3045833042094.0,,,,,,,
REE,2025,3,REE,cash_flow,925458822886.0,364196514462.0,-9611731522.0,4421226462.0,-321946707039.0,177837320153.0,,1140355445402.0,-144826817032.0,-49780914622.0,183307165546.0,779630541.0,-212483349139.0,-66452449419.0,0.0,-5035845600.0,598005869684.0,-697818103980.0,11329490701.0,-1384416000000.0,0.0,-149250080422.0,50723141437.0,282003616627.0,-1887427935637.0,2000000.0,0.0,978212824969.0,-965593338773.0,,-146939571661.0,-134318085465.0,-1423740151418.0,4779867178468.0,-6734931.0,3356120292119.0,,,,,,,
REE,2025,2,REE,cash_flow,829343473011.0,345966042505.0,27176330995.0,22010244327.0,-343912110554.0,174821818537.0,,1055405798821.0,-105792588395.0,150489198701.0,-14106999427.0,4531954629.0,-138947633175.0,-19110048410.0,0.0,-3542099629.0,728632137544.0,-275121443854.0,3462217163.0,-816500000000.0,301390000000.0,0.0,644510533.0,206019546559.0,-580105169599.0,0.0,0.0,511865459683.0,-757987259773.0,,-533969366756.0,-780091166846.0,-631564198901.0,5411419859093.0,11518276.0,4779867178468.0,,,,,,,
REE,2025,1,REE,cash_flow,898052301318.0,336651568835.0,-7994260419.0,11681298490.0,-214879113661.0,167701235301.0,,1191213029864.0,-452678772500.0,-108761091996.0,1797047942.0,-9625525949.0,-206871228433.0,-102911670362.0,0.0,-4351295163.0,307810493403.0,-224331422970.0,2369305001.0,-347814300000.0,32300000000.0,0.0,57468469980.0,128004267365.0,-352003680624.0,85710000000.0,0.0,398570071987.0,-521224762609.0,,-143351317999.0,-180296008621.0,-224489195842.0,5635908856765.0,198170.0,5411419859093.0,,,,,,,
REE,2024,4,REE,cash_flow,981608380205.0,335261036346.0,-4735819629.0,-7862632991.0,-358783406264.0,182101773951.0,,1127589331618.0,-114650469596.0,-61460261047.0,110634544862.0,1734437806.0,-143169968907.0,-135283320072.0,0.0,-2831058047.0,997879764963.0,-314537157724.0,953481906.0,-348254000000.0,205542074399.0,-23748563759.0,30520341711.0,323277940819.0,-126245882648.0,0.0,0.0,429584485707.0,-607334246639.0,,-126941643907.0,-304691404839.0,566942477476.0,5068969563782.0,-3184493.0,5635908856765.0,,,,,,,
REE,2024,3,REE,cash_flow,633518423429.0,335609272585.0,485500984.0,-7047296177.0,-263108853228.0,181643225943.0,,881100273536.0,207401948499.0,122759845568.0,-92313451581.0,-15228071267.0,-233289765512.0,-9717851193.0,0.0,-1760909692.0,844756314991.0,-165225036559.0,590898856.0,18500000000.0,40050000000.0,-45104632712.0,18732264437.0,301772073378.0,169315567400.0,10079150000.0,0.0,1322331717175.0,-664739937817.0,,-288633586842.0,379037342516.0,1393109224907.0,3675601596434.0,258742441.0,5068969563782.0,,,,,,,
REE,2024,2,REE,cash_flow,473716168336.0,314604786389.0,63626401324.0,6033465096.0,-195564019382.0,185356917535.0,,847773719298.0,254415751905.0,60636813585.0,343747997093.0,11066768982.0,-136273695769.0,-45703427526.0,0.0,-4041906902.0,1304869595996.0,-287987306748.0,3213382135.0,-115900000000.0,239050000000.0,-5339564331.0,117459889028.0,397087066583.0,347583466667.0,0.0,0.0,423289085891.0,-1222928963901.0,,-496581728888.0,-1296221606898.0,356231455765.0,3319609374469.0,-239233800.0,3675601596434.0,,,,,,,
REE,2024,1,REE,cash_flow,598763623332.0,313018377039.0,35510884138.0,8889828832.0,-186158174564.0,192704922039.0,,962729460816.0,357068590046.0,-92316445340.0,-98894709808.0,-2944513980.0,-224479710056.0,-89191786033.0,0.0,-1581922408.0,636020562928.0,-267278612111.0,417494546.0,-12000000000.0,59125000000.0,-229602468651.0,7017690972.0,256391019275.0,-185929875969.0,17640450000.0,0.0,1276513786337.0,-1332969911043.0,,-114465825808.0,-153281500514.0,296809186445.0,3022796235406.0,3952618.0,3319609374469.0,,,,,,,
REE,2023,4,REE,cash_flow,681040868063.0,312434171602.0,209047472027.0,-19241629896.0,-327702019904.0,216997528576.0,,1072576390468.0,270265607777.0,-61367426972.0,-24030443249.0,-3011954861.0,-188434137808.0,-140739036757.0,0.0,-5282902564.0,1247817428679.0,-387520308459.0,1651077814.0,-289011250827.0,295188767972.0,-144861064433.0,0.0,504932188457.0,-19620589476.0,0.0,0.0,1578852626445.0,-1668133420388.0,,-201449526707.0,-290730320650.0,937466518553.0,2085304198461.0,25560489.0,3022796277503.0,,,,,,,
REE,2023,3,REE,cash_flow,526156782425.0,317097634339.0,4181609746.0,44957242307.0,-242199189480.0,228701720866.0,,878895800203.0,-4966124476.0,58208358228.0,39708388119.0,-17040968718.0,-246525679500.0,-52040166103.0,0.0,-7526072030.0,534485725778.0,-228429308048.0,-4895095720.0,-54320000000.0,189100000000.0,-864692005.0,9869758000.0,230657820497.0,141118482724.0,0.0,0.0,555100285314.0,-546624694485.0,,-218993510243.0,-210517919414.0,465086289088.0,1620219594145.0,-1684772.0,2085304198461.0,,,,,,,
REE,2023,2,REE,cash_flow,696671684229.0,316783188839.0,54913427797.0,6252434306.0,-234963140375.0,247464719146.0,,1087122313942.0,211746256287.0,26538354218.0,124786783591.0,3171637365.0,-279731477928.0,-10502831527.0,0.0,1589376425.0,967658439231.0,-130292347495.0,5431392696.0,-184050000000.0,308115000000.0,-133728236918.0,21790432000.0,182752443064.0,70018683347.0,0.0,0.0,381846910726.0,-759868933194.0,,-434949654804.0,-812971677272.0,224705445306.0,1395512798370.0,1350469.0,1620219594145.0,,,,,,,
REE,2023,1,REE,cash_flow,1152245703168.0,317591288040.0,-791688957.0,2994051837.0,-260277465649.0,249191399087.0,,1460953287526.0,-696669712644.0,-2986191502.0,-278245328002.0,-4823188153.0,-275029390505.0,-168918102378.0,0.0,-1244875164.0,86729736286.0,-142569129359.0,13258609894.0,-171518767972.0,577950000000.0,0.0,0.0,155146712927.0,432267425490.0,0.0,0.0,413874494380.0,-657536911728.0,,-31092753399.0,-274755170747.0,244241991029.0,1151270686145.0,121196.0,1395512798370.0,,,,,,,
REE,2022,4,REE,cash_flow,1060446947593.0,297948019903.0,96957945483.0,10497537263.0,-249593778315.0,230117916505.0,,1446374588432.0,-712941823506.0,-168890626695.0,261908408339.0,16699386004.0,-194384306733.0,-145444714374.0,0.0,-1044140707.0,-68063229048.0,-162695424361.0,9923594465.0,-427902421547.0,928222016439.0,-135350530556.0,-2282519970.0,155885696228.0,365800410698.0,0.0,0.0,282670068100.0,-427699037350.0,,-63471965178.0,-208500934428.0,89236247222.0,1061800033013.0,234211059.0,1151270491294.0,,,,,,,
REE,2022,3,REE,cash_flow,924350125061.0,321218102989.0,-1495334986.0,27971614703.0,-422666972164.0,219490879908.0,,1068868415511.0,-71370410965.0,-234641446427.0,-173979993740.0,-23190758789.0,-303741057275.0,-21747681472.0,0.0,-1954885997.0,138570228726.0,-199344792319.0,776035318.0,-572463880000.0,632112572877.0,-438163872195.0,2282519970.0,358144831100.0,-216656585249.0,4000000.0,0.0,712726990282.0,-1132035654819.0,,-47900842733.0,-467205507270.0,-545291863793.0,1607323675858.0,-231779052.0,1061800033013.0,,,,,,,
REE,2022,2,REE,cash_flow,844605630701.0,301972522115.0,-6947320066.0,9404535946.0,-262700222097.0,215355068221.0,,1101690214820.0,279391263825.0,-108831908646.0,163651467347.0,12293836170.0,-295149423421.0,-33192950049.0,0.0,-8795683739.0,1060742311427.0,-238877375153.0,9079398536.0,-679956120000.0,407162441769.0,-162055820777.0,0.0,186313278146.0,-478334197479.0,0.0,0.0,440800116040.0,-756105118542.0,,-436250926053.0,-751555928555.0,-169147814607.0,1776626110212.0,-154619747.0,1607323675858.0,,,,,,,
REE,2022,1,REE,cash_flow,1046810416158.0,303467910166.0,-2752027488.0,-1833458288.0,-209881071430.0,213916376631.0,,1349728145749.0,-252339204238.0,-110302681511.0,-117240855757.0,-10879956893.0,-273415373628.0,-158851751387.0,0.0,-1667723400.0,428217793835.0,-141460247808.0,502757621.0,-474530386974.0,145687422192.0,-1842900214.0,0.0,37969868638.0,-433673486545.0,1471000000.0,0.0,396613679805.0,-418831625341.0,,-28074966539.0,-48821912075.0,-54277604785.0,1830901134902.0,2580095.0,1776626110212.0,,,,,,,
REE,2021,4,REE,cash_flow,1032663146936.0,284934570211.0,9735213649.0,-2596710548.0,-548222697944.0,196404634433.0,,972918156737.0,-351728096530.0,105631661586.0,-633348198695.0,-16690186058.0,-75998615863.0,-95346223063.0,0.0,-2406968164.0,-95635219090.0,-993690471956.0,599334520.0,-59101312954.0,101972579459.0,-34717442058.0,190617895525.0,352805791132.0,-441513626332.0,6500000000.0,0.0,800520391232.0,-501136770359.0,,-13273268798.0,292610352075.0,-244538493347.0,2075494945581.0,-55317332.0,1830901134902.0,,,,,,,
REE,2021,3,REE,cash_flow,298603837862.0,260037214897.0,-703784449.0,-36009037475.0,-255607269694.0,185213095982.0,,451534057123.0,490718324861.0,47976785868.0,428090222448.0,-2532305921.0,-205983156293.0,-39128161962.0,0.0,-2956280236.0,1249190038583.0,-2489120737188.0,94999009.0,-115166120000.0,319050762881.0,-12372009170.0,38577354741.0,291451257461.0,-1967484492266.0,5000000000.0,0.0,1129960060193.0,-603649894906.0,,-37859802728.0,493450362559.0,-224844091124.0,2301828977307.0,-1489940602.0,2075494945581.0,,,,,,,
REE,2021,2,REE,cash_flow,531177968636.0,262015392816.0,4267459051.0,7188617373.0,-168498133458.0,192233474279.0,,828384778697.0,-79075398488.0,36130540080.0,-384557133869.0,33618355463.0,-85026695965.0,-38458715803.0,0.0,-3245014254.0,342609551903.0,-135771511917.0,-11271750.0,-452642880000.0,429943237119.0,-19993057032.0,15735928907.0,464019583434.0,301280028761.0,80000000000.0,0.0,1131521053723.0,-708502185552.0,,-22990800893.0,480028067278.0,1123917647942.0,1177800418926.0,110910439.0,2301828977307.0,,,,,,,
REE,2021,1,REE,cash_flow,538491856997.0,88095027725.0,2923345927.0,-26938341109.0,-191596572833.0,94022545900.0,,504997862607.0,-30454577222.0,10580740001.0,-352163164231.0,-6152007925.0,-139771938004.0,-57236839261.0,0.0,-2660532578.0,242113817907.0,-293676097193.0,41271750.0,-276829000000.0,638320415380.0,-151952236381.0,0.0,183167248577.0,99071602133.0,29500000000.0,0.0,616239872896.0,-449175428980.0,,-11616401615.0,184948042301.0,526133462341.0,651668665185.0,-1708600.0,1177800418926.0,,,,,,,
REE,2020,4,REE,cash_flow,723773452964.0,80678797988.0,8238344155.0,24263716932.0,-528129403169.0,100027059563.0,,408851968433.0,-124049049199.0,153581639176.0,47106563370.0,36765212999.0,-55217352169.0,-115699049006.0,0.0,-1446095732.0,356027237872.0,-641764298722.0,2698659363.0,-725080452258.0,580712586319.0,253421568732.0,4463329866.0,146594098054.0,-378954508646.0,10300000000.0,-47539203502.0,883137205814.0,-881595155625.0,,19475311381.0,-16221841932.0,-39149112706.0,696804827748.0,-17049857.0,657638665185.0,,,,,,,
REE,2020,3,REE,cash_flow,420943395511.0,80184429241.0,10725461030.0,26025843501.0,-193408991246.0,104832158533.0,,449302296570.0,-318917329079.0,192738494237.0,-21175209897.0,-2767293728.0,-155841858582.0,-30565686047.0,0.0,-2260776087.0,110512637387.0,-299023186392.0,133836363.0,-38808000000.0,444251798720.0,-160875378473.0,47026988710.0,107737290105.0,100443349033.0,37000000000.0,0.0,304871662143.0,-571939977311.0,,-69659988347.0,-299728303515.0,-88772317095.0,785928804242.0,-351659399.0,696804827748.0,,,,,,,
REE,2020,2,REE,cash_flow,462261195675.0,81200171536.0,-17253497874.0,2366827161.0,-201625510443.0,110263589796.0,,437212775851.0,-58366939491.0,-137241114248.0,132599156373.0,3908239061.0,-57804003769.0,-1053493075.0,0.0,-190722578.0,319065456359.0,-417918868286.0,-90909.0,-1169231566851.0,926866437939.0,44787604828.0,5910349689.0,173685187264.0,-435900946326.0,0.0,0.0,436243166186.0,-283699206811.0,,-546381491391.0,-393837532016.0,-510673021983.0,1296596309665.0,5516560.0,785928804242.0,,,,,,,
REE,2020,1,REE,cash_flow,316459713216.0,79314826311.0,21347479703.0,-590368276.0,-182441299101.0,106770511525.0,,340860863378.0,-8027964236.0,-22970321136.0,-269737419887.0,-8493290705.0,-159549053710.0,-56048413205.0,0.0,-3035159196.0,-156722409197.0,-74330522767.0,18090909.0,-718830000000.0,538510626302.0,-151508690282.0,23408240495.0,254759499807.0,-127972755536.0,15000000000.0,0.0,391729102525.0,-357256547955.0,,-7762484221.0,41710070349.0,-242985094384.0,1539577051904.0,4352145.0,1296596309665.0,,,,,,,
REE,2019,4,REE,cash_flow,521871743935.0,49585442720.0,-5115442444.0,76766957.0,-432600493679.0,108923799560.0,,242741817049.0,1396780378703.0,-15108086214.0,-624970262269.0,-17107953603.0,-58637245626.0,-76126921575.0,0.0,-347484248.0,847224242217.0,-57959190501.0,5595484.0,-649661926074.0,1194699000000.0,-1882431456987.0,70000112735.0,202138014119.0,-1123209851224.0,0.0,0.0,566036464783.0,-504595397806.0,,-4910364000.0,56530702977.0,-219454906030.0,1779170129188.0,-138171254.0,1559577051904.0,,,,,,,
REE,2019,3,REE,cash_flow,461303707755.0,44270363553.0,-20497736027.0,14746902.0,-301301970050.0,103586554883.0,,287375667016.0,-35979125360.0,-12277739878.0,73402647537.0,-3557015957.0,-145118303899.0,-48592338475.0,0.0,-682682000.0,114571528984.0,-32464526253.0,885433607.0,-407878830505.0,983810500000.0,-258631204490.0,30298800626.0,174235158308.0,490255331293.0,0.0,0.0,429170175910.0,-740971721126.0,,-8203012.0,-311809748228.0,293017112049.0,1486152246568.0,770571.0,1779170129188.0,,,,,,,
REE,2019,2,REE,cash_flow,520739822432.0,41058701014.0,-72360008024.0,325581731160.0,-601192666406.0,108464161629.0,,322291741805.0,-290858254386.0,-53686514735.0,21908039772.0,7111703369.0,-55377491363.0,-25587130061.0,0.0,-1162945156.0,-75240475009.0,-88384861170.0,-1.0,-120861295797.0,516839300531.0,-10628174885.0,-1049228979.0,252866266751.0,548782006450.0,0.0,0.0,322500194322.0,-372728059863.0,,-582271515926.0,-632499381467.0,-158957850026.0,1645023948911.0,86147683.0,1486152246568.0,,,,,,,
REE,2019,1,REE,cash_flow,416312258252.0,40835436835.0,61262777985.0,-325606334273.0,0.0,88319241183.0,,281123379982.0,-910134270609.0,66898069467.0,120356898925.0,-7022256261.0,-76925844152.0,-58658466530.0,0.0,-1048820400.0,-577671980395.0,-108023244414.0,806938739.0,-2595812558044.0,1013378757513.0,-80446837129.0,97546212257.0,162200289464.0,-1510350441614.0,0.0,0.0,2547914215802.0,-642278747034.0,,-37685842815.0,1867949625953.0,-220072796056.0,1865096744967.0,0.0,1645023948911.0,,,,,,,
REE,2018,4,REE,cash_flow,651661054243.0,42977132515.0,-114430339017.0,103021736.0,-381283094960.0,63378567111.0,,262406341628.0,-342809989971.0,374328946503.0,17833418725.0,-12272069546.0,-43436315581.0,-72419878107.0,0.0,-685900578.0,174605200725.0,-85873428261.0,10921987.0,-189826500000.0,422063850693.0,-174541679252.0,186681304327.0,225096713755.0,383611183249.0,0.0,0.0,339071601835.0,-304991103238.0,,-40459471.0,34040039126.0,592256423100.0,1272855205301.0,-14883434.0,1865096744967.0,,,,,,,
REE,2018,3,REE,cash_flow,343220814431.0,42121851173.0,49719975908.0,-117007342.0,-241400483858.0,57944499956.0,,251489650268.0,-356511420521.0,40901839346.0,117882293109.0,5064858049.0,-77100926364.0,-55489293324.0,0.0,-452158540.0,-42169157977.0,-46632265352.0,8317429.0,-169720797271.0,124280674895.0,-110210380390.0,22984677891.0,131725507726.0,-47564265072.0,15400000.0,0.0,518092474171.0,-487813991432.0,,-192659500.0,30101223239.0,-59632199810.0,1332173823176.0,313581935.0,1272855205301.0,,,,,,,
REE,2018,2,REE,cash_flow,639906587146.0,47901762134.0,-55614751144.0,270131213.0,-475105882176.0,60034868594.0,,217392715767.0,146184202572.0,156305090656.0,-291339811840.0,-24750461436.0,-40193516674.0,-43901923757.0,0.0,-3826393202.0,110301364586.0,-70479849640.0,200000000.0,-309209532782.0,248310140350.0,-103628547196.0,149600666754.0,293564104367.0,208356981853.0,0.0,0.0,508798303848.0,-456255861973.0,,-538366395971.0,-485823954096.0,-167165607657.0,1499281152036.0,58278797.0,1332173823176.0,,,,,,,
REE,2018,1,REE,cash_flow,483215661621.0,28303591146.0,-61496165568.0,-117007342.0,-203517243875.0,45153468963.0,,291542304945.0,-178605862654.0,24686993190.0,-111787933387.0,1107340461.0,-61684892386.0,-64999021315.0,0.0,2270190000.0,-146075248516.0,-145352596981.0,98181818.0,-750478000000.0,0.0,0.0,74561982000.0,50079207253.0,-771091225910.0,0.0,0.0,555274770677.0,-473097062819.0,,-63060639959.0,19117067899.0,-898049406527.0,2397186656336.0,143902227.0,1499281152036.0,,,,,,,
REE,2017,4,REE,cash_flow,497429402771.0,31423733558.0,59075779872.0,717448595.0,-193314707159.0,42910767572.0,,438242425209.0,103174596073.0,17712611513.0,-59712732106.0,-37543187382.0,-15687762922.0,-60781961358.0,0.0,-1874305454.0,414069835323.0,-181177586044.0,173661818.0,-330550252546.0,119692224235.0,-782900478161.0,66638289346.0,202856024596.0,-905268116756.0,36495030000.0,0.0,858455394360.0,-503677757559.0,,-10415622072.0,380857044729.0,-110341236704.0,2507556350185.0,-28457145.0,2397186656336.0,,,,,,,
REE,2017,3,REE,cash_flow,447634922229.0,27066968858.0,14577449200.0,-24719803.0,-231211641588.0,21651640020.0,,279694618916.0,135055565976.0,-234670736697.0,-78667968528.0,-3667321869.0,-20121005809.0,-21602439465.0,0.0,-671931000.0,55348781524.0,-219837511689.0,335400000.0,-116193300369.0,139821595931.0,-330976382.0,3748011135.0,148233230676.0,-44223550698.0,0.0,0.0,2128303041196.0,-847525308834.0,,-20077396168.0,1260700336194.0,1271825567020.0,1236468292645.0,-737509480.0,2507556350185.0,,,,,,,
REE,2017,2,REE,cash_flow,375155556775.0,34487541930.0,-20477630886.0,-282025674.0,-287447988171.0,20531179587.0,,121966633561.0,-322115316541.0,-128657961665.0,565057883935.0,-2776117121.0,-17985330496.0,-43386347924.0,-157301251.0,-702004000.0,283183181498.0,-120499561860.0,0.0,-38159547200.0,212212372807.0,9040078749.0,4975672365.0,280240127440.0,347809142301.0,0.0,0.0,633380098280.0,-664478731978.0,,-546222299555.0,-577320933253.0,53671390546.0,1181695676454.0,1101225645.0,1236468292645.0,,,,,,,
REE,2017,1,REE,cash_flow,400912918642.0,36677768609.0,10049920184.0,0.0,-177701565617.0,19943980954.0,,289883022772.0,-2156340184.0,21507928007.0,19845799932.0,35576658860.0,-24073782519.0,-87353862290.0,157301251.0,-1778417000.0,249712427356.0,-63558854639.0,1659090909.0,-3000000000.0,184182000000.0,-135980004290.0,28436152157.0,98032936001.0,109771320138.0,0.0,0.0,355053282414.0,-472474841948.0,,-20393632002.0,-137815191536.0,221668555958.0,960027120496.0,0.0,1181695676454.0,,,,,,,
REE,2016,4,REE,cash_flow,723175238965.0,36403748448.0,-9809307001.0,1943739656.0,-453699302301.0,18318692375.0,,316332810142.0,778509086368.0,-176460023809.0,27665611434.0,-38131080454.0,-14535623870.0,-51391234132.0,2122018197.0,-3831736515.0,840696511360.0,-99145495373.0,711363636.0,0.0,0.0,-1065170649750.0,178312156490.0,74722531665.0,-910570093332.0,0.0,-16631.0,920958456460.0,-570908503796.0,,-6470669636.0,343579266397.0,273705684425.0,685854474565.0,-375268494.0,959184890496.0,,,,,,,
REE,2016,3,REE,cash_flow,312878530906.0,31926764045.0,-3851130052.0,47858448.0,-116958735923.0,12328406278.0,,236371693702.0,-405166793029.0,-184626196058.0,-90421509741.0,-7604276675.0,-17168965890.0,-38794645364.0,5941335401.0,-2528453682.0,-504944211200.0,-78245358376.0,560760035.0,434703109891.0,0.0,-631323544078.0,58507008443.0,78371240390.0,-137426783695.0,0.0,-47223660.0,633927334620.0,-324771274139.0,,-302977139.0,308805859682.0,-333565135213.0,1019428437263.0,-8827485.0,685854474565.0,,,,,,,
REE,2016,2,REE,cash_flow,206767725727.0,35883879397.0,5713720265.0,-1752518641.0,-24819324490.0,13064213705.0,,234857695963.0,-126269639777.0,-65651502017.0,245300548832.0,-869489712.0,-10340611843.0,-43056349024.0,0.0,-2492357122.0,230611947051.0,-59768534747.0,175805965.0,-434703109891.0,0.0,-42209456969.0,35573471780.0,300753454208.0,-200178369654.0,0.0,-11676660619.0,341190995464.0,-471767005990.0,,-41524785613.0,-183777456758.0,-153343879361.0,1173265912265.0,-493595641.0,1019428437263.0,,,,,,,
REE,2016,1,REE,cash_flow,149042028275.0,32075224097.0,258460932.0,-732114009.0,19298243261.0,16448179560.0,,216390022116.0,113574564807.0,-76698977221.0,-91611319826.0,-213348009.0,-19524151834.0,-40543590497.0,0.0,-589579578.0,100783619958.0,-67099304100.0,406467909.0,0.0,0.0,-106895722298.0,1934400000.0,94406752988.0,-77247405501.0,0.0,0.0,409488119394.0,-434388029056.0,,-244904914091.0,-269804823753.0,-246268609296.0,1419715236964.0,-180715403.0,1173265912265.0,,,,,,,
REE,2015,4,REE,cash_flow,320356241709.0,31881497626.0,-315166943.0,-1932949357.0,-163830443907.0,18600400198.0,,204759579326.0,-92499272186.0,-140213723645.0,362142606409.0,-727767451.0,-20452387660.0,-31660593099.0,0.0,-1404789537.0,210529278757.0,-107373765668.0,2370784091.0,0.0,0.0,-167755096710.0,126722753500.0,91535793548.0,-54499531239.0,0.0,0.0,283441727486.0,-352358332219.0,,-25281093614.0,-94197698347.0,61832049171.0,1357884807696.0,-1619903.0,1419715236964.0,,,,,,,
REE,2015,3,REE,cash_flow,244551669918.0,31696675552.0,1292734389.0,2099043433.0,-116676106984.0,19860575399.0,,182824591707.0,-112058646387.0,52932285948.0,296460607808.0,350043956.0,-24783380745.0,-43149998016.0,0.0,-706604677.0,350984945605.0,-175614200198.0,154340910.0,0.0,0.0,-149863684494.0,627836948.0,43798352232.0,-280897354602.0,1000000000.0,0.0,192372374472.0,-177902124647.0,,-226689043.0,15243560782.0,85331151785.0,1271166573992.0,1387081919.0,1357884807696.0,,,,,,,
REE,2015,2,REE,cash_flow,302856605519.0,33937145472.0,5998471265.0,81595711.0,-121119209428.0,19975052008.0,,241729660547.0,-145208070756.0,103460260124.0,-2929745894.0,-19185826.0,-13361797322.0,-36457638974.0,0.0,-2799281819.0,144330870080.0,-12700895145.0,1200204545.0,35861755300.0,0.0,-167562339119.0,50235601483.0,216561826461.0,123596153525.0,0.0,0.0,174681853410.0,-184013101055.0,,-84484947707.0,-93816195352.0,174110828253.0,1096467589601.0,588156138.0,1271166573992.0,,,,,,,
REE,2015,1,REE,cash_flow,177911624694.0,35195859490.0,1494286302.0,-361371695.0,-61353638339.0,15530742621.0,,168417503073.0,-50187659280.0,38242736801.0,-41918937769.0,-643987630.0,-7908759695.0,-42625591734.0,5856944119.0,-707394043.0,68524853842.0,-30780792022.0,0.0,-35861755300.0,0.0,0.0,2880000.0,105547333444.0,38907666122.0,0.0,0.0,471793509895.0,-119616269871.0,,-399796670356.0,-47619430332.0,59813089632.0,1036655683725.0,-1183756.0,1096467589601.0,,,,,,,
REE,2014,4,REE,cash_flow,451692115875.0,-4947664669.0,-9381813102.0,1682841352.0,-268251036389.0,7152018855.0,,177946461922.0,33955834026.0,-13107254958.0,-19790206380.0,295922010.0,-12004450295.0,-37916432627.0,4025347328.0,-7204289421.0,126200931605.0,-13104767418.0,49800000.0,248531379000.0,-308728600000.0,-866055127218.0,378941839589.0,37033463023.0,-523332013024.0,0.0,0.0,714090918823.0,-434424309738.0,,-3029108135.0,276637500950.0,-120493580469.0,1159282898467.0,-2133634273.0,1036655683725.0,,,,,,,
REE,2014,3,REE,cash_flow,291724851636.0,31503337039.0,-3293311625.0,-213691495.0,-139397647487.0,9098065488.0,,189421603556.0,49574983222.0,73787851535.0,-131214511614.0,1170753261.0,-7383141820.0,-41281069225.0,1122355764.0,-2717153981.0,132481670698.0,-22985969463.0,169287175.0,-248531379000.0,308728600000.0,-10870853507.0,1498039275.0,165247382666.0,193255107146.0,700527836.0,0.0,366456992821.0,-495905003700.0,,237261145.0,-128510221898.0,197226555946.0,962044058016.0,12284505.0,1159282898467.0,,,,,,,
REE,2014,2,REE,cash_flow,241082508074.0,15382955509.0,-8761857308.0,172268154.0,-86348918822.0,12041430115.0,,173568385722.0,24677496847.0,-112623358570.0,380916181321.0,46466640.0,-9910650919.0,-38153168399.0,3735049251.0,-2861139611.0,419395262282.0,-7333505819.0,0.0,94823567000.0,-122706000000.0,-97160254830.0,118269512939.0,142638334858.0,128531654148.0,28319472164.0,0.0,620075157655.0,-585768915462.0,,-1527989571.0,61097724786.0,609024641216.0,352359466608.0,659950192.0,962044058016.0,,,,,,,
REE,2014,1,REE,cash_flow,277925248648.0,15205192210.0,-5521390465.0,0.0,-100253148831.0,9122359119.0,,196478260681.0,56930925358.0,4263201942.0,-200366655842.0,-572696779.0,-7228311514.0,-37349887617.0,2630717335.0,-479074766.0,14306478798.0,-240179000.0,0.0,-94823567000.0,122706000000.0,-47220163367.0,139134823000.0,15937906469.0,135494820102.0,3660000000.0,0.0,218664564221.0,-140050885288.0,,-415511116625.0,-333237437692.0,-183436138792.0,535795614565.0,-9165.0,352359466608.0,,,,,,,
REE,2013,4,REE,cash_flow,158993551426.0,15154698945.0,32017430174.0,3327834860.0,-99973719891.0,15501103928.0,,125020899442.0,-36863964815.0,-27267993053.0,44596484768.0,-81150933.0,-42332626600.0,-30046255986.0,2610621303.0,-5367102651.0,30268911475.0,-4528850271.0,0.0,-164869249247.0,62348829081.0,-332811712292.0,90844503804.0,53534145844.0,-295482333081.0,4416660619.0,0.0,294191763447.0,-301828017731.0,,-77662080.0,-3297255745.0,-268510677351.0,804521118490.0,-214832675.0,535795608464.0,,,,,,,
REE,2013,3,REE,cash_flow,230424983224.0,15098221875.0,5612838325.0,-85570515.0,-131588382738.0,14297282431.0,,133759372602.0,-161494664048.0,-43021527882.0,-106598036878.0,2449422694.0,-6212254486.0,-36018237509.0,2397573057.0,-220104171.0,-214958456621.0,-5793369548.0,282727272.0,-121780356071.0,262887000000.0,-272320053142.0,84530178540.0,130744253614.0,78550380665.0,0.0,0.0,448126720725.0,-267057713473.0,,-310558080.0,180758449172.0,44350373216.0,759918443495.0,252301779.0,804521118490.0,,,,,,,
REE,2013,2,REE,cash_flow,554765618265.0,15483766974.0,-8832587.0,11544457267.0,-478744621424.0,12750720825.0,,115791109320.0,10475655129.0,-5346776523.0,80667234254.0,-2377817251.0,-5723087344.0,-26017458857.0,2552381548.0,-10461049508.0,159560190768.0,-358595757.0,318181818.0,-369080768000.0,270831546000.0,-90279315661.0,-2941416532.0,116304215638.0,-75206152494.0,0.0,0.0,170163479341.0,-193515361909.0,,-385762425065.0,-409114307633.0,-324760269359.0,1084975687509.0,-296974655.0,759918443495.0,,,,,,,
REE,2013,1,REE,cash_flow,143319920809.0,15447173783.0,-1119366984.0,-10547528584.0,-35248081771.0,14597006052.0,,126449123305.0,-16965231790.0,3809257552.0,-97539102996.0,-7786319.0,-6300172709.0,-13693610554.0,2783187176.0,-15103069717.0,-16567406052.0,-66748399.0,4054545.0,-270106232000.0,553668454000.0,-90303267921.0,35248304936.0,21329343751.0,249773908912.0,0.0,0.0,112849170142.0,-94561130444.0,,-598773067.0,17689266631.0,250895769491.0,834707800990.0,-627882972.0,1084975687509.0,,,,,,,
HDB,2025,4,HDB,cash_flow,,,,,,,,4855694000000.0,,,,,,,,,48695947000000.0,-175683000000.0,29000000.0,,,-11880000000.0,6984000000.0,8521000000.0,-172029000000.0,4179573000000.0,,,,,0.0,3200136000000.0,51724054000000.0,168657364000000.0,-6836000000.0,220374582000000.0,,103238000000.0,48696817000000.0,-870000000.0,,,
HDB,2025,3,HDB,cash_flow,,,,,,,,4896312000000.0,,,,,,,,,26029197000000.0,-63234000000.0,2172000000.0,,,11880000000.0,-6984000000.0,-4896000000.0,-61062000000.0,0.0,,,,,0.0,4623542000000.0,30591677000000.0,138031874000000.0,33813000000.0,168657364000000.0,,-14142000000.0,26081137000000.0,-51940000000.0,,,
HDB,2025,2,HDB,cash_flow,,,,,,,,8626498000000.0,,,,,,,,,-1678525000000.0,-70019000000.0,205015000000.0,,,0.0,0.0,4896000000.0,139892000000.0,0.0,,,,,0.0,0.0,-1538633000000.0,139628360000000.0,-57853000000.0,138031874000000.0,,-370683000000.0,-1674145000000.0,-4380000000.0,,,
HDB,2025,1,HDB,cash_flow,,,,,,,,6213930000000.0,,,,,,,,,2364771000000.0,-41402000000.0,709000000.0,,,0.0,11880000000.0,0.0,-28813000000.0,0.0,,,,,0.0,0.0,2335958000000.0,137261526000000.0,30876000000.0,139628360000000.0,,419650000000.0,2378043000000.0,-13272000000.0,,,
HDB,2024,4,HDB,cash_flow,,,,,,,,6741136000000.0,,,,,,,,,11394988000000.0,-154995000000.0,709000000.0,,,-436000000.0,3000000000.0,0.0,-151722000000.0,200000000000.0,,,,,1000000.0,200001000000.0,11443267000000.0,125917015000000.0,-98756000000.0,137261526000000.0,,164152000000.0,11409934000000.0,-14946000000.0,,,
HDB,2024,3,HDB,cash_flow,,,,,,,,5404980000000.0,,,,,,,,,10584942000000.0,-178629000000.0,36000000.0,,,0.0,0.0,0.0,-178593000000.0,0.0,,,,,-2912551000000.0,-2912551000000.0,7493798000000.0,118296318000000.0,126899000000.0,125917015000000.0,,84293000000.0,10586662000000.0,-1720000000.0,,,
HDB,2024,2,HDB,cash_flow,,,,,,,,2626106000000.0,,,,,,,,,14403100000000.0,-95318000000.0,880000000.0,,,-657639000000.0,14375000000.0,0.0,-737702000000.0,0.0,,,,,0.0,0.0,13665398000000.0,104746444000000.0,-115524000000.0,118296318000000.0,,29461000000.0,14403968000000.0,-868000000.0,,,
HDB,2024,1,HDB,cash_flow,,,,,,,,2809673000000.0,,,,,,,,,-27640637000000.0,-112206000000.0,139000000.0,,,0.0,0.0,0.0,-112067000000.0,0.0,,,,,0.0,0.0,-27752704000000.0,132411767000000.0,87381000000.0,104746444000000.0,,7853000000.0,-27640012000000.0,-625000000.0,,,
HDB,2023,4,HDB,cash_flow,,,,,,,,5233124000000.0,,,,,,,,,52501586000000.0,-137990000000.0,65000000.0,,,0.0,0.0,0.0,-137925000000.0,0.0,,,,,0.0,0.0,52363661000000.0,80105426000000.0,-57320000000.0,132411767000000.0,,-70569000000.0,52517140000000.0,-15554000000.0,,,
HDB,2023,3,HDB,cash_flow,,,,,,,,5623204000000.0,,,,,,,,,-17842240000000.0,-56655000000.0,128000000.0,,,0.0,0.0,4101000000.0,-52426000000.0,0.0,,,,,0.0,0.0,-17894666000000.0,97958806000000.0,41286000000.0,80105426000000.0,,49432000000.0,-17834630000000.0,-7610000000.0,,,
HDB,2023,2,HDB,cash_flow,,,,,,,,4501946000000.0,,,,,,,,,37438638000000.0,-54250000000.0,279000000.0,,,0.0,0.0,0.0,-53971000000.0,0.0,,,,,-2515261000000.0,-2515261000000.0,34869406000000.0,63092329000000.0,-2929000000.0,97958806000000.0,,45528000000.0,37441019000000.0,-2381000000.0,,,
HDB,2023,1,HDB,cash_flow,,,,,,,,3398915000000.0,,,,,,,,,8559063000000.0,-25028000000.0,281000000.0,,,0.0,0.0,5224000000.0,-19523000000.0,0.0,,,,,0.0,0.0,8539540000000.0,54533826000000.0,18963000000.0,63092329000000.0,,64485000000.0,8563833000000.0,-4770000000.0,,,
HDB,2022,4,HDB,cash_flow,,,,,,,,3218522000000.0,,,,,,,,,-5697391000000.0,-54995000000.0,2727000000.0,,,0.0,0.0,0.0,-52268000000.0,0.0,,,,,0.0,0.0,-5749659000000.0,60246167000000.0,37318000000.0,54533826000000.0,,36818000000.0,-5692842000000.0,-4549000000.0,,,
HDB,2022,3,HDB,cash_flow,,,,,,,,3299906000000.0,,,,,,,,,6466438000000.0,-52764000000.0,48000000.0,,,0.0,0.0,0.0,-52716000000.0,0.0,,,,,0.0,0.0,6413722000000.0,53855970000000.0,-23525000000.0,60246167000000.0,,21819000000.0,6466728000000.0,-290000000.0,,,
HDB,2022,2,HDB,cash_flow,,,,,,,,2691571000000.0,,,,,,,,,-7820921000000.0,-8048000000.0,38000000.0,,,0.0,0.0,4534000000.0,-3476000000.0,200000000000.0,,,,,0.0,200000000000.0,-7624397000000.0,61507953000000.0,-27586000000.0,53855970000000.0,,21386000000.0,-7818921000000.0,-2000000000.0,,,
HDB,2022,1,HDB,cash_flow,,,,,,,,2792129000000.0,,,,,,,,,-8667204000000.0,-6194000000.0,18634000000.0,,,0.0,500000000.0,17535000000.0,30475000000.0,0.0,,,,,0.0,0.0,-8636729000000.0,70130889000000.0,13793000000.0,61507953000000.0,,31186000000.0,-8663782000000.0,-3422000000.0,,,
HDB,2021,4,HDB,cash_flow,,,,,,,,2009986000000.0,,,,,,,,,7212821000000.0,-121213000000.0,131000000.0,,,0.0,17677000000.0,0.0,-79379000000.0,0.0,,,,,0.0,0.0,7133442000000.0,63062033000000.0,-64586000000.0,70130889000000.0,,-1563000000.0,7217121000000.0,-4300000000.0,,,
HDB,2021,3,HDB,cash_flow,,,,,,,,2143596000000.0,,,,,,,,,7233243000000.0,-50559000000.0,45000000.0,,,0.0,15402000000.0,0.0,-35112000000.0,0.0,,,,,0.0,0.0,7198131000000.0,55837268000000.0,26634000000.0,63062033000000.0,,-14618000000.0,7233243000000.0,0.0,,,
HDB,2021,2,HDB,cash_flow,,,,,,,,2330702000000.0,,,,,,,,,-2574272000000.0,-27006000000.0,85000000.0,,,0.0,18696000000.0,0.0,-8225000000.0,0.0,,,,,0.0,0.0,-2582497000000.0,58411736000000.0,8029000000.0,55837268000000.0,,35697000000.0,-2573752000000.0,-520000000.0,,,
HDB,2021,1,HDB,cash_flow,,,,,,,,2351560000000.0,,,,,,,,,3780627000000.0,-155122000000.0,7000000.0,,,0.0,0.0,0.0,-155115000000.0,0.0,,,,,0.0,0.0,3625512000000.0,54756301000000.0,29923000000.0,58411736000000.0,,11498000000.0,3783241000000.0,-2614000000.0,,,
HDB,2020,4,HDB,cash_flow,,,,,,,,1777638000000.0,,,,,,,,,15275094000000.0,-57593000000.0,112000000.0,,,0.0,0.0,0.0,-42011000000.0,0.0,,,,,344723000000.0,-28000000.0,15233055000000.0,39551041000000.0,-27795000000.0,54756301000000.0,,77443000000.0,15275094000000.0,0.0,,,
HDB,2020,3,HDB,cash_flow,,,,,,,,2316161000000.0,,,,,,,,,10839967000000.0,-127843000000.0,432000000.0,,,0.0,0.0,0.0,-115878000000.0,0.0,,,,,-344723000000.0,1000000.0,10724090000000.0,28814315000000.0,12636000000.0,39551041000000.0,,32574000000.0,10842195000000.0,-2228000000.0,,,
HDB,2020,2,HDB,cash_flow,,,,,,,,2155809000000.0,,,,,,,,,6313461000000.0,52000000.0,72000000.0,,,0.0,0.0,260000000.0,384000000.0,0.0,,,,,0.0,-155000000.0,6313690000000.0,22504836000000.0,-4211000000.0,28814315000000.0,,70233000000.0,6157361000000.0,2228000000.0,,,
HDB,2020,1,HDB,cash_flow,,,,,,,,1979857000000.0,,,,,,,,,-7468380000000.0,-97381000000.0,0.0,,,0.0,0.0,0.0,-97381000000.0,0.0,,,,,0.0,-311753000000.0,-7877514000000.0,30362980000000.0,19370000000.0,22504836000000.0,,17985000000.0,-7466152000000.0,-2228000000.0,,,
HDB,2019,4,HDB,cash_flow,,,,,,,,1514806000000.0,,,,,,,,,1994069000000.0,-69694000000.0,33501000000.0,,,0.0,0.0,0.0,-37227000000.0,0.0,,,,,-158927000000.0,-158927000000.0,1797915000000.0,28574156000000.0,-9091000000.0,30362980000000.0,,110142000000.0,1995049000000.0,-980000000.0,,,
HDB,2019,3,HDB,cash_flow,,,,,,,,1533477000000.0,,,,,,,,,4912420000000.0,-25550000000.0,323000000.0,,,0.0,0.0,0.0,-16505000000.0,0.0,,,,,0.0,0.0,4895915000000.0,23676394000000.0,1847000000.0,28574156000000.0,,82545000000.0,4913108000000.0,-688000000.0,,,
HDB,2019,2,HDB,cash_flow,,,,,,,,1244284000000.0,,,,,,,,,138782000000.0,-45548000000.0,98188000000.0,,,0.0,0.0,27069000000.0,74400000000.0,0.0,,,,,0.0,0.0,213182000000.0,23464025000000.0,-813000000.0,23676394000000.0,,21541000000.0,138782000000.0,0.0,,,
HDB,2019,1,HDB,cash_flow,,,,,,,,1258437000000.0,,,,,,,,,-15958790000000.0,-42403000000.0,0.0,,,0.0,0.0,0.0,-42403000000.0,0.0,,,,,0.0,0.0,-16001193000000.0,39457161000000.0,8057000000.0,23464025000000.0,,15031000000.0,-15957026000000.0,-1764000000.0,,,
HDB,2018,4,HDB,cash_flow,,,,,,,,1565497000000.0,,,,,,,,,13474659000000.0,46135000000.0,1053000000.0,,,0.0,62260000000.0,0.0,109448000000.0,0.0,,,,,-1425300000000.0,-1425300000000.0,12158807000000.0,27314977000000.0,-16624000000.0,39457160000000.0,,177521000000.0,13476522000000.0,-1863000000.0,,,
HDB,2018,3,HDB,cash_flow,,,,,,,,587739000000.0,,,,,,,,,-1683617000000.0,-66623000000.0,12747000000.0,,,0.0,0.0,53618000000.0,-258000000.0,0.0,,,,,0.0,0.0,-1683875000000.0,28999872000000.0,-1020000000.0,27314977000000.0,,29950000000.0,-1682736000000.0,-881000000.0,,,
HDB,2018,2,HDB,cash_flow,,,,,,,,1761698000000.0,,,,,,,,,5467195000000.0,-43695000000.0,-30672000000.0,,,0.0,806000000.0,26111000000.0,-47450000000.0,0.0,,,,,0.0,0.0,5419745000000.0,23600089000000.0,-19962000000.0,28999872000000.0,,64104000000.0,5467261000000.0,-66000000.0,,,
HDB,2018,1,HDB,cash_flow,,,,,,,,815152000000.0,,,,,,,,,-1663289000000.0,-20317000000.0,31875000000.0,,,0.0,2730000000.0,22431000000.0,36719000000.0,0.0,,,,,0.0,0.0,-1626570000000.0,25189053000000.0,37606000000.0,23600089000000.0,,23971000000.0,-1661925000000.0,-1364000000.0,,,
HDB,2017,4,HDB,cash_flow,,,,,,,,651714000000.0,,,,,,,,,-1999729000000.0,-247842000000.0,11976000000.0,,,0.0,-6669000000.0,250000000.0,-242285000000.0,3018656000000.0,,,,,0.0,3018656000000.0,776642000000.0,24375456000000.0,36956000000.0,25189054000000.0,,43288000000.0,-1999532000000.0,-197000000.0,,,
HDB,2017,3,HDB,cash_flow,,,,,,,,758110000000.0,,,,,,,,,-5423255000000.0,-15311000000.0,477000000.0,,,0.0,2240000000.0,176865000000.0,164271000000.0,0.0,,,,,0.0,0.0,-5258984000000.0,29667386000000.0,-32946000000.0,24375456000000.0,,31729000000.0,-5422660000000.0,-595000000.0,,,
HDB,2017,2,HDB,cash_flow,,,,,,,,787344000000.0,,,,,,,,,2833290000000.0,-5450000000.0,-13905000000.0,,,22474000000.0,-71739000000.0,15714000000.0,-7796000000.0,0.0,,,,,0.0,0.0,2825494000000.0,26843770000000.0,-1878000000.0,29667386000000.0,,-1043000000.0,2833440000000.0,-150000000.0,,,
HDB,2017,1,HDB,cash_flow,,,,,,,,868466000000.0,,,,,,,,,4179795000000.0,-13023000000.0,15531000000.0,,,-22474000000.0,82026000000.0,1052000000.0,60748000000.0,0.0,,,,,0.0,0.0,4240543000000.0,22605359000000.0,-2132000000.0,26843770000000.0,,40269000000.0,4182453000000.0,-2658000000.0,,,
HDB,2016,4,HDB,cash_flow,,,,,,,,403706000000.0,,,,,,,,,4677181000000.0,-625398000000.0,71465000000.0,,,-42593000000.0,-5385000000.0,-97765000000.0,-754111000000.0,0.0,,,,,0.0,0.0,3923070000000.0,18682316000000.0,-28000000.0,22605358000000.0,,60242000000.0,4677181000000.0,0.0,,,
HDB,2016,3,HDB,cash_flow,,,,,,,,541663000000.0,,,,,,,,,1966895000000.0,-43584000000.0,2175000000.0,,,7473000000.0,4731000000.0,24345000000.0,-4947000000.0,0.0,,,,,0.0,0.0,1961948000000.0,16720368000000.0,0.0,18682316000000.0,,-3553000000.0,1966895000000.0,0.0,,,
HDB,2016,2,HDB,cash_flow,,,,,,,,150434000000.0,,,,,,,,,557601000000.0,-4653000000.0,-10107000000.0,,,4220000000.0,-4761000000.0,3021000000.0,11216000000.0,0.0,,,,,-809987000000.0,-809987000000.0,-241170000000.0,16957010000000.0,4528000000.0,16720368000000.0,,-26928000000.0,557601000000.0,0.0,,,
HDB,2016,1,HDB,cash_flow,,,,,,,,112017000000.0,,,,,,,,,2918968000000.0,-14212000000.0,20213000000.0,,,-21060000000.0,4761000000.0,454000000.0,-31020000000.0,0.0,,,,,0.0,0.0,2887948000000.0,14069062000000.0,0.0,16957010000000.0,,27976000000.0,2919502000000.0,-534000000.0,,,
HDB,2015,4,HDB,cash_flow,,,,,,,,1107244000000.0,,,,,,,,,6856607000000.0,-262730000000.0,1193000000.0,,,-381248000000.0,1404741000000.0,44868000000.0,807158000000.0,0.0,,,,,0.0,0.0,7663765000000.0,6405296000000.0,1000000.0,14069062000000.0,,51579000000.0,6860423000000.0,-3816000000.0,,,
HDB,2015,1,HDB,cash_flow,,,,,,,,62521090616.0,,,,,,,,,-8848478163596.0,-43016503279.0,24645000.0,,,-14073760000.0,48490609636.0,2291778800.0,-6457849853.0,0.0,,,,,0.0,0.0,-8854936013449.0,15293238619884.0,0.0,6438302606435.0,,-13241948531.0,-8848478163596.0,0.0,,,
HDB,2014,1,HDB,cash_flow,,,,,,,,399075206973.0,,,,,,,,,-2037758609738.0,-84950146537.0,140327032.0,,,-270757281782.0,299317253000.0,1507369351.0,-54896093909.0,0.0,,,,,-174990040196.0,-174990040196.0,-2267644743843.0,8710988901358.0,0.0,6443344157515.0,,9975334063.0,-2036094409738.0,-1664200000.0,,,
HDB,2013,4,HDB,cash_flow,,,,,,,,-1010904733482.0,,,,,,,,,4165174583634.0,-20906314163.0,1288159508.0,,,2000000000.0,2000000000.0,12205269500.0,-2509316844.0,0.0,,,,,0.0,0.0,4162665266790.0,3972888692662.0,575434941906.0,8710988901358.0,,-127268911173.0,4165275242113.0,-100658479.0,,,
HDB,2013,3,HDB,cash_flow,,,,,,,,-239945718607.0,,,,,,,,,991944695493.0,-20486198123.0,42610000.0,,,-2000000000.0,0.0,26115734777.0,2933556274.0,0.0,,,,,0.0,0.0,994878251767.0,2978010440895.0,0.0,3972888692662.0,,-9282987297.0,995580038407.0,-3635342914.0,,,
HDB,2013,2,HDB,cash_flow,,,,,,,,1235613095039.0,,,,,,,,,-375525770312.0,174070126814.0,149259499.0,,,0.0,0.0,115781920549.0,289878386486.0,0.0,,,,,-280757097022.0,-280757097022.0,-366404480848.0,3344414921743.0,0.0,2978010440895.0,,-24285998426.0,-373529054974.0,-1996715338.0,,,
HDB,2013,1,HDB,cash_flow,,,,,,,,-173376375199.0,,,,,,,,,-1325131808743.0,-189152980308.0,23996982.0,,,0.0,0.0,819693600.0,-188351347281.0,0.0,,,,,0.0,0.0,-1513483156024.0,4857898077767.0,0.0,3344414921743.0,,171645105354.0,-1323934577872.0,-1197230871.0,,,
VRE,2025,4,VRE,cash_flow,3340714000000.0,347220000000.0,-20006000000.0,-28471000000.0,-2646576000000.0,194971000000.0,,1187852000000.0,95277000000.0,31497000000.0,-3438580000000.0,-15522000000.0,-162351000000.0,-12725000000.0,0.0,0.0,-2314552000000.0,-1802230000000.0,10818000000.0,-835000000.0,1005834000000.0,0.0,3605021000000.0,1127851000000.0,3946459000000.0,0.0,0.0,0.0,0.0,-5885000000.0,0.0,-5885000000.0,1626022000000.0,2808595000000.0,,4434617000000.0,,,,,,,
VRE,2025,3,VRE,cash_flow,1721446000000.0,346864000000.0,4105000000.0,35831000000.0,-802498000000.0,208236000000.0,,1513984000000.0,-4140315000000.0,31346000000.0,-221314000000.0,8981000000.0,-78392000000.0,0.0,0.0,762000000.0,-2884948000000.0,-460239000000.0,714000000.0,-1005135000000.0,-1510000000.0,0.0,0.0,102964000000.0,-1363206000000.0,0.0,0.0,6272960000000.0,-4445580000000.0,-5884000000.0,0.0,1821496000000.0,-2426658000000.0,5235253000000.0,,2808595000000.0,,,,,,,
VRE,2025,2,VRE,cash_flow,1545019000000.0,340735000000.0,25749000000.0,56175000000.0,-676861000000.0,151143000000.0,,1425160000000.0,-142878000000.0,-25088000000.0,650406000000.0,2178000000.0,-124108000000.0,0.0,0.0,-762000000.0,1784908000000.0,-254589000000.0,122000000.0,3401991000000.0,-3403000000000.0,0.0,0.0,795547000000.0,540071000000.0,0.0,0.0,0.0,0.0,-5884000000.0,0.0,-5884000000.0,2319095000000.0,2916158000000.0,,5235253000000.0,,,,,,,
VRE,2025,1,VRE,cash_flow,1475999000000.0,346476000000.0,10874000000.0,0.0,-624898000000.0,148520000000.0,,1373771000000.0,-17215000000.0,21097000000.0,-1692000000.0,-27775000000.0,-119196000000.0,-1076603000000.0,0.0,0.0,152387000000.0,-169202000000.0,179000000.0,-3408879000000.0,3408879000000.0,0.0,0.0,53463000000.0,-115560000000.0,0.0,0.0,0.0,0.0,-5349000000.0,0.0,-5349000000.0,31478000000.0,2884680000000.0,,2916158000000.0,,,,,,,
VRE,2024,4,VRE,cash_flow,1370326000000.0,353691000000.0,54515000000.0,47472000000.0,-547306000000.0,147490000000.0,,1426188000000.0,-270719000000.0,-43800000000.0,-24910000000.0,31465000000.0,-123506000000.0,0.0,0.0,0.0,994718000000.0,-2343371000000.0,230000000.0,-2428453000000.0,6430025000000.0,0.0,-3865560000000.0,165601000000.0,-2041528000000.0,0.0,0.0,995040000000.0,-485080000000.0,-5349000000.0,0.0,504611000000.0,-542199000000.0,3426879000000.0,,2884680000000.0,,,,,,,
VRE,2024,3,VRE,cash_flow,1118747000000.0,352651000000.0,68090000000.0,24911000000.0,-385597000000.0,139906000000.0,,1318708000000.0,-176203000000.0,-22616000000.0,-109426000000.0,-22808000000.0,-112916000000.0,-1629000000.0,0.0,0.0,873110000000.0,-989133000000.0,3098000000.0,-4984000000.0,-1515560000000.0,0.0,3865560000000.0,196551000000.0,1555532000000.0,362000000.0,0.0,0.0,0.0,-5350000000.0,0.0,-4988000000.0,2423654000000.0,1003225000000.0,,3426879000000.0,,,,,,,
VRE,2024,2,VRE,cash_flow,1276824000000.0,340927000000.0,64364000000.0,-718000000.0,-420065000000.0,138247000000.0,,1399579000000.0,-5951989000000.0,282212000000.0,2930062000000.0,6976000000.0,-105854000000.0,-1211688000000.0,0.0,0.0,-2650702000000.0,-395572000000.0,27000000.0,0.0,903510000000.0,0.0,0.0,230612000000.0,738577000000.0,0.0,0.0,-700000000.0,0.0,-5349000000.0,0.0,-6049000000.0,-1918174000000.0,2921399000000.0,,1003225000000.0,,,,,,,
VRE,2024,1,VRE,cash_flow,1367432000000.0,331835000000.0,52426000000.0,0.0,-439256000000.0,140458000000.0,,1452895000000.0,-9096000000.0,129151000000.0,154458000000.0,-15847000000.0,-109539000000.0,-61039000000.0,0.0,0.0,1540983000000.0,-464369000000.0,7674000000.0,-2908222000000.0,612050000000.0,-352000000.0,0.0,37435000000.0,-2715784000000.0,0.0,0.0,0.0,0.0,-5349000000.0,0.0,-5349000000.0,-1180150000000.0,4101549000000.0,,2921399000000.0,,,,,,,
VRE,2023,4,VRE,cash_flow,1353140000000.0,354339000000.0,58225000000.0,0.0,-340972000000.0,74129000000.0,,1498861000000.0,-1110118000000.0,151334000000.0,-190568000000.0,40005000000.0,-65057000000.0,-64394000000.0,0.0,0.0,260063000000.0,-6299062000000.0,810659000000.0,1967824000000.0,-2935375000000.0,1956182000000.0,-550416000000.0,348783000000.0,-4701405000000.0,0.0,0.0,1782123000000.0,0.0,-5349000000.0,0.0,1776774000000.0,-2664568000000.0,6766117000000.0,,4101549000000.0,,,,,,,
VRE,2023,3,VRE,cash_flow,1655773000000.0,366316000000.0,28109000000.0,0.0,-301542000000.0,75889000000.0,,1824545000000.0,-259160000000.0,665661000000.0,-853104000000.0,30288000000.0,-57316000000.0,-299157000000.0,0.0,0.0,1051757000000.0,-72156000000.0,5052000000.0,-1963362000000.0,11930000000.0,0.0,0.0,222816000000.0,-1795720000000.0,0.0,0.0,0.0,0.0,-5350000000.0,0.0,-5350000000.0,-749313000000.0,7515430000000.0,,6766117000000.0,,,,,,,
VRE,2023,2,VRE,cash_flow,1268392000000.0,362055000000.0,562000000.0,0.0,-278316000000.0,80000000000.0,,1432693000000.0,-17347000000.0,-24124000000.0,-27546000000.0,31712000000.0,-86860000000.0,-210918000000.0,0.0,0.0,1097610000000.0,-24810000000.0,1245000000.0,0.0,0.0,0.0,-1081000000.0,202590000000.0,177944000000.0,0.0,0.0,0.0,-1050000000000.0,-5349000000.0,0.0,-1055349000000.0,220205000000.0,7295225000000.0,,7515430000000.0,,,,,,,
VRE,2023,1,VRE,cash_flow,1248782000000.0,371221000000.0,542000000.0,0.0,-223816000000.0,100408000000.0,,1497137000000.0,92943000000.0,-249323000000.0,262751000000.0,-35172000000.0,-83906000000.0,-1848000000.0,0.0,0.0,1482582000000.0,-1925740000000.0,0.0,0.0,0.0,0.0,544849000000.0,179235000000.0,-1201656000000.0,0.0,0.0,0.0,0.0,-5349000000.0,0.0,-5349000000.0,275577000000.0,7019648000000.0,,7295225000000.0,,,,,,,
VRE,2022,4,VRE,cash_flow,1022487000000.0,379539000000.0,11740000000.0,0.0,-200941000000.0,92124000000.0,,1304949000000.0,-98323000000.0,-59942000000.0,1540257000000.0,-164139000000.0,-73782000000.0,87759000000.0,0.0,0.0,2536779000000.0,-77933000000.0,336000000000.0,-7718000000.0,6961000000.0,0.0,0.0,113058000000.0,370368000000.0,0.0,0.0,0.0,0.0,-21397000000.0,0.0,-21397000000.0,2885750000000.0,4133898000000.0,,7019648000000.0,,,,,,,
VRE,2022,3,VRE,cash_flow,989990000000.0,369244000000.0,-11246000000.0,0.0,-130364000000.0,89433000000.0,,1307057000000.0,-68533000000.0,-43587000000.0,-25408000000.0,-18962000000.0,-88719000000.0,-49324000000.0,0.0,0.0,1012524000000.0,-2128247000000.0,2418000000.0,0.0,200191000000.0,0.0,0.0,135581000000.0,-1790057000000.0,2000000.0,0.0,0.0,0.0,10698000000.0,0.0,10700000000.0,-766833000000.0,4900731000000.0,,4133898000000.0,,,,,,,
VRE,2022,2,VRE,cash_flow,959465000000.0,355256000000.0,3380000000.0,0.0,-104396000000.0,88086000000.0,,1301791000000.0,-258486000000.0,-24325000000.0,-94038000000.0,2417000000.0,-76452000000.0,-96002000000.0,0.0,0.0,754905000000.0,102993000000.0,8000000.0,304000000.0,0.0,0.0,0.0,164676000000.0,267981000000.0,0.0,0.0,0.0,0.0,-10698000000.0,0.0,-10698000000.0,1012188000000.0,3888543000000.0,,4900731000000.0,,,,,,,
VRE,2022,1,VRE,cash_flow,500680000000.0,347891000000.0,21805000000.0,0.0,-102854000000.0,89512000000.0,,857034000000.0,206171000000.0,51702000000.0,-135889000000.0,12759000000.0,-86818000000.0,-101442000000.0,0.0,0.0,803517000000.0,-434963000000.0,0.0,-101980000000.0,295000000000.0,0.0,0.0,29909000000.0,-212034000000.0,0.0,0.0,0.0,0.0,0.0,0.0,0.0,591483000000.0,3297060000000.0,,3888543000000.0,,,,,,,
VRE,2021,4,VRE,cash_flow,180713000000.0,362639000000.0,81917000000.0,0.0,-46030000000.0,93444000000.0,,672683000000.0,362555000000.0,-303115000000.0,-217529000000.0,47546000000.0,-79952000000.0,-115888000000.0,0.0,0.0,366300000000.0,22561000000.0,449242000000.0,-408395000000.0,100000000000.0,0.0,0.0,77857000000.0,241265000000.0,0.0,0.0,0.0,0.0,0.0,0.0,0.0,607565000000.0,2689495000000.0,,3297060000000.0,,,,,,,
VRE,2021,3,VRE,cash_flow,48354000000.0,368766000000.0,36718000000.0,0.0,-78188000000.0,88352000000.0,,464002000000.0,-327727000000.0,13801000000.0,-15693000000.0,10196000000.0,-94164000000.0,-168966000000.0,0.0,0.0,-118551000000.0,-95154000000.0,-1000000.0,0.0,500000000000.0,0.0,0.0,83350000000.0,488195000000.0,0.0,0.0,0.0,0.0,10698000000.0,0.0,10698000000.0,380342000000.0,2309153000000.0,,2689495000000.0,,,,,,,
VRE,2021,2,VRE,cash_flow,483399000000.0,375274000000.0,8142000000.0,0.0,-122495000000.0,151082000000.0,,895402000000.0,81950000000.0,4919000000.0,271952000000.0,14946000000.0,-140001000000.0,0.0,0.0,0.0,1129168000000.0,-1113381000000.0,1000000.0,0.0,1685000000000.0,0.0,0.0,155611000000.0,727231000000.0,0.0,0.0,0.0,-2550000000000.0,-10698000000.0,0.0,-2560698000000.0,-704299000000.0,3013452000000.0,,2309153000000.0,,,,,,,
VRE,2021,1,VRE,cash_flow,979811000000.0,374875000000.0,17037000000.0,0.0,-98576000000.0,153298000000.0,,1426445000000.0,-482070000000.0,233676000000.0,-438483000000.0,71874000000.0,-205582000000.0,-298836000000.0,0.0,0.0,307024000000.0,-381308000000.0,465820000000.0,-1850000000000.0,1386000000000.0,0.0,0.0,85009000000.0,-294479000000.0,0.0,0.0,0.0,-50000000000.0,0.0,0.0,-50000000000.0,-37455000000.0,3050907000000.0,,3013452000000.0,,,,,,,
VRE,2020,4,VRE,cash_flow,1211053000000.0,365823000000.0,-3696000000.0,0.0,-81348000000.0,161339000000.0,,1653171000000.0,161035000000.0,683907000000.0,-1387374000000.0,88014000000.0,-88995000000.0,-303717000000.0,0.0,0.0,806041000000.0,-63754000000.0,0.0,2631000000.0,0.0,0.0,0.0,90479000000.0,29356000000.0,0.0,0.0,-10007000000.0,0.0,0.0,0.0,-10007000000.0,825390000000.0,2225517000000.0,,3050907000000.0,,,,,,,
VRE,2020,3,VRE,cash_flow,716426000000.0,376220000000.0,2656000000.0,0.0,-76789000000.0,124676000000.0,,1143189000000.0,-144910000000.0,-192886000000.0,140213000000.0,7388000000.0,-176624000000.0,-142933000000.0,0.0,0.0,633437000000.0,-2707514000000.0,-111000000.0,-1828567000000.0,0.0,0.0,0.0,97563000000.0,-4438629000000.0,0.0,0.0,1915245000000.0,0.0,10212000000.0,0.0,1925457000000.0,-1879735000000.0,4105252000000.0,,2225517000000.0,,,,,,,
VRE,2020,2,VRE,cash_flow,445767000000.0,365361000000.0,1498000000.0,0.0,-57553000000.0,98889000000.0,,853962000000.0,-773642000000.0,-36227000000.0,1145903000000.0,-12387000000.0,1000000.0,-1202000000.0,0.0,0.0,1176408000000.0,-1122387000000.0,111000000.0,0.0,950000000000.0,0.0,0.0,41708000000.0,-130568000000.0,0.0,0.0,1015245000000.0,0.0,-10212000000.0,0.0,1005033000000.0,2050873000000.0,2054379000000.0,,4105252000000.0,,,,,,,
VRE,2020,1,VRE,cash_flow,619476000000.0,369018000000.0,1497000000.0,0.0,-47014000000.0,78682000000.0,,1021659000000.0,-22593000000.0,17211000000.0,580647000000.0,-32248000000.0,-131452000000.0,-144953000000.0,0.0,0.0,1288271000000.0,-386149000000.0,0.0,-1050000000000.0,800000000000.0,0.0,0.0,13913000000.0,-622236000000.0,0.0,0.0,0.0,0.0,0.0,0.0,0.0,666035000000.0,1388344000000.0,,2054379000000.0,,,,,,,
VRE,2019,4,VRE,cash_flow,1111190798290.0,391148743459.0,2239124387.0,0.0,-47480654682.0,79191842282.0,,1536290029297.0,534045632767.0,-71049616824.0,-921748575742.0,45067030884.0,-218988090.0,-170311698949.0,0.0,0.0,952073813343.0,-626265922820.0,1608521190217.0,88684.0,0.0,0.0,-96000000000.0,121076764511.0,1007332120592.0,0.0,-1954258000000.0,0.0,0.0,0.0,-343229.0,-1954258343229.0,5147590706.0,1383196409294.0,,1388344000000.0,,,,,,,
VRE,2019,3,VRE,cash_flow,901124903752.0,321103609295.0,2417121364.0,0.0,-60445901973.0,74460048430.0,,1238659780868.0,22460798862.0,-34686374088.0,-117706406248.0,20880659193.0,-130997997928.0,-134493664802.0,0.0,0.0,864116795857.0,-336514126609.0,2698550.0,-9232453749.0,130000000000.0,0.0,96000000000.0,23719155585.0,-96024726223.0,0.0,0.0,0.0,0.0,0.0,-87274971143.0,-87274971143.0,680817098491.0,702379310803.0,,1383196409294.0,,,,,,,
VRE,2019,2,VRE,cash_flow,787797510257.0,384544247098.0,1903776301.0,0.0,-68865085569.0,72880845064.0,,1178261293151.0,-372612158533.0,-44473171388.0,198130474829.0,18618119284.0,-169054.0,-143354683730.0,0.0,0.0,834569704559.0,-724867311042.0,487111233.0,-24708634935.0,1650000000000.0,0.0,0.0,218231382664.0,1119142547920.0,0.0,0.0,0.0,0.0,0.0,-2363940685628.0,-2363940685628.0,-410228433149.0,1112607743952.0,,702379310803.0,,,,,,,
VRE,2019,1,VRE,cash_flow,777838787701.0,350527400148.0,1622977948.0,0.0,-79560357776.0,72474264224.0,,1122903072245.0,86125726904.0,82557162300.0,-58053492839.0,24227190639.0,-126813844928.0,-214690952519.0,0.0,0.0,916254861802.0,-2254787639529.0,0.0,0.0,0.0,0.0,0.0,19759697240.0,-2235027942289.0,0.0,0.0,0.0,0.0,0.0,0.0,0.0,-1318773080487.0,2431380824439.0,,1112607743952.0,,,,,,,
VRE,2018,4,VRE,cash_flow,903226911680.0,318850385072.0,12959810578.0,0.0,-88580076549.0,86348208071.0,,1232805238852.0,50511030919.0,595252511443.0,-388387598680.0,-6571241022.0,-538949582.0,-168213187708.0,0.0,0.0,1314857804222.0,-724100158973.0,583486150434.0,-685953287489.0,469577854.0,-2000000000.0,-548305307561.0,167921252346.0,-1208481773389.0,0.0,0.0,0.0,0.0,0.0,0.0,0.0,106376030833.0,2325004793606.0,,2431380824439.0,,,,,,,
VRE,2018,3,VRE,cash_flow,675482265107.0,302767892268.0,-27672970735.0,0.0,-95511838368.0,57175075903.0,,912240424175.0,-29398149917.0,981166708249.0,-268234097615.0,65718650235.0,-136130718331.0,-78993393677.0,0.0,0.0,1446369423119.0,-758410253021.0,-483870037785.0,0.0,0.0,0.0,548305307561.0,40328881967.0,-653646101278.0,0.0,0.0,0.0,0.0,0.0,0.0,0.0,792723321841.0,1532281471765.0,,2325004793606.0,,,,,,,
VRE,2018,2,VRE,cash_flow,772024294616.0,275953144530.0,14339470495.0,0.0,-147205164924.0,100426744267.0,,1015538488984.0,-108023810942.0,-335794492032.0,233178860600.0,-24737435352.0,-101900392780.0,-120742364303.0,132200000000.0,0.0,689718854175.0,-940513353316.0,485859121694.0,0.0,2658798917095.0,0.0,136694692439.0,297212822529.0,2638052200441.0,0.0,0.0,0.0,-3200000000000.0,0.0,0.0,-3200000000000.0,127771054616.0,1404510417149.0,,1532281471765.0,,,,,,,
VRE,2018,1,VRE,cash_flow,702051870224.0,259427905031.0,2949458580.0,0.0,-186563425859.0,131320985678.0,,909186793654.0,345273511547.0,-152731679130.0,-611975755875.0,-51495791697.0,-122175000000.0,-193293460636.0,0.0,0.0,122788617863.0,-154909596766.0,0.0,0.0,0.0,0.0,0.0,15102164171.0,-139807432595.0,0.0,0.0,0.0,0.0,0.0,0.0,0.0,-17018814732.0,1421529231881.0,,1404510417149.0,,,,,,,
VRE,2017,4,VRE,cash_flow,659739572053.0,244805814435.0,1443640628.0,0.0,-122631789280.0,128434159902.0,,911791397738.0,-41504877104.0,56115542228.0,79245435628.0,-134482293340.0,-132226881071.0,-69999536471.0,0.0,0.0,668938787608.0,-445739897509.0,0.0,-1832457281075.0,0.0,0.0,50000000000.0,360048702802.0,-1868148475782.0,0.0,0.0,0.0,-47038260825.0,0.0,405159000000.0,358120739175.0,-841088948999.0,2262618180880.0,,1421529231881.0,,,,,,,
VRE,2017,3,VRE,cash_flow,449719724903.0,257482366105.0,-4319287095.0,400000000.0,-145684811424.0,138733929485.0,,696331921974.0,-27412017413.0,-788150986367.0,1642800586405.0,-56270151782.0,-154555665353.0,-74683837565.0,0.0,0.0,1238059849899.0,-6298563096344.0,0.0,-827822233.0,-10333822101.0,0.0,3493335000000.0,966301046558.0,-1850088694120.0,0.0,-250013763.0,62000000.0,-1324000000.0,0.0,-1666713061645.0,-1668225075408.0,-2280253919629.0,4542872100509.0,,2262618180880.0,,,,,,,
VRE,2017,2,VRE,cash_flow,272464329228.0,233241885345.0,10638930006.0,-400000000.0,79647511018.0,132234118817.0,,727826774414.0,33038968820.0,-409173716967.0,117188429124.0,108923298979.0,-171679810723.0,-50158555462.0,0.0,0.0,355965388185.0,-97130321328.0,9933583949.0,-58896443453.0,85027910267.0,0.0,33565090414.0,159035800703.0,131535620552.0,0.0,0.0,1860055470.0,-662000000.0,0.0,0.0,1198055470.0,488699064207.0,4054173036302.0,,4542872100509.0,,,,,,,
PLX,2025,4,PLX,cash_flow,886090899162.0,549988874260.0,-8647710627.0,-1637725929.0,-504002389315.0,208273192889.0,0.0,1130065140440.0,1676941024322.0,2705466662440.0,361049271283.0,-85675338626.0,-208273192889.0,-116664382361.0,1619226353.0,-53948149482.0,5410630261480.0,-2019952674181.0,1589681527.0,-11388501783493.0,12323800000000.0,0.0,0.0,346162212498.0,-736902563649.0,0.0,0.0,18746473118807.0,-25269739946059.0,0.0,53608752723.0,-6469658074529.0,-1795930376698.0,12616557939958.0,-17473713877.0,10803153849383.0,,,,,,,
PLX,2025,3,PLX,cash_flow,807127310124.0,423890533945.0,199143305613.0,-14863297339.0,-464816572096.0,243608783459.0,0.0,1194090063706.0,-2111322918962.0,152714367386.0,563227966739.0,25922066167.0,-252124473055.0,-99433166566.0,1527132627.0,-274427598016.0,-799826559974.0,-209747902082.0,7878594261.0,-12173744174299.0,10826274520548.0,0.0,0.0,114676835300.0,-1434662126272.0,0.0,0.0,57839259735280.0,-53823251147524.0,0.0,42990997073.0,4058999584829.0,1824510898583.0,10770637171668.0,21409869707.0,12616557939958.0,,,,,,,
PLX,2025,2,PLX,cash_flow,1646725151153.0,576467199344.0,116363665946.0,21537977092.0,-474414962883.0,180785086150.0,0.0,2067464116802.0,-4577990153239.0,-993529756355.0,6371851111651.0,-163465919900.0,-172269396554.0,-74835938224.0,1562263104.0,-265679377377.0,2193106949908.0,-518627135843.0,5398850662.0,-12956193451054.0,11985500000000.0,0.0,-3363790000.0,542620701769.0,-944664824466.0,0.0,0.0,-9209451742345.0,9892070047581.0,0.0,-1620869749073.0,-938251443837.0,310190681605.0,10446733576792.0,13712913271.0,10770637171668.0,,,,,,,
PLX,2025,1,PLX,cash_flow,358383651559.0,509588024859.0,369009007035.0,1370325813.0,-374846332104.0,165571705006.0,0.0,1029076382168.0,1236838507913.0,-264996285723.0,-3844678681826.0,41111851021.0,-165571705006.0,-440339463279.0,1377268924.0,-142602244637.0,-2549784370445.0,-190316844600.0,3953326171.0,-13130402852755.0,8475202573826.0,0.0,3363790000.0,260716510243.0,-4577483497115.0,0.0,0.0,19584769894732.0,-16937689675401.0,0.0,-10079500.0,2647070139831.0,-4480197727729.0,14933068792315.0,-6137487794.0,10446733576792.0,,,,,,,
PLX,2024,4,PLX,cash_flow,772212272736.0,673783635728.0,261107890427.0,-30956476566.0,-434033410338.0,60571390579.0,0.0,1302685302566.0,-3060303338763.0,-2174269585869.0,6150691804551.0,-120067498088.0,-86931379556.0,-149995167870.0,1481339133.0,-607559053222.0,1255732422882.0,-840832043589.0,23625850964.0,-9611548090991.0,7275719339329.0,0.0,0.0,460017047045.0,-2693017897242.0,0.0,0.0,15662176430216.0,-11421802039055.0,0.0,-202997781440.0,4037376609721.0,2600091135361.0,12293516815584.0,39460841370.0,14933068792315.0,,,,,,,
PLX,2024,3,PLX,cash_flow,241211680612.0,451860907093.0,100695750488.0,5047403800.0,-289671487356.0,174618679639.0,0.0,683762934276.0,946436403119.0,1757473866715.0,-885360404129.0,4732339364.0,-142133809926.0,-115834405420.0,1379090885.0,-118745746563.0,2131710268321.0,-257761180462.0,276267273.0,-5916429795490.0,4428575313729.0,0.0,0.0,97316092669.0,-1648023302281.0,0.0,0.0,18740006868434.0,-22588056851667.0,0.0,146263766639.0,-3701786216594.0,-3218099250554.0,15557231111566.0,-45615045428.0,12293516815584.0,,,,,,,
PLX,2024,2,PLX,cash_flow,1517620600023.0,539548401407.0,88857258216.0,2178023031.0,-452541478157.0,139075931881.0,0.0,1838241235201.0,3300513741158.0,1431645304658.0,-5553287033012.0,-217277177021.0,-171560801594.0,-95905486094.0,-49683315692.0,-98473284906.0,384213182698.0,-613989983756.0,15593166457.0,-4420226206120.0,3819047403879.0,0.0,0.0,520069969188.0,-679505650352.0,0.0,0.0,15463272651831.0,-14631312207262.0,0.0,-2050684168984.0,-1218723724415.0,-1514016192069.0,17106789867259.0,-35542563624.0,15557231111566.0,,,,,,,
PLX,2024,1,PLX,cash_flow,1441135726084.0,512001054047.0,6114512991.0,12852894782.0,-369933086140.0,193924117257.0,0.0,1815895112221.0,-3173518424480.0,-2083991628863.0,2974005954695.0,10635715299.0,-193924117257.0,-546892677640.0,52473822320.0,-253348857042.0,-1398665100747.0,-283148391829.0,4870228272.0,-2912960274529.0,10501138542656.0,0.0,0.0,262129017952.0,7572029122522.0,0.0,0.0,21602734968499.0,-24760915030938.0,0.0,0.0,-3158180062439.0,3015183959336.0,14048245083619.0,43360824304.0,17106789867259.0,,,,,,,
PLX,2023,4,PLX,cash_flow,849874516134.0,518499048851.0,-922985175976.0,-6977143243.0,-437554015372.0,214657189461.0,0.0,178296055320.0,1183816143248.0,5771026306161.0,-4626879314748.0,-251193580940.0,-214657189461.0,-78885371508.0,-168799601490.0,-96203384317.0,1696520062265.0,-813128364460.0,296542323.0,-10939133756484.0,10239110000000.0,0.0,1078456879223.0,318735434083.0,-115663265315.0,0.0,0.0,19827311021155.0,-17086060490586.0,0.0,-689406860415.0,2051843670154.0,3632700467104.0,9738929836739.0,7441073239.0,13379071377082.0,,,,,,,
PLX,2023,3,PLX,cash_flow,1179810317031.0,487022406183.0,881411093956.0,2898437245.0,-1098504659132.0,226222043873.0,0.0,1567311440861.0,829158830356.0,-4776591171507.0,3013891108581.0,129545878613.0,-249700324068.0,-81154090266.0,166626322665.0,-266957857280.0,331853412139.0,-108145231970.0,4032842062.0,-8298866525999.0,2282956698131.0,0.0,717849504.0,212604073865.0,-5906700294407.0,0.0,0.0,18833706581947.0,-19814471874260.0,0.0,183844031041.0,-796921261272.0,-6371768143540.0,16148497585124.0,-37799604845.0,9738929836739.0,,,,,,,
PLX,2023,2,PLX,cash_flow,1063843895248.0,569238793631.0,135413023076.0,51708739734.0,-510809796284.0,230136836631.0,0.0,2273351101594.0,-559507029763.0,-1027063721324.0,6126334265359.0,-94423799915.0,-206658556436.0,-33028769194.0,37846038031.0,3307369753.0,6520433623921.0,-395298511705.0,10416220921.0,-5310476202879.0,2283647745526.0,0.0,0.0,426451726589.0,-2985259021548.0,0.0,0.0,18276057451529.0,-14548274156904.0,0.0,-183844031041.0,3543939263584.0,7079113865957.0,9011729563471.0,57654155696.0,16148497585124.0,,,,,,,
PLX,2023,1,PLX,cash_flow,838369660646.0,530100404056.0,42541698358.0,-6456099373.0,-376929733141.0,232824020411.0,0.0,1737053867613.0,631516402268.0,2654341374238.0,-7034889682921.0,94012119509.0,-232824020411.0,-242956635549.0,-35672759206.0,-248655357000.0,-2678074691459.0,-157605513576.0,2936687234.0,-3934107124185.0,4039334049706.0,0.0,0.0,227062261062.0,177620360241.0,0.0,0.0,27674078444543.0,-27742209738666.0,0.0,0.0,-68131294123.0,-2568585625341.0,11606028926698.0,-25713737886.0,9011729563471.0,,,,,,,
PLX,2022,4,PLX,cash_flow,1646372266413.0,533542268479.0,-357626744974.0,-193051759299.0,-372825841908.0,167633825006.0,0.0,2387923186109.0,713863535081.0,-2178120306276.0,199577604949.0,-13810207088.0,-167633825006.0,-68955730665.0,-21081123336.0,-121554439551.0,730208694217.0,-662243185401.0,251484690744.0,-708320105100.0,5087054082734.0,0.0,-6262036.0,230903795355.0,4198873016296.0,0.0,0.0,23693296864394.0,-23176634348707.0,0.0,-1365926664784.0,-849264149097.0,4079817561416.0,7552604444429.0,-20689436832.0,11611732569013.0,,,,,,,
PLX,2022,3,PLX,cash_flow,312844842275.0,492738751431.0,-953924682281.0,35469838462.0,-374087697031.0,154089337128.0,0.0,825758869740.0,3341352294077.0,7743032992679.0,-7713407614279.0,30398026671.0,-161333960618.0,-103562432417.0,32493136919.0,-124908884659.0,3869822428113.0,-92475920863.0,1971143485.0,-1808963920526.0,3942089313561.0,0.0,0.0,281373099732.0,2323993715389.0,0.0,0.0,20687736825750.0,-24597695044159.0,0.0,0.0,-3909958218409.0,2283857925093.0,5247607426127.0,21139093209.0,7552604444429.0,,,,,,,
PLX,2022,2,PLX,cash_flow,-269979938338.0,567375469197.0,687147722614.0,99199638154.0,-399124927148.0,169953256207.0,0.0,1133559003943.0,-1051037321038.0,1909772750877.0,-1859429146316.0,-64949422267.0,-162708632717.0,-94057304836.0,791383355.0,-145487784221.0,-333546473220.0,-715410994770.0,4854152561.0,-8195591524422.0,7122010686439.0,0.0,-4053897903.0,163637662251.0,-1624553915844.0,0.0,0.0,28556168231024.0,-27867516872695.0,0.0,-158893422646.0,529757935683.0,-1428342453381.0,6667783278311.0,8166601197.0,5247607426127.0,,,,,,,
PLX,2022,1,PLX,cash_flow,571144466294.0,529308865393.0,294753620773.0,22107095150.0,-432862600988.0,154908870719.0,0.0,909813980750.0,-4746873410946.0,-11389888105984.0,15890604894645.0,-18922728933.0,-154908870719.0,-191167396072.0,-791383355.0,-141885662061.0,155981317325.0,-164714411896.0,3541348220.0,-7326021972557.0,5419000310964.0,0.0,4060159939.0,202119174420.0,-1862015390910.0,0.0,0.0,23692713030582.0,-21499877125134.0,0.0,0.0,2192835905448.0,486801831863.0,6192497034229.0,-11515587781.0,6667783278311.0,,,,,,,
PLX,2021,4,PLX,cash_flow,828887352103.0,535214480542.0,33239362398.0,-70273558852.0,-336303809118.0,144433842570.0,0.0,1142876502889.0,2207412423725.0,-1429045044465.0,4195390975078.0,9569081510.0,-144433842570.0,-104263742052.0,1065527549.0,-83175753357.0,5796163128307.0,-579649961695.0,112962013987.0,-8026528061809.0,6040200000000.0,0.0,5757365169.0,185950280273.0,-2261308364075.0,91523297805.0,418000000.0,16200781196629.0,-18479730447058.0,0.0,-1522529402256.0,-3709537354880.0,-174682590648.0,6368584811511.0,0.0,6193902220863.0,,,,,,,
PLX,2021,3,PLX,cash_flow,111972774711.0,498319008307.0,137830193552.0,21413241727.0,-214819238057.0,164021379785.0,0.0,454918147086.0,2648153856479.0,612974567165.0,-6281451907933.0,-146922916662.0,-145237125208.0,-202062220445.0,4976296345.0,-27786731451.0,-3081004614624.0,48322641912.0,-258843051840.0,-4019284285103.0,4755238013369.0,-45272285200.0,-5757365169.0,-53180618723.0,421223049246.0,-15011567021.0,-418000000.0,20649085521735.0,-19248304907976.0,0.0,57074588333.0,1442425635071.0,-1217355930307.0,7606274282467.0,-20333540649.0,6368584811511.0,,,,,,,
PLX,2021,2,PLX,cash_flow,1827666830592.0,587426724799.0,77482196189.0,19176682960.0,-399962988350.0,149661767994.0,0.0,343035311422.0,-1957012629344.0,-2011384532180.0,2148066101954.0,-47713259284.0,-163281966069.0,-68071081078.0,-176336128.0,-135648012557.0,-1892068403264.0,-369903807040.0,264736416529.0,-8283150325898.0,5950499406631.0,-4203248000.0,64511740837.0,403468133064.0,-1974041683877.0,1387682967021.0,0.0,16140000155655.0,-15642926423923.0,0.0,-57074588333.0,1827682110420.0,-2038427976721.0,9637237339038.0,7464920150.0,7606274282467.0,,,,,,,
PLX,2021,1,PLX,cash_flow,1012841357840.0,526108412542.0,85679725136.0,-10490413561.0,-323482491333.0,144357826906.0,0.0,-238757607841.0,-2321557673691.0,-1135103232844.0,3348179829298.0,79685009244.0,-149521883408.0,-46913025282.0,2662829308.0,-110994942060.0,-572320697276.0,-482766091632.0,16054418942.0,-4243661685700.0,3574900000000.0,1254948000.0,0.0,156442328387.0,-977776082003.0,1424278492820.0,0.0,15951403751929.0,-16790955335694.0,0.0,0.0,584726909055.0,-965369870224.0,10611737373774.0,-9130164512.0,9637237339038.0,,,,,,,
PLX,2020,4,PLX,cash_flow,1204955748596.0,526710877191.0,-113021204773.0,-8083056006.0,-344917988661.0,145957061095.0,0.0,878988336712.0,-1044808189893.0,-1019756740119.0,3496861110117.0,-68286920455.0,-183168924082.0,-90613300712.0,16019058961.0,-173564379374.0,1815699973713.0,-747010157318.0,4131272443.0,-4556719600885.0,4395873673069.0,-3689715097.0,0.0,159127353846.0,-748287173942.0,0.0,0.0,12545139703813.0,-13623368958511.0,0.0,1232987223858.0,154757969160.0,1222170768931.0,9388181484134.0,13609097632.0,10623961350697.0,,,,,,,
PLX,2020,3,PLX,cash_flow,1113518094410.0,496170817052.0,-45071086085.0,38680433159.0,-257155108634.0,192868291250.0,0.0,1323343614939.0,1205324834452.0,413154034764.0,-2998968360947.0,-144874716622.0,-171361101882.0,-60764777989.0,4683287740.0,-73850063872.0,-503313249417.0,-223527908015.0,4812930253.0,-4040080136985.0,336672954794.0,138488859613.0,0.0,-106717594054.0,-3890350894394.0,847774969832.0,0.0,14715986273756.0,-12821914381006.0,0.0,-1155370958414.0,1586475904168.0,-2807188239643.0,12214554630923.0,-19184907146.0,9388181484134.0,,,,,,,
PLX,2020,2,PLX,cash_flow,781843620818.0,521612584034.0,-1525820302057.0,-88011039646.0,-281502939218.0,168538494918.0,0.0,1544250216604.0,516089682915.0,-417998137131.0,4070705330255.0,177868134581.0,-180677224788.0,-695796798938.0,-1540565790.0,-142395020208.0,4870505617500.0,-451629227384.0,70291514986.0,-2426130082828.0,1922719405771.0,91459170284.0,-360031412.0,432647941430.0,-361001309153.0,495047037595.0,0.0,16437488083240.0,-17411860818131.0,0.0,-2473637132836.0,-2952962830132.0,1556541478215.0,10666166858905.0,-8153706197.0,12214554630923.0,,,,,,,
PLX,2020,1,PLX,cash_flow,-1702288247399.0,541750029138.0,1669617103992.0,81613770169.0,-377237466103.0,201387460219.0,0.0,1415893203398.0,-270480455793.0,3410416524493.0,-6582301664980.0,-26534905529.0,-173544056730.0,313533967887.0,5104895400.0,-62896075284.0,-1970808567138.0,-412567250117.0,2633976139.0,-2870000000000.0,3884827425763.0,-234233520000.0,360031412.0,184886106874.0,555906770071.0,0.0,0.0,20752035244421.0,-19953750200452.0,0.0,0.0,798285043969.0,-616616753098.0,11275206410674.0,7577201329.0,10666166858905.0,,,,,,,
PLX,2019,4,PLX,cash_flow,1404778829266.0,483872251207.0,-288539155464.0,-35396852043.0,-480600291954.0,198822521889.0,0.0,1589799513906.0,4544295845654.0,182176935557.0,-5040082310834.0,211366419928.0,-198822521889.0,-216441576099.0,32090145660.0,-76139994270.0,1028242457613.0,-483603475622.0,22377344814.0,-3768055000000.0,2192200000000.0,33682334214.0,73836154529.0,192119908241.0,-1737442733824.0,18192800000.0,0.0,19471102254981.0,-15698332124832.0,0.0,-4495222242.0,3786467707907.0,3077267431696.0,8202713677416.0,-1112481537.0,11278868627575.0,,,,,,,
PLX,2019,3,PLX,cash_flow,1175574170813.0,461602349273.0,188493866491.0,-23948044431.0,-351096212689.0,173445663605.0,0.0,2694408269277.0,1634758435243.0,1003742093168.0,1793671728099.0,-142024364746.0,-173445663605.0,-213361227306.0,11477890610.0,-126296875648.0,6482930285092.0,-501583959319.0,26229872548.0,-4614146452268.0,2376472316718.0,-24400000000.0,20275450000.0,-162175735533.0,-2879328507854.0,1273708614339.0,0.0,12360808251587.0,-15855122823381.0,0.0,-2845383153954.0,-5065989111409.0,-1462387334171.0,9672955743406.0,-7854731819.0,8202713677416.0,,,,,,,
PLX,2019,2,PLX,cash_flow,1623106615207.0,527279972805.0,157448108867.0,12504585588.0,-320171508636.0,239242964636.0,0.0,2195539154642.0,-2482647379617.0,409952208379.0,133235458382.0,53694848060.0,-239242964636.0,-265529990424.0,620461829.0,-77619776853.0,-271997980238.0,-730718148837.0,-4472091686.0,-1617559348225.0,3143527683282.0,20816342631.0,-6779355106.0,551909467226.0,1356724549285.0,11756217200.0,2894190527.0,20884756732920.0,-20688003359610.0,0.0,-194181085872.0,17222695165.0,1101949264212.0,8564010819261.0,6995659933.0,9672955743406.0,,,,,,,
PLX,2019,1,PLX,cash_flow,1568369145526.0,488328401347.0,-629329798422.0,1111059541.0,-335897893703.0,184613614576.0,0.0,-558628166229.0,623800280718.0,-668260062748.0,2239227882781.0,116952922827.0,-184613614576.0,-244935837232.0,2088781715.0,-120142998453.0,1205489188803.0,-409378496240.0,49641449154.0,-5064986651775.0,2572700000000.0,-30098676845.0,22850000000.0,101221616659.0,-2758050759047.0,713091734203.0,-2894190527.0,15041498204530.0,-15853781168643.0,0.0,0.0,-102085420437.0,-1654646990681.0,10220835547036.0,-2177737094.0,8564010819261.0,,,,,,,
PLX,2018,4,PLX,cash_flow,1125356197109.0,482321231065.0,481813444721.0,194965917762.0,-129133357200.0,225969787833.0,0.0,2522514154946.0,2647962123468.0,2663277846145.0,-5054000610507.0,-282149225356.0,-263252640937.0,-344858348242.0,454078578.0,-64828212617.0,1825119165478.0,-441535790359.0,-1376520907.0,-903341235358.0,2073051383505.0,0.0,0.0,205522056350.0,932319893231.0,0.0,0.0,17832996348111.0,-20241767315473.0,0.0,0.0,-2408770967362.0,348668091347.0,9904293659601.0,-26210582193.0,10226751168755.0,,,,,,,
PLX,2018,3,PLX,cash_flow,1145302785925.0,490158939646.0,114225838339.0,-33737213211.0,-283633161052.0,228614622386.0,777151921219.0,1175299143094.0,948709876992.0,2773214801092.0,-3084227335806.0,-69711197596.0,-196260313119.0,-188344711276.0,3739454885.0,-144870461485.0,1221220514695.0,-659563913617.0,-23694028267.0,-3637670160738.0,3347889769005.0,0.0,-81086674685.0,255302304135.0,-798822704167.0,0.0,0.0,5617191733130.0,-5857035472289.0,0.0,-3296856058860.0,-3536699798019.0,-3114301987491.0,13012612183767.0,5983463325.0,9904293659601.0,,,,,,,
PLX,2018,2,PLX,cash_flow,1616155548793.0,531872374476.0,17584804780.0,91911783088.0,-457477358298.0,205072419044.0,-777151921219.0,1534647589480.0,-1620358182556.0,-1678014700707.0,7197414448803.0,76713473421.0,-218516246545.0,-202274893248.0,1422909830.0,-70143863482.0,5017984277082.0,-560756119584.0,29270204952.0,-3813264452564.0,263468101392.0,0.0,92681802443.0,513582136531.0,-3475018326830.0,0.0,0.0,30568845765381.0,-34088084597438.0,0.0,-179583646140.0,-3698822478197.0,-2155856527945.0,15165331946068.0,3136765644.0,13012612183767.0,,,,,,,
PLX,2018,1,PLX,cash_flow,1206303455416.0,506470651652.0,42560411586.0,7228260024.0,-174017017644.0,205858998091.0,0.0,1487724820309.0,-452314095935.0,-1759156340453.0,-2660714062372.0,39893795689.0,-187486626753.0,-227180464896.0,5508496514.0,-99700363834.0,-3853424841731.0,-452959651478.0,5672952935.0,-977735547436.0,1414010503039.0,0.0,2474210000.0,92438974653.0,83901441713.0,0.0,0.0,27579344164274.0,-22869017603959.0,0.0,0.0,4710326560315.0,940803160297.0,14223421508261.0,1107277510.0,15165331946068.0,,,,,,,
PLX,2017,4,PLX,cash_flow,1331202550526.0,520116210754.0,20389022357.0,-34759613907.0,-385600983342.0,172058428150.0,1196520262908.0,1529401606581.0,-2523881869945.0,-2367184556406.0,1390018770334.0,-217251862575.0,-171476652955.0,-255404648385.0,31733773034.0,-103427329596.0,-2698423089913.0,-590998372948.0,11980044390.0,-1897399263264.0,1492103440067.0,19730380394.0,8494677840.0,51577677013.0,-904511416508.0,1009547435911.0,0.0,18676210971050.0,-14018593139197.0,0.0,-199502951548.0,5467662316216.0,1864727809795.0,12641940439133.0,-25646861814.0,14481021387114.0,,,,,,,
PLX,2017,3,PLX,cash_flow,1106096913688.0,480995840982.0,34275165769.0,-186921499.0,-133238151165.0,125101299959.0,0.0,2184659233316.0,-197131919666.0,1387366536319.0,2597020597218.0,-6403081495.0,-117187997308.0,-170531158600.0,696115543543.0,-301552888175.0,6061548776652.0,-419670710770.0,7652065293.0,-1643841583000.0,888869568550.0,-108238455674.0,11036901340.0,576690801504.0,-687501412757.0,-1009547435911.0,0.0,17703222967216.0,-17702434862314.0,0.0,-3615843556932.0,-4624602887941.0,749444475954.0,11890061460545.0,2434502634.0,12641940439133.0,,,,,,,
PLX,2017,2,PLX,cash_flow,1089961095880.0,559890873568.0,31109471111.0,12435064588.0,-551641615768.0,144573012730.0,0.0,1828803603665.0,-114397599660.0,-106487667883.0,592311174437.0,56665350866.0,-171155361224.0,-247596047070.0,72310358334.0,-221131953023.0,1684225653942.0,-726914563453.0,6089072148.0,-1427987680000.0,384203938461.0,-67390322760.0,950000000.0,648456878595.0,-1182592677009.0,1009547435911.0,0.0,12521690719205.0,-13987226671916.0,0.0,-242068441820.0,-698056958620.0,-196423981687.0,12106400576347.0,-19915134115.0,11890061460545.0,,,,,,,
PLX,2017,1,PLX,cash_flow,1349866173528.0,516401428906.0,-12793516418.0,-17009629280.0,-42229579000.0,141715666594.0,0.0,2112384028057.0,-401645231413.0,-2980123955200.0,190403978458.0,379643755.0,-119913874025.0,-466456297922.0,181789204231.0,-341828895794.0,-1809769719853.0,-605515393167.0,2167783218.0,-474385320000.0,430077276539.0,-2000000000.0,0.0,28845063579.0,-620810589831.0,0.0,0.0,19743980991812.0,-16577089982328.0,0.0,0.0,3166891009484.0,736310699800.0,11353600192147.0,16489684400.0,12106400576347.0,,,,,,,
PLX,2016,4,PLX,cash_flow,2236311526420.0,506026855579.0,-14614516771.0,-9823255390.0,-502962065446.0,104730836976.0,0.0,2428748824489.0,-559015124999.0,492804347667.0,2167335548055.0,-482226882279.0,-105610261890.0,-458300950339.0,73222687144.0,-249906785997.0,3297993223201.0,-518398917882.0,48452771278.0,545101139432.0,-663877880928.0,0.0,924440000.0,-212475353546.0,-800273801646.0,-2.0,-4.0,11733393522055.0,-12811595934562.0,0.0,-42984803237.0,-1121187215750.0,1376532205805.0,10001943049674.0,15590116558.0,11394065372037.0,,,,,,,
PLX,2016,3,PLX,cash_flow,1267487696779.0,503841980023.0,-124444677804.0,-12420009790.0,-148038372033.0,140091669772.0,0.0,1919768422697.0,1570188908579.0,635274664731.0,-2215201988727.0,-67013381866.0,-135005630767.0,-176319849014.0,132176893008.0,-369932261802.0,1297221676839.0,-789532453219.0,25508542729.0,-722464939432.0,623757492740.0,-2000000000.0,-182906148439.0,238202581360.0,-809434924261.0,0.0,-497098935736.0,6063799204470.0,-7209617062766.0,0.0,-93155083760.0,-1736071877792.0,-1248285125214.0,11250966423911.0,-738249023.0,10001943049674.0,,,,,,,
PLX,2016,2,PLX,cash_flow,1425364468253.0,502889012889.0,151132338198.0,14823461578.0,-480085153963.0,146387167151.0,0.0,802119140767.0,-559108499924.0,-3487294993000.0,2188024098728.0,-22423514122.0,-160141840548.0,-148004667948.0,77625906616.0,-205267095016.0,-1510806939447.0,-862178799981.0,10878323594.0,-639700000000.0,553394963276.0,2000000000.0,192831202000.0,508441452101.0,-234332859010.0,4039370548092.0,0.0,22020523878988.0,-24687982606241.0,0.0,-55157315766.0,1316754505073.0,-428385293384.0,11677916034880.0,1435682415.0,11250966423911.0,,,,,,,
PLX,2016,1,PLX,cash_flow,1371192705722.0,461832772148.0,12869436959.0,-50838381499.0,-102892272670.0,155536812568.0,0.0,1847701073228.0,-1720631077712.0,1455195055226.0,436399643500.0,29695692491.0,-146396234512.0,-200513009413.0,134728587581.0,-127409013092.0,1710729567297.0,-518708825508.0,2368611622.0,-703137042056.0,727550517902.0,-2000000000.0,3905000000.0,91346406691.0,-398675331349.0,0.0,0.0,18424604572863.0,-19344502075103.0,0.0,0.0,-919897502240.0,392156733708.0,11288673192851.0,-2913891679.0,11677916034880.0,,,,,,,
PLX,2015,4,PLX,cash_flow,1130257298808.0,455161536715.0,187945337723.0,-120795011567.0,223887273857.0,175092050271.0,0.0,2051548485807.0,-327235265033.0,209678192353.0,-1496297838169.0,-164902392157.0,-180914119448.0,-99559683608.0,109676981032.0,-229573438175.0,-127579077398.0,-696121373110.0,13848753315.0,-668555263288.0,986752632240.0,1639875000.0,37514685308.0,78434761898.0,-246485928637.0,0.0,0.0,23702256356654.0,-23260964822052.0,0.0,-126647659325.0,314643875277.0,-59421130758.0,11336846217495.0,-914115592.0,11276510971145.0,,,,,,,
PLX,2015,3,PLX,cash_flow,747940521824.0,459242572447.0,-87773288244.0,84900647405.0,-216597270925.0,123976185750.0,0.0,1111689368257.0,-1720519302521.0,1592096750849.0,-1652689364120.0,39827405990.0,-128442236617.0,-140114226204.0,157895265819.0,-155393223448.0,-895649561995.0,-265951135928.0,28426340303.0,-645252008022.0,858603379175.0,-1639875000.0,4988450299.0,264649849871.0,243825000698.0,0.0,0.0,17943126862372.0,-17193344195975.0,0.0,-11097500000.0,738685166397.0,86860605100.0,11366416569301.0,2351642726.0,11455628817127.0,,,,,,,
PLX,2015,2,PLX,cash_flow,1312165211756.0,441707773779.0,30594296987.0,67349714177.0,-377848110290.0,144316316713.0,0.0,1618285203122.0,5016370673844.0,-683837396754.0,1569389712230.0,24383978474.0,-160769913338.0,-72902172848.0,140106500622.0,-249177568685.0,7201849016667.0,-662000885259.0,104837627930.0,-902713280027.0,705582195600.0,0.0,33783021591.0,426477019461.0,-294034300704.0,0.0,0.0,14846315699024.0,-20456008560806.0,0.0,-37577909520.0,-5647270771302.0,1260543944661.0,10104302324164.0,1570300476.0,11366416569301.0,,,,,,,
PLX,2015,1,PLX,cash_flow,576041986962.0,423770873964.0,29232733009.0,104423768419.0,-95257428409.0,155338976058.0,0.0,1193550910003.0,-797246981521.0,1385416807814.0,-2980186964673.0,57757320222.0,-134095624908.0,-132676802996.0,111870617956.0,-210728122782.0,-1506338840885.0,-262989319772.0,25215602398.0,-424912615330.0,449459312473.0,0.0,7984191470.0,97152016276.0,-108090812485.0,0.0,0.0,23428957922988.0,-21503457886291.0,0.0,0.0,1925500036697.0,311070383327.0,9793891439264.0,-659498427.0,10104302324164.0,,,,,,,
PLX,2014,2,PLX,cash_flow,518725362404.0,412580648768.0,-77930268628.0,206107463018.0,-218905631526.0,163430837410.0,0.0,1004008411446.0,-1280435088442.0,1066906686956.0,-1515865584967.0,-69398733004.0,-178782388339.0,-116497695413.0,-38766973665.0,68605092378.0,-1060226273050.0,-410886565438.0,20350329189.0,-1044775691074.0,967632906645.0,427189592.0,10559094925.0,161537183143.0,-295155553018.0,0.0,0.0,24699968658138.0,-23436317279380.0,284701974.0,0.0,1263936080732.0,-91445745336.0,8044580399467.0,4833921737.0,7957968575868.0,,,,,,,
PLX,2014,1,PLX,cash_flow,337438620421.0,409779886469.0,21419432177.0,-147199772.0,-99991481252.0,182079694007.0,0.0,850578952050.0,-2827674313712.0,-3618889800170.0,1476297267208.0,49048372496.0,-176805022395.0,-136792647092.0,100827074185.0,-135892203003.0,-4419302320433.0,-235691634198.0,43942690020.0,-584763847295.0,852652037508.0,-427189592.0,1471351060.0,101332611016.0,178516018519.0,0.0,0.0,30028494420017.0,-23892321015962.0,-284701974.0,0.0,6135888702081.0,1895102400167.0,6152276208446.0,-2798209146.0,8044580399467.0,,,,,,,
PLX,2013,3,PLX,cash_flow,681601922286.0,404059032899.0,19094991748.0,-242091646002.0,-195695628471.0,128971741268.0,0.0,795940413728.0,1066204256669.0,-1923908841075.0,-956080414476.0,1827716638.0,-216691872547.0,-65192521473.0,74443722965.0,18861842176.0,-1204595697395.0,-368606036647.0,132692646306.0,-1273601224578.0,1127017651574.0,0.0,-11121777330.0,75420743335.0,-318197997340.0,0.0,0.0,24692465111607.0,-23117880876253.0,0.0,0.0,1574584235354.0,51790540619.0,8132645065409.0,918600204.0,8185354206232.0,,,,,,,
PLX,2013,2,PLX,cash_flow,0.0,0.0,0.0,0.0,0.0,0.0,0.0,0.0,0.0,0.0,0.0,0.0,0.0,0.0,0.0,0.0,0.0,0.0,0.0,0.0,0.0,0.0,0.0,0.0,0.0,0.0,0.0,0.0,0.0,0.0,0.0,0.0,0.0,0.0,0.0,0.0,,,,,,,
PLX,2013,1,PLX,cash_flow,333729754253.0,414164783688.0,114352512009.0,5889732930.0,-225236813552.0,159280581750.0,0.0,802180551078.0,-2969462860718.0,2662613051742.0,6858918048958.0,37011737632.0,-126777784895.0,-81734557080.0,409371633567.0,-404429381770.0,7187690438514.0,-298537254100.0,101424776982.0,-565759047988.0,432434867029.0,-26412900.0,591789977.0,114178569769.0,-215692711231.0,0.0,0.0,17841283418920.0,-21367717143180.0,-374701974.0,0.0,-3526808426234.0,3445189301049.0,4981991632883.0,-3240300.0,8427177693632.0,,,,,,,
POW,2025,4,POW,cash_flow,747748560377.0,721325509242.0,150506882241.0,-76491546019.0,-394563778156.0,245939185369.0,,1394464813054.0,-4271027473680.0,-109550804963.0,543941469820.0,-163583471917.0,-213933349039.0,-79426948344.0,7020000.0,-66593523209.0,-2965702268278.0,-173052218485.0,1106050109.0,-3514192359920.0,2015617641383.0,0.0,52496497085.0,498065667698.0,-1119958722130.0,0.0,,7306733957072.0,-6071084375271.0,,-89361964300.0,1146287617501.0,-2939373372907.0,9681165765710.0,-52042158.0,6741740350645.0,,,,,,,
POW,2025,3,POW,cash_flow,1011826163428.0,716043866007.0,-346796031614.0,128951673251.0,-222548249766.0,152456160451.0,,1439933581757.0,3161578304356.0,52352337555.0,-1881162777568.0,33719824469.0,-136595872738.0,-51846720416.0,0.0,-64483917390.0,2553494760025.0,-676916610459.0,1140792000.0,-4097763689375.0,1534016044241.0,-48000000000.0,0.0,565653876431.0,-2721869587162.0,0.0,,2423312400754.0,-2675762817025.0,,-45131318882.0,-297581735153.0,-465956562290.0,10147124355139.0,-2027139.0,9681165765710.0,,,,,,,
POW,2025,2,POW,cash_flow,809837454882.0,712051000543.0,291430031005.0,87644560027.0,-204521151385.0,137817303342.0,,1834259198414.0,187662148874.0,-270902026555.0,-870340414536.0,28329794691.0,-63449561103.0,-35194507153.0,-76092213.0,95341561502.0,905630101921.0,-2281430798836.0,-14600000.0,-3517391031453.0,1255501557110.0,-30000000000.0,0.0,171016822686.0,-4402318050493.0,0.0,,12903193020643.0,-8582529496468.0,,65868883.0,4320729393058.0,824041444486.0,9323101795826.0,-18885173.0,10147124355139.0,,,,,,,
POW,2025,1,POW,cash_flow,510453560430.0,704967978120.0,392076509109.0,49539196608.0,-208431295329.0,119464898488.0,,1568070847426.0,-1895434718936.0,-250789138413.0,-152612439420.0,1115684588269.0,-180371890349.0,-38115365091.0,76092213.0,-211402235202.0,-44894259503.0,-1600051268628.0,14600000.0,-2884527811751.0,1429701839297.0,0.0,0.0,204275053249.0,-2850587587833.0,0.0,,6458066883615.0,-5707584427398.0,,-96304946701.0,654177509516.0,-2241304337820.0,11564348565017.0,57568629.0,9323101795826.0,,,,,,,
POW,2024,4,POW,cash_flow,115973216710.0,707432769814.0,118596839267.0,331817840785.0,-87448496430.0,117537490672.0,,1303909660818.0,1745192320621.0,538189579777.0,-4428489521082.0,595752595637.0,-195910315400.0,-85835823402.0,7020000.0,-48357252736.0,-575541735767.0,-2024411779832.0,451088656.0,-2549718124829.0,1616051000000.0,0.0,0.0,152293069376.0,-2805334746629.0,0.0,,-3510602044074.0,5904931301650.0,,-57662566616.0,2336666690960.0,-1044209791436.0,12608478331048.0,80025405.0,11564348565017.0,,,,,,,
POW,2024,3,POW,cash_flow,547086283291.0,705901187906.0,184754231751.0,-330270298453.0,-299615673334.0,95632403499.0,,903488134660.0,4405680635807.0,-30640446367.0,-160655106961.0,100186600338.0,-75656924117.0,-1417832805.0,2160000.0,-42059643104.0,5098927577451.0,-1662793270183.0,1848697229.0,-1317885928884.0,741186790416.0,0.0,0.0,142600655036.0,-2095043056386.0,0.0,,5884267623499.0,-6214381148776.0,,7128080372.0,-322985444905.0,2680899076160.0,9927637718311.0,-58463423.0,12608478331048.0,,,,,,,
POW,2024,2,POW,cash_flow,442117118005.0,702612059113.0,158099172808.0,78754303074.0,-33727087170.0,87908652669.0,,1435764218499.0,-1059221769848.0,-465379552217.0,2188699353823.0,227173885332.0,1171179723.0,-25949380140.0,0.0,-47090065355.0,2255167869817.0,-5972760601469.0,550000.0,-1699950000000.0,706800000000.0,42840000000.0,0.0,91465122953.0,-6831604928516.0,-60900000000.0,,8039551501774.0,-1132559981836.0,,119506678415.0,6965598198353.0,2389161139654.0,7538438098305.0,38480352.0,9927637718311.0,,,,,,,
POW,2024,1,POW,cash_flow,278064548621.0,702215639414.0,-306180970655.0,54007936901.0,-169080950117.0,80568089339.0,,639594293503.0,-1495945161763.0,349686703837.0,-430389841941.0,-1139010585434.0,-180283418105.0,-145505288370.0,0.0,-32885328989.0,-2434738627262.0,-132961820161.0,175181819.0,-884837534875.0,1663542579297.0,-42840000000.0,0.0,155523348689.0,758601754769.0,81900000000.0,,5386675958833.0,-4492374154982.0,,-201325641087.0,774876162764.0,-901260709729.0,8439697613959.0,1194075.0,7538438098305.0,,,,,,,
POW,2023,4,POW,cash_flow,447733302249.0,706412975604.0,64514463709.0,-87047809403.0,-163268906854.0,106946497287.0,,1075290522592.0,1938949844962.0,241106232964.0,2775179158303.0,-3665850674777.0,-134407415156.0,-33420055944.0,0.0,-36940968701.0,2159906644243.0,-4116423605554.0,-245368029.0,-760737740000.0,224997437284.0,0.0,0.0,101818074505.0,-4550591201794.0,41900000000.0,,9249647303813.0,-5833049838355.0,,-6672551754.0,3451824913704.0,1061140356153.0,7509777215857.0,21097764768.0,8592015336778.0,,,,,,,
POW,2023,3,POW,cash_flow,81900342865.0,705782003901.0,509164954646.0,69794982806.0,-131218763708.0,133502990648.0,,1368926511158.0,611232381805.0,-266844923086.0,-1600328438542.0,-351537261619.0,-116554506669.0,-56337697547.0,0.0,-46534207772.0,-457978142272.0,-581678735214.0,245704877.0,-1672617790416.0,1045527000000.0,0.0,0.0,117304886710.0,-1091218934043.0,0.0,,4909524516516.0,-3763480356917.0,,-241412600545.0,904631559054.0,-644565517261.0,8154347914748.0,-5181630.0,7509777215857.0,,,,,,,
POW,2023,2,POW,cash_flow,239154273363.0,701118452163.0,265378636083.0,3160357004.0,-267753439663.0,125479208488.0,,1066537487438.0,-3027308251597.0,-129116766503.0,5455776197491.0,6360375117.0,-158746919230.0,-33246242958.0,0.0,-31243514882.0,3149012364876.0,-992837544220.0,124917922981.0,-899194874568.0,1353899946873.0,0.0,0.0,132809790558.0,-280404758376.0,40000000000.0,,3360712396110.0,-3189900144133.0,,-276185247.0,210536066730.0,3079143673230.0,5075203519936.0,721582.0,8154347914748.0,,,,,,,
POW,2023,1,POW,cash_flow,690037398600.0,695779918115.0,184157595309.0,-1917292062.0,-109736714263.0,132064681571.0,,1590385587270.0,-2644841097700.0,133466618623.0,-483643554801.0,49208069747.0,-112825659345.0,-95525539485.0,0.0,-30570898182.0,-1594346473873.0,-488462983905.0,0.0,-57822562716.0,121800000000.0,-30000000000.0,0.0,118331013004.0,-336154533617.0,0.0,,3155084799296.0,-4284506890322.0,,-116604993720.0,-1246027084746.0,-3176528092236.0,8251731998519.0,-386347.0,5075203519936.0,,,,,,,
POW,2022,4,POW,cash_flow,871205012258.0,703093461111.0,-569112958822.0,-83906532252.0,-161030378275.0,122723912997.0,,884472517017.0,-699934014463.0,145913883914.0,1062253954347.0,721636693969.0,-131621143578.0,-14630139145.0,-62210000.0,-46579007604.0,1921450534457.0,-249595972025.0,983732987.0,-736000000000.0,0.0,0.0,-1640680000.0,162260960845.0,-823991958193.0,0.0,,-2785546891669.0,1888437115678.0,,-82245001334.0,-979354777325.0,118103798939.0,8158628736681.0,1905402.0,8276734441022.0,,,,,,,
POW,2022,3,POW,cash_flow,223907494081.0,706120717886.0,307039558781.0,64732460322.0,-90559479356.0,118168254762.0,,1328659006476.0,1883324262420.0,-472392013466.0,-2677693425880.0,958495464197.0,-102849414246.0,-19941559726.0,84810000.0,-32728457259.0,864958672516.0,-85253248937.0,721592593.0,-421236209584.0,54486209584.0,-21850000000.0,0.0,69773003523.0,-403358652821.0,0.0,,4662243522198.0,-3519220151329.0,,0.0,1143023370869.0,1604623390564.0,6554006094199.0,-748082.0,8158628736681.0,,,,,,,
POW,2022,2,POW,cash_flow,589323813060.0,702855812235.0,118514253775.0,66955450961.0,-85480764454.0,142667385775.0,,1539652618048.0,-2215728346163.0,-169185940694.0,1611878128933.0,418261615315.0,-109196204751.0,-18044164935.0,840262926.0,-56808983428.0,1001668985251.0,-2078282012651.0,12977704.0,-86050000000.0,40490790416.0,0.0,6497480000.0,63068278180.0,-2054262486351.0,0.0,,2331024373385.0,-1685226532180.0,,-116485870865.0,529311970340.0,-523281530760.0,7077287881900.0,-256941.0,6554006094199.0,,,,,,,
POW,2022,1,POW,cash_flow,879878518725.0,697324000012.0,206983665776.0,-48037.0,-60314902586.0,53915704054.0,,1777786937944.0,-3755569249457.0,349916372800.0,1393322811867.0,-211547247683.0,-97518574345.0,-33240777764.0,0.0,-32920050368.0,-609769777006.0,-149050837571.0,38590532.0,-195084839297.0,190540000000.0,0.0,-1778800000.0,70242583057.0,-85093303279.0,0.0,,3819740178744.0,-4271142083001.0,,-140042300.0,-451541946557.0,-1146405026842.0,8223693034528.0,-125786.0,7077287881900.0,,,,,,,
POW,2021,4,POW,cash_flow,11418717072.0,707701919346.0,-1321368197720.0,-229524203.0,-94429130369.0,109769646425.0,,-587136569450.0,1303085070577.0,388981335772.0,111442876606.0,-576137710714.0,-124583725954.0,-73327762960.0,-2823246000.0,-66862785565.0,372637482312.0,-31640936620.0,-280227272.0,550653664014.0,110000000000.0,0.0,317586139.0,110777535402.0,739827621663.0,0.0,,2204472552008.0,-3820766381777.0,,-593035948498.0,-2209329778267.0,-1096864674292.0,9320562550334.0,-545969.0,8223697330073.0,,,,,,,
POW,2021,3,POW,cash_flow,678895462061.0,707948200149.0,60932573107.0,-26599233373.0,-86351125381.0,130735607538.0,,1465561484102.0,3313309135881.0,-461666048455.0,673045952489.0,-574967415264.0,-124845449571.0,-57945782034.0,-508700000.0,-37035713043.0,4194947464105.0,-161685837645.0,620569816.0,-84973024598.0,0.0,0.0,-187176007855.0,69691835599.0,-363522464683.0,0.0,,2519487412785.0,-4260938658083.0,,-107960079.0,-1741559205377.0,2089865794045.0,7230698604918.0,-1848629.0,9320562550334.0,,,,,,,
POW,2021,2,POW,cash_flow,951669621727.0,703087199160.0,197570050244.0,8619993935.0,-342191166879.0,133893599523.0,,1652618192387.0,177714253448.0,-152057747491.0,-855838070218.0,-422083711275.0,-158522479891.0,-95454463525.0,3347726000.0,-43083943677.0,106639755758.0,-55293864859.0,742843972.0,-670022227215.0,120000000000.0,0.0,524495051839.0,66214933818.0,-13863262445.0,0.0,,5237183304734.0,-6081861079073.0,,-47354365.0,-844725128704.0,-751948635391.0,7982652679429.0,-5439120.0,7230698604918.0,,,,,,,
POW,2021,1,POW,cash_flow,677284240066.0,699230146306.0,535315729013.0,-22415681667.0,-72881484525.0,135245537879.0,,1951778487072.0,-2945713382493.0,-165152489627.0,2265278069642.0,-119534067665.0,-123743632748.0,-113449145648.0,9600000.0,-34680223610.0,714793214923.0,-25643443867.0,482540757.0,-95036184986.0,20000000000.0,0.0,0.0,58085411894.0,-42111676202.0,0.0,,3655766405179.0,-3298491773690.0,,-117007585950.0,240267045539.0,912948584260.0,7069700305112.0,3790057.0,7982652679429.0,,,,,,,
POW,2020,4,POW,cash_flow,1118065222966.0,709118133434.0,881890295850.0,-7244150971.0,-71719074829.0,160704337660.0,,2790814764110.0,1688653521009.0,425687077781.0,-400300531358.0,-267017209447.0,-630039577817.0,-329794300000.0,97338190452.0,-131017169025.0,3911737437611.0,51164501079.0,415689346.0,-179676553855.0,307000000000.0,0.0,0.0,104402016155.0,283305652725.0,29400000000.0,,1321484063792.0,-4891304722951.0,,-723504007219.0,-4263924666378.0,-68881576042.0,7139765583436.0,-1182446151.0,7069701561243.0,,,,,,,
POW,2020,3,POW,cash_flow,189749580244.0,708896805511.0,244402665582.0,34970103368.0,-145020410776.0,191792039694.0,,1224790783623.0,701624916237.0,-11880237300.0,652432200283.0,56128200948.0,226546270297.0,180053859778.0,-97338190452.0,73301988255.0,2338247119763.0,-148795446805.0,121279091.0,-289997000000.0,-52000000000.0,0.0,0.0,70365214048.0,-420305953666.0,0.0,,4248450798349.0,-5214545546750.0,,-175235463538.0,-1141330211939.0,776610954158.0,6363157808582.0,-3179304.0,7139765583436.0,,,,,,,
POW,2020,2,POW,cash_flow,938039561860.0,703124396579.0,366732609367.0,-158306928334.0,-141901869068.0,212868070274.0,,1920555840678.0,-65527821650.0,-71547192973.0,-1026255952031.0,40087329914.0,-303228909732.0,-103952612963.0,23000000.0,-36949184768.0,353204496475.0,-31680881452.0,2818779554.0,-45000000000.0,219509209584.0,0.0,0.0,141522048848.0,287169156534.0,95730000000.0,,5511407332165.0,-5283662303611.0,,-9862688250.0,313612340304.0,953985993313.0,5407066432092.0,2105383177.0,6363157808582.0,,,,,,,
POW,2020,1,POW,cash_flow,614142293536.0,702787875568.0,73171924587.0,136082798973.0,-82347513112.0,243868319488.0,,1687705699040.0,-1036537284058.0,-582647258949.0,1481239492184.0,54261870356.0,-186512741819.0,-76078246815.0,0.0,-36352803487.0,1305078726452.0,-18063284690.0,131973817.0,-86000000000.0,45490790416.0,0.0,0.0,57744847600.0,-695672857.0,0.0,,3104783392438.0,-3968799163684.0,,-116578196661.0,-980593967907.0,323789085688.0,5083277330894.0,15510.0,5407066432092.0,,,,,,,
POW,2019,4,POW,cash_flow,399895333119.0,707795530114.0,474694294055.0,15282595158.0,-74148558181.0,271512376708.0,,1795031570973.0,-930974370198.0,197233124830.0,-250034312443.0,29386075211.0,-384538044396.0,-71572334732.0,0.0,-26059988282.0,358471720963.0,-10671413764.0,337193146.0,-198007245522.0,16094491044.0,0.0,0.0,70693210716.0,-121553764380.0,0.0,,4692243082502.0,-6679665798034.0,,12869865459.0,-1974552850073.0,-1737634893490.0,6859764168012.0,-415278013.0,5121713996509.0,,,,,,,
POW,2019,3,POW,cash_flow,874740417770.0,788876833510.0,36262964403.0,-61662468523.0,7990890056.0,283644084403.0,,1967110695718.0,329681073415.0,-104440409973.0,-466422413268.0,76539085795.0,-199683599435.0,-75480905844.0,0.0,-18866462805.0,1508437063603.0,9209883915.0,486544244.0,-125000000000.0,75000000000.0,0.0,0.0,68963122514.0,28659550673.0,2085950000.0,,3558725170939.0,-2816343145621.0,,607583253730.0,1352051229048.0,2889147843324.0,3970616088322.0,236366.0,6859764168012.0,,,,,,,
POW,2019,2,POW,cash_flow,862802715800.0,822382034216.0,198399379458.0,37882453716.0,-107310455796.0,306919627948.0,,2083817781243.0,1328944878053.0,-86191623143.0,-150994998738.0,57958438155.0,-436213315072.0,-55611532953.0,0.0,-12736987802.0,2728972639743.0,69165069679.0,2637315312.0,-23000000000.0,163000000000.0,0.0,0.0,140916893281.0,352719278272.0,-2085950000.0,,2375298703368.0,-4579339806743.0,,-727115451447.0,-2933242504822.0,148449413193.0,3825033117436.0,-2866442307.0,3970616088322.0,,,,,,,
POW,2019,1,POW,cash_flow,1007087469333.0,812537908937.0,56989881176.0,-21866028269.0,-52538708505.0,289707114675.0,,2091917637347.0,-2295004598176.0,264630343794.0,-738601425.0,51077890310.0,-182828437224.0,-122898767851.0,0.0,-50312076198.0,-244156609423.0,-204721071090.0,246590000.0,-130000000000.0,15000000000.0,0.0,0.0,18060959680.0,-301413521410.0,2085950000.0,,2320544060041.0,-1125376290440.0,,-11890342822.0,1185363376779.0,639793245946.0,3185329931901.0,-90060411.0,3825033117436.0,,,,,,,
POW,2018,4,POW,cash_flow,436226608506.0,952860156912.0,-418057041196.0,-145701019340.0,-56604262064.0,318471644515.0,,1087196087333.0,-1299829296191.0,-259820769947.0,1480268176163.0,-9407399984.0,-474752668748.0,-6490941294.0,303709089.0,20815113085.0,538282009506.0,-112058541214.0,0.0,-20327103387.0,110000000000.0,0.0,0.0,11140492072.0,-11245152529.0,0.0,,1296148081892.0,-5755332254768.0,,-57643470215.0,-4516827643091.0,-3989790786114.0,7175412906382.0,-4290672.0,3185617829596.0,,,,,,,
POW,2018,3,POW,cash_flow,191640499076.0,953896955790.0,-97713497263.0,395451365751.0,-76488700113.0,341467622585.0,,1708254245826.0,3746933208987.0,-178754849322.0,-2125500182904.0,63226542837.0,-210133033588.0,-49569318364.0,68636361.0,-86904326825.0,2867620923008.0,-29525201918.0,0.0,-80012790416.0,15000000000.0,0.0,0.0,19038173585.0,-75499818749.0,0.0,,2560302621042.0,-3493271601887.0,,-465584230534.0,-1398553211379.0,1393567892880.0,5781844937864.0,75638.0,7175412906382.0,,,,,,,
POW,2018,2,POW,cash_flow,740702061051.0,944607269198.0,376807189254.0,-104329107563.0,-122771434260.0,340135866380.0,,2175151844060.0,326542717980.0,-90852957485.0,-163628723673.0,64032815436.0,-450947306184.0,-32183384613.0,57623071.0,53110072642.0,1881282701234.0,-37004242744.0,137583634.0,175478000000.0,974522000000.0,0.0,0.0,110250173744.0,1223383514634.0,0.0,,3126759780840.0,-2769264305381.0,,-517444883433.0,-159949407974.0,2944716807894.0,2836672439526.0,455690444.0,5781844937864.0,,,,,,,
POW,2018,1,POW,cash_flow,851611984871.0,1066318928865.0,65782269780.0,124375579296.0,-53813761291.0,307021709262.0,,2361296710783.0,-2958629480375.0,-124743131080.0,2120696944343.0,18312461210.0,-182589846270.0,-7660000769.0,93286929.0,-86361133697.0,1140415811074.0,-27867202903.0,148930910.0,-295478000000.0,0.0,0.0,0.0,2962249341.0,-320234022652.0,0.0,,119880983094.0,-368979555682.0,,-649765670.0,-249748338258.0,570433450164.0,2266238960414.0,28948.0,2836672439526.0,,,,,,,
POW,2017,4,POW,cash_flow,560811717403.0,1092069303677.0,-826127257339.0,-25911422948.0,-41094992923.0,327811903830.0,,1136720660855.0,-750760105702.0,1246770911969.0,-216783877173.0,-148346030047.0,-484679638649.0,-82750515215.0,220498084.0,-58981679222.0,641410224900.0,-91593729238.0,-118978934.0,-496200000000.0,33994738607.0,0.0,0.0,129594927565.0,-424323042000.0,0.0,,117303154471.0,-2734910701105.0,,-325100399542.0,-2942707946176.0,-2725620763276.0,4992462892598.0,-603168908.0,2266238960414.0,,,,,,,
POW,2017,3,POW,cash_flow,1011444032345.0,1086277167605.0,-133860143158.0,63980169053.0,-50419542380.0,331972347478.0,,2309752199613.0,1523452684133.0,-730670115997.0,-365203903097.0,63387598495.0,-180906662536.0,-23997149011.0,-41126221719.0,-4569366358.0,2550119063523.0,-48674849167.0,22818182.0,-109347245522.0,58571380315.0,0.0,0.0,-108081117701.0,-207509013893.0,31187000000.0,,55735784049.0,-306935227064.0,,-730899600458.0,-950912043473.0,1391698006157.0,3600675912702.0,88973739.0,4992462892598.0,,,,,,,
POW,2017,2,POW,cash_flow,507215971355.0,1074564017011.0,550940814193.0,107827498333.0,-115996340855.0,340335755583.0,,2464529546950.0,2300401652796.0,-544456061015.0,-1885968045810.0,30755424175.0,-223290675103.0,-63643235520.0,41177019018.0,-11642003455.0,2107863622036.0,-99581616112.0,139797115.0,-274200000000.0,36428619685.0,0.0,0.0,215099301246.0,-122113898066.0,0.0,,62640714363.0,-2633097286611.0,,-450142863219.0,-3020599435467.0,-1034849711497.0,4635525627429.0,-3230.0,3600675912702.0,,,,,,,
POW,2017,1,POW,cash_flow,653997657816.0,1063311090113.0,1845456589.0,41835814231.0,-50346408804.0,351238396535.0,,2061882006480.0,584050622759.0,67094572708.0,-1461957804250.0,49302003903.0,-156558972186.0,-19868781120.0,0.0,-10763492747.0,1113180155547.0,-67950587325.0,602113636.0,-253800000000.0,0.0,0.0,0.0,16538383300.0,-304610090389.0,0.0,,75747119817.0,-562900607403.0,,-56931099612.0,-544084587198.0,264485477960.0,4671040146239.0,3230.0,4935525627429.0,,,,,,,
BVH,2025,4,BVH,cash_flow,1050375301419.0,58199677405.0,3781538052674.0,-306441291.0,-3818838789152.0,531334821140.0,,1601252622195.0,1816364704121.0,17541983688.0,-10378574209565.0,-142515146348.0,-342246861189.0,-99878885855.0,0.0,-9186051367.0,-7974532869888.0,-33083067162.0,354600783.0,-55191023196960.0,36052825362206.0,-278344112250.0,0.0,1657013074675.0,-17792257338708.0,0.0,0.0,41550407986151.0,-16086797908710.0,,-803702571343.0,24659907506098.0,-1106882702498.0,5301653473566.0,-152821374.0,4194617949694.0,,,,,,,
BVH,2025,3,BVH,cash_flow,951533710460.0,59765452229.0,3245194067024.0,8748533036.0,-3616356069539.0,432628378288.0,,1081514071498.0,427301804900.0,-3120628184.0,3262484125227.0,-137038240043.0,-462727834952.0,-135263640453.0,0.0,-24638333647.0,4002325014063.0,-29120964862.0,229393728.0,-43863390746713.0,39064191994012.0,-108807322505.0,102562394750.0,2767502711524.0,-2066832540066.0,0.0,0.0,23634552651608.0,-22264504698902.0,,-1500000000.0,1368547952706.0,3304040426703.0,1997148580700.0,464466163.0,5301653473566.0,,,,,,,
BVH,2025,2,BVH,cash_flow,829522737469.0,60889276597.0,3533226381510.0,758595106.0,-3416738595592.0,399689049063.0,,1407347444153.0,-1194195232674.0,8580763669.0,9000187206165.0,36289136945.0,-247374263408.0,-156034301377.0,0.0,22666750615.0,8889901514101.0,-31184733868.0,542502727.0,-49214253208754.0,43668567895732.0,0.0,0.0,2819579980442.0,-2756747563721.0,0.0,0.0,7272741778137.0,-12347802860619.0,,-3489920.0,-5075064572402.0,1058089377978.0,937275634815.0,1783567907.0,1997148580700.0,,,,,,,
BVH,2025,1,BVH,cash_flow,847199226845.0,60175459945.0,4060123427327.0,4063440349.0,-3248641903994.0,378323553577.0,,2101243204049.0,-213182156178.0,9351503731.0,-179505983722.0,-24395216780.0,-483072878915.0,-143950472088.0,0.0,-80645014364.0,994125395711.0,-26385222669.0,597935136.0,-36013952918719.0,31413006788312.0,0.0,0.0,2974400405604.0,-1652333012336.0,0.0,0.0,23275403653474.0,-23143760098728.0,,0.0,131643554746.0,-526564061879.0,1464088127113.0,-379545113.0,937144520121.0,,,,,,,
BVH,2024,4,BVH,cash_flow,698671288788.0,114024389779.0,4332402833531.0,6037995155.0,-3235181137860.0,320537282846.0,,2236492652239.0,1238632024209.0,-8633811127.0,-481523964546.0,-121078201649.0,-31640508878.0,-119757549110.0,0.0,-13300685403.0,2722980317585.0,-43750705265.0,431618182.0,-31477820550999.0,16547744977558.0,-245308499.0,0.0,2941840881283.0,-12031799087740.0,0.0,0.0,12228301080000.0,-3180515840000.0,,-767074656367.0,8280710583633.0,-1028108186522.0,2492005463163.0,190850472.0,1464088127113.0,,,,,,,
BVH,2024,3,BVH,cash_flow,687154006506.0,61404444977.0,5201491902440.0,-792823832.0,-3123289563933.0,241744389681.0,,3067712355839.0,-246012014743.0,1971391215.0,-226092265910.0,-25987934882.0,-326267030040.0,-93146996612.0,0.0,-29601117254.0,2018758821157.0,-33944059281.0,87230909.0,-54722012637219.0,47736239406497.0,0.0,0.0,3559787073608.0,-3459842985486.0,0.0,0.0,23834682446399.0,-25903200623000.0,,0.0,-2068518176601.0,-3509602340930.0,5992291038616.0,-683234523.0,2482005463163.0,,,,,,,
BVH,2024,2,BVH,cash_flow,534481375377.0,131593903217.0,4487867413364.0,9104779781.0,-3124740448106.0,232443258821.0,,2270750282454.0,-2166001468775.0,22265439072.0,-14397218053.0,117929758728.0,-160148854788.0,-113281356744.0,0.0,-26680267955.0,-356529642195.0,-35440972266.0,165572727.0,-44287971894355.0,44996374547627.0,0.0,0.0,2564775449237.0,3237902702970.0,0.0,0.0,7069111899800.0,-11486395338500.0,,0.0,-4417283438700.0,-1535910377925.0,7527514649559.0,686766982.0,5992291038616.0,,,,,,,
BVH,2024,1,BVH,cash_flow,741864806625.0,54634002649.0,4777652705816.0,-421794957.0,-3274084110900.0,237073043221.0,,2536718652454.0,2333958785068.0,-2734465644.0,-495311063505.0,-4670235428.0,-152904540944.0,-106224562156.0,0.0,-48321051064.0,4033986709531.0,-22132208537.0,66363636.0,-48390024597007.0,34618823264305.0,0.0,0.0,4403903635837.0,-9389363541766.0,0.0,0.0,24894671605870.0,-16795812651000.0,,-6779200.0,8098852175670.0,2743475343435.0,4783513586776.0,525719348.0,7527514649559.0,,,,,,,
BVH,2023,4,BVH,cash_flow,447565861396.0,46760420357.0,5634282160625.0,22445885621.0,-3331969590503.0,195539332900.0,,3014624070396.0,1566371346602.0,21667085359.0,-1042209078718.0,-148777982488.0,-238523663698.0,-80742375175.0,0.0,-28546660521.0,2735735267677.0,-11948897494.0,16900000.0,-46606537791890.0,32360900101528.0,0.0,0.0,3072683188380.0,-11184886499476.0,0.0,0.0,22322217863428.0,-20693540336008.0,,-734083646674.0,894593880746.0,-7554557351053.0,12343767739186.0,-358158.0,4789210029975.0,,,,,,,
BVH,2023,3,BVH,cash_flow,547809167968.0,54803822225.0,5137035617007.0,-1929704776.0,-3523068088177.0,408531429718.0,,2623182243965.0,956160327432.0,2755231374.0,-20633462207.0,-62520007108.0,-854135925278.0,-85750911237.0,0.0,-30716306685.0,2775880555067.0,-133505410252.0,319072728.0,-40485264768054.0,50155454846345.0,-408847499.0,0.0,3454275483761.0,12990870377029.0,0.0,0.0,18537851955937.0,-29016192553944.0,,0.0,-10478340598007.0,5288410334089.0,7054396165882.0,961239215.0,12343767739186.0,,,,,,,
BVH,2023,2,BVH,cash_flow,507100069960.0,52505666219.0,4492350688288.0,-2540824107.0,-3632970693992.0,651333948217.0,,2067778854585.0,-553922956264.0,8140552356.0,79446737254.0,147251900103.0,-339280351623.0,-104035702490.0,0.0,-16156860209.0,1026962053594.0,15940546171.0,346800909.0,-34167637408362.0,39458563401851.0,-60087152.0,0.0,3090077873063.0,8397231126480.0,0.0,0.0,15760551380275.0,-20778384493036.0,,-18758320.0,-5017851871081.0,4406341308993.0,2647940764589.0,114092300.0,7054396165882.0,,,,,,,
BVH,2023,1,BVH,cash_flow,657200063290.0,49960488054.0,4842966833988.0,-1929968317.0,-3141405143055.0,522247487428.0,,2929039761388.0,-707728826714.0,-15771194997.0,-92172240784.0,-59758213357.0,-355130091502.0,-89631032447.0,0.0,-18145456265.0,1592005781837.0,-28328317468.0,185163637.0,-42192371333011.0,25341322945217.0,-90130728.0,0.0,2464648919754.0,-14414632752599.0,0.0,0.0,21712365085347.0,-8448388324521.0,,0.0,13263976760826.0,441349790064.0,2206497560116.0,93414409.0,2647940764589.0,,,,,,,
BVH,2022,4,BVH,cash_flow,437218012737.0,23345132467.0,5761998742044.0,15544861032.0,-2662275328621.0,212055814992.0,,3786814234651.0,-3366311917752.0,8076483821.0,2459145888081.0,-101258016588.0,-79812322541.0,-106388680624.0,0.0,-43118730110.0,2662161931160.0,-3758303027.0,0.0,-30344296085885.0,26878889837849.0,0.0,0.0,-1309093599980.0,-4778258151043.0,0.0,0.0,16907108068596.0,-12572144676021.0,,-2268458776896.0,2066504615679.0,-49591604204.0,2255960222699.0,-2462337.0,2206366156158.0,,,,,,,
BVH,2022,3,BVH,cash_flow,505671854280.0,57199247376.0,5577753700798.0,1206397630.0,-2489211745852.0,194941595955.0,,3847561050187.0,-116696213233.0,-5026010235.0,575167268926.0,-184081707084.0,-132951749051.0,-85933536393.0,0.0,-22048971191.0,3799967580686.0,-26439530730.0,462089727.0,-44628200733265.0,46771297653313.0,0.0,0.0,2213281245031.0,4330400724076.0,0.0,0.0,12065913045854.0,-21082976268543.0,,0.0,-9017063222689.0,-886694917927.0,3138315441404.0,978229632.0,2252598753109.0,,,,,,,
BVH,2022,2,BVH,cash_flow,422714028519.0,51705603822.0,5772740917732.0,-1205573356.0,-2463244945158.0,177130972153.0,,3959841003712.0,4239633817206.0,25298857090.0,-8050896745534.0,-128361542823.0,-208446492627.0,-119414832246.0,0.0,-9022921776.0,-269897180116.0,-52284708786.0,995247272.0,-76909687241752.0,54951279380746.0,-150000000.0,0.0,2909555882060.0,-19100291440460.0,0.0,0.0,45124173596506.0,-33378616072004.0,,0.0,11745557524502.0,-7624631096074.0,10762739429706.0,207107772.0,3138315441404.0,,,,,,,
BVH,2022,1,BVH,cash_flow,625185203966.0,54871024372.0,5326087353028.0,265130989.0,-2354406977134.0,143379330882.0,,3795381066103.0,-7751652266448.0,-18291363331.0,8061224435667.0,-195786773016.0,-37517661089.0,-114565243922.0,0.0,-38035430051.0,3567436687232.0,-33583840050.0,310909091.0,-5177392433725.0,5802456732786.0,0.0,6559843455.0,914315970252.0,1512667181809.0,0.0,0.0,6838191293515.0,-6509568931287.0,,0.0,328622362228.0,5408726231269.0,5354092025872.0,-78827435.0,10762739429706.0,,,,,,,
BVH,2021,4,BVH,cash_flow,699169517103.0,58918956891.0,5901059156583.0,1376112458.0,-2357207925836.0,98790886654.0,,4402106703853.0,124877014203.0,-10831926401.0,-2607196791968.0,-62240758760.0,-78985034166.0,-102579922057.0,0.0,-4212991417.0,1364048393646.0,-81757429937.0,814195929.0,-11427531254749.0,-2893971285926.0,0.0,185658005000.0,1897294116825.0,-12319493652858.0,0.0,0.0,22923818346699.0,-21766247580923.0,,-722059177526.0,435511588250.0,-10519933670962.0,15871856776929.0,2438672318.0,5354361778285.0,,,,,,,
BVH,2021,3,BVH,cash_flow,579427611517.0,58448351172.0,4648674949362.0,-4702149862.0,-2058331192229.0,59926183836.0,,3283443753796.0,69274845284.0,-2149109513.0,-183028280012.0,68856432087.0,-157857077427.0,-67120112877.0,0.0,-16067690598.0,2403660140756.0,-72048915855.0,217967727.0,-49958975342813.0,47190334348315.0,323457385000.0,0.0,1971141781155.0,-545872776471.0,0.0,0.0,20215160644460.0,-9058530633249.0,,0.0,11156630011211.0,13014417375496.0,2860226530581.0,-2787129148.0,15871856776929.0,,,,,,,
BVH,2021,2,BVH,cash_flow,532183627311.0,58435096089.0,4595792573019.0,133213437.0,-2382240625366.0,37737970263.0,,2842173401565.0,-513770394867.0,-7754757306.0,1337554383057.0,43398822914.0,-69290016923.0,-91428353298.0,0.0,-3919555407.0,3661208166989.0,-40255059854.0,461850000.0,-17174798275465.0,14136808538286.0,-323457385000.0,-2371648844864.0,4519510209094.0,-1253378967803.0,0.0,0.0,3525335648737.0,-7451217856445.0,,-615600.0,-3925882823308.0,-1518053624122.0,4378343201837.0,-63047134.0,2860226530581.0,,,,,,,
BVH,2021,1,BVH,cash_flow,592916377788.0,50525706919.0,4707051762775.0,-2653241385.0,-2202918485385.0,123061418631.0,,3267983539343.0,-1009167353824.0,-10442900870.0,165826992742.0,162616394471.0,-114643715015.0,-77539981602.0,0.0,-35012277897.0,2720315098621.0,-42077957272.0,69090909.0,-15571426236950.0,13319006203493.0,-4425975843.0,2371648844864.0,0.0,72793969201.0,0.0,0.0,3364836650000.0,-8560107800903.0,,0.0,-5195271150903.0,-2402162083081.0,6780610816944.0,-105532026.0,4378343201837.0,,,,,,,
BVH,2020,4,BVH,cash_flow,549635705345.0,52942809948.0,5191874669961.0,156309346.0,-2304985745997.0,142593833911.0,,3632217582514.0,-1636893144686.0,5577506609.0,2516732696474.0,168710879554.0,-422433268820.0,-69510247242.0,0.0,-86581038545.0,4223178911684.0,-41910955036.0,211731275.0,-24865379051396.0,27389303451776.0,-49226492500.0,0.0,2594264738973.0,5027263423092.0,0.0,0.0,5920617810000.0,-10248635168530.0,,-1318992792209.0,-5647010150739.0,3603432184037.0,3177059990629.0,118642278.0,6780610816944.0,,,,,,,
BVH,2020,3,BVH,cash_flow,554539245010.0,51038537705.0,5015918936192.0,-3677844594.0,-2300600418212.0,173482397950.0,,3490700854051.0,998239774324.0,6573942481.0,-1100176254020.0,98911411957.0,-104145658139.0,-66175303893.0,0.0,-11830559271.0,3425557925320.0,-50583449532.0,213989091.0,-24517576583333.0,18086554954660.0,0.0,0.0,1802211142424.0,-4679179946690.0,0.0,0.0,6178729420000.0,-3643510197286.0,,0.0,2535219222714.0,1281597201344.0,1895051775356.0,411013929.0,3177059990629.0,,,,,,,
BVH,2020,2,BVH,cash_flow,609714196943.0,53003201798.0,4308299475475.0,-4191079601.0,-2802054824729.0,195309745173.0,,2360080715059.0,-3819127808.0,-3444526112.0,274180659925.0,377088035314.0,-109907939727.0,-53327435452.0,0.0,-13067759491.0,3123154726112.0,-87808057330.0,129973181.0,-22757319069206.0,17231264081148.0,0.0,0.0,2524389209783.0,-3089343862424.0,0.0,0.0,1246743800000.0,-2273573278858.0,,-13778237429.0,-1040607716287.0,-1006796852599.0,2902042053661.0,-193425706.0,1895051775356.0,,,,,,,
BVH,2020,1,BVH,cash_flow,186950208411.0,49442129260.0,3804965208580.0,3778904741.0,-2104743978911.0,185091175245.0,,2125483647326.0,-39886295742.0,-4393886950.0,106324008285.0,120381632374.0,-108793671507.0,-48769088762.0,0.0,-41972093416.0,1965826694300.0,-14563006622.0,177419546.0,-15729360286337.0,8944737846139.0,0.0,0.0,1550750744020.0,-5248257283254.0,0.0,0.0,4104415170000.0,-2663368894613.0,,0.0,1441046275387.0,-1841384313567.0,4742602123821.0,824243407.0,2902042053661.0,,,,,,,
BVH,2019,4,BVH,cash_flow,121301114140.0,49419329064.0,4446975097989.0,-7651957593.0,-2142037179174.0,235963595904.0,,2703970000330.0,1629650478415.0,24914304601.0,-403597032430.0,-138208791039.0,-553953345277.0,-75031880210.0,0.0,-9462573705.0,4024488293095.0,-38033994506.0,576706544.0,-29488004522113.0,23045827796756.0,0.0,-119166667.0,2462806805909.0,-4016946374077.0,4011741161610.0,0.0,10887427680000.0,-11445189626691.0,,-708547828595.0,2745431386324.0,2752973305342.0,1992631118457.0,626908691.0,4746231332490.0,,,,,,,
BVH,2019,3,BVH,cash_flow,432682329193.0,45282545984.0,4237187662903.0,2125071218.0,-1997660849992.0,256284162852.0,,2975900922158.0,906905810377.0,4758792236.0,1077632455182.0,-140122372352.0,-227849733846.0,-54381950425.0,0.0,528051478.0,4056676687617.0,-90118659860.0,60922727.0,-13131382155760.0,12399249107536.0,-196000000000.0,87163586600.0,1756123295933.0,825096097176.0,0.0,0.0,404315715915.0,-5158541078414.0,,38812060.0,-4754186550439.0,127586234354.0,1866621310944.0,51670114.0,1994259215412.0,,,,,,,
BVH,2019,2,BVH,cash_flow,268075440621.0,42873999615.0,4010827263143.0,-1962582623.0,-1985228976951.0,256468408425.0,,2591053552230.0,697867975955.0,17797097545.0,-598508971514.0,221733637809.0,-84043065531.0,-105530327134.0,0.0,5030235859.0,2841904401783.0,-54881872064.0,162987275.0,-18346297532020.0,12248826606155.0,953620000.0,71280000000.0,1427932753633.0,-4652023437021.0,0.0,0.0,3819908017149.0,-3165675731823.0,,-11189208735.0,643043076591.0,-1167075958647.0,3033310966089.0,386303502.0,1866621310944.0,,,,,,,
BVH,2019,1,BVH,cash_flow,521200773067.0,42376787453.0,3099344705814.0,2112264616.0,-1808240109209.0,244370846612.0,,2101165268353.0,-16906401398.0,-16694678004.0,-162900431846.0,2397460266.0,-93435666650.0,-35389616056.0,0.0,-63954564627.0,1631219652186.0,-32181575387.0,50454545.0,-9969997607415.0,7842369612738.0,0.0,71280000000.0,1540253241782.0,-548225873737.0,0.0,0.0,3452874780000.0,-3642210170928.0,,-19948942825.0,-209284333753.0,873709444696.0,2159930729474.0,-329208081.0,3033310966089.0,,,,,,,
BVH,2018,4,BVH,cash_flow,237256503545.0,45032821235.0,4152271368450.0,6554659694.0,-1750505738746.0,178572738968.0,,2869182353146.0,-853878291804.0,4293203572.0,-258105086563.0,-229849212497.0,-45218516131.0,-59375136472.0,0.0,-31757134890.0,1296898079878.0,-32732556572.0,55735456.0,-24553320390664.0,12096818378788.0,204714320876.0,-7670084109.0,1449878366262.0,-10842256229963.0,0.0,0.0,13896295209581.0,-5260478522781.0,,0.0,8635816686800.0,-909541463285.0,3065953967842.0,3000725864.0,2159413230421.0,,,,,,,
BVH,2018,3,BVH,cash_flow,991356564410.0,80073408033.0,8977866771061.0,884701138.0,-5618672849028.0,398518189810.0,,4830026785424.0,-239575812089.0,-7073491937.0,1107373875328.0,-274398658577.0,-313565584955.0,-141699641205.0,0.0,-46841506738.0,4638728262266.0,-44513973431.0,11923483966.0,-32915491104074.0,26394842725227.0,-953620000.0,0.0,5724692667572.0,-829499820740.0,732898500000.0,0.0,11724946572731.0,-14135537375595.0,,0.0,-1677692302864.0,2131536138662.0,3789197489323.0,213852283.0,5920947480268.0,,,,,,,
BVH,2018,2,BVH,cash_flow,450876299684.0,41794485758.0,4695314553612.0,8597374817.0,-2760384714562.0,185100296282.0,,2621298295591.0,-1023977215981.0,2511734239.0,-1590731392453.0,-74712686684.0,-179474638198.0,-73851143190.0,0.0,-25998069961.0,-529740646231.0,-32401046576.0,11809777602.0,-19107642582286.0,14072388216797.0,-953620000.0,0.0,2412183106012.0,-2644616148451.0,732898500000.0,0.0,4916388106883.0,-7779246933266.0,,0.0,-2129960326383.0,-5304317121065.0,11230685638011.0,-5421036678.0,5920947480268.0,,,,,,,
BVH,2018,1,BVH,cash_flow,540480264726.0,38278922275.0,4282552217449.0,-7712673679.0,-2858288134466.0,213417893528.0,,2208728489833.0,784401403892.0,-9585226176.0,2698105267781.0,-199685971893.0,-134090946757.0,-67848498015.0,0.0,-20843436777.0,5168468908497.0,-12112926855.0,113706364.0,-13807848521788.0,12322454508430.0,0.0,0.0,3312509561560.0,1815116327711.0,0.0,0.0,6808558465848.0,-6356290442329.0,,0.0,452268023519.0,7435853259727.0,3789197489323.0,5634888961.0,11230685638011.0,,,,,,,
BVH,2017,4,BVH,cash_flow,372094691924.0,40128660710.0,3818477325148.0,-6003725276.0,-1532202699906.0,201425219134.0,,2893919471734.0,-2216800863297.0,-2087242303.0,726602335356.0,-91441924381.0,-145025399454.0,-30137363290.0,0.0,30941373756.0,787717761742.0,-49714802744.0,494287764.0,-11332396346433.0,9377542559634.0,-12248290000.0,0.0,1081260910221.0,-935061681558.0,0.0,0.0,7217609537551.0,-6665530226114.0,,-1628000.0,552077683437.0,404733763621.0,3392840613230.0,-4775353482.0,3792799023369.0,,,,,,,
BVH,2017,3,BVH,cash_flow,227113543999.0,33709767038.0,3241033630673.0,4146225599.0,-1394926680994.0,192584360611.0,,2303660846926.0,-420228477137.0,-10595082119.0,676676847364.0,-222993537660.0,-129048817165.0,-141849000298.0,0.0,-24727815507.0,1943928656725.0,-151973334757.0,48318178.0,-8898964820076.0,6462605486187.0,-97705000000.0,0.0,608529111607.0,-2077460238861.0,0.0,0.0,7149615320848.0,-7465021542044.0,,-680039545600.0,-995445766796.0,-1128977348932.0,4522704433210.0,-886471048.0,3392840613230.0,,,,,,,
BVH,2017,2,BVH,cash_flow,852954938655.0,36742183736.0,2213853936622.0,5850638128.0,-1538037317920.0,176418236944.0,,1747782616165.0,-278936531934.0,11411865485.0,190140046043.0,-57330438506.0,-180546260600.0,-28340102356.0,0.0,-54256121119.0,1446933184456.0,-143433450370.0,693406546.0,-14252736227526.0,9415978952678.0,225869206365.0,67608566004.0,1798854730450.0,-2887164815853.0,0.0,0.0,12193844618762.0,-7697520959677.0,,0.0,4496323659085.0,3056092027688.0,1462002348562.0,4610056960.0,4522704433210.0,,,,,,,
BVH,2017,1,BVH,cash_flow,486332087791.0,47925031232.0,2407811869286.0,-3785116153.0,-1397551834101.0,148508434458.0,,1689240472513.0,57821664769.0,-25020071555.0,-258505817256.0,-332639657644.0,-134622838946.0,-39128738045.0,0.0,-27143572241.0,1403877897526.0,-34939067913.0,34754545.0,-9494768717600.0,6170067746555.0,-225869206365.0,0.0,1186520600489.0,-2398953890289.0,0.0,0.0,7207269915747.0,-7630760250367.0,,0.0,-423490334620.0,-1418566327383.0,2883458103350.0,-2889427405.0,1462002348562.0,,,,,,,
BVH,2016,4,BVH,cash_flow,361708922206.0,44618675307.0,2121101183999.0,4925439612.0,-1360270111746.0,131841740606.0,,1303925849984.0,-406385034907.0,-39266461899.0,603398044187.0,-145139717910.0,-96952331094.0,-114543816029.0,0.0,-18552115392.0,627352148550.0,-21808230178.0,593108834.0,-13182128510086.0,9266246235393.0,-255702464372.0,0.0,1220838574307.0,-2971961286102.0,0.0,0.0,9842796496712.0,-7208514884814.0,,0.0,2634281611898.0,289672474346.0,2590516728952.0,-1973726981.0,2878215476317.0,,,,,,,
BVH,2016,3,BVH,cash_flow,361676250378.0,33433717046.0,2360652563715.0,5619957977.0,-1372591181833.0,125109720526.0,,1513901027809.0,-132592847205.0,7034392161.0,136830969854.0,-6641360137.0,-230822846287.0,-76581771457.0,0.0,-32833806347.0,1203812475701.0,3578679657.0,78116996.0,-9510531721728.0,6509280659799.0,411069707400.0,0.0,714089292258.0,-1872435265618.0,0.0,0.0,4341189893389.0,-3107091707998.0,,-544265229840.0,689832955551.0,21210165634.0,2571244347124.0,-1937783806.0,2590516728952.0,,,,,,,
BVH,2016,2,BVH,cash_flow,476885585780.0,31771095841.0,1849536282145.0,-16392902466.0,-1064717735866.0,108434081263.0,,1385516406697.0,-225553654224.0,8736092140.0,64581214385.0,39654421766.0,-215506956516.0,-80672956557.0,0.0,-44025431867.0,466527871576.0,3388389238.0,-322208153.0,-13658353760058.0,11369655017179.0,-171867700000.0,18000000000.0,1478653879932.0,-960846381862.0,0.0,0.0,9052157280255.0,-9957948644389.0,,0.0,-905791364134.0,-1400109874420.0,4120800963219.0,-1014441675.0,2719676647124.0,,,,,,,
BVH,2016,1,BVH,cash_flow,480154707154.0,34205156345.0,1841586973120.0,11855660772.0,-1031924173403.0,104934827916.0,,1440813151904.0,-380395593226.0,6725746003.0,-144592362475.0,-69601237859.0,-62276418835.0,-69013450260.0,0.0,-27579993566.0,619020534193.0,-33321669040.0,1052548220.0,-6941361098967.0,5731221148977.0,-528677712900.0,0.0,1004625849331.0,-766460934379.0,0.0,0.0,4544885298347.0,-2535193840001.0,,0.0,2009691458346.0,1862251058160.0,2256691436043.0,1858469016.0,4120800963219.0,,,,,,,
BVH,2015,4,BVH,cash_flow,251883815146.0,39244015337.0,1448627805416.0,-1825145260.0,-948307771795.0,77167305951.0,,866790024795.0,238572138747.0,-43740158655.0,202525083628.0,-12292211030.0,-50769492130.0,-67790598362.0,0.0,-33831922591.0,1187802529356.0,62868523338.0,-91445726473.0,-8544227719275.0,1796031235896.0,-30766146723.0,0.0,1056069056488.0,-5751470776749.0,0.0,0.0,7090037359674.0,-3743288794957.0,,-100000000.0,3346648564717.0,-1217019682676.0,3468892640637.0,99613408.0,2251972571369.0,,,,,,,
BVH,2015,3,BVH,cash_flow,292837181896.0,42573579091.0,1855236750245.0,489311516.0,-1264974309527.0,55164560258.0,,981327073479.0,98782351140.0,-34013140668.0,-1007622316508.0,-42895693878.0,-115661269994.0,-57968822545.0,-44426809914.0,13434747290.0,-200971294837.0,-149644402084.0,91938887539.0,4498724767447.0,-5460776607360.0,0.0,0.0,1924964614511.0,905207260053.0,0.0,0.0,3648357724942.0,-3061536133931.0,,0.0,586821591011.0,1291057556227.0,2176889607604.0,945476806.0,3468892640637.0,,,,,,,
BVH,2015,2,BVH,cash_flow,452773142819.0,43183149823.0,1219496818589.0,987960629.0,-636850002649.0,54454121203.0,,1134045190414.0,-204364841695.0,881627332.0,1340273522971.0,25377503751.0,-405029129.0,-72064096891.0,29046001415.0,-380732401419.0,1864624186739.0,-13459413944.0,333309090.0,-3971138899801.0,2844350429087.0,0.0,0.0,107200271707.0,-1032714303861.0,0.0,0.0,5391105285692.0,-5143862630377.0,,-679981899550.0,-432739244235.0,399170638643.0,1777546666101.0,172302860.0,2176889607604.0,,,,,,,
BVH,2015,1,BVH,cash_flow,457243867706.0,33336182138.0,1410789065956.0,-4434156961.0,-732068374839.0,36729016934.0,,1201595600934.0,-48780143629.0,-15744003248.0,-284353852159.0,19985461577.0,-159829092.0,-77068718279.0,38767902935.0,275053164701.0,1109295583740.0,-5822026791.0,215904546.0,-5526130412983.0,4355294304026.0,0.0,0.0,88196475514.0,-1088245755688.0,0.0,0.0,757283906359.0,-425047956795.0,,-1200000000.0,331035949564.0,352085777616.0,1424818218079.0,642670406.0,1777546666101.0,,,,,,,
BVH,2014,4,BVH,cash_flow,0.0,0.0,0.0,0.0,0.0,0.0,,0.0,0.0,0.0,0.0,0.0,0.0,0.0,0.0,0.0,4523847195052.0,-28191733331.0,1940453696.0,-6049213344183.0,4446393071324.0,8247930985920.0,-8376535468928.0,222054088700.0,-1535621946802.0,0.0,0.0,-3932571191020.0,-177636481532.0,,747216600.0,-4109460455952.0,-1121235207702.0,2539694786913.0,246985860.0,1418706565071.0,,,,,,,
BVH,2014,3,BVH,cash_flow,0.0,0.0,0.0,0.0,0.0,0.0,,0.0,0.0,0.0,0.0,0.0,0.0,0.0,0.0,0.0,2254663318553.0,19650305893.0,351010908.0,-5439219038896.0,1811196961760.0,-7848381118985.0,113136223791.0,289275614548.0,-11053990040981.0,21932407645.0,-4173306528875.0,4319433909405.0,-197438477547.0,,-667742988600.0,-697121677972.0,-9496448400400.0,12036685280520.0,-542093207.0,2539694786913.0,,,,,,,
BVH,2014,2,BVH,cash_flow,0.0,0.0,0.0,0.0,0.0,0.0,,0.0,0.0,0.0,0.0,0.0,0.0,0.0,0.0,0.0,-444081951210.0,-81637167498.0,677877270.0,-2597072565098.0,2068041270577.0,-285482989850.0,574935113128.0,-22832932357.0,-343371393828.0,-21932407645.0,4148935271742.0,-63638584669.0,0.0,,-352964162400.0,3710400117028.0,2922946771990.0,9114905410033.0,-1166901503.0,12036685280520.0,,,,,,,
BVH,2014,1,BVH,cash_flow,0.0,0.0,0.0,0.0,0.0,0.0,,0.0,0.0,0.0,0.0,0.0,0.0,0.0,0.0,0.0,-85630839021.0,-19617204105.0,2100000.0,-4226876006043.0,5806167452418.0,-188304778600.0,332149512664.0,139355817412.0,1842876893746.0,0.0,-14642138726.0,185955491590.0,-133440715264.0,,0.0,37872637600.0,1795118692325.0,7318047598296.0,1739119412.0,9114905410033.0,,,,,,,
BVH,2013,4,BVH,cash_flow,0.0,0.0,0.0,0.0,0.0,0.0,,0.0,0.0,0.0,0.0,0.0,0.0,0.0,0.0,0.0,299580988807.0,-43290345906.0,523827731.0,-6302614234632.0,7301816792735.0,823219402050.0,-228864700359.0,388690773241.0,1939481514860.0,0.0,-11949331604.0,0.0,0.0,,-42041266425.0,-53990598029.0,2185071905638.0,5275749819136.0,-761960830.0,7460059763944.0,,,,,,,
BVH,2013,3,BVH,cash_flow,0.0,0.0,0.0,0.0,0.0,0.0,,0.0,0.0,0.0,0.0,0.0,0.0,0.0,0.0,0.0,1460017236391.0,-13507009579.0,286250173.0,-1827398104760.0,2918582195112.0,-315624442220.0,136153440468.0,41564686106.0,940057015300.0,0.0,-3541661350.0,0.0,-24650225393.0,,-1020846370350.0,-1049038257093.0,1351035994598.0,3924543071742.0,170752796.0,5275749819136.0,,,,,,,
BVH,2013,2,BVH,cash_flow,0.0,0.0,0.0,0.0,0.0,0.0,,0.0,0.0,0.0,0.0,0.0,0.0,0.0,0.0,0.0,568911593759.0,-18086730829.0,663785153.0,451359777351.0,-788997133764.0,-87649769234.0,-337361662669.0,-53675096949.0,-833746830941.0,-5630712910.0,0.0,4650225393.0,0.0,,0.0,-980487517.0,-265815724699.0,4188893417172.0,1465379269.0,3924543071742.0,,,,,,,
BVH,2013,1,BVH,cash_flow,0.0,0.0,0.0,0.0,0.0,0.0,,0.0,0.0,0.0,0.0,0.0,0.0,0.0,0.0,0.0,-137066007304.0,-14257532353.0,200711074.0,-3772205272735.0,4039802619330.0,-484945190596.0,430072922560.0,69852967624.0,268521224904.0,0.0,-14642138726.0,50000000000.0,-54650225393.0,,0.0,-19292364119.0,112162853481.0,4077977824233.0,-1247260542.0,4188893417172.0,,,,,,,
GVR,2025,4,GVR,cash_flow,1407276087308.0,1235116892051.0,96128237798.0,27479547403.0,-382673541717.0,48454223186.0,,2384488729768.0,-278538409101.0,-1536201874348.0,2517265985240.0,-16046016577.0,-107138907564.0,-405956917185.0,71801125205.0,-142640720900.0,2487032994538.0,-418013550304.0,519794058040.0,-4152635697197.0,3532898336256.0,0.0,2526635881.0,341651713874.0,-173778503450.0,0.0,,1352270441655.0,-1333584259781.0,-45639474.0,-1694960952030.0,-1676320409630.0,636934081458.0,7488462214080.0,-238519868644.0,7886876426894.0,,,,,,,
GVR,2025,3,GVR,cash_flow,2702679907542.0,749148086222.0,-4260307156.0,-15676688480.0,-530800535555.0,58280913113.0,,2897385044061.0,-98791183074.0,150029394000.0,636537683043.0,265355058616.0,-17490034476.0,-217838960568.0,136923951424.0,-84819756385.0,3667291196641.0,-137228097635.0,143485512075.0,-3366623613383.0,2876810498677.0,0.0,0.0,523021660224.0,39465959958.0,62411320000.0,,777611449395.0,-2479862785968.0,-292339362.0,-306278633574.0,-1946410989509.0,1760346167090.0,5546184333612.0,181931713378.0,7488462214080.0,,,,,,,
GVR,2025,2,GVR,cash_flow,1952839612873.0,604768192738.0,-15249141162.0,-3089310946.0,-732098527144.0,205480824971.0,,2418582685509.0,162244409425.0,-611416776532.0,-129606739649.0,-341758545541.0,-68481190748.0,-97875024750.0,126481050039.0,-221810031080.0,1236359836673.0,-222390544380.0,279515153676.0,-4414525860474.0,4876722079652.0,0.0,0.0,546032689886.0,1065353518360.0,0.0,,655358477036.0,-2853062182585.0,0.0,-65459998880.0,-2263163704429.0,38549650604.0,5298973931543.0,208660751465.0,5546184333612.0,,,,,,,
GVR,2025,1,GVR,cash_flow,1564239447509.0,648915608703.0,8680881023.0,-3602775722.0,-536750036402.0,-69400548964.0,,1584049766965.0,-504926903359.0,-345921249943.0,-212401042745.0,80784987909.0,-80388356193.0,-509837285864.0,28898373964.0,-595521482458.0,-555263191724.0,-185150286941.0,435279599915.0,-3120293323295.0,2907360134897.0,0.0,0.0,214447987054.0,251644111630.0,0.0,,1153893978387.0,-1359655760050.0,0.0,-519824350.0,-206281606013.0,-509900686107.0,5778855663194.0,30018954456.0,5298973931543.0,,,,,,,
GVR,2024,4,GVR,cash_flow,2397292637124.0,806888111774.0,72079255329.0,-30819005580.0,-417296695695.0,87067268582.0,,2915211571534.0,-181049642649.0,-1230503671339.0,1170600706105.0,-2539794532681.0,-100038514273.0,-343426052428.0,-1015120270750.0,-2275955547021.0,-3600075953502.0,-154541205196.0,-38049069218.0,1882541486680.0,-538685187257.0,-2395724298.0,0.0,112708265252.0,1261578565963.0,0.0,,3646566669817.0,-1344217230017.0,0.0,-77271159336.0,2225078280464.0,-113419107075.0,5861455764689.0,30819005580.0,5778855663194.0,,,,,,,
GVR,2024,3,GVR,cash_flow,1306406770290.0,710091590295.0,87492810.0,181628121143.0,-379667246346.0,81287573713.0,,1899834301905.0,-424350889374.0,212988773478.0,931494820344.0,204700462648.0,-42467261366.0,-55880251741.0,2318645377395.0,-1024474582119.0,4020490751170.0,-189860737886.0,222642572708.0,-1728046263663.0,-29114930392.0,-1720000000.0,0.0,68591038677.0,-1657508320556.0,0.0,,966020341136.0,-1492899531211.0,0.0,3308382650.0,-523570807425.0,1839411623189.0,4203672262643.0,-181628121143.0,5861455764689.0,,,,,,,
GVR,2024,2,GVR,cash_flow,1124198925483.0,584859211765.0,4907309805.0,-166422324469.0,953855927362.0,90526866806.0,,2591925916752.0,500808317187.0,-246551344743.0,135476222293.0,-198282544330.0,-115696432322.0,225129313553.0,-708714405447.0,-1140131974262.0,1043963068681.0,-129217467173.0,67213980531.0,-1251393193209.0,392575450987.0,-3375000000.0,0.0,-44744374370.0,-968940603234.0,0.0,,882916587772.0,-1547041291144.0,0.0,14783234984.0,-649341468388.0,-574319002941.0,4611568941115.0,166422324469.0,4203672262643.0,,,,,,,
GVR,2024,1,GVR,cash_flow,778493106267.0,601889514729.0,-8028161027.0,-11483011088.0,-1715813263683.0,94023493348.0,,-260918321454.0,88429981288.0,278279684859.0,-1022588605245.0,-41615952388.0,-84866499246.0,-621751502843.0,746101659235.0,-111456752090.0,-1030386307884.0,-122680364250.0,100530666849.0,-1063865271389.0,1614607160704.0,-3395082000.0,0.0,222365098554.0,747562208468.0,0.0,,1082319356392.0,-1734782415322.0,0.0,-28715922141.0,-681178981071.0,-964003080487.0,5564089010514.0,11483011088.0,4611568941115.0,,,,,,,
GVR,2023,4,GVR,cash_flow,1671824924423.0,683467977203.0,29170250592.0,-16409245598.0,-529304168171.0,114630440966.0,,1953380179415.0,-126569368418.0,314264774029.0,236954201982.0,45141308076.0,-97601831027.0,-204690621063.0,1091815502102.0,-4903038120825.0,-1690343975729.0,-267151872374.0,244871197934.0,1846672782824.0,-395450013454.0,-3009652887.0,3000001000.0,123144023634.0,1552076466677.0,0.0,,1431160369940.0,-1076192351928.0,0.0,-89617252885.0,265350765127.0,127083256075.0,5534414228098.0,16409245598.0,5677906729771.0,,,,,,,
GVR,2023,3,GVR,cash_flow,622186362463.0,618961558110.0,-26162130156.0,5220356537.0,-385693644838.0,85426215156.0,,919938717272.0,-145918443339.0,219386660068.0,572779725724.0,189228650381.0,-188638878257.0,-568019244039.0,2532953158476.0,-273362106067.0,3258348240219.0,5897257670.0,120513777208.0,-1512937551524.0,-1746739556.0,-133061085356.0,0.0,-15923403287.0,-1537257744845.0,0.0,,817057630156.0,-1300496928354.0,0.0,722869471.0,-482716428727.0,1238374066647.0,4301260517988.0,-5220356537.0,5534414228098.0,,,,,,,
GVR,2023,2,GVR,cash_flow,881917424904.0,578798942573.0,-35053624043.0,27982542854.0,412105897251.0,-248251457417.0,,1617499726122.0,121988672917.0,186473171183.0,36455641291.0,52897842907.0,-38854522131.0,349201491158.0,-851329509088.0,626160670607.0,2100493184966.0,-339354428341.0,65460358457.0,-1467200087986.0,703206971579.0,2362265834.0,0.0,18805272113.0,-1016719648344.0,0.0,,1126238050659.0,-1484981326375.0,0.0,27662532970.0,-331080742746.0,752692793876.0,3576550266966.0,-27982542854.0,4301260517988.0,,,,,,,
GVR,2023,1,GVR,cash_flow,947879551549.0,561275832426.0,-12375576579.0,8511415383.0,-1254614300775.0,490848598668.0,,741525520672.0,41084881790.0,105742659041.0,-1197226420176.0,-187424190313.0,-216656362298.0,-376674835535.0,892218594273.0,-626160670607.0,-823570823153.0,-160012048879.0,112837847728.0,-1126629040539.0,1380997168922.0,-9276649127.0,0.0,226032618567.0,423949896672.0,0.0,,1197387906781.0,-1543789451299.0,0.0,-39208391174.0,-385609935692.0,-785230862173.0,4370292544522.0,-8511415383.0,3576550266966.0,,,,,,,
GVR,2022,4,GVR,cash_flow,1659478254742.0,584973101940.0,56239016946.0,7164045883.0,-1051866752194.0,135190692016.0,,1391178359333.0,-314799145484.0,1400642927723.0,59585804163.0,-43488623819.0,-114874895306.0,-236792513733.0,1145380500625.0,-4522634468266.0,-1235802054764.0,38228010695.0,22861315499.0,672857372545.0,25463487753.0,-6576350801.0,0.0,18723211434.0,771557047125.0,0.0,,724939951435.0,-1059857526849.0,0.0,-169149930002.0,-504067505416.0,-968312513055.0,5139700491513.0,-7164045883.0,4164223932575.0,,,,,,,
GVR,2022,3,GVR,cash_flow,1180651241595.0,613604521544.0,-9149506663.0,39130372827.0,499921912213.0,125792619081.0,,2449951160597.0,-122663390208.0,-830478682472.0,106268266851.0,230660177981.0,-115991385166.0,-136634166008.0,-515362790490.0,0.0,1065749191085.0,-125770094972.0,178235789621.0,-1187014846643.0,30176910105.0,4939126727.0,0.0,-18402508776.0,-1117835623938.0,0.0,,918668359303.0,-1661340395454.0,0.0,524269083.0,-742147767068.0,-794234199921.0,5973065064261.0,-39130372827.0,5139700491513.0,,,,,,,
GVR,2022,2,GVR,cash_flow,1397798591471.0,569119901788.0,-2334906675.0,-18290663171.0,-468318045435.0,114189185275.0,,1592164063253.0,701280215369.0,-652041608623.0,129726643754.0,391826861894.0,-99714328148.0,-167319501169.0,284861174345.0,454509179521.0,2635292700196.0,-216633983893.0,6500997551.0,-1808824684328.0,497858530058.0,-25977600638.0,0.0,32386936157.0,-1514689805093.0,0.0,,1214414872582.0,-1477666154268.0,0.0,45577797611.0,-217673484075.0,902929411028.0,5051844990062.0,18290663171.0,5973065064261.0,,,,,,,
GVR,2022,1,GVR,cash_flow,1499275181572.0,625064296389.0,64401954126.0,3668062137.0,-237802988592.0,126126544553.0,,2080733050185.0,-260060811753.0,-469136867113.0,-975676106782.0,-469471326174.0,-101290928107.0,-220548962032.0,432692488123.0,-454509179521.0,-437268643174.0,-171446392936.0,128401222238.0,-1197806592158.0,1525707090947.0,-18895494577.0,0.0,222018028924.0,487977862438.0,0.0,,1368139598326.0,-1608206888161.0,0.0,-58748217998.0,-298815507833.0,-248106288569.0,5303619340768.0,-3668062137.0,5051844990062.0,,,,,,,
GVR,2021,4,GVR,cash_flow,2098105858192.0,542448743340.0,8429755382.0,3285047238.0,-142920169962.0,149982084060.0,,2659331318250.0,-245017308802.0,35453964340.0,1011214620421.0,-144587780189.0,0.0,-455618181691.0,135722744703.0,-5269358187792.0,-2272858810760.0,-500559019719.0,-179668786432.0,1373982814659.0,-489781723973.0,38661998686.0,40575341676.0,388974497667.0,672185122564.0,0.0,,1655206659248.0,-2148198558574.0,0.0,99660845806.0,-393331053520.0,-1994004741716.0,7325879254255.0,-3285047238.0,5328589465301.0,,,,,,,
GVR,2021,3,GVR,cash_flow,1669962815295.0,628177457934.0,23402796260.0,10453230199.0,344105429468.0,155537227760.0,,2831638956916.0,-153737083616.0,-433068626001.0,337108042739.0,308421360583.0,0.0,-677824946650.0,-14600001151.0,0.0,2197937702820.0,-75711482463.0,214756940535.0,-891256994985.0,142795602558.0,-52200400000.0,0.0,5240617483.0,-656375716872.0,0.0,,-173929772214.0,-398030115753.0,0.0,-190832995396.0,-762792883363.0,778769102585.0,6557563381869.0,-10453230199.0,7325879254255.0,,,,,,,
GVR,2021,2,GVR,cash_flow,1264471185132.0,547996917869.0,-5420332125.0,6372128374.0,-332341604919.0,129519085126.0,,1610597379457.0,256077037501.0,-687619262387.0,644357858223.0,-110427623677.0,-102084457002.0,309050558348.0,1789501603047.0,933422767674.0,4642875861184.0,-198316488418.0,-5169221656.0,-1752264548137.0,727585862471.0,-821180218.0,0.0,-33681441507.0,-1262667017465.0,0.0,,527694385413.0,-2047836243924.0,0.0,45325598140.0,-1474816260371.0,1905392583348.0,4658542926895.0,-6372128374.0,6557563381869.0,,,,,,,
GVR,2021,1,GVR,cash_flow,1303977102002.0,547177896021.0,-7428157247.0,1013878657.0,-221232892878.0,147115291428.0,,1770623117983.0,277214662836.0,-408202436275.0,-982864763850.0,77595808463.0,-132082842620.0,-358297903688.0,184597007783.0,-933422767674.0,-504840117042.0,-186909554163.0,127228207801.0,-1317507142683.0,1323210816474.0,-17693819782.0,0.0,307541951744.0,235870459391.0,0.0,,1426580579687.0,-1965156998592.0,0.0,-61180732722.0,-599757151627.0,-868726809278.0,5528283614830.0,-1013878657.0,4658542926895.0,,,,,,,
GVR,2020,4,GVR,cash_flow,3652592919231.0,976808199329.0,49288645008.0,11594340881.0,-1604445401110.0,262816256119.0,,3348654959458.0,-388542136625.0,527003642146.0,-2599772278528.0,-147374705717.0,-210434680628.0,-619327826520.0,-249096022233.0,334557974173.0,1264714125.0,-305436944977.0,-122601238457.0,1070988014506.0,-895117100959.0,5697624141.0,47509209936.0,-199002970517.0,-397963406327.0,0.0,,3216107413342.0,-2837595230484.0,0.0,117665486043.0,496177668901.0,99478976699.0,6130627169973.0,-11594340881.0,6218511805791.0,,,,,,,
GVR,2020,3,GVR,cash_flow,1463072920528.0,530313388170.0,-7563754335.0,3414302805.0,-271056237243.0,191494522550.0,,1909675142475.0,27886749398.0,753461426490.0,3086490026236.0,-203429662364.0,-272590026024.0,-87189495710.0,6698789740.0,-2332389220003.0,2888613730238.0,-156847754197.0,2409255571.0,-491052453384.0,54839725462.0,-17925991000.0,0.0,24724444223.0,-583852773325.0,0.0,,896518326857.0,-1161420044543.0,0.0,-88187667127.0,-353089384813.0,1951671572100.0,4182369900678.0,-3414302805.0,6130627169973.0,,,,,,,
GVR,2020,2,GVR,cash_flow,567937563707.0,467601103875.0,-77593809878.0,61316253.0,-334562021546.0,142470146433.0,,765914298844.0,160791984559.0,-193214354497.0,852118763907.0,-164869800633.0,11177862123.0,-8887766899.0,370675582765.0,-1238470185903.0,555236384266.0,-173373405701.0,106570204785.0,-1844028132177.0,645805033874.0,-23952981000.0,0.0,-62911503831.0,-1351890784050.0,0.0,,1248493035567.0,-1034289248814.0,0.0,-54675843535.0,159527943218.0,-637126456566.0,4819557673497.0,-61316253.0,4182369900678.0,,,,,,,
GVR,2020,1,GVR,cash_flow,402218324420.0,452920033584.0,-19496546784.0,-3874599926.0,-246892077066.0,154519031067.0,,739394165295.0,227110018329.0,181987563268.0,-1151690556394.0,-27693700750.0,-160243548915.0,-339170731903.0,933915028731.0,-2603504068837.0,-2199895831176.0,-219216394257.0,131039138963.0,-1652421646353.0,1455553960949.0,-20627612000.0,0.0,338137975346.0,32465422648.0,0.0,,1231361220637.0,-1296225908931.0,0.0,-66809781404.0,-131674469698.0,-2299104878226.0,7114787951797.0,3874599926.0,4819557673497.0,,,,,,,
GVR,2019,4,GVR,cash_flow,1984895965363.0,447955272534.0,41575786137.0,-7907692488.0,-672851479902.0,193818998376.0,,2000047053152.0,330847529899.0,100465203620.0,890822951011.0,311000550843.0,-347272343963.0,-266515847376.0,722951402448.0,-1000442762272.0,2741903737362.0,-658620720.0,-23638785184.0,30993002825.0,-842408219006.0,31735745994.0,-6066350372.0,-53124961594.0,-863168188057.0,0.0,,1749627148503.0,-2020282728680.0,0.0,168141687974.0,-102513892203.0,1776221657102.0,4458357044277.0,7907692488.0,6242486393867.0,,,,,,,
GVR,2019,3,GVR,cash_flow,1416747005439.0,430039924534.0,-10851313868.0,17351521768.0,-151202184435.0,172530172094.0,,1878923449876.0,-176028000069.0,-218862261677.0,691807494809.0,136921333358.0,69952466.0,-114632283744.0,-846603344654.0,-1575044803939.0,-218365219574.0,-147195789183.0,-41840556512.0,410338666395.0,-263838306436.0,-11551647161.0,53123674675.0,-52151486420.0,-53115444642.0,0.0,,874044555836.0,-869703534170.0,0.0,-59190510778.0,-54849489112.0,-326330153328.0,4802038719373.0,-17351521768.0,4458357044277.0,,,,,,,
GVR,2019,2,GVR,cash_flow,896386911319.0,337661275215.0,13497862449.0,-13164641132.0,-720515123741.0,134065665081.0,,692826746857.0,633104552118.0,72689916538.0,-153992854161.0,-440886870535.0,-219283471829.0,-124890850464.0,1664481788824.0,-942299795337.0,1181749162011.0,-339037668057.0,193753989584.0,-1482577663361.0,1515840731776.0,269388088084.0,0.0,10154623997.0,167522102023.0,0.0,,1404071700542.0,-2010650974108.0,0.0,-103036242638.0,-709615516204.0,639655747830.0,4149218330411.0,13164641132.0,4802038719373.0,,,,,,,
GVR,2019,1,GVR,cash_flow,409192779027.0,522411807693.0,-7782805025.0,-1064311047.0,36345330555.0,130116801415.0,,1044325873016.0,120028338352.0,141720835506.0,-351999705458.0,-18894811753.0,-142569215442.0,-404071727886.0,973087901515.0,-1581278815813.0,-219651327963.0,-360809419912.0,419340810449.0,-1764303404648.0,1399166295333.0,-343845052756.0,3080000000.0,208563038191.0,-438807733343.0,0.0,,1325606481023.0,-1562332453167.0,0.0,-116401298283.0,-353127270427.0,-1011586331733.0,5159740351097.0,1064311047.0,4149218330411.0,,,,,,,
GVR,2018,4,GVR,cash_flow,2359237110060.0,1100154036526.0,685984535033.0,-332571956.0,-35340124776.0,232463549322.0,,4271944642434.0,-810814135050.0,-109345849333.0,594671027877.0,-119444818818.0,-199157393504.0,-223625032784.0,9964336998.0,-842926829678.0,2571265948142.0,-606618579867.0,175969889065.0,-3880783362924.0,2872411230210.0,0.0,17415848990.0,713150871566.0,-708454102960.0,0.0,,2068196924662.0,-2528807596124.0,0.0,0.0,-460610671462.0,1402201173720.0,3759431541373.0,332571956.0,5161965287049.0,,,,,,,
GVR,2018,3,GVR,cash_flow,615916972537.0,439207551169.0,-6136083838.0,-83735769804.0,1206211703.0,138939933017.0,,1040024767302.0,-255046936892.0,-163623741767.0,82978404549.0,-51401772989.0,-49308125678.0,-203487734929.0,2078620844.0,-385495959599.0,16717520841.0,-150885742507.0,77443630409.0,-2691871604829.0,1792503181398.0,50377879889.0,0.0,124722424192.0,-797710231448.0,0.0,,2912423187324.0,-3093513687056.0,0.0,-8287220594.0,-189377720326.0,-970370430933.0,4646066202502.0,83735769804.0,3759431541373.0,,,,,,,
KDH,2025,4,KDH,cash_flow,983255305000.0,3249385000.0,25758000.0,,-11666709000.0,0.0,,974863739000.0,-707076211000.0,11364309000.0,104272972000.0,-25481953000.0,-214834703000.0,-7399482000.0,0.0,-15794464000.0,119914207000.0,-325439106000.0,0.0,99377235000.0,-3498827000.0,0.0,0.0,12817493000.0,-216743205000.0,0.0,0.0,614426839000.0,-349188107000.0,0.0,0.0,265238732000.0,168409734000.0,2378235792000.0,,2546645526000.0,,,,,,,
KDH,2025,3,KDH,cash_flow,653535136000.0,3694654000.0,-34166000.0,,-4923399000.0,0.0,,652272225000.0,-1322219459000.0,536567200000.0,-323278453000.0,5246735000.0,-238340581000.0,-19486040000.0,0.0,-3522851000.0,-712761224000.0,-324274988000.0,0.0,-2513786000.0,69370000000.0,0.0,0.0,5451443000.0,-251967331000.0,144240000000.0,-3311570000.0,1541761833000.0,-800000000000.0,0.0,0.0,882690263000.0,-82038292000.0,2460274084000.0,,2378235792000.0,,,,,,,
KDH,2025,2,KDH,cash_flow,245395238000.0,3226547000.0,-64106000.0,,-4186428000.0,0.0,,244371251000.0,-74952936000.0,-602932242000.0,-750743915000.0,106138511000.0,-175041907000.0,-5733662000.0,0.0,-6826135000.0,-1265721035000.0,-17913043000.0,0.0,-111398941000.0,0.0,0.0,0.0,2541115000.0,-126770869000.0,0.0,3311570000.0,3000693452000.0,-1258235252000.0,0.0,0.0,1745769770000.0,353277866000.0,2106996218000.0,,2460274084000.0,,,,,,,
KDH,2025,1,KDH,cash_flow,156560872000.0,3480746000.0,0.0,,-19643193000.0,0.0,,140398425000.0,-293851350000.0,-226442305000.0,-513461832000.0,74102913000.0,-200653166000.0,-265064513000.0,0.0,-31139608000.0,-1316111436000.0,-8105349000.0,0.0,-1219707000.0,18108493000.0,0.0,0.0,20281120000.0,29064557000.0,0.0,-3311570000.0,301736093000.0,0.0,0.0,0.0,298424523000.0,-988622356000.0,3095618574000.0,,2106996218000.0,,,,,,,
KDH,2024,4,KDH,cash_flow,504783162000.0,5129984000.0,-3169000.0,,-8340311000.0,0.0,,501569666000.0,1082954126000.0,169023921000.0,-653153364000.0,315328417000.0,-164261888000.0,978129000.0,0.0,-10643954000.0,1241795053000.0,-61177170000.0,-290000000.0,-257136762000.0,556000000.0,-600000000000.0,0.0,7708680000.0,-910339252000.0,183600000000.0,-4473280000.0,265503773000.0,-975746999000.0,0.0,0.0,-531116506000.0,-199660705000.0,3295279279000.0,,3095618574000.0,,,,,,,
KDH,2024,3,KDH,cash_flow,74004068000.0,2945214000.0,11079000.0,,-7316936000.0,0.0,,69643425000.0,-1470716164000.0,-896103457000.0,185209125000.0,6818216000.0,-216707355000.0,-1105314000.0,0.0,-9196342000.0,-2332157866000.0,-9996230000.0,290000000.0,-263672000.0,-556000000.0,0.0,0.0,8147923000.0,-2377979000.0,3000200024000.0,0.0,2142116251000.0,-2074085883000.0,0.0,0.0,3068230392000.0,733694547000.0,2561584732000.0,,3295279279000.0,,,,,,,
KDH,2024,2,KDH,cash_flow,370602137000.0,2984700000.0,579942000.0,,-10499310000.0,0.0,,363667469000.0,-143220774000.0,-1063044223000.0,1017550717000.0,-24582738000.0,-174081163000.0,10171170000.0,0.0,-12899251000.0,-26438793000.0,-24184675000.0,0.0,-732557000.0,2482557000.0,0.0,0.0,9744971000.0,-12689704000.0,0.0,0.0,180438019000.0,-114337999000.0,0.0,0.0,66100020000.0,26971523000.0,2534613209000.0,,2561584732000.0,,,,,,,
KDH,2024,1,KDH,cash_flow,101659349000.0,2492394000.0,0.0,,-12032643000.0,0.0,,92119100000.0,-93438739000.0,-1703950747000.0,-57636031000.0,-146810308000.0,-189818746000.0,-385208350000.0,0.0,-46002212000.0,-2530746033000.0,-4727183000.0,0.0,-694716000.0,0.0,0.0,0.0,12683355000.0,7261456000.0,0.0,0.0,1776915168000.0,-448442087000.0,0.0,0.0,1328473081000.0,-1195011496000.0,3729624705000.0,,2534613209000.0,,,,,,,
KDH,2023,4,KDH,cash_flow,115847316000.0,3182633000.0,-96439000.0,,-16193856000.0,0.0,,102739654000.0,318599518000.0,-1634894325000.0,1973226594000.0,-199483804000.0,-159603068000.0,-395404418000.0,0.0,-16577399000.0,-11397248000.0,-53478931000.0,-6000000.0,0.0,-16695557000.0,-23303267000.0,-5511266000.0,15341305000.0,-83653716000.0,131610000000.0,-2750000000.0,1876010949000.0,-514493550000.0,0.0,0.0,1490377399000.0,1395326435000.0,2334298270000.0,,3729624705000.0,,,,,,,
KDH,2023,3,KDH,cash_flow,255572421000.0,3969562000.0,17442000.0,,-13546606000.0,-1455164000.0,,244557655000.0,3710329950000.0,-4147965766000.0,-415900292000.0,123560293000.0,-154291078000.0,-51014297000.0,0.0,-5646699000.0,-696370234000.0,-12783113000.0,566000000.0,3815000000.0,-3828841000.0,0.0,1826962545000.0,13052744000.0,1827784335000.0,0.0,0.0,104287000000.0,-923088000000.0,0.0,0.0,-818801000000.0,312613101000.0,2021685169000.0,,2334298270000.0,,,,,,,
KDH,2023,2,KDH,cash_flow,412962663000.0,4637500000.0,-127000.0,,-7673361000.0,767304000.0,,410693979000.0,-320541033000.0,-348407217000.0,904111505000.0,-245041054000.0,-216058838000.0,-14684956000.0,0.0,-1068819000.0,169003567000.0,-108508533000.0,0.0,-3815000000.0,3000000000.0,-230880000000.0,1368835422000.0,9523750000.0,1038155639000.0,3390000000.0,-500000000.0,2114331765000.0,-2778952679000.0,0.0,0.0,-661730914000.0,545428292000.0,1476256877000.0,,2021685169000.0,,,,,,,
KDH,2023,1,KDH,cash_flow,286994128000.0,3193511000.0,127000.0,,-12752903000.0,687860000.0,,278122723000.0,-312128264000.0,-203104077000.0,-187637505000.0,-10998623000.0,-210463946000.0,-345413548000.0,0.0,-25809231000.0,-1017432471000.0,-8683352000.0,0.0,0.0,40197715000.0,0.0,0.0,12612362000.0,44126725000.0,0.0,0.0,0.0,-303264000000.0,0.0,0.0,-303264000000.0,-1276569746000.0,2752826623000.0,,1476256877000.0,,,,,,,
KDH,2022,4,KDH,cash_flow,179934483000.0,-264729705000.0,-1409590000.0,,-9257193000.0,0.0,,-95462005000.0,-372384698000.0,288693662000.0,904262676000.0,-7106291000.0,-179682277000.0,-34472203000.0,0.0,-12372528000.0,491476336000.0,-22724448000.0,0.0,0.0,-1129938000.0,0.0,0.0,8375658000.0,-15478728000.0,0.0,0.0,89749023000.0,-524868000000.0,0.0,0.0,-435118977000.0,40878631000.0,2711194262000.0,,2752072893000.0,,,,,,,
KDH,2022,3,KDH,cash_flow,482959047000.0,272789173000.0,543704000.0,,-414121000.0,0.0,,755877803000.0,405968659000.0,-3754627848000.0,1895209426000.0,-3418585000.0,-122877277000.0,-7398862000.0,0.0,-7525179000.0,-838791863000.0,-9439199000.0,0.0,1617567000.0,26878497000.0,530571585000.0,0.0,711017000.0,550339467000.0,230050000000.0,0.0,1695270520000.0,-251552000000.0,0.0,0.0,1673768520000.0,1385316124000.0,1325878138000.0,,2711194262000.0,,,,,,,
KDH,2022,2,KDH,cash_flow,435622694000.0,-266095331000.0,266924000.0,,-5557576000.0,-1186027000.0,,163050684000.0,-1685100760000.0,2494763372000.0,-1799097708000.0,-18184593000.0,-139414741000.0,152409000.0,0.0,-12877709000.0,-996709046000.0,-11304247000.0,0.0,-1617567000.0,0.0,-530571585000.0,0.0,5317475000.0,-538175924000.0,350000000.0,0.0,2038386835000.0,-350165004000.0,0.0,0.0,1688571831000.0,153686861000.0,1172191277000.0,,1325878138000.0,,,,,,,
KDH,2022,1,KDH,cash_flow,309830797000.0,3083540000.0,2632000.0,,-2485108000.0,1186027000.0,,311617888000.0,1074652764000.0,-3736647325000.0,2133200053000.0,19391286000.0,-50845778000.0,-204179360000.0,0.0,-27234937000.0,-480045409000.0,-19312396000.0,0.0,0.0,0.0,0.0,0.0,2950582000.0,-16361814000.0,0.0,0.0,385117570000.0,-81896000000.0,0.0,0.0,303221570000.0,-193185653000.0,1365376930000.0,,1172191277000.0,,,,,,,
KDH,2021,4,KDH,cash_flow,532828484000.0,2681598000.0,-788763000.0,,-6994911000.0,1203519000.0,,528929927000.0,-256309848000.0,-897468130000.0,-363924337000.0,23188886000.0,-87202967000.0,-93000000000.0,0.0,-15558438000.0,-1161344907000.0,-11192513000.0,450000000.0,-69400000000.0,0.0,0.0,0.0,6563551000.0,-73578962000.0,0.0,0.0,57983146000.0,-309439348000.0,0.0,0.0,-251456202000.0,-1486380071000.0,2851757000000.0,,1365376929000.0,,,,,,,
KDH,2021,3,KDH,cash_flow,400513132000.0,2516444000.0,0.0,,-1407551000.0,-496459000.0,,401125566000.0,-103060533000.0,488471266000.0,-837344928000.0,113600260000.0,-55744958000.0,209000.0,0.0,-18120401000.0,-11073519000.0,-9743357000.0,0.0,0.0,0.0,0.0,0.0,1460627000.0,-8282730000.0,808283291000.0,0.0,829878267000.0,-615916608000.0,0.0,0.0,1022244950000.0,1002888701000.0,1848868299000.0,,2851757000000.0,,,,,,,
KDH,2021,2,KDH,cash_flow,338245183000.0,2657670000.0,0.0,,-6131643000.0,13858992000.0,,348630202000.0,-166436254000.0,73916626000.0,-253244046000.0,78873492000.0,-75338084000.0,-6866366000.0,0.0,-34433748000.0,-34898178000.0,-13801096000.0,0.0,0.0,9973272000.0,0.0,0.0,6101105000.0,2273281000.0,128120000000.0,0.0,804943293000.0,-430506637000.0,0.0,0.0,502556656000.0,469931759000.0,1378936540000.0,,1848868299000.0,,,,,,,
KDH,2021,1,KDH,cash_flow,268254644000.0,2620347000.0,974897000.0,,-5179023000.0,1720743000.0,,268391608000.0,-33221675000.0,-75006521000.0,-517685585000.0,49307183000.0,-23471745000.0,-446700023000.0,0.0,-29773783000.0,-808160541000.0,-14374999000.0,0.0,0.0,-9973272000.0,0.0,0.0,5319298000.0,-19028973000.0,0.0,0.0,481376663000.0,-110998486000.0,0.0,0.0,370378177000.0,-456811337000.0,1835747877000.0,,1378936540000.0,,,,,,,
KDH,2020,4,KDH,cash_flow,460211064000.0,4738777000.0,-26127000.0,,-9814296000.0,53408000.0,,455162826000.0,41728161000.0,-256993528000.0,-1232136379000.0,42864379000.0,-60166805000.0,-1391156000.0,0.0,-4177704000.0,-1015110206000.0,-5862187000.0,0.0,-42023224000.0,32490641000.0,0.0,0.0,10913405000.0,-4481365000.0,0.0,0.0,147339684000.0,-85456261000.0,0.0,0.0,61883423000.0,-957708148000.0,2783923442000.0,,1826215294000.0,,,,,,,
KDH,2020,3,KDH,cash_flow,469636317000.0,775721000.0,-70763000.0,,-14721515000.0,48750000.0,,455668510000.0,291246684000.0,468076867000.0,-470068433000.0,27558822000.0,-38784649000.0,-5345572000.0,0.0,-2758048000.0,725594181000.0,-36484236000.0,0.0,32490641000.0,-32490641000.0,0.0,0.0,14016953000.0,-22467283000.0,104220000000.0,0.0,502413374000.0,-87963417000.0,0.0,-262289235000.0,256380722000.0,959507620000.0,1824415822000.0,,2783923442000.0,,,,,,,
KDH,2020,2,KDH,cash_flow,323177821000.0,2659564000.0,186656000.0,,-5645536000.0,50000000.0,,320428505000.0,-330885515000.0,-323299444000.0,641986777000.0,-22764082000.0,-33663960000.0,-73047000.0,0.0,-2577700000.0,249151534000.0,-5795740000.0,0.0,0.0,10290641000.0,-9600000000.0,0.0,5413346000.0,308247000.0,800000000.0,-419064794000.0,755469047000.0,-341886466000.0,0.0,0.0,-4682213000.0,244777568000.0,1579638254000.0,,1824415822000.0,,,,,,,
KDH,2020,1,KDH,cash_flow,204747087000.0,2573025000.0,-92043000.0,,-4790893000.0,0.0,,202437176000.0,263591628000.0,-188722332000.0,82971949000.0,-56658378000.0,-3291245000.0,-70717897000.0,0.0,-24193443000.0,205417458000.0,-2733324000.0,102000000.0,0.0,22200000000.0,0.0,0.0,6913814000.0,26482490000.0,0.0,0.0,474581770000.0,-301837880000.0,0.0,0.0,172743890000.0,404643838000.0,1174994416000.0,,1579638254000.0,,,,,,,
KDH,2019,4,KDH,cash_flow,523170933000.0,2825248000.0,654883000.0,,-6790005000.0,-8810546000.0,,511050513000.0,-979786516000.0,-650982327000.0,1422386654000.0,-78020088000.0,-43391412000.0,-22135964000.0,0.0,-12657265000.0,146463595000.0,-15502869000.0,0.0,-373123000.0,60000000000.0,0.0,0.0,6115697000.0,50239705000.0,0.0,0.0,126553119000.0,-153144684000.0,0.0,0.0,-26591565000.0,170111735000.0,1004923722000.0,,1175035457000.0,,,,,,,
KDH,2019,3,KDH,cash_flow,370884582000.0,2434775000.0,-46895000.0,,-13673273000.0,3040827000.0,,362640016000.0,-516509627000.0,-568779882000.0,360351939000.0,-45426497000.0,-3738709000.0,-15599462000.0,0.0,-83377000.0,-427145599000.0,-66491885000.0,0.0,-22200000000.0,0.0,0.0,0.0,13274473000.0,-75417412000.0,43140000000.0,0.0,52424000.0,-66651813000.0,0.0,0.0,-23459389000.0,-526022400000.0,1530946122000.0,,1004923722000.0,,,,,,,
KDH,2019,2,KDH,cash_flow,149324340000.0,2050471000.0,-184199000.0,,-12431322000.0,142160000.0,,138901450000.0,-299243897000.0,-232681829000.0,826482385000.0,-41576958000.0,-27255657000.0,-230817000.0,0.0,-1048470000.0,363346207000.0,-116291946000.0,0.0,-69917518000.0,0.0,0.0,0.0,38782490000.0,-147426974000.0,49860000000.0,0.0,531836668000.0,-406919603000.0,0.0,-207011676000.0,-32234611000.0,183684622000.0,1347261500000.0,,1530946122000.0,,,,,,,
KDH,2019,1,KDH,cash_flow,147250696000.0,2033795000.0,-2425783000.0,,-8698865000.0,7511718000.0,,145671561000.0,-21950392000.0,247135800000.0,-403561219000.0,4677293000.0,-14343939000.0,-200638770000.0,0.0,-23425298000.0,-266434964000.0,-13190599000.0,0.0,0.0,0.0,0.0,0.0,8698865000.0,-4491734000.0,0.0,0.0,2927412000.0,-220445526000.0,0.0,0.0,-217518114000.0,-488444812000.0,1835706312000.0,,1347261500000.0,,,,,,,
KDH,2018,4,KDH,cash_flow,544643659000.0,1788481000.0,2063180000.0,,136440000.0,14434312000.0,,563066072000.0,805547619000.0,-50951996000.0,-222314618000.0,39521685000.0,-23323368000.0,-71801210000.0,0.0,-1696988000.0,1038047196000.0,-38826295000.0,0.0,-45300000000.0,45000000000.0,355198560000.0,112761000000.0,-15734673000.0,413098592000.0,64701440000.0,0.0,1256294868000.0,-2452247042000.0,0.0,-192700633000.0,-1323951367000.0,127194421000.0,1708511891000.0,,1835706312000.0,,,,,,,
KDH,2018,3,KDH,cash_flow,224731662000.0,4437894000.0,-10067434000.0,,-44925809000.0,8670459000.0,,182846772000.0,312560533000.0,-540071254000.0,433234715000.0,-6893138000.0,-46546239000.0,-15425402000.0,0.0,-1719687000.0,317986300000.0,-32222271000.0,0.0,45300000000.0,-4000000000.0,-355198560000.0,0.0,8012406000.0,-338108425000.0,37298560000.0,0.0,399013529000.0,-133014047000.0,0.0,-1215525000.0,302082517000.0,281960392000.0,1426551499000.0,,1708511891000.0,,,,,,,
KDH,2018,2,KDH,cash_flow,181051999000.0,1916148000.0,26531000.0,,-147615359000.0,6239815000.0,,41619134000.0,-15326341000.0,-434118712000.0,133230945000.0,28151360000.0,-27383010000.0,-17605280000.0,0.0,-15835280000.0,-307267184000.0,-43751420000.0,550000000.0,-45300000000.0,4000000000.0,191195485000.0,320868435000.0,52454756000.0,480017256000.0,200000000.0,0.0,241348618000.0,-351005921000.0,0.0,0.0,-109457303000.0,63292769000.0,1363258730000.0,,1426551499000.0,,,,,,,
KDH,2018,1,KDH,cash_flow,131005761000.0,1749079000.0,0.0,,-20891800000.0,10183927000.0,,122046967000.0,-618848494000.0,58803741000.0,29400969000.0,-76567478000.0,-45365257000.0,-144571488000.0,0.0,-899157000.0,-676000197000.0,-50631935000.0,0.0,0.0,0.0,-191195485000.0,6092565000.0,15900868000.0,-219833987000.0,205750000000.0,0.0,0.0,-538229856000.0,0.0,0.0,-332479856000.0,-1228314040000.0,2591572770000.0,,1363258730000.0,,,,,,,
KDH,2017,4,KDH,cash_flow,235526233000.0,1781587000.0,-55963000.0,,-17162417000.0,-14672288000.0,,205417152000.0,-109660225000.0,-383222739000.0,171068605000.0,-42794562000.0,31654916000.0,-25153971000.0,0.0,0.0,-152690824000.0,0.0,76263390000.0,84498751000.0,-1681818000.0,3814278000.0,0.0,17503025000.0,180397626000.0,1487458215000.0,0.0,-581132902000.0,-86838256000.0,0.0,-233999892000.0,585487165000.0,613193967000.0,1978126976000.0,,2591320943000.0,,,,,,,
KDH,2017,3,KDH,cash_flow,175065554000.0,1527610000.0,-82368000.0,,-10026211000.0,4972206000.0,,171456791000.0,348895437000.0,-334137145000.0,13365361000.0,-46065992000.0,-8351904000.0,-14189725000.0,0.0,0.0,130972823000.0,-4227451000.0,-1260000000.0,0.0,1681818000.0,-3814278000.0,-1000.0,10026339000.0,2406427000.0,85000000.0,0.0,1131132902000.0,-105680542000.0,0.0,0.0,1025537360000.0,1158916610000.0,819210366000.0,,1978126976000.0,,,,,,,
KDH,2017,2,KDH,cash_flow,205656710000.0,-122487000.0,22296000.0,,-35181904000.0,12430378000.0,,182804993000.0,-407216543000.0,575094231000.0,-338926122000.0,12344476000.0,-28040259000.0,-69175912000.0,0.0,-899157000.0,-74014293000.0,5662265000.0,1260000000.0,0.0,-20060314000.0,0.0,6092565000.0,20999328000.0,13953844000.0,50000000.0,0.0,347503830000.0,-427305050000.0,0.0,0.0,-79751220000.0,-139811669000.0,959022035000.0,,819210366000.0,,,,,,,
KDH,2017,1,KDH,cash_flow,149687544000.0,4405094000.0,-155296000.0,,-8583703000.0,1718743000.0,,147072382000.0,-84558692000.0,194126553000.0,196407823000.0,-335778000.0,-45724789000.0,-15867941000.0,0.0,0.0,391119558000.0,-7407027000.0,0.0,0.0,20060314000.0,0.0,0.0,9865958000.0,22519245000.0,0.0,0.0,123156030000.0,-637261967000.0,0.0,0.0,-514105937000.0,-100467134000.0,1059489169000.0,,959022035000.0,,,,,,,
KDH,2016,4,KDH,cash_flow,-479098224000.0,1433533000.0,2062773000.0,,4703469000.0,30259666000.0,,-440638783000.0,-488575049000.0,1219991319000.0,-269463824000.0,-18859010000.0,-39139010000.0,-32105435000.0,0.0,0.0,-68789792000.0,195528600000.0,0.0,0.0,0.0,0.0,0.0,-8152553000.0,187376047000.0,35000000000.0,0.0,110115919000.0,-646421941000.0,0.0,0.0,-501306022000.0,-382719767000.0,798261130000.0,,415541363000.0,,,,,,,
KDH,2016,3,KDH,cash_flow,89162462000.0,1319601000.0,176267000.0,,-363120000.0,7365068000.0,,97660278000.0,-151054417000.0,-195384423000.0,321986114000.0,5881648000.0,-16116451000.0,-12238223000.0,0.0,0.0,50734526000.0,6540388000.0,0.0,0.0,0.0,0.0,0.0,1564421000.0,8104809000.0,0.0,0.0,206708687000.0,-43694780000.0,0.0,0.0,163013907000.0,221853242000.0,576407888000.0,,798261130000.0,,,,,,,
KDH,2016,2,KDH,cash_flow,154007820000.0,2428108000.0,-83447000.0,,-2404016000.0,3891104000.0,,157839569000.0,93572367000.0,35299940000.0,233029804000.0,-13876626000.0,32405622000.0,-12810280000.0,0.0,-34348977000.0,491111419000.0,-5340699000.0,0.0,0.0,43500000000.0,0.0,0.0,31870641000.0,70029942000.0,0.0,0.0,166648499000.0,-622323845000.0,0.0,-72346966000.0,-528022312000.0,33119049000.0,543288839000.0,,576407888000.0,,,,,,,
KDH,2016,1,KDH,cash_flow,135923716000.0,2727336000.0,-92820000.0,,-12660967000.0,5097734000.0,,130994999000.0,-174587569000.0,136436409000.0,-250830785000.0,14749710000.0,-41729129000.0,-41070212000.0,0.0,-3859135000.0,-229895712000.0,-39678158000.0,0.0,0.0,0.0,0.0,0.0,5570241000.0,-34107917000.0,525000000.0,0.0,92229286000.0,-304141533000.0,0.0,36173483000.0,-175213764000.0,-439217393000.0,982506232000.0,,543288839000.0,,,,,,,
KDH,2015,4,KDH,cash_flow,109646721000.0,347976000.0,0.0,,-31039468000.0,125859000.0,,79081088000.0,822927267000.0,-2492584563000.0,922675636000.0,-6595227000.0,-106145994000.0,-48568960000.0,108826206000.0,380276000.0,-720004271000.0,-24505165000.0,-572851000.0,0.0,0.0,554759145000.0,0.0,-3246379000.0,526434750000.0,964357967000.0,0.0,-419287987000.0,382456269000.0,0.0,0.0,927526249000.0,733956728000.0,248549533000.0,,982506261000.0,,,,,,,
KDH,2015,3,KDH,cash_flow,82555214000.0,758483000.0,0.0,,-3284368000.0,1456666000.0,,81485995000.0,327821043000.0,-820170659000.0,-105895619000.0,-3055185000.0,-1456666000.0,-4423779000.0,0.0,-20868000.0,-525715738000.0,203625000.0,572851000.0,0.0,0.0,-554759145000.0,0.0,2724792000.0,-551257877000.0,0.0,0.0,1051648273000.0,-358459778000.0,0.0,0.0,693188495000.0,-383785120000.0,632334653000.0,,248549533000.0,,,,,,,
KDH,2015,2,KDH,cash_flow,65237842000.0,784539000.0,0.0,,-4300560000.0,-4473220000.0,,57248601000.0,-328217264000.0,-65727173000.0,69009772000.0,-11049312000.0,15239667000.0,-8429246000.0,0.0,-217501000.0,-272142456000.0,-6350460000.0,1704273000.0,0.0,0.0,54977282000.0,111080340000.0,3901639000.0,165313074000.0,454552000.0,0.0,-273117284000.0,306726440000.0,0.0,0.0,34063708000.0,-72765674000.0,705100327000.0,,632334653000.0,,,,,,,
KDH,2015,1,KDH,cash_flow,62392585000.0,732425000.0,0.0,,-35191504000.0,8266765000.0,,36200271000.0,-168121499000.0,-165861210000.0,6082234000.0,904188000.0,-24479879000.0,-18952652000.0,0.0,-141907000.0,-334370454000.0,-102659000.0,0.0,0.0,0.0,-281664830000.0,0.0,5369135000.0,-276398354000.0,849272000000.0,0.0,756110072000.0,-724201643000.0,0.0,0.0,881180429000.0,270411621000.0,434688706000.0,,705100327000.0,,,,,,,
KDH,2014,4,KDH,cash_flow,9346523000.0,731407000.0,0.0,,208438270000.0,11061389000.0,,229577589000.0,-4281686000.0,-846259627000.0,-48114475000.0,7246439000.0,0.0,572764000.0,0.0,114171000.0,-661144825000.0,-219138000.0,0.0,0.0,0.0,-27000000000.0,-9876805000.0,5090338000.0,-32005605000.0,0.0,0.0,762167427000.0,-75614050000.0,0.0,0.0,686553377000.0,-6597053000.0,441285759000.0,,434688706000.0,,,,,,,
KDH,2014,3,KDH,cash_flow,35847272000.0,718341000.0,0.0,,-58759172000.0,3559000000.0,,-18634559000.0,-337562026000.0,8245185000.0,6712626000.0,-5392011000.0,0.0,-7837101000.0,0.0,-1017000.0,-354468903000.0,0.0,0.0,0.0,0.0,532289846000.0,56538000000.0,2238335000.0,591066181000.0,-55058331000.0,55058331000.0,143669903000.0,-200399542000.0,0.0,0.0,-56729639000.0,179867639000.0,261418120000.0,,441285759000.0,,,,,,,
KDH,2014,2,KDH,cash_flow,42856778000.0,667194000.0,0.0,,-68986397000.0,5650563000.0,,-19811862000.0,296576154000.0,-168377596000.0,155239210000.0,-5206038000.0,-10445353000.0,-7000000000.0,0.0,-283206000.0,240691309000.0,-1207210000.0,0.0,0.0,0.0,-583289846000.0,145553468000.0,343358000.0,-438600230000.0,363335351000.0,35000000.0,17726359000.0,0.0,0.0,0.0,381096710000.0,183187789000.0,78230331000.0,,261418120000.0,,,,,,,
KDH,2014,1,KDH,cash_flow,16835073000.0,653212000.0,0.0,,-858524000.0,6019827000.0,,22649588000.0,-99933316000.0,-456153000.0,-56812430000.0,-860107000.0,-15794840000.0,-5000000000.0,0.0,-215324000.0,-156422582000.0,-48609000.0,0.0,0.0,0.0,0.0,0.0,858524000.0,809915000.0,67377000000.0,0.0,77948445000.0,0.0,0.0,0.0,145325445000.0,-10287222000.0,88517553000.0,,78230331000.0,,,,,,,
KDH,2013,4,KDH,cash_flow,-5780202000.0,-27868475000.0,0.0,,-108851261000.0,7067371000.0,,-135432567000.0,-169080474000.0,121380266000.0,262367931000.0,-331644000.0,-17830986000.0,5974720000.0,0.0,14527227000.0,81574473000.0,666307000.0,0.0,0.0,0.0,231462008000.0,-303897263000.0,13450189000.0,-58318759000.0,0.0,0.0,-14683237000.0,6600225000.0,-409919000.0,0.0,-8492931000.0,14762783000.0,73754770000.0,,88517553000.0,,,,,,,
KDH,2013,3,KDH,cash_flow,-113685629000.0,17646315000.0,0.0,,77669631000.0,20606653000.0,,2236970000.0,-8463689000.0,-11186034000.0,-43699110000.0,1377423000.0,-11569312000.0,-12552612000.0,0.0,7078732000.0,-76777632000.0,-742277000.0,0.0,20000000000.0,0.0,-281693233000.0,281693233000.0,1937970000.0,21195693000.0,0.0,-20892413000.0,-161261552000.0,142363997000.0,409919000.0,0.0,-39380049000.0,-94961988000.0,168716758000.0,,73754770000.0,,,,,,,
KDH,2013,2,KDH,cash_flow,-73058570000.0,10766341000.0,0.0,,14185382000.0,1018143000.0,,-47088704000.0,78871164000.0,393852288000.0,-243907893000.0,-972427000.0,-21059024000.0,-3922108000.0,0.0,-21732204000.0,134041092000.0,3147722000.0,0.0,70000000000.0,-91400000000.0,-39014000000.0,35404030000.0,1608089000.0,-20254159000.0,0.0,0.0,167345900000.0,-273689337000.0,-333493000.0,0.0,-106676930000.0,7110003000.0,161606755000.0,,168716758000.0,,,,,,,
KDH,2013,1,KDH,cash_flow,2987317000.0,3478737000.0,0.0,,-1657401000.0,13436687000.0,,18245340000.0,161852242000.0,-457609740000.0,196118799000.0,55870000.0,-12993795000.0,-5500000000.0,0.0,0.0,-99831284000.0,-3147722000.0,0.0,-90000000000.0,91400000000.0,0.0,0.0,1657401000.0,-90321000.0,0.0,0.0,209867406000.0,-55675640000.0,-76426000.0,0.0,154115340000.0,54193735000.0,107413020000.0,,161606755000.0,,,,,,,
NVL,2025,4,NVL,cash_flow,4033655202991.0,258996012053.0,38509511237.0,-103516801497.0,-1510571392693.0,42414734009.0,,2759487266100.0,366005748528.0,665354951691.0,73705309839.0,-191750262732.0,-534125359397.0,-2069013176.0,0.0,0.0,3136608640853.0,-9131666113.0,20195700019.0,-6818092309289.0,899721013342.0,-2107099006094.0,1405434329991.0,205462994456.0,-6403508943688.0,486837222500.0,-80866005.0,7552141068084.0,-4214446948243.0,,0.0,3824450476336.0,557550173501.0,3837770809681.0,-13344.0,4395320969838.0,,,,,,,
NVL,2025,3,NVL,cash_flow,-782194980858.0,259285996411.0,9928614333.0,127484576653.0,-204970115487.0,31627274551.0,,-558838634397.0,2501481300200.0,-509454337905.0,-2151204020567.0,-5358568328.0,-659028449301.0,-244284601065.0,0.0,0.0,-1626687311363.0,-9705460287.0,554545454.0,-2247248462573.0,1178095460622.0,-135451100000.0,75231800000.0,287849653057.0,-850673563727.0,0.0,0.0,4246681658506.0,-2237528693054.0,,0.0,2009152965452.0,-468207909638.0,4305979590796.0,-871477.0,3837770809681.0,,,,,,,
NVL,2025,2,NVL,cash_flow,-138474317325.0,254999998866.0,38088769225.0,479790582988.0,-186676005636.0,33142528652.0,,480871556770.0,-3572574722878.0,224500513755.0,-3241015085067.0,-14718728094.0,-376825903678.0,-120326542154.0,0.0,0.0,-6620088911346.0,-4956770776.0,-1850000000.0,-1016617434075.0,188476239007.0,-1628248000000.0,5107498000000.0,54199563720.0,2698501597876.0,430800000.0,0.0,2632511366164.0,-489721297884.0,,0.0,2143220868280.0,-1778366445190.0,6084349341608.0,-3305622.0,4305979590796.0,,,,,,,
NVL,2025,1,NVL,cash_flow,-122265489886.0,270407532392.0,4966144897.0,160837684523.0,-159214869161.0,40034933347.0,,194765936112.0,1537190238988.0,-479669244990.0,-939897598348.0,-59009095033.0,-1066857762635.0,-22137730532.0,0.0,0.0,-835615256438.0,0.0,2564005060.0,-1635421798600.0,1250688771361.0,-1401500000000.0,6088322000000.0,517635614945.0,4822288592766.0,0.0,-48951000000.0,6816873665159.0,-9277848926571.0,,-197028.0,-2509926458440.0,1476746877888.0,4607601921683.0,542037.0,6084349341608.0,,,,,,,
NVL,2024,4,NVL,cash_flow,548173582239.0,682877785169.0,44338178577.0,664074725500.0,-146746703783.0,58981908355.0,,1851699476057.0,2755147085953.0,294753456789.0,-4237525021018.0,108518397453.0,-491381490892.0,-221281269543.0,0.0,0.0,59930634799.0,2783875522.0,3013267667.0,-910627081891.0,425993026914.0,-3700000000.0,39275000000.0,43127324253.0,-400134587535.0,0.0,-136000000.0,3086318505314.0,-1958110891510.0,,-3838095.0,1128067775709.0,787863822973.0,3819734643584.0,3455126.0,4607601921683.0,,,,,,,
NVL,2024,3,NVL,cash_flow,3577960492933.0,288523441692.0,-3400520983.0,-591085007316.0,-1076549858931.0,82961668059.0,,2278410215454.0,6911492019369.0,546760961344.0,-11407676463960.0,-7450829874.0,-187246035956.0,-38633805665.0,0.0,0.0,-1904343939288.0,-5666666667.0,714194994.0,-952898272905.0,444635180251.0,0.0,1861730000000.0,1133751612670.0,2482266048343.0,0.0,-274000000.0,1360802998671.0,-263810544537.0,,0.0,1096718454134.0,1674640563189.0,2145098581139.0,-4500744.0,3819734643584.0,,,,,,,
NVL,2024,2,NVL,cash_flow,-6468032123237.0,301121532385.0,299981473220.0,381312680807.0,671155018398.0,73986194029.0,,-4740475224398.0,-3809870965784.0,-2564683653183.0,10142793049148.0,-60073721761.0,-464907815818.0,-122066514068.0,0.0,0.0,-1619284845864.0,0.0,4077272727.0,-974351934603.0,311765922474.0,0.0,642264955571.0,67332538237.0,51088754406.0,0.0,-3083000.0,940018384621.0,-365357371254.0,,-29921306.0,574628009061.0,-993568082397.0,3138663556178.0,3107358.0,2145098581139.0,,,,,,,
NVL,2024,1,NVL,cash_flow,-213766226284.0,280509380799.0,-17474178.0,452461101182.0,-172156375276.0,77234499228.0,,424264905471.0,5572041630622.0,-412440216481.0,-7311802319724.0,-38477189033.0,-554046981357.0,-187019794798.0,0.0,0.0,-2507479965300.0,-2783875522.0,0.0,-88665163563.0,1747033548519.0,0.0,350343399752.0,70955252308.0,2076883161494.0,0.0,0.0,702083735003.0,-545342993982.0,,0.0,156740741021.0,-273856062785.0,3412524436724.0,-4817761.0,3138663556178.0,,,,,,,
NVL,2023,4,NVL,cash_flow,2054820384890.0,288544762506.0,28722840640.0,-27778248411.0,-333875374273.0,-203481765197.0,,1806952600155.0,10683501123512.0,-214230239839.0,-7283760256885.0,69640177459.0,-739342186397.0,-144616061586.0,0.0,0.0,4178145156419.0,757081336.0,53481508105.0,-3517347128472.0,570060888808.0,0.0,557528102267.0,295663151252.0,-2039856396704.0,0.0,-15000000.0,3208101402289.0,-5369403824414.0,,-25239053.0,-2161342661178.0,-23053901463.0,3434802946356.0,345482359.0,3412094527252.0,,,,,,,
NVL,2023,3,NVL,cash_flow,484428731947.0,271871506561.0,10376312402.0,548288546372.0,-1346674011299.0,174570753081.0,,142861839064.0,5801162703542.0,-397664353213.0,-9644245019808.0,-34978710181.0,-1309125031543.0,-238509985289.0,0.0,0.0,-5680498557428.0,-10925269793.0,6396701340.0,-95707212728.0,848687891750.0,0.0,3219306049208.0,200342442997.0,4168100602774.0,0.0,0.0,1146232278610.0,-234653236348.0,,0.0,911579042262.0,-600818912392.0,4035618643443.0,3215305.0,3434802946356.0,,,,,,,
NVL,2023,2,NVL,cash_flow,-289753508423.0,272286089904.0,165348674549.0,94901067884.0,-160245873333.0,209035591374.0,,291572041955.0,-168348294133.0,-621194449496.0,941577721260.0,-152221107084.0,-533888078666.0,-24804309993.0,0.0,0.0,-267306476157.0,605156451.0,26285087450.0,-396105785685.0,454551461471.0,0.0,0.0,151691349184.0,237027268871.0,0.0,0.0,456531780333.0,-1754406716332.0,,0.0,-1297874935999.0,-1328154143285.0,5363772012819.0,773909.0,4035618643443.0,,,,,,,
NVL,2023,1,NVL,cash_flow,-87020262382.0,272923678405.0,1112784000.0,-63438244503.0,-190568535043.0,175183988105.0,,108193408582.0,-123701996063.0,-279822773700.0,452822586481.0,-52762489719.0,-1508911924032.0,-8149168308.0,0.0,0.0,-1412332356759.0,-3203338269.0,3618000000.0,-163234568713.0,368515739266.0,0.0,23960000000.0,115961907375.0,345617739659.0,0.0,0.0,57915000000.0,-2227598147843.0,,0.0,-2169683147843.0,-3236397764943.0,8600170523502.0,-745740.0,5363772012819.0,,,,,,,
NVL,2022,4,NVL,cash_flow,736273806487.0,279538848257.0,-2303574776.0,-222701230887.0,-215840831283.0,226650444291.0,,801617462089.0,-2634282836173.0,-1716637836339.0,-366712828479.0,-1551506495.0,-1197827861422.0,-101721373419.0,0.0,0.0,-5217116780238.0,-22422277674.0,1704545455.0,-2279035448058.0,3363321259194.0,-1313133524878.0,0.0,-58618914586.0,-308184360547.0,0.0,0.0,2411969180173.0,-9454585467757.0,,-52050.0,-7042616339634.0,-12567917480419.0,21167861688403.0,-2245548.0,8599941962436.0,,,,,,,
NVL,2022,3,NVL,cash_flow,736651577947.0,252870437664.0,-1848940356.0,420848955470.0,-933762993211.0,245280089999.0,,720039127513.0,-11923667131487.0,-4804298429447.0,16814984807879.0,-425075330974.0,-1784397724816.0,-25229021775.0,0.0,0.0,-1427643703107.0,-12013348141.0,0.0,-3852278890707.0,3665772257186.0,-2641705000000.0,4566284376326.0,383321089963.0,2109380484627.0,8899290000.0,0.0,8873269423778.0,-5400684571941.0,,11200.0,3481484153037.0,4163220934557.0,17004752901103.0,-112147257.0,21167861688403.0,,,,,,,
NVL,2022,2,NVL,cash_flow,1289499468278.0,256270595338.0,3868794278.0,261221759396.0,-1161518757634.0,241437974624.0,,890779834280.0,-6074528432036.0,-3287877735219.0,14468541202631.0,-203560303704.0,-1523274147267.0,-38454003414.0,0.0,0.0,4231626415271.0,-66544295262.0,112022742912.0,-1284325476983.0,4174631442223.0,-8693145536218.0,1852631535000.0,157348292264.0,-3747381296064.0,241071300000.0,0.0,8366915720123.0,-9811864989038.0,,-1041000.0,-1203879009915.0,-719633890708.0,17724337297580.0,49494231.0,17004752901103.0,,,,,,,
NVL,2022,1,NVL,cash_flow,1351398600401.0,-1016477290937.0,-1072474947.0,32919124581.0,-308789067559.0,238375331415.0,,296354222954.0,706783324196.0,-290291723349.0,797503282896.0,-160918196898.0,-1670159599159.0,-528193725890.0,0.0,0.0,-848922415250.0,-108782456173.0,1770284100.0,-2005022014471.0,2739920356503.0,-7455138947294.0,1289044266554.0,26167219953.0,-5512041290828.0,970700000.0,0.0,10205474262303.0,-3370320840033.0,,0.0,6836124122270.0,475160416192.0,17249156145556.0,20735832.0,17724337297580.0,,,,,,,
NVL,2021,4,NVL,cash_flow,1440252782100.0,-277834310442.0,-13735772592.0,47527824971.0,-179655137319.0,264769634341.0,,1281325021059.0,-6543783831286.0,-780122271848.0,11496289772614.0,-114390992840.0,-951256849272.0,-630016734730.0,0.0,0.0,3758044113697.0,-848402256514.0,2011461428.0,-3975968947468.0,3159765154618.0,-3064607251341.0,46500000000.0,82435106960.0,-4598266732317.0,-390000000.0,-196049500000.0,6088242998012.0,-3025053981043.0,,-412144000.0,2866337372969.0,2026114754349.0,15223064990931.0,-15741517.0,17249164003763.0,,,,,,,
NVL,2021,3,NVL,cash_flow,895464336034.0,183714841270.0,8817876440.0,-158228463832.0,-577093043143.0,167876935867.0,,520552482636.0,-4063818989608.0,-1465965579801.0,6463834343983.0,-164774495412.0,-1371678753859.0,-226233741666.0,0.0,0.0,-308084733727.0,-31777349902.0,0.0,-1254872457749.0,1179549002935.0,-3031525694993.0,937518197518.0,254248291278.0,-1946860010913.0,-500000000.0,0.0,13141603573296.0,-7795220830006.0,,0.0,5345882743290.0,3090937998650.0,12132219928054.0,-92935773.0,15223064990931.0,,,,,,,
NVL,2021,2,NVL,cash_flow,1496612262976.0,-1416282833316.0,-658187587.0,-45784168882.0,-903798470807.0,124910672403.0,,-745000725213.0,-1887271039668.0,-4550158475661.0,6600576575573.0,-111518281891.0,-688128830396.0,-41347822713.0,0.0,0.0,-1422848599969.0,-4069610224.0,3977684.0,-2662785576996.0,2351742581053.0,-6226499082394.0,1908588889920.0,136786660635.0,-4496232160322.0,0.0,0.0,11563334011763.0,-6043950167048.0,,0.0,5519383844715.0,-399696915576.0,12556238887122.0,-24322043492.0,12132219928054.0,,,,,,,
NVL,2021,1,NVL,cash_flow,1261022887167.0,243553669763.0,-1026712133.0,-27447596179.0,-129367902323.0,30569377519.0,,1377303723814.0,-2925079441282.0,-2188827751894.0,7327049988603.0,-113962268838.0,-1479808218729.0,-182481364220.0,0.0,0.0,1814194667454.0,-11631704545.0,0.0,-3030409014329.0,1952737103269.0,-1272991100000.0,211000000000.0,58039809847.0,-2093254905758.0,4592143993600.0,0.0,5230651711233.0,-8570487906919.0,,-55330000.0,1252252467914.0,973192229610.0,11558787555672.0,24259101840.0,12556238887122.0,,,,,,,
NVL,2020,4,NVL,cash_flow,776609762793.0,238758080021.0,-686202115.0,-22589012376.0,-1095640201684.0,-2510229261.0,,-106057802622.0,-6655557573374.0,-10286622000894.0,9908636363416.0,-235345824811.0,-882265376685.0,-136439140306.0,0.0,0.0,-8393651355276.0,-36426453264.0,1567404305.0,-1910221488818.0,2609525342782.0,-1334885860063.0,6290290066204.0,99235962532.0,5719084973678.0,49043033000.0,0.0,8969586583257.0,-4482915265467.0,,-56405641.0,4535657945149.0,1861091563551.0,9697718598051.0,-22605930.0,11558787555672.0,,,,,,,
NVL,2020,3,NVL,cash_flow,2362553255624.0,7502082710.0,6791991249.0,-13943864166.0,-2381776211914.0,270439461378.0,,251566714881.0,-7155275654941.0,-2026717848313.0,13893323618245.0,-29675746785.0,-822776196290.0,-2895221428.0,0.0,0.0,4107549665369.0,-22871248145.0,13386363637.0,-4179587401492.0,374863901949.0,-2534506628125.0,927374904873.0,104133839679.0,-5317206267624.0,292646537000.0,-2355000.0,9333117237699.0,-4548483037046.0,,-49460850941.0,5027817531712.0,3818160929457.0,5879568292345.0,-10623751.0,9697718598051.0,,,,,,,
NVL,2020,2,NVL,cash_flow,997519713904.0,246150803653.0,2217322862.0,-54564062176.0,-1759879330431.0,172679428765.0,,-395876123423.0,794535953902.0,-1116283691321.0,3221346667722.0,21122634822.0,-777980275724.0,-78240044664.0,0.0,0.0,1668625121314.0,-86997262335.0,12832609199.0,-70236066220.0,79365080609.0,-5361592147174.0,2390891221110.0,28674679396.0,-3007061885415.0,280000000000.0,-1506000000.0,7231128786318.0,-4165007084291.0,,0.0,3344615702027.0,2006178937926.0,3874954562514.0,-1565208095.0,5879568292345.0,,,,,,,
NVL,2020,1,NVL,cash_flow,489291099790.0,243766175156.0,-2824562071.0,63228124153.0,-854915040495.0,136884802464.0,,75430598997.0,-1221046111754.0,-642428102098.0,1837882721718.0,28157080689.0,-649373670532.0,-100659189370.0,0.0,0.0,-672036672350.0,-53075701304.0,0.0,-85131273842.0,113471572946.0,-3594791526864.0,1061699108384.0,56380803185.0,-2501447017495.0,46637290000.0,0.0,4728954504466.0,-4194004393084.0,,0.0,581587401382.0,-2591896288463.0,6466219516377.0,631334600.0,3874954562514.0,,,,,,,
NVL,2019,4,NVL,cash_flow,2384947657548.0,-2264747829477.0,158593612160.0,-9898244127.0,-409168917588.0,413633297714.0,,261588044161.0,-1500625074532.0,-823272061253.0,1550925655192.0,3198871280.0,-661485036913.0,-129617460752.0,0.0,0.0,-1299287062817.0,-159329828249.0,-6681039640.0,-514574330533.0,280109919532.0,-3446258982923.0,1284175430550.0,18711498046.0,-2543847333217.0,203581230000.0,-82000000.0,10188571426913.0,-4335144448675.0,,0.0,6056926208238.0,2213791812204.0,4300966912717.0,-1539208914.0,6513219516007.0,,,,,,,
NVL,2019,3,NVL,cash_flow,556920374688.0,-1802668303.0,-3516750621.0,-20937061379.0,-343017098256.0,142420234298.0,,330067030427.0,1437452962751.0,267488960801.0,1246085416850.0,15608026843.0,-549357719641.0,-103446778050.0,0.0,0.0,2643897899981.0,-137486966366.0,13620107831.0,-136234474947.0,137840582067.0,-4608010166327.0,432259820000.0,83285865696.0,-4214725232046.0,397000000.0,0.0,4302178791499.0,-5756553132057.0,,0.0,-1453977340558.0,-3024804672623.0,7325834928936.0,-63343596.0,4300966912717.0,,,,,,,
NVL,2019,2,NVL,cash_flow,748951314838.0,-719586999648.0,-156319502.0,37176742700.0,-95791465054.0,239747280647.0,,210340553981.0,2817597271516.0,793429370288.0,-2168923510211.0,30213118352.0,-964562074529.0,-219034875020.0,0.0,0.0,499059854377.0,-66227680253.0,3702500000.0,-190346051490.0,-251448035809.0,-3713899214258.0,0.0,85435809453.0,-4132782672357.0,708000000.0,0.0,4352365451956.0,-2006846477780.0,,0.0,2346226974176.0,-1287495843804.0,8607213966768.0,147072599.0,7319865195563.0,,,,,,,
NVL,2019,1,NVL,cash_flow,581779205666.0,225190900703.0,-1831679682.0,-2147901988.0,-125979811322.0,398844309492.0,,1075855022869.0,-846157739417.0,2234029197383.0,-347088350910.0,70076648009.0,-474270048737.0,-519148667123.0,0.0,0.0,1193296062074.0,-20198640985.0,807500000.0,-221181987976.0,294162235379.0,-2630174711147.0,0.0,109029803058.0,-2467555801671.0,653500000.0,0.0,1617297059596.0,-4051651467291.0,,0.0,-2433700907695.0,-3707960647292.0,12315170763611.0,3850449.0,8607213966768.0,,,,,,,
NVL,2018,4,NVL,cash_flow,2748773023344.0,184313467731.0,12824093396.0,-39749833096.0,-568744225176.0,367864310985.0,,2705280837184.0,230161973596.0,1881459996481.0,-1667846553163.0,79718298855.0,-498101168457.0,-79192676674.0,0.0,0.0,2651480707822.0,-79243610359.0,44444654818.0,-119982474760.0,437904919724.0,-1524754801159.0,270000000.0,52882635815.0,-1188478675921.0,226590000000.0,-191000000.0,9211319523980.0,-3433993363648.0,,-8288670912.0,5995436489420.0,7458438521321.0,4869248099742.0,-744325383.0,12326942295680.0,,,,,,,
NVL,2018,3,NVL,cash_flow,803101180031.0,135522026171.0,-1035395668.0,93923281931.0,-860932658258.0,338942033843.0,,509520468050.0,1652151925194.0,-1382827457951.0,-2518377741719.0,4877598718.0,-451500969824.0,-196499299539.0,0.0,0.0,-2382655477071.0,-33985110943.0,146331969.0,-512356669849.0,603516465953.0,-1286691129631.0,699916757000.0,81635244610.0,-447818110891.0,-4601312324.0,-49785900000.0,2948523202995.0,-4035698710543.0,,0.0,-1141562719872.0,-3972036307834.0,8840789438874.0,494968702.0,4869248099742.0,,,,,,,
NVL,2018,2,NVL,cash_flow,936607185840.0,105701246531.0,-1135213378.0,66143230202.0,-726310070615.0,338601314582.0,,719607693162.0,1189152132192.0,-456340994795.0,315310647384.0,-52391815416.0,-422256858970.0,-132165221926.0,0.0,0.0,1160915581631.0,-54045952073.0,0.0,-31121107087.0,1293852083356.0,-5038170643994.0,133919017717.0,98119197537.0,-3597447404544.0,3324148227950.0,-69582000.0,5599908505987.0,-3382797719433.0,,0.0,5541189432504.0,3104657609591.0,5735709949403.0,421879880.0,8840789438874.0,,,,,,,
NVL,2018,1,NVL,cash_flow,229996903951.0,91515944144.0,-332470898.0,17217415965.0,-312817231738.0,396331820291.0,,421912381715.0,-245939323914.0,-178869739566.0,-169157198563.0,-18575066199.0,-421429882402.0,-245873729761.0,0.0,0.0,-857932558690.0,-3424339272.0,264545455.0,-36193351186.0,662353719082.0,-1382624918430.0,0.0,132024312352.0,-627600031999.0,98209620000.0,0.0,4404458256047.0,-3927073374853.0,,-4620091000.0,570974410194.0,-914558180495.0,6650160994741.0,107135157.0,5735709949403.0,,,,,,,
NVL,2017,4,NVL,cash_flow,1012723600117.0,86032142713.0,4833303955.0,-3791248976.0,-65939495755.0,448694782279.0,,1482553084333.0,-231984040793.0,693660736027.0,-641385089817.0,-152447950266.0,-387602471089.0,-350500058011.0,0.0,0.0,412294210384.0,-133393271883.0,5738290118.0,-432856413073.0,3120597216829.0,-791472696462.0,13225200000.0,140532881777.0,1922371207306.0,201123900000.0,0.0,1737616000000.0,-2029699463839.0,,-45800436000.0,-136759999839.0,2197905417851.0,4452270397492.0,-14820602.0,6650160994741.0,,,,,,,
NVL,2017,3,NVL,cash_flow,558089876919.0,88462813426.0,-171362642.0,-1468307881.0,-203962935401.0,319415335444.0,,760365419865.0,1223866837642.0,-780037379548.0,-1110042712338.0,-25014768798.0,-276245594888.0,-112464576717.0,0.0,0.0,-319572774782.0,-952704772026.0,1592727273.0,-386500000000.0,702726861454.0,-1811820278347.0,1655908855516.0,118927867318.0,-671868738812.0,85748000000.0,-405000000000.0,5345116682982.0,-4272629206966.0,,-22119501000.0,731115975016.0,-260325538578.0,4712594963976.0,972094.0,4452270397492.0,,,,,,,
NVL,2017,2,NVL,cash_flow,465316051093.0,230442847155.0,-148517899.0,37799109.0,-769348182826.0,265274599891.0,,191574596523.0,789850138811.0,-1646388112224.0,1933232185400.0,15568311909.0,-266549008549.0,-138682893311.0,0.0,425939394.0,879031157953.0,-21675624032.0,734545454.0,-258601031565.0,451010000000.0,-2829813905760.0,109440392949.0,144976297341.0,-2403929325613.0,0.0,0.0,6364897494707.0,-3336499432599.0,,-235160000.0,3028162902108.0,1503264734448.0,3209346228643.0,-15999115.0,4712594963976.0,,,,,,,
NVL,2017,1,NVL,cash_flow,552369495990.0,79895925443.0,-10202519336.0,137843347.0,-425163353716.0,217775655487.0,,414813047215.0,137317096333.0,12029193644.0,194922044158.0,43205471781.0,-173938442134.0,-50809519581.0,0.0,-425939394.0,577112952022.0,-21877473685.0,287948296.0,-388489021075.0,644150000000.0,-934888079760.0,14880614018.0,82178072537.0,-603757939669.0,0.0,0.0,3759695480566.0,-3860672752341.0,,-10000000.0,-100987271775.0,-127632259422.0,3336969432791.0,9055274.0,3209346228643.0,,,,,,,
NVL,2016,4,NVL,cash_flow,191521505217.0,55681001784.0,1384361544.0,-82064008.0,-425709063826.0,306087456221.0,,128883196932.0,2819763251363.0,-1618086134779.0,-1462454279407.0,-37058875729.0,-308349989283.0,-77913341317.0,0.0,0.0,-555216172220.0,-57423506874.0,-505669220.0,-3784608571829.0,1455931913600.0,208288704457.0,1065100979670.0,19797502538.0,-1093418647658.0,2553423000000.0,0.0,3514925318520.0,-4396802761608.0,,-3876476000.0,1667669080912.0,19034261034.0,3317908760347.0,26411410.0,3336969432791.0,,,,,,,
NVL,2016,3,NVL,cash_flow,16849534329.0,62880914831.0,-19165275436.0,6913872314.0,-332576137142.0,284950013084.0,,19852921980.0,-2460488684975.0,729764809520.0,275053523179.0,-16936434312.0,-409142536602.0,-210876247925.0,0.0,0.0,-2072772649135.0,-332165561828.0,6251671142.0,-1900553253638.0,267618996396.0,-1170260672131.0,1280185244758.0,106183630807.0,-1742739944494.0,-309020000000.0,0.0,8846697103109.0,-4759575077640.0,,-17762743932.0,3760339281537.0,-55173312092.0,3373940292154.0,-858219715.0,3317908760347.0,,,,,,,
NVL,2016,2,NVL,cash_flow,1776660075232.0,68464846593.0,-8577291500.0,-6005044533.0,-1347318698950.0,172636714269.0,,655860601111.0,5231164041315.0,406540214259.0,-2380102755935.0,62270172077.0,-144082579074.0,-32731090019.0,0.0,0.0,3798918603734.0,-17513582646.0,7567746213.0,-2789702665057.0,4577313769532.0,-3049923303350.0,3000000000.0,-14712603870.0,-1283970639178.0,309020000000.0,0.0,-202232276356.0,-2692832338995.0,,-33000000000.0,-2619044615351.0,-104096650795.0,3478031898417.0,5044532.0,3373940292154.0,,,,,,,
NVL,2015,4,NVL,cash_flow,663944002109.0,81271945354.0,59155432742.0,17798236991.0,-56091012170.0,213932004726.0,,980010609752.0,-6024438243392.0,1603774397078.0,-1730234152192.0,-70064597569.0,-435008801021.0,18271113479.0,-74966215032.0,392986214112.0,-5339669674785.0,94770320604.0,4053369703.0,-3236402353214.0,3881501152509.0,-275410321120.0,-2589627195.0,113116649409.0,579039190696.0,338689480000.0,0.0,2591143214810.0,843384350920.0,,0.0,3773217045730.0,-987413438359.0,4847123601641.0,0.0,3859710163282.0,,,,,,,
PDR,2025,4,PDR,cash_flow,368573645629.0,2948063375.0,7500000000.0,0.0,-408413230470.0,143680691830.0,0.0,114289170364.0,419223307491.0,-1804382174986.0,941661106467.0,5504121017.0,-114930791507.0,-19347724425.0,0.0,-2490485800.0,-460473471379.0,0.0,0.0,-1803153731454.0,1012423728816.0,-686547474784.0,1060577500000.0,7286681372.0,-409413296050.0,180000000000.0,,1665722750189.0,-715910700062.0,,0.0,1129812050127.0,259925282698.0,115998896970.0,,375924179668.0,,,,,,,
PDR,2025,3,PDR,cash_flow,117275479142.0,3047035876.0,0.0,0.0,-1840854812.0,74242425883.0,0.0,192724086089.0,1058919154382.0,-819033196835.0,-397052936395.0,-6835490551.0,-75159051617.0,-83149748655.0,0.0,-2218921840.0,-131806105422.0,0.0,90909091.0,-142573797996.0,98927047898.0,-774360806.0,102114000000.0,11338534.0,57795136721.0,-600000000.0,,930191514196.0,-764781932352.0,,0.0,164809581844.0,90798613143.0,25200283827.0,,115998896970.0,,,,,,,
PDR,2025,2,PDR,cash_flow,100979964654.0,3145994109.0,0.0,1625121688.0,-141315308175.0,62016885629.0,0.0,26452657905.0,-1785075386931.0,-424934349867.0,1044866928319.0,-5642403442.0,-334506131774.0,-21937304.0,1000000.0,-3674425818.0,-1482534048912.0,-17239719845.0,0.0,0.0,292997261502.0,-81706233405.0,160000000000.0,73075957999.0,427127266251.0,-400000000.0,,1849355624042.0,-852309200948.0,,0.0,996646423094.0,-58760359567.0,83960643394.0,,25200283827.0,,,,,,,
PDR,2025,1,PDR,cash_flow,64207084264.0,3380878711.0,0.0,0.0,-1862721293.0,66840290197.0,0.0,132565531879.0,308179712360.0,73254316988.0,-858310491474.0,-9658446732.0,-82323707725.0,0.0,0.0,-1713140475.0,-438006225179.0,-9919961557.0,0.0,0.0,18180299200.0,-700718697.0,175000000000.0,2102517615.0,184662136561.0,0.0,,140893596663.0,-147264998387.0,,0.0,-6371401724.0,-259715490342.0,343676133736.0,,83960643394.0,,,,,,,
PDR,2024,4,PDR,cash_flow,19495325338.0,4367030076.0,8500000000.0,34904157050.0,12096202577.0,71857091362.0,0.0,151219806403.0,-830642318777.0,-1185065438431.0,301946522253.0,-12946372722.0,-97288691207.0,0.0,0.0,-7333498054.0,-1680109990535.0,-30637600855.0,0.0,-100000000000.0,0.0,-754000000.0,1038070000000.0,2333685594.0,909012084739.0,0.0,,1126626577186.0,-232551021928.0,,0.0,894075555258.0,122977649462.0,220698484274.0,,343676133736.0,,,,,,,
PDR,2024,3,PDR,cash_flow,78742310169.0,4360859871.0,0.0,0.0,-176881283561.0,74514830270.0,0.0,-19263283251.0,-938676792915.0,-269077577638.0,342598086489.0,-15830591185.0,-94984163905.0,-192615925506.0,0.0,-1582942164.0,-1189433190075.0,-10295537132.0,0.0,0.0,0.0,-902000000.0,0.0,230126732.0,-10967410400.0,0.0,,299563466755.0,-68386774403.0,,0.0,231176692352.0,-969223908123.0,1189922392397.0,,220698484274.0,,,,,,,
PDR,2024,2,PDR,cash_flow,87179064431.0,4360859869.0,0.0,0.0,-193389517257.0,72976161887.0,0.0,-28873431070.0,55891023935.0,-188215914113.0,-475475953133.0,-8822986055.0,-161504974696.0,0.0,0.0,-1389226901.0,-808391462033.0,-6180049000.0,0.0,0.0,0.0,-816000000.0,0.0,3450374481.0,-3545674519.0,1342646330000.0,,612883970833.0,27024260425.0,,0.0,1982554561258.0,1170617424706.0,19304967691.0,,1189922392397.0,,,,,,,
PDR,2024,1,PDR,cash_flow,76289913039.0,3608860583.0,0.0,0.0,6547179147.0,65512916886.0,0.0,151958869655.0,-705836256184.0,-87959283193.0,-245650894523.0,2904300149.0,-50908111789.0,-632401.0,0.0,-2775545485.0,-938267553771.0,-29622367256.0,0.0,0.0,0.0,-771000000.0,45000000000.0,1053611153.0,15660243897.0,0.0,,587534304853.0,-150728821752.0,,0.0,436805483101.0,-485801826773.0,505106794464.0,,19304967691.0,,,,,,,
PDR,2023,4,PDR,cash_flow,351770911021.0,3079279862.0,9000000000.0,165948341.0,-410914432359.0,87401673891.0,0.0,40503380756.0,-36574725983.0,-30223305637.0,-253258206873.0,-1350903490.0,-108072838782.0,-80751038960.0,0.0,-1911929132.0,-471639568101.0,-71180211814.0,0.0,0.0,0.0,-1253000000.0,549500000000.0,4286722538.0,481353510724.0,679136810000.0,,844649992788.0,-1080986261240.0,,0.0,442800541548.0,452514484171.0,52588363778.0,,505102847949.0,,,,,,,
PDR,2023,3,PDR,cash_flow,140886125146.0,3087528105.0,0.0,20700000000.0,6243423715.0,92420297485.0,0.0,263337374451.0,-122155381892.0,22290864304.0,443060156608.0,2580117345.0,-90117675675.0,-110591149783.0,0.0,-2893568306.0,405510737052.0,-12084435194.0,0.0,0.0,0.0,-878000000.0,0.0,56818758.0,-12905616436.0,0.0,,127429503840.0,-681189198000.0,,0.0,-553759694160.0,-161154573544.0,213742937322.0,,52588363778.0,,,,,,,
PDR,2023,2,PDR,cash_flow,365696087172.0,3244381276.0,0.0,3450000000.0,-526539088797.0,103172014901.0,0.0,-50976605448.0,1783327492661.0,-28231898919.0,-1948071168003.0,5220756768.0,-65968176824.0,-130026481797.0,0.0,-2166278775.0,-436892360337.0,-22334957388.0,0.0,0.0,0.0,-683000000.0,50946039551.0,1427830761.0,29355912924.0,0.0,,742122979191.0,-339114073795.0,,0.0,403008905396.0,-4527542017.0,218270479339.0,,213742937322.0,,,,,,,
PDR,2023,1,PDR,cash_flow,31007517230.0,3274177093.0,0.0,-2100000000.0,59451480.0,96182621084.0,0.0,128423766887.0,838701057588.0,9833916430.0,117917991140.0,-7394579206.0,-153855915567.0,-49628905.0,0.0,-2174756401.0,931401851966.0,-2077524500.0,0.0,-6000000000.0,0.0,-1029000000.0,0.0,585891945.0,-8520632555.0,3000000000.0,,34342462551.0,-1003715663165.0,,0.0,-966373200614.0,-43491981203.0,261762460542.0,,218270479339.0,,,,,,,
PDR,2022,4,PDR,cash_flow,-296577226810.0,3271677093.0,0.0,-9681293585.0,62323246821.0,150759544327.0,0.0,-89904052154.0,819625104611.0,-394078652112.0,372556412211.0,-28101891286.0,-187942453629.0,0.0,0.0,-1962130370.0,490192337271.0,-34021510607.0,0.0,0.0,0.0,-516831000000.0,1090355000000.0,7082495317.0,546584984710.0,0.0,,870377398000.0,-1696116716201.0,,0.0,-825739318201.0,211038003780.0,50724456762.0,,261762460542.0,,,,,,,
PDR,2022,3,PDR,cash_flow,920794487106.0,3701873582.0,0.0,18000000000.0,-1147076632498.0,139385090349.0,0.0,-65195181461.0,-1887499932401.0,-271409513463.0,658866167929.0,-20283482370.0,-109929549813.0,-59347865262.0,0.0,-3658698730.0,-1758458055571.0,-5054442059.0,0.0,0.0,0.0,-776190000000.0,1592900000000.0,334440065.0,811989998006.0,0.0,,815140773795.0,-417024699000.0,,0.0,398116074795.0,-548351982770.0,599076439532.0,,50724456762.0,,,,,,,
PDR,2022,2,PDR,cash_flow,515759087561.0,3527662262.0,0.0,16080000000.0,-813046970.0,137742745150.0,0.0,672296448003.0,-778609966083.0,-879400979562.0,-324139832933.0,-40165859399.0,-109505655258.0,-51362707900.0,0.0,-5483232191.0,-1516371785323.0,-23801493148.0,0.0,0.0,0.0,60000000.0,1783100000000.0,701775958.0,1760060282810.0,2590000000.0,,172215231696.0,-169400000000.0,,0.0,5405231696.0,249093729183.0,349982710349.0,,599076439532.0,,,,,,,
PDR,2022,1,PDR,cash_flow,353635993848.0,3488892860.0,0.0,0.0,-521567678.0,106096768101.0,0.0,462700087131.0,-832744455368.0,-32326193962.0,-341928188929.0,920763376.0,-89552326028.0,-150650219806.0,0.0,-10437513927.0,-994018047513.0,-18119966186.0,0.0,0.0,0.0,-524920107000.0,8818000000.0,410728169.0,-533811345017.0,0.0,,1391281846670.0,-7500000000.0,,0.0,1383781846670.0,-144047545860.0,494030256209.0,,349982710349.0,,,,,,,
PDR,2021,4,PDR,cash_flow,947205069797.0,2848381723.0,0.0,0.0,-2433494462.0,73176762212.0,0.0,1020796719270.0,-146560781649.0,-271152949943.0,-162089790085.0,-41181357167.0,-53398136989.0,-197236000241.0,0.0,-5225524158.0,143952179038.0,-9170709120.0,0.0,0.0,0.0,-1330696000000.0,0.0,2662212093.0,-1337204497027.0,120000000000.0,,1434350000000.0,-157500000000.0,,0.0,1396850000000.0,203597682011.0,290432574198.0,,494030256209.0,,,,,,,
PDR,2021,3,PDR,cash_flow,760016875636.0,2616153781.0,0.0,0.0,-460107965.0,39354793975.0,0.0,801527715427.0,-876788832950.0,726966379746.0,-650374783092.0,-12713820425.0,-44055552334.0,0.0,0.0,-6180923225.0,-61619816853.0,-14203624961.0,0.0,0.0,0.0,-412698964876.0,0.0,331388292.0,-426571201545.0,0.0,,843800000000.0,-362000000000.0,,0.0,481800000000.0,-6391018398.0,296823592596.0,,290432574198.0,,,,,,,
PDR,2021,2,PDR,cash_flow,322201708663.0,1926708169.0,0.0,225000000.0,247900642.0,29257945903.0,0.0,352669880696.0,-579402316574.0,230868954281.0,1351928900625.0,-28558859676.0,-122125584725.0,-315188392607.0,0.0,-11280409660.0,878912172360.0,-2242278856.0,0.0,-12220049419.0,0.0,-790689992905.0,56112000000.0,941482039.0,-748098839141.0,959985988000.0,,377000000000.0,-1178775000000.0,,0.0,158210988000.0,289024321219.0,7799271377.0,,296823592596.0,,,,,,,
PDR,2021,1,PDR,cash_flow,314928151956.0,2146468540.0,0.0,-225000000.0,-247900642.0,21499030188.0,0.0,338100750042.0,-120735322220.0,111509879718.0,-287591551873.0,-39019849276.0,-40574454873.0,-32792357537.0,0.0,-10840847058.0,-81943753077.0,-19434295834.0,0.0,0.0,0.0,-222032672478.0,0.0,247900642.0,-241219067670.0,0.0,,446000000000.0,-168152850000.0,,-51411600.0,277795738400.0,-45367082347.0,53166353724.0,,7799271377.0,,,,,,,
PDR,2020,4,PDR,cash_flow,636179075724.0,2054340765.0,0.0,-1800000000.0,-2963052310.0,13321219179.0,0.0,646791583358.0,632430786503.0,626916679483.0,200316808231.0,17058035903.0,-46551760305.0,-17161154863.0,0.0,-11629470801.0,2048171507509.0,-19742001651.0,0.0,-9370299200.0,0.0,-1864712000000.0,0.0,2963052310.0,-1890861248541.0,0.0,,148140000000.0,-298365000000.0,,-204573600.0,-150429573600.0,6880685368.0,46289597140.0,,53170282508.0,,,,,,,
PDR,2020,3,PDR,cash_flow,553271663365.0,2127058324.0,0.0,900000000.0,-999081826.0,9723369863.0,0.0,565023009726.0,-11120383604.0,1244978936016.0,95308247552.0,12965358634.0,-46377121359.0,-86971108408.0,0.0,-5642062101.0,1768164876456.0,-28566225145.0,0.0,0.0,0.0,-1817970521217.0,0.0,999081826.0,-1845537664536.0,0.0,,456000000000.0,-632500000000.0,,0.0,-176500000000.0,-253872788080.0,300162385220.0,,46289597140.0,,,,,,,
PDR,2020,2,PDR,cash_flow,151725659647.0,6132093459.0,0.0,0.0,-843424284.0,910343.0,0.0,157015239165.0,510617454447.0,-154881957736.0,386234353990.0,17565299825.0,-143065368340.0,-42720289576.0,0.0,-4661261621.0,726103470154.0,-340188626326.0,0.0,0.0,0.0,-180530000000.0,0.0,848066482.0,-519870559844.0,0.0,,551200000000.0,-497205432588.0,,444886800.0,54439454212.0,260672364522.0,39490020698.0,,300162385220.0,,,,,,,
PDR,2020,1,PDR,cash_flow,197925219782.0,-2994284059.0,0.0,0.0,-416775930.0,0.0,0.0,194514159793.0,-242049028232.0,-83911562724.0,60250694655.0,19146864271.0,-48446451607.0,0.0,0.0,-3884916382.0,-104380240226.0,-83514564704.0,0.0,0.0,0.0,-1115000000.0,0.0,412133732.0,-84217430972.0,0.0,,0.0,-25057151150.0,,-393189566400.0,-418246717550.0,-606844388748.0,646334409446.0,,39490020698.0,,,,,,,
PDR,2019,4,PDR,cash_flow,593384042034.0,4140547893.0,0.0,0.0,-3315393129.0,0.0,0.0,594209196798.0,-126333514119.0,-679879638871.0,1143939065783.0,-33901964874.0,-31768302644.0,-35851646300.0,0.0,-4046945017.0,826366250756.0,-721875565879.0,0.0,0.0,0.0,-3548000000.0,0.0,9750132624.0,-715673433255.0,0.0,,565288690643.0,-260000000000.0,,0.0,305288690643.0,415981508144.0,230345896320.0,,646327404464.0,,,,,,,
PDR,2019,3,PDR,cash_flow,201467199916.0,1534304133.0,-704596848.0,0.0,-137102226.0,0.0,0.0,202159804975.0,321502443576.0,-1273052207361.0,419573662699.0,-72863240638.0,-39975452746.0,-23409108249.0,0.0,-5329996273.0,-471394094017.0,-10772679101.0,0.0,0.0,0.0,-804373314.0,0.0,137102226.0,-11439950189.0,0.0,,550167489000.0,-35145144740.0,,0.0,515022344260.0,32188300054.0,198157596266.0,,230345896320.0,,,,,,,
PDR,2019,2,PDR,cash_flow,116853183275.0,1536849599.0,0.0,0.0,-2347323031.0,0.0,0.0,116042709843.0,-594308696374.0,-885923226889.0,351384926226.0,-3941963653.0,-5742743823.0,-30533046130.0,0.0,-10995521954.0,-1064017562754.0,-3957710065.0,0.0,0.0,0.0,-732888513.0,0.0,2347323031.0,-2343275547.0,0.0,,1304989614000.0,-60031989904.0,,0.0,1244957624096.0,178596785795.0,19560810471.0,,198157596266.0,,,,,,,
PDR,2019,1,PDR,cash_flow,191431060876.0,1311372724.0,0.0,0.0,-893214772.0,0.0,0.0,191849218828.0,308928663342.0,-626426963807.0,-78401144451.0,1055489175.0,-4859909628.0,-65130904485.0,0.0,0.0,-272985551026.0,-7875942094.0,0.0,0.0,0.0,-416738173.0,0.0,893214772.0,-7399465495.0,0.0,,200000000000.0,-89395281618.0,,0.0,110604718382.0,-169780298139.0,189341108610.0,,19560810471.0,,,,,,,
PDR,2018,4,PDR,cash_flow,369662463205.0,-229734288.0,0.0,0.0,-2233539681.0,0.0,0.0,367199189236.0,530865021412.0,-134541394054.0,300940858542.0,15017179722.0,0.0,0.0,0.0,-4319271694.0,1075161583164.0,-259014325.0,119059556440.0,0.0,0.0,0.0,0.0,2233539681.0,121034081796.0,0.0,,5980000000.0,-1056991706980.0,,0.0,-1051011706980.0,145183957980.0,44157150630.0,,189341108610.0,,,,,,,
PDR,2018,3,PDR,cash_flow,104832827121.0,1055231145.0,0.0,0.0,-23604852.0,0.0,0.0,105864453414.0,-116210301249.0,-83849824416.0,5376026105.0,1045880977.0,-26567423704.0,-5084830936.0,0.0,-5279030316.0,-124705050125.0,-9341275954.0,0.0,0.0,0.0,0.0,0.0,23604852.0,-9317671102.0,162970669810.0,,0.0,0.0,,0.0,162970669810.0,28947948583.0,15209202047.0,,44157150630.0,,,,,,,
PDR,2018,2,PDR,cash_flow,93585999760.0,1045450783.0,0.0,0.0,-2269264621.0,0.0,0.0,92362185922.0,1209481462086.0,-129426498966.0,7909750643.0,-919950537037.0,-11470506406.0,-30016101514.0,0.0,-2259525966.0,216630228762.0,-8192659404.0,0.0,0.0,0.0,-689180950512.0,45000000000.0,17929838.0,-652355680078.0,0.0,,488041037170.0,-47196419134.0,,0.0,440844618036.0,5119166720.0,10090035327.0,,15209202047.0,,,,,,,
PDR,2018,1,PDR,cash_flow,190683104183.0,736129191.0,-327975420.0,0.0,-26741197.0,0.0,0.0,191064516757.0,-690573991541.0,-382561219375.0,99683107466.0,1062667677.0,0.0,-42296256493.0,0.0,-11886393465.0,-835507568974.0,-963830880.0,0.0,0.0,0.0,0.0,302480000000.0,26741197.0,301542910317.0,0.0,,400000000000.0,0.0,,0.0,400000000000.0,-133964658657.0,144054693984.0,,10090035327.0,,,,,,,
PDR,2017,4,PDR,cash_flow,258006235934.0,-437927966.0,255493000.0,0.0,-3298393197.0,0.0,0.0,254525407771.0,-1514579118086.0,242645255563.0,4775606027110.0,-2262276110.0,-1511151475006.0,-51285632067.0,-5703947410.0,-3738897439.0,2184055344326.0,0.0,0.0,0.0,0.0,0.0,0.0,3298393197.0,3298393197.0,0.0,,64477350000.0,-2264932000000.0,,170775000.0,-2200283875000.0,-12930137477.0,156984831461.0,,144054693984.0,,,,,,,
PDR,2017,3,PDR,cash_flow,143644291076.0,199013281.0,0.0,0.0,-71038603.0,-625110001.0,0.0,143147155753.0,81608178589.0,-64292140459.0,117456366103.0,2484105250.0,-92297840719.0,-11001182348.0,5703947410.0,-2610360150.0,180198229429.0,-5018985095.0,0.0,0.0,0.0,0.0,0.0,71038603.0,-4947946492.0,0.0,,0.0,-130687141502.0,,-170775000.0,-130857916502.0,44392366435.0,112592465026.0,,156984831461.0,,,,,,,
PDR,2017,2,PDR,cash_flow,101815390844.0,547763442.0,-230000.0,0.0,-244191656.0,-106575999.0,0.0,102012156631.0,-373676008949.0,-66941740580.0,991563481160.0,1338062181.0,0.0,-12201624280.0,0.0,-60638107.0,642033688056.0,-2686100967.0,0.0,0.0,0.0,0.0,0.0,197732609.0,-2488368358.0,0.0,,0.0,-817876596682.0,,-11625000.0,-817888221682.0,-178342901984.0,290935367010.0,,112592465026.0,,,,,,,
PDR,2017,1,PDR,cash_flow,56025017014.0,547763442.0,0.0,0.0,-81800269.0,731686000.0,0.0,57222666187.0,264433851864.0,-125032540673.0,61305983103.0,-6677986107.0,0.0,-43808925194.0,0.0,-4196707093.0,203246342087.0,-17642989491.0,0.0,0.0,0.0,0.0,0.0,128259316.0,-17514730175.0,0.0,,0.0,-44119660223.0,,-105000000.0,-44224660223.0,141506951689.0,149428415321.0,,290935367010.0,,,,,,,
PDR,2016,4,PDR,cash_flow,221102623694.0,183754510.0,760407620.0,0.0,-18891771.0,496253666.0,0.0,222524147719.0,1163834545011.0,-905745443873.0,-561073460938.0,10735986122.0,0.0,-9945144167.0,0.0,-673882912.0,-80343253038.0,324093560634.0,0.0,0.0,0.0,0.0,0.0,51247331.0,324144807965.0,0.0,,0.0,-43569586133.0,,-100617585500.0,-144187171633.0,99614383294.0,49814032027.0,,149428415321.0,,,,,,,
PDR,2016,3,PDR,cash_flow,13177275158.0,122599921.0,752325163.0,0.0,53552768.0,435006666.0,0.0,14540759676.0,-114175409670.0,-178187469774.0,318606744125.0,-31203127.0,0.0,-7379887710.0,0.0,-578036456.0,32795497064.0,-25540107839.0,0.0,0.0,0.0,0.0,0.0,32355560.0,-25507752279.0,0.0,,0.0,-31050820273.0,,0.0,-31050820273.0,-23763075488.0,73577117515.0,,49814042027.0,,,,,,,
PDR,2016,2,PDR,cash_flow,40557445814.0,149463115.0,1140897682.0,0.0,-86003998.0,669986334.0,0.0,42431788947.0,82009014313.0,-151663094152.0,165116039215.0,-3549973382.0,-2027309584.0,-6661069203.0,0.0,-1675820468.0,123979575686.0,-297024769220.0,0.0,0.0,0.0,0.0,0.0,39449281.0,-296985319939.0,0.0,,277554338212.0,-45802784680.0,,0.0,231751553532.0,58745809279.0,14831308236.0,,73577117515.0,,,,,,,
PDR,2016,1,PDR,cash_flow,31719774895.0,148190388.0,0.0,0.0,0.0,394419667.0,0.0,32262384950.0,-66982179060.0,-440537092666.0,194388211929.0,-3152949070.0,-2647993416.0,-24150548997.0,0.0,-629042096.0,-311449208426.0,-40374119297.0,0.0,0.0,0.0,0.0,0.0,46554717.0,-40327564580.0,0.0,,336166013938.0,-1129692252.0,,0.0,335036321686.0,-16740451320.0,31571759556.0,,14831308236.0,,,,,,,
PDR,2015,4,PDR,cash_flow,101557704027.0,165532103.0,0.0,0.0,-99587231876.0,383333333.0,0.0,2519337587.0,-4046422522.0,-316373298483.0,83023652684.0,-8617574584.0,-533985250.0,-7508567305.0,0.0,-2253729182.0,-253790587055.0,79276279536.0,0.0,0.0,0.0,0.0,0.0,99587231876.0,178863511412.0,0.0,,0.0,-59000000000.0,,0.0,-59000000000.0,-133927075643.0,165011345969.0,,31084270326.0,,,,,,,
PDR,2015,3,PDR,cash_flow,30051141824.0,171425205.0,0.0,0.0,-142178450.0,383333333.0,0.0,30463721912.0,1628628519961.0,-123534108333.0,-1373891856414.0,-8769819013.0,0.0,-7019000000.0,0.0,-1620448000.0,143070749529.0,-102259921886.0,0.0,0.0,0.0,-251000000000.0,0.0,142178450.0,-353117743436.0,716099710000.0,,0.0,-341535000000.0,,-65099710000.0,309465000000.0,99418006093.0,65593339876.0,,165011345969.0,,,,,,,
PDR,2015,2,PDR,cash_flow,39292084711.0,165869675.0,-9537908.0,0.0,-83923084.0,379166667.0,0.0,39743660061.0,23302681370.0,983666175.0,-66557124345.0,-1958632424.0,-1946598740.0,-6764637260.0,-24840081042.0,-643437411.0,-38680503616.0,-7491757525.0,0.0,0.0,0.0,0.0,855478487.0,83923084.0,-6552355954.0,0.0,,50000000000.0,-5000000000.0,,0.0,45000000000.0,-232859570.0,65826199446.0,,65593339876.0,,,,,,,
PDR,2015,1,PDR,cash_flow,31762532039.0,178904595.0,0.0,0.0,-72201874.0,375000000.0,0.0,32244234760.0,-89384074083.0,-112891809186.0,133000374144.0,-682362346.0,-696423639.0,-4521571824.0,24840081042.0,-2072533000.0,-20164084132.0,-2040035643.0,0.0,0.0,0.0,0.0,0.0,72201874.0,-1967833769.0,0.0,,85000000000.0,-4987500000.0,,0.0,80012500000.0,57880582099.0,7945617347.0,,65826199446.0,,,,,,,
PDR,2014,4,PDR,cash_flow,43026470845.0,178904595.0,0.0,0.0,0.0,383333334.0,-21275241.0,43567433533.0,-77630395147.0,85653058315.0,-76742747342.0,-345686226.0,-476972751.0,-228120333.0,24840081042.0,-292369900.0,-1655718809.0,-2906009770.0,0.0,0.0,0.0,0.0,0.0,21275241.0,-2884734529.0,0.0,,0.0,-819904000.0,,0.0,-819904000.0,-5360357338.0,13305974685.0,,7945617347.0,,,,,,,
PDR,2014,3,PDR,cash_flow,9960606409.0,178904595.0,0.0,0.0,-14011350.0,383333333.0,0.0,10508832987.0,-128688634138.0,-119917025912.0,270583445018.0,-715181991.0,-674655861.0,-148844301.0,32172483916.0,-385787400.0,62734632318.0,-1314462480.0,0.0,0.0,0.0,-52000000000.0,0.0,14011350.0,-53300451130.0,0.0,,6720000000.0,-6723000000.0,,0.0,-3000000.0,9431181188.0,3874793497.0,,13305974685.0,,,,,,,
PDR,2014,2,PDR,cash_flow,516055542.0,192594774.0,0.0,0.0,-4728907.0,379166667.0,0.0,1083088076.0,47253917079.0,80790913389.0,-138417118011.0,1091827368.0,-307616780.0,-125866832.0,25223773052.0,-6115887500.0,10477029841.0,-1061144893.0,0.0,0.0,0.0,0.0,0.0,4728907.0,-1056415986.0,0.0,,8497000000.0,-19887850000.0,,0.0,-11390850000.0,-1970236145.0,5845029642.0,,3874793497.0,,,,,,,
PDR,2014,1,PDR,cash_flow,235565874.0,235818255.0,0.0,0.0,-12159998.0,375000000.0,0.0,834224131.0,-29061908647.0,-106521601941.0,109284482039.0,154844324.0,-1149571250.0,-734341693.0,20514351730.0,-391207582.0,-7070728889.0,-199688625.0,0.0,0.0,0.0,0.0,0.0,12159998.0,-187528627.0,0.0,,12520000000.0,-6850000000.0,,0.0,5670000000.0,-1588257516.0,7433287158.0,,5845029642.0,,,,,,,
PDR,2013,4,PDR,cash_flow,1952610722.0,258323871.0,0.0,0.0,413333333.0,0.0,0.0,2624267926.0,-15308254486.0,-119572459598.0,103064231386.0,647162250.0,0.0,-998939916.0,34373202416.0,-640983551.0,4188226427.0,-236709483.0,0.0,0.0,0.0,0.0,0.0,0.0,-236709483.0,0.0,,12000000000.0,-18000000000.0,,0.0,-6000000000.0,-2048483056.0,9481770214.0,,7433287158.0,,,,,,,
PDR,2013,3,PDR,cash_flow,917452929.0,299850948.0,0.0,0.0,-10444259.0,383333333.0,0.0,1590192951.0,-11582834742.0,-9388228571.0,-11306918599.0,316099931.0,0.0,-189597798.0,39896296907.0,-1975202770.0,7359807309.0,-1301880235.0,0.0,0.0,0.0,0.0,0.0,10444259.0,-1291435976.0,0.0,,0.0,0.0,,0.0,0.0,6068371333.0,3413398881.0,,9481770214.0,,,,,,,
PDR,2013,2,PDR,cash_flow,758391195.0,333008303.0,0.0,0.0,-13468577.0,379166667.0,0.0,1457097588.0,21725244315.0,76625040468.0,-104569340791.0,1937850120.0,375000001.0,-104244484.0,11393587426.0,-9413523115.0,-573288472.0,-2030756903.0,0.0,0.0,0.0,0.0,0.0,13468577.0,-2017288326.0,-7850000000.0,,7850000000.0,0.0,,0.0,0.0,-2590576798.0,6003975679.0,,3413398881.0,,,,,,,
PDR,2013,1,PDR,cash_flow,236490698.0,341424834.0,0.0,0.0,-17060637.0,375000001.0,0.0,935854896.0,-18817166177.0,-119438882308.0,119645761802.0,1114650045.0,-2553145001.0,-1243536182.0,9129688419.0,-252503005.0,-11479277511.0,-437775444.0,0.0,0.0,0.0,0.0,0.0,17060637.0,-420714807.0,7850000000.0,,0.0,0.0,,0.0,7850000000.0,-4049992318.0,10053967997.0,,6003975679.0,,,,,,,
STB,2025,4,STB,cash_flow,,,,,,,,5669745000000.0,,,,,,,,,57606768000000.0,-362440000000.0,1030000000.0,,,0.0,0.0,6975000000.0,-354435000000.0,0.0,,,,,0.0,-432812000000.0,56819521000000.0,137734541000000.0,-81479000000.0,194472583000000.0,,-28213000000.0,57643475000000.0,-36707000000.0,,,
STB,2025,3,STB,cash_flow,,,,,,,,5291818000000.0,,,,,,,,,11877928000000.0,-176289000000.0,57872000000.0,,,0.0,-9415000000.0,13239000000.0,-114593000000.0,0.0,,,,,4275712000000.0,499397000000.0,12262732000000.0,125490456000000.0,-18647000000.0,137734541000000.0,,-36029000000.0,11887606000000.0,-9678000000.0,,,
STB,2025,2,STB,cash_flow,,,,,,,,5519729000000.0,,,,,,,,,27495787000000.0,-199593000000.0,1545000000.0,,,0.0,9415000000.0,0.0,-188633000000.0,0.0,,,,,-4275712000000.0,-2247249000000.0,25059905000000.0,100235226000000.0,195325000000.0,125490456000000.0,,-17216000000.0,27705086000000.0,-209299000000.0,,,
STB,2025,1,STB,cash_flow,,,,,,,,2196830000000.0,,,,,,,,,-4502482000000.0,-187763000000.0,81087000000.0,,,0.0,0.0,0.0,-106676000000.0,0.0,,,,,0.0,-1638284000000.0,-6247442000000.0,106493055000000.0,-10387000000.0,100235226000000.0,,-180944000000.0,-4353390000000.0,-149092000000.0,,,
STB,2024,4,STB,cash_flow,,,,,,,,4667919000000.0,,,,,,,,,21086598000000.0,-384666000000.0,968000000.0,,,0.0,0.0,894000000.0,-382804000000.0,0.0,,,,,-1000000.0,1257064000000.0,21960858000000.0,84438705000000.0,93492000000.0,106493055000000.0,,-179405000000.0,21088312000000.0,-1714000000.0,,,
STB,2024,3,STB,cash_flow,,,,,,,,3927959000000.0,,,,,,,,,-9834813000000.0,-211730000000.0,1265000000.0,,,0.0,0.0,3747000000.0,-206718000000.0,0.0,,,,,1000000.0,-448648000000.0,-10490179000000.0,94927505000000.0,1379000000.0,84438705000000.0,,-31873000000.0,-9427790000000.0,-407023000000.0,,,
STB,2024,2,STB,cash_flow,,,,,,,,2585507000000.0,,,,,,,,,14133492000000.0,-221901000000.0,634000000.0,,,0.0,372000000.0,0.0,-220895000000.0,0.0,,,,,-2000000.0,36213000000.0,13948810000000.0,81052016000000.0,-73321000000.0,94927505000000.0,,9517000000.0,14298414000000.0,-164922000000.0,,,
STB,2024,1,STB,cash_flow,,,,,,,,871410000000.0,,,,,,,,,12979972000000.0,-197563000000.0,80000000.0,,,0.0,0.0,0.0,-197483000000.0,0.0,,,,,0.0,-2303904000000.0,10478585000000.0,70507716000000.0,65715000000.0,81052016000000.0,,-13412000000.0,13270385000000.0,-290413000000.0,,,
STB,2023,4,STB,cash_flow,,,,,,,,1911754000000.0,,,,,,,,,-661401000000.0,-1144798000000.0,2462000000.0,,,0.0,0.0,806000000.0,-1141530000000.0,0.0,,,,,0.0,-3348000000.0,-1806279000000.0,72549052000000.0,-235057000000.0,70507716000000.0,,169015000000.0,-660809000000.0,-592000000.0,,,
STB,2023,3,STB,cash_flow,,,,,,,,5072079000000.0,,,,,,,,,9785041000000.0,457373000000.0,4772000000.0,,,0.0,0.0,10437000000.0,472582000000.0,0.0,,,,,-22000000.0,-6394000000.0,10251229000000.0,61981641000000.0,316182000000.0,72549052000000.0,,12059000000.0,9793229000000.0,-8188000000.0,,,
STB,2023,2,STB,cash_flow,,,,,,,,6101429000000.0,,,,,,,,,8322227000000.0,-303776000000.0,1017000000.0,,,0.0,0.0,-1000000.0,-302760000000.0,0.0,,,,,-1000000.0,-2927000000.0,8016540000000.0,54114391000000.0,-149290000000.0,61981641000000.0,,39908000000.0,8322700000000.0,-473000000.0,,,
STB,2023,1,STB,cash_flow,,,,,,,,4965053000000.0,,,,,,,,,9300595000000.0,-291498000000.0,1670000000.0,,,0.0,0.0,11595000000.0,-278233000000.0,0.0,,,,,-3000000.0,-24435000000.0,8997927000000.0,45104295000000.0,12169000000.0,54114391000000.0,,22945000000.0,9301410000000.0,-815000000.0,,,
STB,2022,4,STB,cash_flow,,,,,,,,3798449000000.0,,,,,,,,,4280870000000.0,-458760000000.0,1052179000000.0,,,0.0,0.0,6000000.0,593425000000.0,0.0,,,,,-158000000.0,-145631000000.0,4728664000000.0,40381684000000.0,-6053000000.0,45104295000000.0,,12699000000.0,4281479000000.0,-609000000.0,,,
STB,2022,3,STB,cash_flow,,,,,,,,5247837000000.0,,,,,,,,,634175000000.0,-316411000000.0,346000000.0,,,0.0,0.0,2549000000.0,-313516000000.0,0.0,,,,,-2000000.0,589495000000.0,910154000000.0,39541014000000.0,-69484000000.0,40381684000000.0,,-5921000000.0,641005000000.0,-6830000000.0,,,
STB,2022,2,STB,cash_flow,,,,,,,,6365835000000.0,,,,,,,,,3239456000000.0,-251472000000.0,1783169000000.0,,,0.0,0.0,745000000.0,1532442000000.0,0.0,,,,,0.0,-7559000000.0,4764339000000.0,34858609000000.0,-81934000000.0,39541014000000.0,,83042000000.0,3245268000000.0,-5812000000.0,,,
STB,2022,1,STB,cash_flow,,,,,,,,3861666000000.0,,,,,,,,,7360675000000.0,-115887000000.0,10327000000.0,,,0.0,0.0,9166000000.0,-96394000000.0,0.0,,,,,-13000000.0,-448078000000.0,6816203000000.0,28070625000000.0,-28219000000.0,34858609000000.0,,202378000000.0,7360838000000.0,-163000000.0,,,
STB,2021,4,STB,cash_flow,,,,,,,,4737577000000.0,,,,,,,,,-3048426000000.0,-233415000000.0,4734000000.0,,,0.0,37319000000.0,-37320000000.0,-228682000000.0,0.0,,,,,-6000000.0,-7000000.0,-3277115000000.0,31327414000000.0,20326000000.0,28070625000000.0,,-160845000000.0,-3047918000000.0,-508000000.0,,,
STB,2021,3,STB,cash_flow,,,,,,,,2465230000000.0,,,,,,,,,-5650742000000.0,-41843000000.0,264858000000.0,,,0.0,138700000000.0,37766000000.0,399481000000.0,0.0,,,,,-1000000.0,2434949000000.0,-2816312000000.0,34219050000000.0,-75324000000.0,31327414000000.0,,-89262000000.0,-5644876000000.0,-5866000000.0,,,
STB,2021,2,STB,cash_flow,,,,,,,,4908608000000.0,,,,,,,,,5625393000000.0,-224269000000.0,58619000000.0,,,0.0,0.0,1591000000.0,-164059000000.0,0.0,,,,,-37000000.0,-37000000.0,5461297000000.0,28790268000000.0,-32515000000.0,34219050000000.0,,135962000000.0,5646441000000.0,-21048000000.0,,,
STB,2021,1,STB,cash_flow,,,,,,,,2062396000000.0,,,,,,,,,-6473294000000.0,-104334000000.0,17533000000.0,,,0.0,0.0,93000000.0,-86708000000.0,0.0,,,,,-45000000.0,-45000000.0,-6560047000000.0,35374920000000.0,-24605000000.0,28790268000000.0,,21892000000.0,-6472473000000.0,-821000000.0,,,
STB,2020,4,STB,cash_flow,,,,,,,,2571610000000.0,,,,,,,,,-4362362000000.0,-383465000000.0,41422000000.0,,,0.0,0.0,2914000000.0,-339129000000.0,0.0,,,,,-31000000.0,-31000000.0,-4701522000000.0,40170974000000.0,-94532000000.0,35374920000000.0,,512624000000.0,-4359862000000.0,-2500000000.0,,,
STB,2020,3,STB,cash_flow,,,,,,,,3119439000000.0,,,,,,,,,-8133025000000.0,-229652000000.0,67558000000.0,,,0.0,7940000000.0,1734000000.0,-152420000000.0,0.0,,,,,-12000000.0,-12000000.0,-8285457000000.0,48410698000000.0,45733000000.0,40170974000000.0,,304327000000.0,-8126924000000.0,-6101000000.0,,,
STB,2020,2,STB,cash_flow,,,,,,,,2920443000000.0,,,,,,,,,17765109000000.0,-233001000000.0,97372000000.0,,,0.0,0.0,1177000000.0,-134452000000.0,0.0,,,,,-314000000.0,-314000000.0,17630343000000.0,30818009000000.0,-37654000000.0,48410698000000.0,,61740000000.0,17765153000000.0,-44000000.0,,,
STB,2020,1,STB,cash_flow,,,,,,,,2843847000000.0,,,,,,,,,-2283017000000.0,-135160000000.0,102650000000.0,,,0.0,0.0,1117000000.0,-31393000000.0,0.0,,,,,-14000000.0,-14000000.0,-2314424000000.0,33096040000000.0,36393000000.0,30818009000000.0,,206753000000.0,-2274856000000.0,-8161000000.0,,,
STB,2019,4,STB,cash_flow,,,,,,,,1387234000000.0,,,,,,,,,-5746014000000.0,-288749000000.0,85048000000.0,,,0.0,21506000000.0,23375000000.0,-158820000000.0,0.0,,,,,-149000000.0,-149000000.0,-5904983000000.0,39020809000000.0,-19786000000.0,33096040000000.0,,229954000000.0,-5745334000000.0,-680000000.0,,,
STB,2019,3,STB,cash_flow,,,,,,,,2585687000000.0,,,,,,,,,2870227000000.0,-187056000000.0,71789000000.0,,,0.0,0.0,1591000000.0,-113676000000.0,0.0,,,,,-5000000.0,-5000000.0,2756546000000.0,36305267000000.0,-41004000000.0,39020809000000.0,,40042000000.0,2880009000000.0,-9782000000.0,,,
STB,2019,2,STB,cash_flow,,,,,,,,3046681000000.0,,,,,,,,,6823521000000.0,-210847000000.0,290659000000.0,,,0.0,0.0,730000000.0,80542000000.0,0.0,,,,,-18000000.0,-18000000.0,6904045000000.0,29365607000000.0,35615000000.0,36305267000000.0,,299905000000.0,6838718000000.0,-15197000000.0,,,
STB,2019,1,STB,cash_flow,,,,,,,,1924667000000.0,,,,,,,,,9122074000000.0,-199791000000.0,706000000.0,,,0.0,0.0,2376000000.0,-196709000000.0,0.0,,,,,-30000000.0,-30000000.0,8925335000000.0,20439339000000.0,933000000.0,29365607000000.0,,243656000000.0,9125776000000.0,-3702000000.0,,,
STB,2018,4,STB,cash_flow,,,,,,,,2881020000000.0,,,,,,,,,-484919000000.0,-325978000000.0,13066000000.0,,,0.0,493000000.0,453000000.0,-311966000000.0,0.0,,,,,-67000000.0,-67000000.0,-796952000000.0,21243791000000.0,-7500000000.0,20439339000000.0,,475273000000.0,-482410000000.0,-2509000000.0,,,
STB,2018,3,STB,cash_flow,,,,,,,,1369750000000.0,,,,,,,,,-2803883000000.0,-217376000000.0,141572000000.0,,,0.0,0.0,863000000.0,-74941000000.0,0.0,,,,,-15000000.0,-15000000.0,-2878839000000.0,24153522000000.0,-30892000000.0,21243791000000.0,,12862000000.0,-2797821000000.0,-6062000000.0,,,
STB,2018,2,STB,cash_flow,,,,,,,,2262029000000.0,,,,,,,,,1851079000000.0,-305959000000.0,243298000000.0,,,0.0,0.0,1000000000.0,-61661000000.0,0.0,,,,,-23000000.0,-23000000.0,1789395000000.0,22366582000000.0,-2454000000.0,24153523000000.0,,44840000000.0,1906993000000.0,-55914000000.0,,,
STB,2018,1,STB,cash_flow,,,,,,,,1035526000000.0,,,,,,,,,6369951000000.0,-204613000000.0,26711000000.0,,,0.0,0.0,0.0,-177902000000.0,0.0,,,,,-31000000.0,-31000000.0,6192018000000.0,16143836000000.0,30728000000.0,22366582000000.0,,22848000000.0,6369951000000.0,0.0,,,
STB,2017,4,STB,cash_flow,,,,,,,,1898648000000.0,,,,,,,,,-1409787000000.0,-309681000000.0,13876000000.0,,,0.0,15988000000.0,-492000000.0,-280309000000.0,0.0,,,,,-40000000.0,-40000000.0,-1690136000000.0,18202913000000.0,54987000000.0,16567764000000.0,,178743000000.0,-1428863000000.0,19076000000.0,,,
STB,2017,3,STB,cash_flow,,,,,,,,858642000000.0,,,,,,,,,-50552000000.0,-168570000000.0,125618000000.0,,,0.0,469642000000.0,-99481000000.0,327209000000.0,0.0,,,,,-165000000.0,-165000000.0,276492000000.0,17934381000000.0,-7960000000.0,18202913000000.0,,74121000000.0,-42206000000.0,-8346000000.0,,,
STB,2017,2,STB,cash_flow,,,,,,,,145260000000.0,,,,,,,,,447418000000.0,-92194000000.0,26206000000.0,,,0.0,0.0,11707000000.0,-54281000000.0,0.0,,,,,-16000000.0,-16000000.0,393121000000.0,17572686000000.0,-31426000000.0,17934381000000.0,,28454000000.0,451708000000.0,-4290000000.0,,,
STB,2017,1,STB,cash_flow,,,,,,,,1252035000000.0,,,,,,,,,510209000000.0,-121727000000.0,19678000000.0,,,0.0,0.0,1110000000.0,-100939000000.0,0.0,,,,,-429000000.0,-429000000.0,408841000000.0,17212771000000.0,-48926000000.0,17572686000000.0,,22958000000.0,516649000000.0,-6440000000.0,,,
STB,2016,4,STB,cash_flow,,,,,,,,29828000000.0,,,,,,,,,-1694884000000.0,-120639000000.0,117333000000.0,,,0.0,0.0,2599000000.0,-707000000.0,0.0,,,,,-65000000.0,-65000000.0,-1695656000000.0,18532720000000.0,375707000000.0,17212771000000.0,,48306000000.0,-1681780000000.0,-13104000000.0,,,
STB,2016,3,STB,cash_flow,,,,,,,,425136000000.0,,,,,,,,,-1215070000000.0,-91167000000.0,59189000000.0,,,0.0,360000000.0,3150000000.0,-28468000000.0,0.0,,,,,-196000000.0,-196000000.0,-1243734000000.0,19989690000000.0,-213236000000.0,18532720000000.0,,15073000000.0,-1203774000000.0,-11296000000.0,,,
STB,2016,2,STB,cash_flow,,,,,,,,596716000000.0,,,,,,,,,-5169926000000.0,-110748000000.0,8789000000.0,,,-592000000.0,390000000.0,23026000000.0,-79135000000.0,0.0,,,,,-45000000.0,-45000000.0,-5249106000000.0,25266231000000.0,-97143000000.0,19919982000000.0,,8059000000.0,-5123156000000.0,-46770000000.0,,,
STB,2016,1,STB,cash_flow,,,,,,,,381182000000.0,,,,,,,,,9124258000000.0,-110901000000.0,855000000.0,,,0.0,0.0,3566000000.0,-106480000000.0,0.0,,,,,-269000000.0,-269000000.0,9017509000000.0,16291615000000.0,-42893000000.0,25266231000000.0,,74045000000.0,9124258000000.0,0.0,,,
STB,2015,4,STB,cash_flow,,,,,,,,1203569816512.0,,,,,,,,,-8896452667476.0,-269561091193.0,8453980526.0,,,0.0,-8229343.0,2172345328.0,-258942994682.0,0.0,,,,,-438242060.0,-438242060.0,-9155833904218.0,23077723755804.0,2369724732512.0,16291614584098.0,,244433285131.0,-8651924733920.0,-244527933556.0,,,
STB,2015,3,STB,cash_flow,,,,,,,,574262522851.0,,,,,,,,,-5603156189742.0,-133223121022.0,-9029844600.0,,,0.0,8629343.0,2104871248.0,-140139465031.0,0.0,,,,,-21130475.0,-21130475.0,-5743316785248.0,28766702907823.0,54337633229.0,23077723755804.0,,8392311169.0,-5603155319742.0,-870000.0,,,
STB,2015,2,STB,cash_flow,,,,,,,,1776928109808.0,,,,,,,,,6791368198447.0,-199901621738.0,-205800000.0,,,0.0,-400000.0,4780000000.0,-195327821738.0,0.0,,,,,-125559090.0,-125559090.0,6595914817619.0,22183895227555.0,-13107137351.0,28766702907823.0,,1787480601.0,6791430198447.0,-62000000.0,,,
STB,2015,1,STB,cash_flow,,,,,,,,1025047890192.0,,,,,,,,,2610638801553.0,-25145378262.0,9996800000.0,,,0.0,626400000.0,3610000000.0,-10912178262.0,0.0,,,,,-113440910.0,-113440910.0,2599613182381.0,19566392907823.0,17889137351.0,22183895227555.0,,16957519399.0,2610638801553.0,0.0,,,
STB,2014,4,STB,cash_flow,,,,,,,,422926000000.0,,,,,,,,,-5998670000000.0,-173196000000.0,1107000000.0,,,0.0,22000000.0,5128000000.0,-166939000000.0,0.0,,,,,-456000000.0,-456000000.0,-6166065000000.0,25702813000000.0,29645000000.0,19566393000000.0,,-40132000000.0,-5981481000000.0,-17189000000.0,,,
STB,2014,3,STB,cash_flow,,,,,,,,343122000000.0,,,,,,,,,6594500000000.0,-95989000000.0,9128000000.0,,,0.0,-31042000000.0,44940000000.0,-72963000000.0,0.0,,,,,-383000000.0,-383000000.0,6521154000000.0,19190078000000.0,-8419000000.0,25702813000000.0,,17046000000.0,6585111000000.0,9389000000.0,,,
STB,2014,2,STB,cash_flow,,,,,,,,535557000000.0,,,,,,,,,1832534000000.0,-92650000000.0,1480000000.0,,,0.0,31042000000.0,-7678000000.0,-67806000000.0,0.0,,,,,-34235000000.0,-925000000.0,1763803000000.0,17423465000000.0,2810000000.0,19190078000000.0,,14388000000.0,1843952000000.0,-11418000000.0,,,
STB,2014,1,STB,cash_flow,,,,,,,,967050000000.0,,,,,,,,,2321355000000.0,-161292000000.0,5735000000.0,,,0.0,0.0,7678000000.0,-147879000000.0,0.0,,,,,-33310000000.0,-33310000000.0,2140166000000.0,15299928000000.0,-16629000000.0,17423465000000.0,,8699000000.0,2523833000000.0,-202478000000.0,,,
STB,2013,4,STB,cash_flow,,,,,,,,103462000000.0,,,,,,,,,288735000000.0,-117551000000.0,3068000000.0,,,0.0,4396000000.0,3300000000.0,-106787000000.0,0.0,,,,,-876928000000.0,-876928000000.0,-694980000000.0,15931562000000.0,63346000000.0,15299928000000.0,,-13736000000.0,291207000000.0,-2472000000.0,,,
STB,2013,3,STB,cash_flow,,,,,,,,446487000000.0,,,,,,,,,-223659000000.0,-101485000000.0,1976000000.0,,,0.0,0.0,9044000000.0,-90465000000.0,322190000000.0,,,,,-2470000000.0,319720000000.0,5596000000.0,15928977000000.0,-3011000000.0,15931562000000.0,,103523000000.0,-112040000000.0,-111619000000.0,,,
STB,2013,2,STB,cash_flow,,,,,,,,877649000000.0,,,,,,,,,-3260124000000.0,-50521000000.0,479000000.0,,,0.0,15000000000.0,31670000000.0,-3372000000.0,0.0,,,,,-581907000000.0,-581907000000.0,-3845403000000.0,19810803000000.0,-36423000000.0,15928977000000.0,,4991000000.0,-3276388000000.0,16264000000.0,,,
STB,2013,1,STB,cash_flow,,,,,,,,688379000000.0,,,,,,,,,2818082000000.0,-157656000000.0,560000000.0,,,0.0,0.0,30977000000.0,-126119000000.0,0.0,,,,,-5000000.0,-5000000.0,2691958000000.0,17133531000000.0,-14686000000.0,19810803000000.0,,5097000000.0,2834346000000.0,-16264000000.0,,,
MSN,2025,4,MSN,cash_flow,2667377000000.0,859742000000.0,292952000000.0,-29336000000.0,-1647876000000.0,1354521000000.0,0.0,3497380000000.0,162519000000.0,-1063752000000.0,1280113000000.0,-87826000000.0,-1218773000000.0,-346859000000.0,0.0,-499000000.0,-1155039000000.0,-594851000000.0,8523000000.0,-4503660000000.0,890300000000.0,-1301422000000.0,0.0,1641226000000.0,-3859884000000.0,0.0,0.0,17165333000000.0,-13204001000000.0,-3165000000.0,-107936000000.0,3850231000000.0,-1164692000000.0,13266315000000.0,227000000.0,12101850000000.0,,,,,,,0.0
MSN,2025,3,MSN,cash_flow,2152071000000.0,841042000000.0,88866000000.0,-20003000000.0,-2060105000000.0,1817682000000.0,0.0,2819553000000.0,-396064000000.0,-144923000000.0,1629665000000.0,18283000000.0,-2123512000000.0,-170589000000.0,0.0,-121000000.0,1253779000000.0,-571678000000.0,2377000000.0,-621485000000.0,7036622000000.0,0.0,0.0,1015401000000.0,6861237000000.0,247530000000.0,0.0,14676888000000.0,-19545959000000.0,-3098000000.0,-776377000000.0,-5401016000000.0,2714000000000.0,10552742000000.0,-427000000.0,13266315000000.0,,,,,,,0.0
MSN,2025,2,MSN,cash_flow,1846273000000.0,848014000000.0,134067000000.0,21888000000.0,-1104035000000.0,1220203000000.0,0.0,2966410000000.0,578577000000.0,-496954000000.0,-177473000000.0,41459000000.0,-1468708000000.0,-28186000000.0,0.0,-176000000.0,1346737000000.0,-363588000000.0,2761000000.0,-3482300000000.0,21849656000000.0,-755373000000.0,-508375000000.0,262606000000.0,17005387000000.0,1000000.0,-2551526000000.0,14677419000000.0,-32687317000000.0,-3030000000.0,-2033000000.0,-20566486000000.0,-2214362000000.0,12769105000000.0,-2001000000.0,10552742000000.0,,,,,,,0.0
MSN,2025,1,MSN,cash_flow,1222369000000.0,879908000000.0,115575000000.0,6365000000.0,-1399366000000.0,1531673000000.0,0.0,2356524000000.0,-45232000000.0,1033754000000.0,-1654468000000.0,126287000000.0,-1164248000000.0,-728182000000.0,0.0,-342000000.0,-75907000000.0,-348114000000.0,8386000000.0,-4673174000000.0,2257701000000.0,-1057693000000.0,593044000000.0,111990000000.0,-3107860000000.0,2575063000000.0,0.0,13465001000000.0,-18699504000000.0,-2966000000.0,-4135000000.0,-2666541000000.0,-5850308000000.0,18617866000000.0,1547000000.0,12769105000000.0,,,,,,,0.0
MSN,2024,4,MSN,cash_flow,2656630000000.0,974011000000.0,903345000000.0,93309000000.0,-1951120000000.0,1662454000000.0,0.0,4338629000000.0,-827783000000.0,-345960000000.0,2146126000000.0,341075000000.0,-2485001000000.0,-453516000000.0,0.0,-723000000.0,4433180000000.0,-1546327000000.0,-485000000.0,-17770550000000.0,19677015000000.0,-6557257000000.0,2901122000000.0,903936000000.0,-2392546000000.0,12876000000.0,0.0,41543173000000.0,-36818806000000.0,19841000000.0,-1395196000000.0,3361888000000.0,5402522000000.0,13225024000000.0,-9680000000.0,18617866000000.0,,,,,,,0.0
MSN,2024,3,MSN,cash_flow,1565750000000.0,1174958000000.0,224158000000.0,2936000000.0,-1760966000000.0,1822702000000.0,0.0,3029538000000.0,56565000000.0,-344322000000.0,1441205000000.0,176383000000.0,-1490288000000.0,-81251000000.0,0.0,0.0,2577998000000.0,-933304000000.0,11740000000.0,-4465511000000.0,-35235000000.0,0.0,0.0,301007000000.0,-5121303000000.0,-63858000000.0,0.0,13845696000000.0,-15837648000000.0,-10564000000.0,-325541000000.0,-2391915000000.0,-4935220000000.0,18158242000000.0,2002000000.0,13225024000000.0,,,,,,,0.0
MSN,2024,2,MSN,cash_flow,1168760000000.0,940218000000.0,134358000000.0,-32847000000.0,-1633438000000.0,1712918000000.0,0.0,2289969000000.0,561753000000.0,231035000000.0,-366347000000.0,-60632000000.0,-1599568000000.0,-214893000000.0,0.0,0.0,2549657000000.0,-222906000000.0,-29439000000.0,-14598276000000.0,10283509000000.0,0.0,1383184000000.0,1544166000000.0,-1639762000000.0,6409082000000.0,0.0,24468787000000.0,-22100133000000.0,-19614000000.0,-498000000.0,8757624000000.0,9667519000000.0,8492733000000.0,-2010000000.0,18158242000000.0,,,,,,,0.0
MSN,2024,1,MSN,cash_flow,633663000000.0,1043768000000.0,100537000000.0,-50790000000.0,-1721749000000.0,1713341000000.0,0.0,1718770000000.0,-128088000000.0,360693000000.0,-1077620000000.0,171520000000.0,-1386162000000.0,-658699000000.0,0.0,0.0,-35373000000.0,-396763000000.0,52949000000.0,-3897935000000.0,2478837000000.0,0.0,0.0,222986000000.0,-1539926000000.0,53686000000.0,0.0,13748825000000.0,-13854728000000.0,-3771000000.0,-56000000.0,-56044000000.0,-1631343000000.0,10124515000000.0,-439000000.0,8492733000000.0,,,,,,,0.0
MSN,2023,4,MSN,cash_flow,947833000000.0,1061973000000.0,-21819000000.0,-273811000000.0,-1589531000000.0,1798990000000.0,0.0,1806528000000.0,281835000000.0,915762000000.0,305010000000.0,153135000000.0,-2030131000000.0,-340305000000.0,0.0,0.0,-1874676000000.0,-462678000000.0,2101000000.0,-10690610000000.0,10978272000000.0,14304000000.0,708600000000.0,447733000000.0,997722000000.0,0.0,0.0,28875743000000.0,-27264488000000.0,-3708000000.0,-39451000000.0,1568096000000.0,691142000000.0,9477078000000.0,-43705000000.0,10124515000000.0,,,,,,,0.0
MSN,2023,3,MSN,cash_flow,582905000000.0,1030043000000.0,91246000000.0,477305000000.0,-1494133000000.0,1894497000000.0,0.0,2581863000000.0,150372000000.0,-125544000000.0,323511000000.0,84964000000.0,-2444847000000.0,-196987000000.0,0.0,0.0,1800169000000.0,-385750000000.0,6245000000.0,-12044330000000.0,7784150000000.0,-14304000000.0,0.0,878872000000.0,-3775117000000.0,71136000000.0,0.0,23181403000000.0,-20525104000000.0,-3637000000.0,-204288000000.0,2519510000000.0,544562000000.0,8829035000000.0,103481000000.0,9477078000000.0,,,,,,,0.0
MSN,2023,2,MSN,cash_flow,450891000000.0,946686000000.0,342539000000.0,-80390000000.0,-1395882000000.0,1886651000000.0,0.0,2150495000000.0,489257000000.0,-525040000000.0,-53068000000.0,110474000000.0,-1844932000000.0,-83519000000.0,0.0,0.0,916560000000.0,-531823000000.0,6211000000.0,-3706210000000.0,1531000000000.0,0.0,0.0,236892000000.0,-2463930000000.0,0.0,0.0,17362028000000.0,-23178757000000.0,-3964000000.0,-82000000.0,-5820775000000.0,-7368145000000.0,16203728000000.0,-6548000000.0,8829035000000.0,,,,,,,0.0
MSN,2023,1,MSN,cash_flow,581345000000.0,1084961000000.0,-4621000000.0,-64011000000.0,-1390751000000.0,1842271000000.0,0.0,2049194000000.0,-469325000000.0,811223000000.0,-1017872000000.0,77655000000.0,-1582969000000.0,-195396000000.0,0.0,0.0,-341592000000.0,-848544000000.0,2904000000.0,-2232559000000.0,250743000000.0,0.0,0.0,245109000000.0,-2582347000000.0,0.0,0.0,21639905000000.0,-16356545000000.0,-3980000000.0,0.0,5279380000000.0,2355441000000.0,13853100000000.0,-4813000000.0,16203728000000.0,,,,,,,0.0
MSN,2022,4,MSN,cash_flow,903305000000.0,1133738000000.0,126867000000.0,-254619000000.0,-1112753000000.0,1662326000000.0,0.0,2458864000000.0,-178678000000.0,-277681000000.0,495978000000.0,83681000000.0,-1510427000000.0,-463763000000.0,0.0,-103000000.0,-1493437000000.0,-1096267000000.0,21352000000.0,-1013662000000.0,149400000000.0,-3062240000000.0,0.0,164555000000.0,-4836862000000.0,50231000000.0,0.0,28016679000000.0,-13914723000000.0,-3968000000.0,-3502000000.0,14144717000000.0,7814418000000.0,6045500000000.0,-6818000000.0,13853100000000.0,,,,,,,0.0
MSN,2022,3,MSN,cash_flow,908892000000.0,1068389000000.0,55975000000.0,115338000000.0,-1330989000000.0,1242189000000.0,0.0,2059794000000.0,34029000000.0,-621726000000.0,-667112000000.0,-62231000000.0,-1288596000000.0,0.0,0.0,-863000000.0,-1747569000000.0,-933031000000.0,-125187000000.0,-1770600000000.0,339857000000.0,-4410944000000.0,0.0,115660000000.0,-6784245000000.0,65404000000.0,0.0,19305075000000.0,-13261768000000.0,-3317000000.0,-1239691000000.0,4865703000000.0,-3666111000000.0,9714354000000.0,-2743000000.0,6045500000000.0,,,,,,,0.0
MSN,2022,2,MSN,cash_flow,1261187000000.0,1127065000000.0,32628000000.0,73366000000.0,-1733997000000.0,1274183000000.0,0.0,2034432000000.0,-46788000000.0,-670716000000.0,1177066000000.0,120585000000.0,-1230810000000.0,-123478000000.0,0.0,-315000000.0,1259976000000.0,-1293376000000.0,122283000000.0,-4679638000000.0,357880000000.0,-3964096000000.0,2755926000000.0,221086000000.0,-6479935000000.0,59138000000.0,0.0,19002891000000.0,-16470559000000.0,-3319000000.0,-579000000.0,2587572000000.0,-2632387000000.0,12349418000000.0,-2677000000.0,9714354000000.0,,,,,,,0.0
MSN,2022,1,MSN,cash_flow,2073766000000.0,1077331000000.0,17374000000.0,24931000000.0,-1671127000000.0,1161355000000.0,0.0,2683630000000.0,-480240000000.0,-166021000000.0,-2438129000000.0,-46941000000.0,-1040684000000.0,-316021000000.0,0.0,-3416000000.0,-1807822000000.0,-842647000000.0,5471000000.0,-3872553000000.0,3902878000000.0,-5198281000000.0,-2472176000000.0,131091000000.0,-8346217000000.0,-215160000000.0,0.0,11735282000000.0,-11309309000000.0,-3323000000.0,-9310000000.0,198180000000.0,-9955859000000.0,22304822000000.0,455000000.0,12349418000000.0,,,,,,,0.0
MSN,2021,4,MSN,cash_flow,7996802000000.0,1118144000000.0,34392000000.0,49062000000.0,-6688483000000.0,1258684000000.0,0.0,3768601000000.0,99091000000.0,-1041519000000.0,-3162819000000.0,93274000000.0,-1541409000000.0,-977618000000.0,0.0,-1406000000.0,-2763805000000.0,-679103000000.0,8379000000.0,-7021005000000.0,7037590000000.0,-3033174000000.0,7741531000000.0,389459000000.0,4443677000000.0,7636791000000.0,-1747831000000.0,19063840000000.0,-14486860000000.0,-14662000000.0,-2124750000000.0,8326528000000.0,10006400000000.0,12300031000000.0,-1609000000.0,22304822000000.0,,,,,,,0.0
MSN,2021,3,MSN,cash_flow,1863066000000.0,1150287000000.0,38212000000.0,-67543000000.0,-1090363000000.0,1253949000000.0,0.0,3147608000000.0,-709247000000.0,-749956000000.0,1827813000000.0,142952000000.0,-1137841000000.0,-145011000000.0,0.0,-201000000.0,2376117000000.0,-807574000000.0,3242000000.0,-1100950000000.0,1045700000000.0,-19713000000.0,6412000000.0,179177000000.0,-693706000000.0,495923000000.0,0.0,15437892000000.0,-15736245000000.0,-1542000000.0,-1121563000000.0,-925535000000.0,756876000000.0,11544161000000.0,-1006000000.0,12300031000000.0,,,,,,,0.0
MSN,2021,2,MSN,cash_flow,1141863000000.0,1140764000000.0,-13147000000.0,-9356000000.0,-1193382000000.0,1279579000000.0,0.0,2346321000000.0,280819000000.0,-355201000000.0,125715000000.0,1614000000.0,-1149081000000.0,-22357000000.0,0.0,-1483000000.0,1226347000000.0,-644181000000.0,2551000000.0,-117200000000.0,930400000000.0,-1507788000000.0,5939233000000.0,114746000000.0,4717761000000.0,9231209000000.0,-8029617000000.0,10366962000000.0,-12921002000000.0,-1456000000.0,-165888000000.0,-1519792000000.0,4424316000000.0,7117888000000.0,1957000000.0,11544161000000.0,,,,,,,0.0
MSN,2021,1,MSN,cash_flow,487053000000.0,1222484000000.0,-37798000000.0,3131000000.0,-1052940000000.0,1300810000000.0,0.0,1922740000000.0,-471557000000.0,-85954000000.0,554073000000.0,135310000000.0,-1240565000000.0,-507614000000.0,0.0,-1179000000.0,305254000000.0,-674569000000.0,5107000000.0,-1025600000000.0,222000000000.0,-700000000000.0,0.0,51549000000.0,-2121513000000.0,0.0,0.0,15217054000000.0,-13970791000000.0,-1877000000.0,-29894000000.0,1214492000000.0,-601767000000.0,7721442000000.0,-1787000000.0,7117888000000.0,,,,,,,0.0
MSN,2020,4,MSN,cash_flow,973297000000.0,2141185000000.0,194868000000.0,-5747000000.0,-2616619000000.0,1232043000000.0,0.0,577364000000.0,1054707000000.0,-1069381000000.0,518230000000.0,731934000000.0,-1237236000000.0,-457679000000.0,0.0,-192000000.0,117747000000.0,-1064913000000.0,10542000000.0,-10656450000000.0,9746780000000.0,6750920000000.0,-12107289000000.0,66882000000.0,-7253528000000.0,2118156000000.0,0.0,22322281000000.0,-13973207000000.0,-894000000.0,-1225330000000.0,9241006000000.0,2105225000000.0,5608241000000.0,7976000000.0,7721442000000.0,,,,,,,0.0
MSN,2020,3,MSN,cash_flow,1100402000000.0,331834000000.0,-221340000000.0,14286000000.0,1047084000000.0,1140028000000.0,0.0,3412294000000.0,-971041000000.0,578694000000.0,-369196000000.0,-292826000000.0,-1176068000000.0,-179091000000.0,0.0,-1106000000.0,1001660000000.0,-1452762000000.0,38521000000.0,-831000000000.0,801853000000.0,-3705655000000.0,0.0,21192000000.0,-5127851000000.0,250769000000.0,0.0,19693220000000.0,-14746790000000.0,0.0,-146737000000.0,5050462000000.0,924271000000.0,4695511000000.0,-11541000000.0,5608241000000.0,,,,,,,0.0
MSN,2020,2,MSN,cash_flow,311395000000.0,1048451000000.0,225176000000.0,-18504000000.0,-1064978000000.0,921542000000.0,0.0,1423082000000.0,-32916000000.0,-625577000000.0,-172038000000.0,-22878000000.0,-1078869000000.0,-22713000000.0,0.0,-716000000.0,-44417000000.0,-205677000000.0,2963000000.0,422500000000.0,212667000000.0,-21283924000000.0,10500000000000.0,480895000000.0,-9870576000000.0,17167000000.0,0.0,25870791000000.0,-14963084000000.0,0.0,-30002000000.0,10894872000000.0,979879000000.0,3711237000000.0,4395000000.0,4695511000000.0,,,,,,,0.0
MSN,2020,1,MSN,cash_flow,-60255000000.0,1062519000000.0,53562000000.0,20875000000.0,-601249000000.0,714822000000.0,0.0,1190274000000.0,124826000000.0,-343000000.0,35223000000.0,33252000000.0,-721212000000.0,-369637000000.0,0.0,0.0,276309000000.0,-954810000000.0,4283000000.0,-2349800000000.0,677300000000.0,-8974781000000.0,0.0,92473000000.0,-11505335000000.0,0.0,0.0,19492967000000.0,-11348345000000.0,0.0,0.0,8144622000000.0,-3084404000000.0,6800528000000.0,-4887000000.0,3711237000000.0,,,,,,,0.0
MSN,2019,4,MSN,cash_flow,2021203000000.0,682257000000.0,38427000000.0,837000000.0,-1482871000000.0,503017000000.0,0.0,1762870000000.0,2501240000000.0,70958000000.0,120408000000.0,151341000000.0,-325210000000.0,-183217000000.0,0.0,-4833000000.0,3762953000000.0,102534000000.0,-1175623000000.0,-275700000000.0,231700000000.0,-3293733000000.0,189906000000.0,68116000000.0,-4152800000000.0,-60000000.0,0.0,8152938000000.0,-8322716000000.0,0.0,-299000000.0,-170137000000.0,-559984000000.0,7359376000000.0,1136000000.0,6800528000000.0,,,,,,,0.0
MSN,2019,3,MSN,cash_flow,2667288000000.0,687092000000.0,21156000000.0,-971000000.0,-645535000000.0,530511000000.0,0.0,3259541000000.0,-1799332000000.0,-12366000000.0,163063000000.0,-40264000000.0,-607319000000.0,-106623000000.0,0.0,6000000.0,751706000000.0,-991034000000.0,1211367000000.0,-156820000000.0,0.0,-9000000.0,22224000000.0,98914000000.0,184642000000.0,213453000000.0,0.0,8755558000000.0,-7115214000000.0,0.0,-237764000000.0,1616033000000.0,2552381000000.0,4813696000000.0,-6701000000.0,7359376000000.0,,,,,,,0.0
MSN,2019,2,MSN,cash_flow,1275358000000.0,697788000000.0,27295000000.0,-9952000000.0,-584226000000.0,489198000000.0,0.0,1895461000000.0,-430681000000.0,-395563000000.0,1172081000000.0,-33312000000.0,-285475000000.0,-115978000000.0,0.0,1803000000.0,1771806000000.0,-1245954000000.0,1678000000.0,-5600000000.0,632548000000.0,-3624000000.0,0.0,76371000000.0,-544581000000.0,57969000000.0,0.0,6704278000000.0,-6138188000000.0,0.0,-128380000000.0,495679000000.0,1722904000000.0,3082541000000.0,8251000000.0,4813696000000.0,,,,,,,0.0
MSN,2019,1,MSN,cash_flow,1141241000000.0,681447000000.0,22672000000.0,3520000000.0,-502051000000.0,488249000000.0,0.0,1835078000000.0,464035000000.0,-1292405000000.0,-1259580000000.0,-62763000000.0,-669872000000.0,-194942000000.0,0.0,-1891000000.0,-1182340000000.0,-1043979000000.0,1111000000.0,-726700000000.0,370000000000.0,-167723000000.0,0.0,68588000000.0,-1498703000000.0,0.0,0.0,6598598000000.0,-5399269000000.0,0.0,-24002000000.0,1175327000000.0,-1505716000000.0,4585889000000.0,2368000000.0,3082541000000.0,,,,,,,0.0
MSN,2018,4,MSN,cash_flow,1439469000000.0,699760000000.0,70773000000.0,-10455000000.0,-605364000000.0,630832000000.0,0.0,2225015000000.0,-648090000000.0,513399000000.0,188094000000.0,-26901000000.0,-671630000000.0,-246305000000.0,0.0,-2980000000.0,1330602000000.0,-745089000000.0,1202000000.0,-234000000000.0,765300000000.0,-17693000000.0,152000000.0,143569000000.0,-86559000000.0,10741405000000.0,0.0,5820814000000.0,-18176514000000.0,0.0,-21000000.0,-1614316000000.0,-370273000000.0,4954786000000.0,1376000000.0,4585889000000.0,,,,,,,0.0
MSN,2018,3,MSN,cash_flow,1097256000000.0,662293000000.0,22844000000.0,-5809000000.0,-535982000000.0,757024000000.0,0.0,1997626000000.0,-226038000000.0,31135000000.0,901059000000.0,27795000000.0,-779635000000.0,-159510000000.0,0.0,-2000000.0,1792430000000.0,-753598000000.0,1388000000.0,-327500000000.0,-300000000.0,-677961000000.0,0.0,45117000000.0,-1712854000000.0,52408000000.0,0.0,6737202000000.0,-7209958000000.0,0.0,-226354000000.0,-646702000000.0,-567126000000.0,5518646000000.0,3266000000.0,4954786000000.0,,,,,,,0.0
MSN,2018,2,MSN,cash_flow,2535069000000.0,682650000000.0,14120000000.0,16977000000.0,-2005644000000.0,743283000000.0,0.0,1986455000000.0,26284000000.0,-42582000000.0,-426688000000.0,-60071000000.0,-661640000000.0,-115752000000.0,0.0,-3929000000.0,702077000000.0,-463613000000.0,3525000000.0,-71198000000.0,741898000000.0,0.0,0.0,80908000000.0,291520000000.0,134048000000.0,0.0,6511129000000.0,-6413478000000.0,-6087000000.0,-88336000000.0,137276000000.0,1130873000000.0,4391061000000.0,-3288000000.0,5518646000000.0,,,,,,,0.0
MSN,2018,1,MSN,cash_flow,1172030000000.0,660515000000.0,15355000000.0,8146000000.0,-591927000000.0,757229000000.0,0.0,2021348000000.0,113658000000.0,-578717000000.0,-52423000000.0,-26860000000.0,-756497000000.0,-154414000000.0,0.0,-75000000.0,566020000000.0,-676166000000.0,4117000000.0,-1026562000000.0,507083000000.0,-1612925000000.0,379584000000.0,66162000000.0,-2358707000000.0,0.0,0.0,4574235000000.0,-4814894000000.0,-2939000000.0,-989663000000.0,-1233261000000.0,-3025948000000.0,7417111000000.0,-102000000.0,4391061000000.0,,,,,,,0.0
MSN,2017,4,MSN,cash_flow,2341810000000.0,688876000000.0,94574000000.0,16000000.0,-1838136000000.0,1026781000000.0,0.0,2313921000000.0,-30284000000.0,54144000000.0,219416000000.0,52017000000.0,-912874000000.0,-258232000000.0,0.0,-79000000.0,1438029000000.0,-454835000000.0,2353000000.0,280213000000.0,2303831000000.0,-522403000000.0,3867405000000.0,174566000000.0,5651130000000.0,-35742000000.0,-5876977000000.0,6506660000000.0,-4994650000000.0,-4283000000.0,-31052000000.0,-4436044000000.0,2653115000000.0,4765527000000.0,-1531000000.0,7417111000000.0,,,,,,,0.0
MSN,2017,3,MSN,cash_flow,1092177000000.0,655990000000.0,31099000000.0,-1871000000.0,-636124000000.0,735123000000.0,0.0,1876394000000.0,-328320000000.0,842432000000.0,253694000000.0,-50639000000.0,-584059000000.0,-102508000000.0,0.0,-102000000.0,1906892000000.0,-442255000000.0,2864000000.0,-2519058000000.0,480100000000.0,0.0,0.0,66296000000.0,-2412053000000.0,148453000000.0,-247000000.0,5809550000000.0,-6716856000000.0,-4136000000.0,-3119000000.0,-766355000000.0,-1271516000000.0,6034414000000.0,2629000000.0,4765527000000.0,,,,,,,0.0
MSN,2017,2,MSN,cash_flow,353265000000.0,626370000000.0,42608000000.0,-10005000000.0,-473363000000.0,895085000000.0,0.0,1433960000000.0,75764000000.0,630415000000.0,222068000000.0,-67513000000.0,-1181222000000.0,-113803000000.0,0.0,0.0,999669000000.0,-688402000000.0,4289000000.0,-1078175000000.0,1972156000000.0,0.0,7568000000.0,123477000000.0,340913000000.0,3399940000000.0,0.0,5595844000000.0,-11118961000000.0,-3994000000.0,-229579000000.0,-2356750000000.0,-1016168000000.0,7047714000000.0,2868000000.0,6034414000000.0,,,,,,,0.0
MSN,2017,1,MSN,cash_flow,351385000000.0,639410000000.0,1077000000.0,2614000000.0,-438804000000.0,891943000000.0,0.0,1447625000000.0,-28352000000.0,-495322000000.0,-1727260000000.0,38139000000.0,-583210000000.0,-229735000000.0,0.0,-16000000.0,-1578131000000.0,-525531000000.0,1257000000.0,-2031224000000.0,1996400000000.0,0.0,0.0,113060000000.0,-446038000000.0,0.0,0.0,6104956000000.0,-7727830000000.0,-3858000000.0,-2449198000000.0,-4075930000000.0,-6100099000000.0,13148938000000.0,-1125000000.0,7047714000000.0,,,,,,,0.0
MSN,2016,4,MSN,cash_flow,1427050000000.0,647487000000.0,53692000000.0,20574000000.0,-451700000000.0,872343000000.0,0.0,2569446000000.0,-39877000000.0,-20005000000.0,791920000000.0,18801000000.0,-1089401000000.0,-273456000000.0,0.0,1000000.0,1957429000000.0,-708519000000.0,5907000000.0,-26539038000000.0,28539368000000.0,-2727995000000.0,12483000000.0,187430000000.0,-1230364000000.0,1138749000000.0,-238030000000.0,8005149000000.0,-8166750000000.0,-3726000000.0,-34208000000.0,701184000000.0,1428249000000.0,11723007000000.0,-2318000000.0,13148938000000.0,,,,,,,0.0
MSN,2016,3,MSN,cash_flow,1227246000000.0,623521000000.0,21259000000.0,2520000000.0,-476927000000.0,842244000000.0,0.0,2239863000000.0,132534000000.0,-1432475000000.0,37786000000.0,8294000000.0,-442131000000.0,-170549000000.0,0.0,-1432000000.0,371890000000.0,-688981000000.0,447000000.0,-20948606000000.0,20900401000000.0,-425587000000.0,0.0,156956000000.0,-1005370000000.0,-59000000.0,-403080000000.0,8641435000000.0,-4390343000000.0,-3598000000.0,-27954000000.0,3816401000000.0,3182921000000.0,8540118000000.0,-32000000.0,11723007000000.0,,,,,,,0.0
MSN,2016,2,MSN,cash_flow,1276829000000.0,574924000000.0,38409000000.0,-1662000000.0,-402320000000.0,709454000000.0,0.0,2195634000000.0,323115000000.0,-321413000000.0,763434000000.0,57203000000.0,-933311000000.0,-145777000000.0,0.0,-5641000000.0,1933244000000.0,-710439000000.0,6882000000.0,-19881956000000.0,23690367000000.0,-2193535000000.0,120908000000.0,162998000000.0,1195225000000.0,71349000000.0,0.0,5602020000000.0,-4858752000000.0,-3475000000.0,-89040000000.0,722102000000.0,3850571000000.0,4686894000000.0,2653000000.0,8540118000000.0,,,,,,,0.0
MSN,2016,1,MSN,cash_flow,515278000000.0,533328000000.0,11626000000.0,1892000000.0,-335506000000.0,688439000000.0,0.0,1415057000000.0,-191461000000.0,747977000000.0,-1119571000000.0,-189997000000.0,-493700000000.0,-305605000000.0,0.0,-6662000000.0,-143962000000.0,-812644000000.0,56000000.0,-27097654000000.0,28815910000000.0,-19724374000000.0,85310000000.0,609278000000.0,-18124118000000.0,14369527000000.0,-266927000000.0,6768539000000.0,-6209714000000.0,-3356000000.0,-26272000000.0,14631797000000.0,-3636283000000.0,8324476000000.0,-1299000000.0,4686894000000.0,,,,,,,0.0
MSN,2015,4,MSN,cash_flow,1634599000000.0,521047000000.0,47406000000.0,-11001000000.0,-1090842000000.0,1189482000000.0,829549000000.0,3108510000000.0,683852000000.0,68354000000.0,519450000000.0,-105357000000.0,-1091283000000.0,-304600000000.0,0.0,3672000000.0,2882598000000.0,-1249883000000.0,2925000000.0,-21549352000000.0,20578883000000.0,-422447000000.0,450000000000.0,20164000000.0,-2169710000000.0,87441000000.0,0.0,7506845000000.0,-7301149000000.0,0.0,-9128000000.0,284009000000.0,996897000000.0,7332367000000.0,-4788000000.0,8324476000000.0,,,,,,,-11730000000.0
MSN,2015,3,MSN,cash_flow,682848000000.0,510036000000.0,47844000000.0,-81858000000.0,141668000000.0,508133000000.0,-577768000000.0,1240835000000.0,-655611000000.0,1117403000000.0,-115338000000.0,198788000000.0,-734247000000.0,-142558000000.0,0.0,-5267000000.0,904005000000.0,-1431910000000.0,0.0,-4216826000000.0,4493266000000.0,-1036997000000.0,-42250000000.0,341576000000.0,-1893141000000.0,147512000000.0,0.0,12841882000000.0,-14159440000000.0,0.0,-74900000000.0,-1244946000000.0,-2234082000000.0,9555419000000.0,11030000000.0,7332367000000.0,,,,,,,9932000000.0
MSN,2015,2,MSN,cash_flow,751647000000.0,444448000000.0,19736000000.0,58792000000.0,-417149000000.0,571255000000.0,-115446000000.0,1315081000000.0,28122000000.0,-499606000000.0,897274000000.0,-128463000000.0,-14991000000.0,-138379000000.0,0.0,-3920000000.0,1455118000000.0,-1133857000000.0,1915000000.0,-27517550000000.0,20940182000000.0,-507551000000.0,1579203000000.0,407430000000.0,-6230228000000.0,0.0,0.0,13869495000000.0,-3656996000000.0,0.0,-634865000000.0,9577634000000.0,4802524000000.0,4750081000000.0,2814000000.0,9555419000000.0,,,,,,,1798000000.0
MSN,2015,1,MSN,cash_flow,157635000000.0,347442000000.0,31115000000.0,48702000000.0,-103279000000.0,399634000000.0,-136335000000.0,744914000000.0,-78529000000.0,-405966000000.0,78584000000.0,112485000000.0,-855981000000.0,-723801000000.0,0.0,-915000000.0,-1129209000000.0,-491515000000.0,45000000.0,-3126339000000.0,5570009000000.0,-1741240000000.0,1549990000000.0,120089000000.0,1881039000000.0,0.0,0.0,4163111000000.0,-5332353000000.0,0.0,0.0,-1169242000000.0,-417412000000.0,5166415000000.0,1078000000.0,4750081000000.0,,,,,,,0.0
MSN,2014,4,MSN,cash_flow,2157554000000.0,19734000000.0,32941000000.0,16110000000.0,-743961000000.0,377862000000.0,-412011000000.0,1442588000000.0,961306000000.0,99474000000.0,-963782000000.0,201979000000.0,-301336000000.0,-62721000000.0,0.0,-570000000.0,1376938000000.0,-1347352000000.0,30141000000.0,-25765031000000.0,24685669000000.0,18810124000000.0,-19926108000000.0,-36680000000.0,-3549237000000.0,388323000000.0,0.0,6482480000000.0,-2424595000000.0,0.0,-1676000000.0,4444532000000.0,2272233000000.0,2897335000000.0,-3153000000.0,5166415000000.0,,,,,,,-5641000000.0
MSN,2014,3,MSN,cash_flow,345868000000.0,393877000000.0,-93000000.0,-8924000000.0,-272557000000.0,347006000000.0,248233000000.0,1062760000000.0,-387185000000.0,-116898000000.0,-293043000000.0,0.0,-504424000000.0,-79589000000.0,0.0,-4050000000.0,-322429000000.0,-436564000000.0,639000000.0,0.0,0.0,-7058216000000.0,4388395000000.0,141136000000.0,-2964610000000.0,11054000000.0,0.0,4241896000000.0,-3192478000000.0,0.0,-36828000000.0,1023644000000.0,-2263395000000.0,5160730000000.0,0.0,2897335000000.0,,,,,,,9350000000.0
MSN,2014,2,MSN,cash_flow,98484000000.0,423279000000.0,26006000000.0,41989000000.0,-2178000000.0,484015000000.0,-105192000000.0,966239000000.0,-335895000000.0,-362887000000.0,-151630000000.0,0.0,-276925000000.0,-46421000000.0,0.0,-51235000000.0,-258754000000.0,77264000000.0,1092000000.0,5679785000000.0,-6505918000000.0,-12926216000000.0,15593651000000.0,166649000000.0,2086307000000.0,79422000000.0,0.0,6450436000000.0,-6509039000000.0,0.0,-1298323000000.0,-1277504000000.0,550049000000.0,4608179000000.0,2502000000.0,5160730000000.0,,,,,,,-164000000.0
MSN,2014,1,MSN,cash_flow,137825000000.0,283927000000.0,5522000000.0,-107000000.0,-39316000000.0,255839000000.0,-135983000000.0,510264000000.0,-440428000000.0,-229667000000.0,722657000000.0,0.0,-651418000000.0,-374016000000.0,0.0,0.0,-462608000000.0,-1002050000000.0,428000000.0,-5915584000000.0,6505918000000.0,0.0,0.0,162989000000.0,-248299000000.0,29144000000.0,0.0,4668299000000.0,-5076131000000.0,0.0,0.0,-378688000000.0,-1089595000000.0,5698563000000.0,-789000000.0,4608179000000.0,,,,,,,2557000000.0
MSN,2013,4,MSN,cash_flow,941301000000.0,146853000000.0,24223000000.0,4644000000.0,59500000000.0,185826000000.0,-321548000000.0,1040946000000.0,392495000000.0,124213000000.0,-37232000000.0,0.0,-196121000000.0,-177915000000.0,0.0,0.0,1146386000000.0,-821896000000.0,5000000.0,-43328557000000.0,41376557000000.0,-125788000000.0,0.0,65221000000.0,-2834458000000.0,-5146374000000.0,0.0,8653344000000.0,-2238154000000.0,0.0,0.0,1268816000000.0,-419256000000.0,6115293000000.0,2526000000.0,5698563000000.0,,,,,,,147000000.0
MSN,2013,3,MSN,cash_flow,492721000000.0,158775000000.0,4791000000.0,-1882000000.0,324113000000.0,101933000000.0,-331512000000.0,756125000000.0,-172979000000.0,-206159000000.0,287620000000.0,0.0,-377330000000.0,-72301000000.0,0.0,-7578000000.0,207398000000.0,-928764000000.0,1444000000.0,214494000000.0,871000000000.0,-1000000.0,1061861000000.0,-1715943000000.0,-495909000000.0,5455856000000.0,-3490092000000.0,92130000000.0,-1961279000000.0,0.0,0.0,96615000000.0,-191896000000.0,6342240000000.0,-35051000000.0,6115293000000.0,,,,,,,7186000000.0
MSN,2013,2,MSN,cash_flow,464465000000.0,108937000000.0,2214000000.0,-6729000000.0,-203963000000.0,50593000000.0,171656000000.0,587306000000.0,180590000000.0,-176878000000.0,50790000000.0,0.0,-740487000000.0,-497833000000.0,5287000000.0,-17730000000.0,-608955000000.0,-880131000000.0,13000000.0,-214494000000.0,-1553500000000.0,-199322000000.0,207463000000.0,1921054000000.0,-718917000000.0,360631000000.0,0.0,1959177000000.0,-1524324000000.0,0.0,-14926000000.0,780558000000.0,-547314000000.0,6858276000000.0,31278000000.0,6342240000000.0,,,,,,,133000000.0
MSN,2013,1,MSN,cash_flow,116815000000.0,105494000000.0,3943000000.0,16000000.0,14900000000.0,64602000000.0,-98703000000.0,207134000000.0,-408160000000.0,-227318000000.0,-284569000000.0,0.0,-35562000000.0,-85545000000.0,-5287000000.0,0.0,-839307000000.0,-1449217000000.0,100000000.0,0.0,1553500000000.0,-437279000000.0,-207463000000.0,213691000000.0,-326668000000.0,2782702000000.0,0.0,1172222000000.0,-1649390000000.0,0.0,0.0,2305534000000.0,1139559000000.0,5718717000000.0,0.0,6858276000000.0,,,,,,,67000000.0
MSN,2010,4,MSN,cash_flow,0.0,0.0,0.0,0.0,0.0,0.0,0.0,0.0,0.0,0.0,0.0,0.0,0.0,0.0,0.0,0.0,0.0,0.0,0.0,0.0,0.0,0.0,0.0,0.0,0.0,0.0,0.0,0.0,0.0,0.0,0.0,0.0,0.0,0.0,0.0,0.0,,,,,,,0.0
SAB,2025,4,SAB,cash_flow,1372467156211.0,164601140222.0,-4842057750.0,174096097.0,-381984796059.0,7381678847.0,0.0,1157797217568.0,-93938893629.0,-276135604170.0,222121475818.0,12667599303.0,-7556375721.0,-459757253531.0,0.0,-2311313462.0,552886852176.0,-60034251474.0,0.0,-5181219315069.0,5339360462935.0,0.0,0.0,384767550824.0,482874447216.0,0.0,0.0,856547927068.0,-761992697036.0,,-23883903946.0,70671326086.0,1106432625478.0,2910495187563.0,-46186307.0,4016881626734.0,,,,,,,0.0
SAB,2025,3,SAB,cash_flow,1695788585252.0,212358818279.0,40986939207.0,-119382960.0,-483196442555.0,7297682237.0,0.0,1559714952584.0,-231274076495.0,-107493435970.0,235156740229.0,-106515595814.0,-5976975108.0,-182301018061.0,0.0,-2476441322.0,1158834150043.0,-69050215177.0,242307000.0,-8195887010420.0,6970847000000.0,0.0,-6003096143.0,432921976700.0,-866929038040.0,0.0,0.0,519320532172.0,-528964991597.0,,-3874683568397.0,-3884328027822.0,-3592422915819.0,6502903596185.0,14507197.0,2910495187563.0,,,,,,,0.0
SAB,2025,2,SAB,cash_flow,1561500118324.0,175942761359.0,8298283269.0,-94128164.0,-199683890938.0,8765781329.0,0.0,1468130172055.0,-114223971511.0,544945665559.0,606611618199.0,30784344582.0,-9232294713.0,-78041945540.0,0.0,-131603088982.0,2317370499649.0,-43748833316.0,934389730.0,-1926250000000.0,2304703474192.0,-155654970568.0,146777742691.0,211758238898.0,538520041627.0,0.0,0.0,641310658043.0,-940480870338.0,,-52040636576.0,-351210848871.0,2504679692405.0,3998216920843.0,6982937.0,6502903596185.0,,,,,,,0.0
SAB,2025,1,SAB,cash_flow,1022209928640.0,177369747574.0,-1975993056.0,63728979.0,-209009993479.0,10901060239.0,0.0,999558478897.0,346845984666.0,53199968455.0,-1197123423024.0,36082544137.0,-12450176858.0,-348023474471.0,0.0,-3105244403.0,-125015342601.0,-68710471141.0,123500000.0,-1542419034801.0,3306015002193.0,140774646548.0,0.0,432826201906.0,2268609844705.0,0.0,0.0,774373572761.0,-835195770880.0,,-2562059987197.0,-2622882185316.0,-479287683212.0,4477501667326.0,2936729.0,3998216920843.0,,,,,,,0.0
SAB,2024,4,SAB,cash_flow,1239136748590.0,137294637834.0,-2880156765.0,313413067.0,-395032089676.0,4881451450.0,0.0,983714004500.0,-151118396316.0,-205631922636.0,430142056077.0,59115420457.0,-4809448566.0,-460330451687.0,0.0,-3323427233.0,647757834596.0,-58554102756.0,394940540.0,-4743201147866.0,3827187230000.0,-954279098706.0,0.0,265176262909.0,-1663275915879.0,0.0,0.0,472886513161.0,-353286513161.0,,-55045458883.0,64554541117.0,-950963540166.0,5428443756883.0,21450609.0,4477501667326.0,,,,,,,0.0
SAB,2024,3,SAB,cash_flow,1471058114394.0,137109733409.0,5765318745.0,-256959627.0,-317858343240.0,6169631263.0,0.0,1318497849365.0,90623403814.0,583329558668.0,-313205197291.0,36920102089.0,-6303549950.0,-110396456616.0,0.0,-2619329257.0,1596846380822.0,-49729572730.0,2309398912.0,-8295412642740.0,8638271000000.0,0.0,0.0,430854026835.0,726292210277.0,0.0,0.0,463400000000.0,-793800000000.0,,-2598340802528.0,-2928740802528.0,-605602211429.0,6034105422392.0,-59454080.0,5428443756883.0,,,,,,,0.0
SAB,2024,2,SAB,cash_flow,1634270656484.0,136844272972.0,1747114332.0,-154644532.0,-273107092893.0,7599673429.0,0.0,1490689625371.0,-84671291806.0,-156483296530.0,850245767568.0,-21702549654.0,2746138237.0,-223665292526.0,0.0,-115803444832.0,1741355655828.0,-16385158319.0,820499000.0,-4009691474192.0,4883561175000.0,0.0,0.0,389918323185.0,1248223364674.0,0.0,0.0,869011460906.0,-973898879545.0,,-63332013624.0,-168219432263.0,2821359588239.0,3213098600682.0,-352766529.0,6034105422392.0,,,,,,,0.0
SAB,2024,1,SAB,cash_flow,1302893108698.0,137634982540.0,-317207279.0,678925084.0,-262533850576.0,8798792489.0,0.0,1187154750956.0,158888380475.0,124245211930.0,-758271867681.0,48843428329.0,-19255749007.0,-362349512520.0,0.0,-2704945188.0,376549697294.0,-171349444233.0,0.0,-3337829912303.0,2915649012665.0,0.0,0.0,301175070121.0,-292355273750.0,0.0,0.0,1128776452301.0,-1097989033662.0,,-1941831952929.0,-1911044534290.0,-1826850110746.0,5039908030600.0,40680828.0,3213098600682.0,,,,,,,0.0
SAB,2023,4,SAB,cash_flow,1248929973773.0,149590786325.0,7003396827.0,5122967322.0,-372682147213.0,7723006840.0,0.0,1045687983874.0,-182558422029.0,-166417677523.0,-321120204067.0,36922877299.0,-14605050346.0,-410885829448.0,0.0,-3071960654.0,-16048282894.0,-39676788414.0,1964759124.0,-3653163405000.0,5880431034247.0,0.0,0.0,463239019193.0,2652794619150.0,0.0,0.0,1328403431730.0,-1275145640786.0,,-41626494215.0,11631296729.0,2648377632985.0,2391612113327.0,-81715712.0,5039908030600.0,,,,,,,0.0
SAB,2023,3,SAB,cash_flow,1344898352935.0,139716855089.0,-1363723209.0,220208535.0,-568375967342.0,10637821704.0,0.0,1048299273320.0,23997558912.0,274183147930.0,-86186450616.0,-11358693744.0,-19332309706.0,-238835162934.0,0.0,-2452040524.0,988315322638.0,-76212740172.0,19046500.0,-5440139784201.0,4081013000000.0,0.0,0.0,327224433647.0,-1108096044226.0,0.0,0.0,1039439730675.0,-1257678823907.0,,-1012086587895.0,-1230325681127.0,-1350106402715.0,3741721292562.0,-2776520.0,2391612113327.0,,,,,,,0.0
SAB,2023,2,SAB,cash_flow,1524359738040.0,140033176269.0,-212744556.0,1544577730.0,-303388955385.0,14330165656.0,0.0,1254100232146.0,-53551386070.0,64030643075.0,1011672577360.0,-169719875909.0,-15975561941.0,-82859934163.0,0.0,-169181448939.0,1838515245559.0,-65053701056.0,80000000.0,-7199536534247.0,5922387000000.0,0.0,0.0,367037442414.0,-975085792889.0,0.0,0.0,794357160210.0,-861131796123.0,,-49795665068.0,-116570300981.0,746859151689.0,2994887902083.0,-25761210.0,3741721292562.0,,,,,,,0.0
SAB,2023,1,SAB,cash_flow,1252222339547.0,140691204674.0,-2009062439.0,1456511271.0,-381468239209.0,17523731719.0,0.0,1028416485563.0,172527838459.0,-307286310581.0,-1388106890350.0,-2539495297.0,-14232489268.0,-367188507890.0,0.0,-2723185543.0,-881132554907.0,-92377286788.0,421225600.0,-1269568133669.0,3311873905205.0,0.0,0.0,206035353308.0,2156385063656.0,0.0,0.0,968344982235.0,-1067521362183.0,,-2250583978885.0,-2349760358833.0,-1074507850084.0,4069464160642.0,-68408475.0,2994887902083.0,,,,,,,0.0
SAB,2022,4,SAB,cash_flow,1359966567766.0,140433692370.0,2932597173.0,1084603226.0,-388196740077.0,13730253818.0,0.0,1129950974276.0,-184723380964.0,-217468472217.0,-486162400004.0,-27886446860.0,-18911410713.0,-547749307229.0,0.0,-2401803583.0,-355352247294.0,-110593999127.0,183150000.0,-5986743500000.0,7203807884932.0,0.0,0.0,321630696190.0,1428284231995.0,0.0,0.0,805335470079.0,-605658524016.0,,-46358223356.0,153318722707.0,1226250707408.0,2843366169149.0,-152715915.0,4069464160642.0,,,,,,,0.0
SAB,2022,3,SAB,cash_flow,1717126711698.0,141765182688.0,2734011957.0,-4938487185.0,-391486343130.0,10570350223.0,0.0,1475771426251.0,33234802223.0,-69236583982.0,1207707495791.0,19077821803.0,-13237186118.0,-158773174192.0,0.0,-4537254188.0,2490007347588.0,-135265100744.0,1744223000.0,-6816306000000.0,4395355000000.0,0.0,0.0,229553922342.0,-2324917955402.0,0.0,0.0,722697857305.0,-733193689952.0,,-50849855288.0,-61345687935.0,103743704251.0,2739622464898.0,0.0,2843366169149.0,,,,,,,0.0
SAB,2022,2,SAB,cash_flow,2204628340426.0,143517894728.0,1841062488.0,-9896572224.0,-299930129745.0,10218965015.0,0.0,2050379560688.0,-111127346779.0,52695847549.0,-422615086528.0,-70431922558.0,-6759695330.0,-242372340143.0,0.0,-94494984223.0,1155274032676.0,-219304047873.0,991800000.0,-7706440000000.0,5884400000000.0,0.0,0.0,325501006622.0,-1714851241251.0,0.0,0.0,938373311032.0,-823009629502.0,,-65562973559.0,49800707971.0,-509776500604.0,3249582254803.0,-183289301.0,2739622464898.0,,,,,,,0.0
SAB,2022,1,SAB,cash_flow,1531695699072.0,135388555612.0,-7883036527.0,-4666384015.0,-274199848395.0,10997727944.0,0.0,1391332713691.0,-56081792596.0,-290903940077.0,452094098027.0,-14816886512.0,-9857163083.0,-380832557037.0,0.0,-2173703320.0,1088760769093.0,-68001114253.0,1347100000.0,-2131780175342.0,2804976290410.0,0.0,0.0,137174616952.0,743716717767.0,0.0,0.0,813484063203.0,-746871168774.0,,-2256094019888.0,-2189481125459.0,-357003638599.0,3606454403209.0,131490193.0,3249582254803.0,,,,,,,0.0
SAB,2021,4,SAB,cash_flow,1722982085882.0,136637028353.0,-12392014997.0,-4866292711.0,-350561082035.0,10758586829.0,0.0,1502558311321.0,209331384425.0,-278289537800.0,649147581037.0,33444887388.0,-9693851725.0,-231608079714.0,0.0,-965081037.0,1873925613895.0,-68642933966.0,775000000.0,-6844430000000.0,5202975000000.0,0.0,12836921400.0,280838797111.0,-1415647215455.0,0.0,0.0,712642588078.0,-807383440274.0,,-50366535536.0,-145107387732.0,313171010708.0,3293465550027.0,-182157526.0,3606454403209.0,,,,,,,0.0
SAB,2021,3,SAB,cash_flow,598912435380.0,138749290902.0,23150569299.0,-12507989940.0,-285573922933.0,11108422977.0,0.0,546180418779.0,-106187897867.0,244260328384.0,-336015704273.0,78341925954.0,-8521602911.0,-263627883825.0,0.0,-26383361197.0,128046223044.0,-94118089860.0,0.0,-4202145000000.0,4135695000000.0,0.0,0.0,264038973567.0,103470883707.0,0.0,0.0,572273191734.0,-634475196519.0,,-26278720014.0,-88480724799.0,143036381952.0,3150402298104.0,26869971.0,3293465550027.0,,,,,,,0.0
SAB,2021,2,SAB,cash_flow,1303884773120.0,138183211890.0,-72144900587.0,6246050010.0,-147967688434.0,12792551433.0,0.0,1167749405413.0,-34724292573.0,404631077373.0,565816055226.0,9291492825.0,-9316284976.0,-75591724109.0,0.0,-79687503816.0,1948168225363.0,-105888853656.0,1269783000.0,-5196765000000.0,3474360000000.0,0.0,0.0,360966315574.0,-1466057755082.0,0.0,0.0,754327318176.0,-821563351444.0,,-44942977829.0,-112179011097.0,369931459184.0,2780498994394.0,-28155474.0,3150402298104.0,,,,,,,0.0
SAB,2021,1,SAB,cash_flow,1231114955361.0,143908228981.0,-1750611616.0,-13002195334.0,-461240370496.0,14080239135.0,0.0,840195285871.0,-99279131862.0,-594558907673.0,-218404243901.0,24321009526.0,-6543028098.0,-348177740540.0,0.0,-4443677863.0,-406890434540.0,-60891135168.0,1440687000.0,-1916500000000.0,2893390432877.0,0.0,409861993444.0,205721861700.0,1533023839853.0,0.0,0.0,944935416947.0,-1042007808509.0,,-974718336792.0,-1071790728354.0,54342676959.0,2726137088387.0,19229048.0,2780498994394.0,,,,,,,0.0
SAB,2020,4,SAB,cash_flow,1871603929376.0,150340808007.0,-47444400037.0,4956972590.0,-325143709772.0,16349094162.0,0.0,1670662694326.0,11608865164.0,326398989181.0,-412007752728.0,-89243031823.0,-22462080807.0,-367871518761.0,0.0,-2713549592.0,1114372614960.0,-122251073318.0,552000000.0,-4883029000000.0,4626279000000.0,0.0,0.0,311813538083.0,-66635535235.0,0.0,0.0,852488253607.0,-1022445399048.0,,-1324979158587.0,-1494936304028.0,-447199224303.0,3173374778621.0,-38465931.0,2726137088387.0,,,,,,,0.0
SAB,2020,3,SAB,cash_flow,1822340854649.0,148058152253.0,-26912490519.0,6188322437.0,-412423002402.0,12786266446.0,98467817737.0,1648505920601.0,209483362189.0,-128928358412.0,111827934987.0,21793359223.0,-13940503034.0,-198839969188.0,0.0,-144476278425.0,1505425467941.0,-161131250839.0,216687000.0,-5224199000000.0,2069016356219.0,0.0,0.0,166797331980.0,-3149299875640.0,0.0,0.0,1013662116689.0,-942684458382.0,,-118710199664.0,-47732541357.0,-1691606949056.0,4864813951649.0,167776028.0,3173374778621.0,,,,,,,0.0
SAB,2020,2,SAB,cash_flow,1472578889035.0,146312854410.0,-3189311274.0,1734320739.0,-179708628948.0,16505453910.0,-98467817737.0,1355765760135.0,-122665823041.0,698250421163.0,983752559946.0,36129086597.0,-16806780793.0,-184165579966.0,0.0,-78918824466.0,2671340819575.0,-31817032321.0,0.0,-4283130000000.0,3945185002273.0,0.0,0.0,334055302867.0,-35706727181.0,0.0,0.0,516436785168.0,-697251407359.0,,-36197913004.0,-217012535195.0,2418621557199.0,2447101994565.0,-909600115.0,4864813951649.0,,,,,,,0.0
SAB,2020,1,SAB,cash_flow,945294652905.0,148739781261.0,-909208722.0,-1885806981.0,-283642983979.0,18040511955.0,0.0,825636946439.0,-39183408962.0,-284593301997.0,-1268205938907.0,-13101420918.0,-18820222172.0,-287756782647.0,0.0,-11036921001.0,-1097061050165.0,-130676330707.0,672000000.0,-1856965041096.0,3425650000000.0,0.0,0.0,211542955575.0,1650223583772.0,0.0,0.0,678488955343.0,-647061146729.0,,-2254139739003.0,-2222711930389.0,-1669549396782.0,4115884646637.0,766744710.0,2447101994565.0,,,,,,,0.0
SAB,2019,4,SAB,cash_flow,1429338606813.0,169471222681.0,364970185901.0,618149239.0,-380490750890.0,17744056606.0,0.0,1596286957686.0,-21557355445.0,-121317649582.0,480643607108.0,-3742575654.0,-17111432599.0,-473430910725.0,0.0,-4501022102.0,1435269618687.0,-175365186658.0,1104751066.0,-5274426800953.0,4054632500000.0,160238103504.0,0.0,344920705717.0,-888895927324.0,0.0,0.0,961767436523.0,-972101646886.0,,-7140531895.0,-17474742258.0,528898949105.0,3586992705347.0,-7007815.0,4115884646637.0,,,,,,,0.0
SAB,2019,3,SAB,cash_flow,1801188428276.0,159352816858.0,-19624203379.0,-42242715.0,-497822540160.0,5792155363.0,167054719793.0,1615899134036.0,32027864338.0,-242401572987.0,23249746573.0,62490541348.0,-5734093717.0,-287119820193.0,0.0,-5844020531.0,1192567778867.0,-34660357694.0,2081886416.0,-3811193248000.0,1652000000000.0,-82000000000.0,0.0,222989579613.0,-2050782139665.0,0.0,0.0,735405791224.0,-572875264497.0,,-1021047483811.0,-858516957084.0,-1716731317882.0,5303724023229.0,0.0,3586992705347.0,,,,,,,0.0
SAB,2019,2,SAB,cash_flow,1871579009681.0,159339307752.0,14938223177.0,-65826919.0,-118439755060.0,5970927556.0,-167054719793.0,1766267166394.0,71974292373.0,533999514231.0,66508006605.0,86127887929.0,-6017158861.0,-312926644537.0,0.0,-209681793606.0,1996251270528.0,-25740667001.0,71134084.0,-4168057177678.0,2617224424900.0,0.0,0.0,283896228875.0,-1292606056820.0,0.0,0.0,702515793589.0,-965223893018.0,,-82874931245.0,-345583030674.0,358062183034.0,4945933287378.0,-271447183.0,5303724023229.0,,,,,,,0.0
SAB,2019,1,SAB,cash_flow,1584070580194.0,159084466890.0,-20421421681.0,280109949.0,-248175666140.0,7860067347.0,0.0,1482698136559.0,17740246171.0,-262603180880.0,-554282601707.0,67623660492.0,-7972824921.0,-325082377855.0,0.0,-40069461689.0,378051596170.0,-26995881481.0,2022065916.0,-1008000000000.0,1055781972222.0,0.0,0.0,103304376622.0,126112533279.0,0.0,0.0,836278712579.0,-836278712579.0,,-25902537157.0,-25902537157.0,478261592292.0,4467391585137.0,280109949.0,4945933287378.0,,,,,,,0.0
SAB,2018,4,SAB,cash_flow,1132595481030.0,161418926293.0,213932244755.0,42605086.0,-259560469937.0,7912058821.0,0.0,1256340846048.0,-66419744203.0,304817275951.0,788481218712.0,74198553902.0,-8637610001.0,-253413761358.0,0.0,-41617550909.0,2053749228142.0,-59922997890.0,704691288.0,-3680302446200.0,4003000000000.0,0.0,0.0,262499947788.0,525979194986.0,0.0,0.0,771067634234.0,-866601126478.0,,-2245079394405.0,-2340612886649.0,239115536479.0,4228410867018.0,-134818360.0,4467391585137.0,,,,,,,0.0
SAB,2018,3,SAB,cash_flow,1275783954083.0,158656830392.0,13602214214.0,-27521656.0,-281495317263.0,8997534676.0,0.0,1175517694446.0,25440175718.0,-111325980270.0,-32294535864.0,50116984479.0,-8546332029.0,-269958014513.0,0.0,-28762014383.0,800187977584.0,-67345523334.0,291980119.0,-2468284743295.0,1555000000000.0,0.0,0.0,205752453418.0,-774585833092.0,0.0,0.0,798729103855.0,-653398491851.0,,-126924345291.0,18406266713.0,44008411205.0,4184307406199.0,95049614.0,4228410867018.0,,,,,,,0.0
SAB,2018,2,SAB,cash_flow,1569894829038.0,157485706710.0,-36165904422.0,76715363.0,-215214689687.0,8237820920.0,0.0,1484314477922.0,-68496077371.0,58411701494.0,459461000723.0,92903576876.0,-8595404928.0,-205454760178.0,0.0,-72078259000.0,1740466255538.0,-32735004737.0,1012738181.0,-4579000000000.0,2231200000000.0,0.0,0.0,280493994756.0,-2099028271800.0,0.0,0.0,817750405293.0,-1068048776855.0,,-80264110107.0,-330562481669.0,-689124497931.0,4873459152462.0,-27248332.0,4184307406199.0,,,,,,,0.0
SAB,2018,1,SAB,cash_flow,1408783214517.0,157057681235.0,-955835474.0,-19861231.0,-227361218105.0,10097393936.0,0.0,1347601374878.0,234176709555.0,-204864308566.0,-785991720556.0,-13566315030.0,-10177337196.0,-412160962854.0,0.0,-206837646622.0,-51820206391.0,-100298754122.0,0.0,-133000000000.0,2086000000000.0,0.0,0.0,155917513228.0,2008618759106.0,0.0,0.0,868116921691.0,-783600470776.0,,-1436481121975.0,-1351964671060.0,604833881655.0,4268598818042.0,26452765.0,4873459152462.0,,,,,,,0.0
SAB,2017,4,SAB,cash_flow,1790201847347.0,168238419687.0,-93522779270.0,9544609.0,206422001802.0,9427396733.0,0.0,2080776430908.0,172174274009.0,202735501852.0,-291509123069.0,-143054530879.0,-8916817286.0,-98382304851.0,109966267840000.0,-109911314796700.0,1968776473984.0,-41191581094.0,-29145200117.0,-2011000000000.0,673432771972.0,-20000000000.0,0.0,110945070648.0,-1316958938591.0,67207854357.0,-67207854357.0,898112457216.0,-1027875008613.0,,-808170112000.0,-937932663397.0,-286115128004.0,4554779294818.0,14144146.0,4268678310960.0,,,,,,,0.0
SAB,2017,3,SAB,cash_flow,1411252399506.0,148938697732.0,-9877152031.0,-415919626.0,-271311110972.0,8909796400.0,0.0,1287496711009.0,639508132865.0,-258399213930.0,-314000646650.0,95156969547.0,-26994674485.0,-65152002105.0,0.0,-82109933590.0,1275505342661.0,-33452760875.0,0.0,-3400000000000.0,1526566940162.0,0.0,6718900000.0,227395147580.0,-1672771773133.0,0.0,5479898876.0,855640786964.0,-971037216898.0,,1482667000.0,-108433864058.0,-505700294530.0,5060479589348.0,0.0,4554779294818.0,,,,,,,0.0
SAB,2017,2,SAB,cash_flow,1664794182203.0,157042867166.0,-23365567773.0,401120990.0,-179152237527.0,12649087025.0,0.0,1632369452084.0,-623656353930.0,156725641548.0,69177512348.0,34911134410.0,5438825291.0,-60811898968.0,0.0,-142569049811.0,1071585262972.0,-37396404471.0,14281920000.0,-1422000000000.0,610000000000.0,-20000000000.0,0.0,254139051570.0,-600975432901.0,0.0,51067165481.0,1305079378393.0,-843510711766.0,,-3321685260.0,509314146848.0,979923976919.0,4080555612429.0,0.0,5060479589348.0,,,,,,,0.0
SAB,2017,1,SAB,cash_flow,1448436806793.0,157014768689.0,777284070.0,0.0,-172891295574.0,11103567434.0,0.0,1444441131412.0,236999064109.0,-79879017522.0,-680944465461.0,-6362270769.0,-12670583343.0,-70136199010.0,0.0,-109143977456.0,722303681960.0,-38902465844.0,0.0,-357766940162.0,1066566940162.0,-3880715400.0,36603803243.0,103186915867.0,805807537866.0,0.0,10660790000.0,482684596251.0,-1186870623361.0,,-198855814790.0,-892381051900.0,635730167926.0,3444825444503.0,0.0,4080555612429.0,,,,,,,0.0
SAB,2016,4,SAB,cash_flow,1196369875892.0,590338117.0,16633834826.0,1865591461.0,-186960322486.0,16296941369.0,0.0,1044796259179.0,-826870556973.0,-116220077365.0,-881358529111.0,-195659599349.0,-11924889093.0,-256373625370.0,-73744365033.0,73744365037.0,-1243611018078.0,829819593.0,40383850702.0,-202000000000.0,875000000000.0,0.0,8637800000.0,-617202116997.0,105649353298.0,0.0,2100000000.0,150851204321.0,-1089780005340.0,,-1921653558000.0,-2858482359019.0,-3996444023799.0,6813756227630.0,0.0,2817312203831.0,,,,,,,0.0
SAB,2016,3,SAB,cash_flow,1525973152176.0,154997146710.0,-5838546875.0,16506867.0,-371293511114.0,18701856594.0,0.0,1322556604358.0,-1257803917632.0,-249550321049.0,695545928763.0,8401189278.0,-16140554636.0,-324978250450.0,82399027720.0,130973451676.0,391403158028.0,-3295510839.0,0.0,-1378066940162.0,37566940162.0,191890000.0,4316700000.0,220230353697.0,-1119056567142.0,0.0,0.0,779744717832.0,-963570003693.0,,-1667031995293.0,-1850857281154.0,-2578510690268.0,9392266917898.0,0.0,6813756227630.0,,,,,,,0.0
SAB,2016,2,SAB,cash_flow,1758652545840.0,178038092002.0,-7124994638.0,-22073898.0,-302796673099.0,30789908633.0,0.0,1657536804840.0,-161169968105.0,-289041634997.0,143299508073.0,80797679265.0,-30327704618.0,-155297881774.0,-20329538558.0,-188192491927.0,1037274772199.0,-103403272049.0,-46764634512.0,-822500000000.0,754900000000.0,-3191890000.0,7682200000.0,378232283337.0,164954686776.0,0.0,0.0,982930981251.0,-1382007040974.0,,-258627622257.0,-657703681980.0,544525776995.0,8847741140903.0,0.0,9392266917898.0,,,,,,,0.0
SAB,2016,1,SAB,cash_flow,1225534866458.0,141346692947.0,7300619290.0,23754430.0,-107042593333.0,16149227628.0,0.0,1283312567420.0,238241521872.0,456666809878.0,-594024248001.0,52453123299.0,-18039625712.0,-247178599507.0,20329538558.0,-16525324786.0,1175235763021.0,-43207455027.0,47366134512.0,-636400000000.0,250000000000.0,0.0,4317800000.0,43693979963.0,-334229540552.0,0.0,0.0,971709968982.0,-900903829626.0,,-45524000.0,70760615356.0,911766837825.0,7935974303078.0,0.0,8847741140903.0,,,,,,,0.0
SAB,2015,4,SAB,cash_flow,744392035337.0,156647982672.0,18596720779.0,436856594.0,-267248858513.0,18053845235.0,0.0,670878582104.0,189554868293.0,-84207772838.0,-749162217339.0,87302845695.0,-25659648952.0,-385463525188.0,-84780350344.0,-185288351005.0,-566825569574.0,-45637017332.0,1690196207.0,-610591606830.0,320747452804.0,29306699200.0,38874970000.0,324050372628.0,58441066677.0,0.0,7000000000.0,1199100420713.0,-363627264878.0,,-76043166845.0,766429988990.0,258045486093.0,7677928816985.0,0.0,7935974303078.0,,,,,,,0.0
SAB,2015,3,SAB,cash_flow,1326713007519.0,166622408778.0,5845949762.0,-83003678.0,-221960442582.0,17968505124.0,0.0,1295106424923.0,-321065858394.0,-67840181130.0,304636621728.0,75733480804.0,6305312453.0,-216019052798.0,84780350344.0,92754547320.0,1254391645250.0,-88161090847.0,-52217520.0,181000000000.0,0.0,-42628971275.0,14342077013.0,1992040308.0,66491837679.0,0.0,0.0,321189336830.0,-631927592503.0,,-1577398459180.0,-1888136714853.0,-567253231924.0,8245182048909.0,0.0,7677928816985.0,,,,,,,0.0
SAB,2015,2,SAB,cash_flow,1146492122955.0,155998519554.0,-1608717936.0,3067966.0,-207233066294.0,19478642032.0,0.0,1113130568277.0,117679720712.0,71411352281.0,638120402831.0,68202576785.0,-43033340763.0,-305508561019.0,-15623829587.0,-140886462287.0,1503492427230.0,-94214109907.0,2399329563.0,-309922077013.0,248319783533.0,-104704448725.0,-1861692013.0,200713787050.0,-59269427512.0,0.0,0.0,680578767081.0,-799767803183.0,,-25475317945.0,-144664354047.0,1299558645671.0,6945623403238.0,0.0,8245182048909.0,,,,,,,0.0
SAB,2015,1,SAB,cash_flow,1252412288113.0,155972722770.0,6484980.0,27103427.0,-123185549313.0,21090499909.0,0.0,1306323549886.0,-91586104617.0,-4296166337.0,-968494850874.0,42391474472.0,-17939321502.0,-304878292676.0,15623829587.0,-10467621869.0,-33323503930.0,-80660969440.0,0.0,265922077013.0,0.0,0.0,13439615000.0,118294104883.0,316994827456.0,0.0,0.0,704473784745.0,-797516093932.0,,-64400500.0,-93106709687.0,190564613839.0,6755058789399.0,0.0,6945623403238.0,,,,,,,0.0
SAB,2014,4,SAB,cash_flow,534505251299.0,148339656293.0,-45496170915.0,-1178793527.0,215685273997.0,22631394493.0,-352889124104.0,516124802541.0,191682439166.0,-312656533515.0,1690861296017.0,108518581290.0,-50701947181.0,-172296861938.0,-37341700762.0,-264005835706.0,1670184239912.0,-252184235233.0,81209999792.0,-983585361111.0,0.0,0.0,27057100347.0,312626798117.0,-814875698088.0,0.0,0.0,643866688731.0,-681116412156.0,,-456019386856.0,-493269110281.0,362039431543.0,1455019357856.0,0.0,1817058789399.0,,,,,,,-5472684995.0
SAB,2014,3,SAB,cash_flow,1201230683284.0,152680768097.0,30893768761.0,-253026478.0,-251818401023.0,23781210231.0,0.0,1156515002872.0,-81671210854.0,60489689893.0,-576332740583.0,8767065376.0,13929018380.0,-280808245959.0,37341700762.0,55470464617.0,393700744504.0,-151560794190.0,-83464588077.0,-661312345409.0,-5587450000.0,-20000000000.0,-359084871304.0,920542613687.0,-360467435293.0,0.0,0.0,962265908918.0,-932992371797.0,,-49108340065.0,-19834802944.0,13398506267.0,1441121103843.0,0.0,1454519610110.0,,,,,,,0.0
SAB,2014,2,SAB,cash_flow,1077657386239.0,144082487229.0,-29271136960.0,20621953.0,-170994515227.0,28389985600.0,0.0,1049884828834.0,-110270560812.0,188064715265.0,729425042965.0,72863885625.0,-66229225807.0,-316781095507.0,-6499700997.0,-69147806781.0,1471310082785.0,-273263751212.0,79022455077.0,-623302293480.0,5587450000.0,4000000000.0,359084871304.0,-988402461526.0,-1437273729837.0,0.0,0.0,256929933073.0,-436940239304.0,,36047065216.0,-143963241015.0,-109926888067.0,1551047991910.0,0.0,1441121103843.0,,,,,,,0.0
SAB,2014,1,SAB,cash_flow,1104164506372.0,137995833907.0,-109062482.0,-63501168.0,-120466104188.0,32413790071.0,0.0,1153935462512.0,29722607106.0,-114352545639.0,-1306202201210.0,-126293593606.0,-31008813113.0,-287632229237.0,6499700997.0,-10390236831.0,-685721849021.0,-278782076283.0,6201643000.0,603302293480.0,0.0,-4000000000.0,5499450000.0,329090116117.0,661311426314.0,0.0,0.0,181211262153.0,-313618147218.0,,-140390266808.0,-272797151873.0,-297207574580.0,1848255566490.0,0.0,1551047991910.0,,,,,,,0.0
SAB,2013,4,SAB,cash_flow,298472625455.0,118511605143.0,73922304706.0,-701692046.0,222770633238.0,37622944194.0,-370201638197.0,406230600593.0,70792929386.0,-350661968063.0,1241493164771.0,44046983263.0,-15121144471.0,-271451140042.0,19596545906.0,-101698442855.0,1043227528488.0,-245868669782.0,-64527028133.0,-136626560000.0,0.0,154367557718.0,-47542562377.0,108645628593.0,-231551633981.0,0.0,0.0,564113428962.0,-313494183665.0,,-783617022214.0,-532997776917.0,278678117590.0,1570077196646.0,0.0,1848755314236.0,,,,,,,25833818100.0
SAB,2013,3,SAB,cash_flow,975697250454.0,135175885201.0,-1996099773.0,-541601280.0,-141682547385.0,30361637657.0,0.0,997014524874.0,-188671766753.0,44694224850.0,509028263537.0,-51581960139.0,-38244516453.0,-206517495028.0,17729085862.0,-13854111519.0,1069596249231.0,-122460583887.0,92635359764.0,0.0,0.0,-729150000000.0,2775483992.0,67156903804.0,-689042836327.0,0.0,0.0,143729546670.0,-416059195763.0,,-69011076952.0,-341340726045.0,39212686859.0,1530864509786.0,0.0,1570077196645.0,,,,,,,0.0
DGC,2025,4,DGC,cash_flow,740085389424.0,81147791264.0,56200924.0,8442461524.0,-166927738901.0,11965996629.0,,674770100864.0,109953438163.0,184679913339.0,-152685343469.0,18630949190.0,-327989892.0,-13300000000.0,0.0,-35994555839.0,785726512356.0,-455889548207.0,0.0,-1015573988000.0,1710300000000.0,0.0,0.0,93432017813.0,332268481606.0,0.0,0.0,1250422762674.0,-1664455116328.0,,0.0,-414032353654.0,703962640308.0,338992873514.0,-2435079998.0,1040520433824.0,0.0,,,,,,
DGC,2025,3,DGC,cash_flow,901292276933.0,79161689691.0,0.0,-13022438560.0,-162259603121.0,11932581651.0,,817104506594.0,13374439186.0,-588433986688.0,41396193125.0,22269190472.0,-836355032.0,-19000000000.0,0.0,-4773419152.0,281100568505.0,13588987539.0,0.0,-5062229200000.0,4304726368772.0,0.0,0.0,213561380367.0,-530352463322.0,0.0,0.0,1563085379924.0,-1167435776413.0,,1.0,395649603512.0,146397708695.0,191299130677.0,1296034142.0,338992873514.0,0.0,,,,,,
DGC,2025,2,DGC,cash_flow,986325309764.0,80170349836.0,-12948473.0,13022438560.0,-151205886369.0,9878436346.0,,938177699664.0,-120090308633.0,-325690078914.0,159879707971.0,17627204973.0,3664990539.0,-14777644000.0,0.0,-35249221724.0,623542349876.0,-238014233460.0,4666690529.0,-1876000000000.0,1004213477737.0,0.0,0.0,32101607061.0,-1073032458133.0,0.0,0.0,1669254904711.0,-1184667329778.0,,-32937604601.0,451649970332.0,2159862075.0,190435302744.0,-1296034142.0,191299130677.0,0.0,,,,,,
DGC,2025,1,DGC,cash_flow,977912812419.0,74831794166.0,0.0,0.0,-133889796956.0,6994545308.0,,925849354937.0,-122831422022.0,22357918878.0,-224086520899.0,17535391138.0,-20183785314.0,-158896175868.0,0.0,-94233251006.0,345511509844.0,-95006173567.0,0.0,-3697400000000.0,3188098050000.0,0.0,0.0,118476032740.0,-485832090827.0,0.0,0.0,1065865956520.0,-850891920424.0,,0.0,214974036096.0,74653455113.0,115781847631.0,0.0,190435302744.0,0.0,,,,,,
DGC,2024,4,DGC,cash_flow,864953785415.0,69038206233.0,161672423.0,1334769930.0,-140081493954.0,5919463593.0,,801326403640.0,-46401929590.0,-250901650320.0,112377050030.0,31173439145.0,-4627065854.0,-179868198591.0,0.0,-34774949687.0,428303098773.0,-184507774879.0,1066666667.0,-1673888050000.0,2221409440000.0,0.0,0.0,195881195015.0,559961476803.0,0.0,0.0,1128628919379.0,-1054923778020.0,,-1194930140118.0,-1121224998759.0,-132960423183.0,248488682452.0,253588362.0,115781847631.0,0.0,,,,,,
DGC,2024,3,DGC,cash_flow,800024592972.0,102186200659.0,-9689390.0,549303893.0,-135097885925.0,3920315833.0,,771572838042.0,44901839162.0,237620504372.0,-16627124080.0,4642048816.0,-5277251241.0,-296579749.0,0.0,-14465875802.0,1022070399520.0,-40372503514.0,-1066666667.0,-5529113068493.0,4155464963014.0,0.0,0.0,158854287576.0,-1256232988084.0,0.0,0.0,861939130073.0,-893386546373.0,,14087284768.0,-17360131532.0,-251522720096.0,500022750685.0,-11348137.0,248488682452.0,0.0,,,,,,
DGC,2024,2,DGC,cash_flow,966036006970.0,90868641221.0,-9705605.0,-549303893.0,-128121534498.0,5305560974.0,,933529665169.0,59903021949.0,-119203845386.0,2577648536834.0,21416757084.0,-4745076498.0,-2326346999.0,0.0,-23181838111.0,3443040874042.0,-273696182137.0,1066666667.0,-1533646997627.0,1260030000000.0,0.0,0.0,90277865444.0,-455968647653.0,0.0,0.0,995277493982.0,-1096371985771.0,,-2499162428197.0,-2600256919986.0,386815306403.0,113196096145.0,11348137.0,500022750685.0,0.0,,,,,,
DGC,2024,1,DGC,cash_flow,769261126172.0,106401621585.0,-20721296.0,0.0,-137854753887.0,6509031647.0,,744296304221.0,184288233459.0,-5832828674.0,-2582781832568.0,-8517816714.0,-6072527578.0,-60340903996.0,0.0,-38978797378.0,-1773940169228.0,-23426403735.0,0.0,-966000000000.0,897330375040.0,0.0,0.0,92016838819.0,-79189876.0,0.0,0.0,702125563624.0,-1110978729664.0,,1235493702429.0,826640536389.0,-947378822715.0,1060574918860.0,0.0,113196096145.0,0.0,,,,,,
DGC,2023,4,DGC,cash_flow,798626857948.0,98184364342.0,-1572340577.0,5035845014.0,-165478148999.0,7717012159.0,,742513589887.0,-125102368079.0,-1411410389.0,-235151278426.0,16807304468.0,-7748352215.0,-186703814814.0,0.0,-74144755682.0,129058914750.0,-48150503927.0,3751924789.0,-1431930000000.0,2068293193934.0,0.0,0.0,-222943215790.0,369021399006.0,0.0,0.0,1013142334004.0,-678844789833.0,,155018409590.0,489315953761.0,987396267517.0,73177884022.0,767321.0,1060574918860.0,0.0,,,,,,
DGC,2023,3,DGC,cash_flow,863560075518.0,93245931185.0,-237302081.0,-9966649949.0,-165326343234.0,8243042402.0,,789518753841.0,-461794270656.0,128571107286.0,-421228992022.0,134848175034.0,-4172424062.0,-208596015.0,0.0,-8774031178.0,156759722228.0,-69610601780.0,545454546.0,-3813900000000.0,2761309117528.0,743964764766.0,0.0,252963162509.0,-124728102431.0,0.0,0.0,970258819392.0,-999498523536.0,,-1720126000.0,-30959830144.0,1071789653.0,71510557160.0,595537209.0,73177884022.0,0.0,,,,,,
DGC,2023,2,DGC,cash_flow,950125135893.0,80267887927.0,-6437899778.0,9966649949.0,-158670660039.0,8856891003.0,,884108004955.0,-85057702151.0,-43268263296.0,896678632590.0,-99768046699.0,-12948519089.0,267884632.0,0.0,-33191438800.0,1506820552142.0,69886799127.0,0.0,-1986364000000.0,2205148999708.0,-743964764766.0,0.0,100491102103.0,-354801863828.0,0.0,0.0,838897129875.0,-817127896939.0,,-1260110893000.0,-1238341660064.0,-86322971750.0,158429066119.0,-595537209.0,71510557160.0,0.0,,,,,,
DGC,2023,1,DGC,cash_flow,884694313479.0,80721210743.0,6675201859.0,0.0,-137496499168.0,6814237231.0,,841408464144.0,75660268468.0,45561802850.0,-987269659275.0,138426788524.0,-6405708937.0,-78345472847.0,0.0,-10173424411.0,18863058516.0,-209683369752.0,0.0,-2534977000000.0,1292602244631.0,0.0,0.0,65050706487.0,-1387007418634.0,0.0,0.0,884269762656.0,-382873514914.0,,-510297666590.0,-8901418848.0,-1377045778966.0,1535474845085.0,0.0,158429066119.0,0.0,,,,,,
DGC,2022,4,DGC,cash_flow,1191274300460.0,72900838471.0,0.0,3317580488.0,-118840323533.0,6275057440.0,,1154927453326.0,432739602921.0,615289824281.0,110423496751.0,-5189965255.0,-6451956359.0,-260532000000.0,0.0,-24448429887.0,2016758025778.0,-72717138744.0,0.0,-596945931181.0,419530446635.0,0.0,0.0,42512319344.0,-207620303946.0,0.0,0.0,406510653292.0,-844883783920.0,,0.0,-438373130628.0,1370764591204.0,65116212319.0,-405958438.0,1435474845085.0,0.0,,,,,,
DGC,2022,3,DGC,cash_flow,1596007123439.0,74023405530.0,0.0,0.0,-204981426478.0,124372257592.0,,1583287700653.0,-275314006235.0,448371528389.0,-488132530383.0,11356539601.0,-5601311361.0,0.0,0.0,-4800442463.0,1269167478201.0,-37807272817.0,4259259263.0,-2416493506993.0,1222749389711.0,0.0,0.0,49134417841.0,-1178157712995.0,85372130000.0,0.0,675806606537.0,-801503221568.0,,-97996624000.0,-138321109031.0,-47311343825.0,112444763118.0,-17206974.0,65116212319.0,0.0,,,,,,
DGC,2022,2,DGC,cash_flow,1998751213298.0,75167008590.0,0.0,0.0,57303776315.0,-115784733767.0,,2021570923866.0,-120181798569.0,-986576872438.0,354484168462.0,644785651.0,-3345096129.0,0.0,0.0,-23492441425.0,1243103669418.0,-38484464116.0,261000000.0,-2700626064677.0,1511521742484.0,0.0,0.0,16739445766.0,-1210588340543.0,0.0,0.0,1083257201877.0,-969740965889.0,,-93276434000.0,20239801988.0,52755130863.0,59672425281.0,17206974.0,112444763118.0,0.0,,,,,,
DGC,2022,1,DGC,cash_flow,1586372347138.0,74231033464.0,0.0,0.0,-47840648777.0,2735393968.0,,1615498125793.0,-20123796558.0,393706923775.0,-448988518526.0,-21150037163.0,-2839203781.0,-42290307353.0,0.0,-10226395921.0,1463586790266.0,-23948809608.0,0.0,-1617810000000.0,275710159211.0,0.0,0.0,14479873983.0,-1351568776414.0,0.0,0.0,771972936437.0,-752883328956.0,,-195392957250.0,-176303349769.0,-64285335917.0,123957761198.0,0.0,59672425281.0,0.0,,,,,,
DGC,2021,4,DGC,cash_flow,1456844353632.0,71466396521.0,0.0,8393853930.0,-30641730380.0,2567417807.0,,1508630291510.0,223442146310.0,-452952137770.0,215374854880.0,-131482295595.0,-2417657285.0,-81470000000.0,0.0,-26615166807.0,1252510035243.0,-11892928120.0,0.0,-1421329000000.0,145884014725.0,0.0,0.0,1621745329.0,-1285716168066.0,0.0,0.0,675517886903.0,-702285580985.0,,0.0,-26767694082.0,-59973826905.0,183952631478.0,-21042878.0,123957761695.0,0.0,,,,,,
DGC,2021,3,DGC,cash_flow,515942862992.0,70877216892.0,0.0,-4240684235.0,-22896019214.0,3170009943.0,,562853386378.0,-91101778016.0,177970780255.0,209721274779.0,79694283394.0,-3388977170.0,0.0,0.0,2508154867.0,938257124487.0,-78740107082.0,0.0,-933126326027.0,494192288219.0,0.0,0.0,17049013142.0,-500625131748.0,0.0,0.0,599265076789.0,-904973080187.0,,0.0,-305708003398.0,131923989341.0,52027251455.0,1390682.0,183952631478.0,0.0,,,,,,
DGC,2021,2,DGC,cash_flow,354448593213.0,68516629482.0,0.0,4240684235.0,-20632150257.0,3539833008.0,,410113589681.0,-21351641233.0,-203068336048.0,-63614346822.0,-79254254773.0,-5046734059.0,61565224.0,0.0,-16239080919.0,21600761051.0,2307586797.0,0.0,-437575000000.0,297981667551.0,0.0,0.0,13693272916.0,-123592472736.0,0.0,0.0,676579339148.0,-578096359978.0,,-1350494197.0,97132484973.0,-4859226712.0,56887868849.0,-1390682.0,52027251455.0,0.0,,,,,,
DGC,2021,1,DGC,cash_flow,309882973887.0,67745451058.0,0.0,0.0,-19765784896.0,4386371578.0,,362249011627.0,-72966642925.0,-35784077505.0,186595845641.0,2130766302.0,-3559614339.0,-46346310875.0,0.0,-18624931188.0,373694046738.0,-128574481889.0,0.0,-666932750685.0,481432931509.0,0.0,0.0,16822658289.0,-297251642776.0,0.0,0.0,1158355478797.0,-1225076572388.0,,-235153211075.0,-301874304666.0,-225431900704.0,282319769553.0,0.0,56887868849.0,0.0,,,,,,
DGC,2020,4,DGC,cash_flow,259464099400.0,67331468653.0,0.0,3062888164.0,-22278873989.0,4555074333.0,,312134656561.0,139617020779.0,-63515288248.0,-5623513613.0,-27937218448.0,-4553416549.0,-7000000000.0,0.0,-26003162992.0,317119077490.0,-55677432920.0,0.0,-119060000000.0,182174851363.0,0.0,0.0,5678335344.0,13115753787.0,0.0,0.0,764420706729.0,-876236579239.0,,194220197412.0,-110778038063.0,219456793214.0,62779043825.0,32050198.0,282267887237.0,-193182362965.0,,,,,,
DGC,2020,3,DGC,cash_flow,248108303929.0,67519852157.0,0.0,-21471351324.0,-22998587905.0,3773865993.0,,274932082850.0,-132344899040.0,9193640848.0,2944145554.0,58004915125.0,-3887420874.0,0.0,0.0,-2266806158.0,206575658305.0,-115648942445.0,2907144150.0,-784241000000.0,638368505883.0,0.0,0.0,20744091551.0,-237870200861.0,0.0,0.0,971893281988.0,-871109256867.0,,-64985594212.0,35798430909.0,4503888353.0,58249839642.0,25315830.0,62779043825.0,0.0,,,,,,
DGC,2020,2,DGC,cash_flow,283456478620.0,66704585093.0,0.0,21471351324.0,-12409734235.0,4861014457.0,,364083695259.0,56266513298.0,-63018990022.0,12857256524.0,1496275016.0,-4593449694.0,-65459272.0,0.0,-11386452560.0,355639388549.0,-99532415098.0,373542215.0,-571684691757.0,65000000000.0,0.0,0.0,2100315397.0,-603743249243.0,0.0,0.0,860854086311.0,-598563846025.0,,-21600000.0,262268640286.0,14164779592.0,44110375880.0,-25315830.0,58249839642.0,0.0,,,,,,
DGC,2020,1,DGC,cash_flow,210124182360.0,66314223375.0,0.0,0.0,-13412264630.0,4977245527.0,,268003386632.0,-249479337568.0,223542728369.0,36235409444.0,3234787764.0,-4837351724.0,-22511973264.0,0.0,-6904098583.0,247283551070.0,-27645336044.0,0.0,-474350308243.0,167628561410.0,0.0,0.0,7427013574.0,-326940069303.0,0.0,0.0,605850490930.0,-480550287580.0,,-129213003200.0,-3912799850.0,-83569318083.0,127679693963.0,0.0,44110375880.0,0.0,,,,,,
DGC,2019,4,DGC,cash_flow,182935583801.0,66233539699.0,0.0,4684696442.0,-15088354322.0,8758866807.0,,247524332427.0,-104832373579.0,101432399829.0,-27531954989.0,1540235774.0,-8913732073.0,-5000000000.0,0.0,-6989023707.0,197229883682.0,-32617077309.0,0.0,0.0,-121140623153.0,0.0,0.0,10267643911.0,-143490056551.0,0.0,0.0,799763601660.0,-775301329822.0,,0.0,24462271838.0,78202098969.0,49487586984.0,28010.0,127689713963.0,0.0,,,,,,
DGC,2019,3,DGC,cash_flow,121863716502.0,65357722338.0,0.0,-8760044671.0,-5853827987.0,5359678333.0,,177967244515.0,59134326591.0,52196244404.0,-39040665267.0,3776524934.0,-4779401787.0,0.0,0.0,-5704868534.0,243549404856.0,-31134442543.0,304723250.0,-367198901107.0,210660130609.0,0.0,0.0,6785724809.0,-180582764982.0,53900000000.0,0.0,645169172482.0,-757701972471.0,,163886620.0,-58468913369.0,4497726505.0,44986346630.0,3513849.0,49487586984.0,0.0,,,,,,
DGC,2019,2,DGC,cash_flow,168772432903.0,64190724254.0,0.0,8760044671.0,-6074272083.0,8630777840.0,,244279707585.0,-115566706674.0,125817057737.0,-61775757374.0,2642646533.0,-6736646887.0,0.0,0.0,-4206120380.0,184454180540.0,-14340874322.0,737463171.0,-192607650381.0,94762959944.0,0.0,0.0,1128810296.0,-110319291292.0,0.0,0.0,608770799559.0,-777196737191.0,,-54065355620.0,-222491293252.0,-148356404004.0,193346264483.0,-3513849.0,44986346630.0,0.0,,,,,,
DGC,2019,1,DGC,cash_flow,125451692830.0,63858449107.0,0.0,0.0,-6230775251.0,8819411873.0,,191898778559.0,287779748395.0,-291040870101.0,94839055332.0,-23465401613.0,-6987828975.0,-25302110194.0,0.0,-12460619710.0,215260751693.0,-35869263688.0,0.0,-5692265204.0,0.0,0.0,0.0,8375429614.0,-33186099278.0,0.0,0.0,886347274402.0,-1041559591256.0,,-107802938000.0,-263015254854.0,-80940602439.0,274286866922.0,0.0,193346264483.0,0.0,,,,,,
DGC,2018,4,DGC,cash_flow,272020891798.0,58166085960.0,0.0,-85849686.0,-5745501929.0,10166554925.0,,334522181068.0,-65075339638.0,128552552201.0,-34811032510.0,142065009.0,-8596369158.0,-99848403574.0,550474323928.0,-6923496791.0,798436480535.0,-759641694934.0,0.0,-1300000000.0,0.0,0.0,0.0,4328170466.0,-756613524468.0,0.0,0.0,931900887287.0,-864553029570.0,,0.0,67347857717.0,109170813784.0,165127075014.0,-11021876.0,274286866922.0,0.0,,,,,,
DGC,2018,3,DGC,cash_flow,616412845236.0,150154802658.0,0.0,32515519.0,-9134362863.0,17090440305.0,,774556240855.0,-605308343205.0,-875845777941.0,1762163413020.0,-79018929100.0,-13032160738.0,57710484785.0,-550474323928.0,-36252395654.0,434498208094.0,-114592250356.0,0.0,-167800000000.0,0.0,0.0,0.0,-78272329329.0,-360664579685.0,0.0,0.0,2118891898669.0,-1915738693891.0,,-115511916400.0,87641288378.0,161474916787.0,3652158227.0,0.0,165127075014.0,0.0,,,,,,
DGC,2018,2,DGC,cash_flow,13614228422.0,2615119915.0,0.0,-32515519.0,-884158391.0,0.0,,15312674427.0,68524203745.0,-7373016460.0,-1493650418.0,-246732893.0,0.0,-12330129498.0,0.0,-2784285360.0,59609063543.0,-31024603710.0,0.0,-76500000000.0,0.0,0.0,0.0,10817441778.0,-96707161932.0,0.0,0.0,-88641950.0,-5082810183.0,,0.0,-5171452133.0,-42269550522.0,45921708749.0,0.0,3652158227.0,0.0,,,,,,
DGC,2018,1,DGC,cash_flow,13463202798.0,2545937561.0,0.0,0.0,-481629036.0,0.0,,15527511323.0,39281991290.0,-7437992373.0,-52242075976.0,786891965.0,0.0,293846500.0,0.0,-1624189040.0,-5414016311.0,-11035350272.0,0.0,0.0,0.0,0.0,0.0,74410962369.0,63375612097.0,0.0,0.0,69413650350.0,-64347601850.0,,-99724941038.0,-94658892538.0,-36697296752.0,82619005501.0,0.0,45921708749.0,0.0,,,,,,
DGC,2017,4,DGC,cash_flow,100840597019.0,2721171914.0,0.0,126949791.0,-85124384744.0,0.0,,18564333980.0,-69092527937.0,-1703713423.0,24277023510.0,-479818085.0,0.0,0.0,0.0,-976598445.0,-29411300400.0,-109704960.0,0.0,0.0,45547638150.0,0.0,0.0,1675791733.0,47113724923.0,0.0,0.0,0.0,0.0,,0.0,0.0,17702424523.0,64914105978.0,0.0,82616530501.0,0.0,,,,,,
DGC,2017,3,DGC,cash_flow,82591139749.0,20185141705.0,0.0,-550927720.0,-30636851321.0,1077762273.0,,72666264686.0,-62464599640.0,-19403442625.0,280967042072.0,167104370.0,-1134038706.0,0.0,0.0,-4016779327.0,266781550830.0,-69953021414.0,-4154648520.0,-445000000.0,-53124458157.0,0.0,0.0,3135806692.0,-124541321399.0,0.0,0.0,178889945917.0,-282002980238.0,,0.0,-103113034321.0,39127195110.0,222397268175.0,-567389.0,261523895896.0,0.0,,,,,,
DGC,2017,2,DGC,cash_flow,88637943363.0,13114602442.0,0.0,550927720.0,-25564343941.0,1705420660.0,,78444550244.0,-146755964535.0,-49822482365.0,8669200259.0,-27723116089.0,-1423269310.0,-2491312267.0,-2711898936.0,1161106331.0,-142653186668.0,-23547690079.0,4154648521.0,-3120000000.0,132495889632.0,0.0,0.0,1993943433.0,111976791507.0,0.0,0.0,278670074184.0,-215213200845.0,,0.0,63456873339.0,32780478178.0,189616222608.0,567389.0,222397268175.0,0.0,,,,,,
DGC,2017,1,DGC,cash_flow,47507207493.0,17749000477.0,0.0,0.0,-18667354315.0,1299831005.0,,47888684660.0,17099571416.0,63169355299.0,33701103753.0,1949851012.0,-1463579951.0,-19961256689.0,2711898936.0,-5423797871.0,139671830565.0,-10698174680.0,2354545455.0,-6825000000.0,14680139667.0,0.0,0.0,1614407874.0,1125918316.0,0.0,0.0,236470033453.0,-373934411910.0,,0.0,-137464378457.0,3333370424.0,186282852184.0,0.0,189616222608.0,0.0,,,,,,
DGC,2016,4,DGC,cash_flow,63231781683.0,17794260307.0,0.0,0.0,-30074724999.0,1693051605.0,,52644368596.0,60465971781.0,-6327403381.0,-45722285195.0,403090676.0,-1529302659.0,-295929193.0,50872154752.0,-50666296266.0,59844369111.0,-32375698533.0,0.0,-72045588540.0,54397649384.0,0.0,0.0,150656909.0,-49872980780.0,0.0,0.0,293306948107.0,-311713383525.0,,0.0,-18406435418.0,-8435047087.0,194727148635.0,0.0,186292101548.0,0.0,,,,,,
DGC,2016,3,DGC,cash_flow,84813864974.0,17640340261.0,0.0,-239455760.0,27367203221.0,2616276166.0,,132198228862.0,-14669228215.0,-3665631872.0,1249069626.0,-1276672575.0,-2706530026.0,-2182500.0,-144632717.0,-2939186670.0,108043233913.0,-56557294154.0,0.0,-53694760683.0,107024000000.0,-24000000000.0,-55990042551.0,-2688743746.0,-85906841134.0,0.0,-4320000.0,362299158716.0,-268570341006.0,,31500000.0,93755997710.0,115892390489.0,78834758146.0,0.0,194727148635.0,0.0,,,,,,
DGC,2016,2,DGC,cash_flow,99976902462.0,17981684526.0,0.0,239455760.0,-91110587635.0,1422512601.0,,28509967714.0,-23445553420.0,-38457710084.0,-55344305295.0,167248010.0,-1429771142.0,10747975807.0,34090489293.0,-3429360809.0,-48591019926.0,-36298317980.0,0.0,-162344000000.0,170582290961.0,0.0,79990042551.0,150222993492.0,202153009024.0,0.0,0.0,273749229751.0,-311673648714.0,,-50861138680.0,-88785557643.0,64776431455.0,14058326691.0,0.0,78834758146.0,0.0,,,,,,
DGC,2016,1,DGC,cash_flow,89734053971.0,18475301219.0,0.0,0.0,-5962748686.0,1241156049.0,,103487762553.0,66538260926.0,53194866074.0,11930986934.0,-4477242013.0,-1241156049.0,-27381703339.0,-33945856576.0,-2282551138.0,165823367372.0,7958157255.0,0.0,-107824000000.0,88551657303.0,0.0,-24000000000.0,-73389394838.0,-108703580280.0,0.0,0.0,255498957946.0,-249564291588.0,,-59910674800.0,-53976008442.0,3143778650.0,10914548041.0,0.0,14058326691.0,0.0,,,,,,
DGC,2015,4,DGC,cash_flow,92054117765.0,18769287154.0,156265732.0,0.0,-21097431293.0,1478360027.0,,91360599385.0,75961964396.0,407545948.0,4899285083.0,-11611994026.0,-2214820710.0,0.0,0.0,-1235100114.0,157567479962.0,-35943042221.0,0.0,-358380858326.0,440340417923.0,0.0,-144877590000.0,4628393340.0,-94232679284.0,0.0,0.0,-1797673055596.0,1738815742923.0,,0.0,-58857312673.0,4477488005.0,6437060036.0,0.0,10914548041.0,0.0,,,,,,
DGC,2015,3,DGC,cash_flow,120233006088.0,18544980840.0,0.0,-2467716588.0,-44549139476.0,1901596697.0,,93662727561.0,-128681500197.0,17083285891.0,-94649088469.0,-988909460.0,-3092662054.0,-80794050.0,-642681000.0,-1360686156.0,-118750307934.0,-11510013537.0,0.0,0.0,1586091365.0,0.0,-23309000000.0,4897426589.0,-28335495583.0,0.0,0.0,134392492168.0,0.0,,0.0,134392492168.0,-12693311349.0,19128581090.0,1790295.0,6437060036.0,0.0,,,,,,
DGC,2015,2,DGC,cash_flow,91928363518.0,18103323521.0,0.0,2467716588.0,-43098109496.0,1354496875.0,,70755791006.0,234795151710.0,-38403336056.0,26029255332.0,-1984707025.0,-99899120.0,4156775654.0,642681000.0,-2202294340.0,293689418161.0,-43230881850.0,0.0,-4330026939.0,-236587595127.0,0.0,-331072464.0,7426436858.0,-277053139522.0,0.0,-1780000.0,220150691478.0,-224075240093.0,,0.0,-3926328615.0,12709950024.0,6420421361.0,-1790295.0,19128581090.0,0.0,,,,,,
DGC,2015,1,DGC,cash_flow,83668173649.0,16599049538.0,0.0,0.0,-3705337251.0,3364445372.0,,99926331308.0,-53346962142.0,-210399053.0,-19100651738.0,1035972158.0,-2691517087.0,-31885443340.0,0.0,-2558100188.0,-8830770082.0,-23512834169.0,0.0,-2990000000.0,242104358947.0,0.0,331072464.0,0.0,215932597242.0,0.0,0.0,220684945701.0,-413048652615.0,,-16709481000.0,-209073187914.0,-1971360754.0,8391782115.0,0.0,6420421361.0,0.0,,,,,,
DGC,2014,4,DGC,cash_flow,72343770587.0,19563204351.0,0.0,1366918714.0,-6923114457.0,2834281325.0,,89185060520.0,12214835786.0,87289719620.0,-36277778605.0,-14854451304.0,-1731069516.0,-500000000.0,0.0,-3808656476.0,131517660025.0,-110396894467.0,233454545.0,0.0,0.0,0.0,0.0,110525502.0,-110052914420.0,0.0,0.0,359032680169.0,-339448016881.0,,-37603002484.0,-18018339196.0,3446406409.0,5073528976.0,0.0,8519935385.0,0.0,,,,,,
DGC,2014,3,DGC,cash_flow,66191259331.0,12085994967.0,0.0,3187895800.0,-6285436667.0,3298430495.0,,78478143926.0,-150533044931.0,18155757160.0,71836648908.0,32653928049.0,-2303990025.0,-204359525.0,0.0,-7458066864.0,40625016698.0,-19548845075.0,0.0,0.0,0.0,0.0,0.0,-352046802.0,-19900891877.0,0.0,0.0,365042447092.0,-393946800547.0,,0.0,-28904353455.0,-8180228634.0,13254389999.0,-632389.0,5073528976.0,0.0,,,,,,
DGC,2014,2,DGC,cash_flow,46277516554.0,12076789409.0,43742031.0,4077918093.0,-6268648149.0,2079472516.0,,58286790454.0,342142899378.0,-45161009085.0,-390902953683.0,-31878046699.0,-1939149897.0,-200000000.0,0.0,46803490945.0,-22847978587.0,-127229742970.0,0.0,0.0,0.0,0.0,0.0,-3206201571.0,-130435944541.0,0.0,0.0,549033442365.0,-344723115004.0,,-153645468788.0,50664858573.0,-102619064555.0,115872822165.0,632389.0,13254389999.0,0.0,,,,,,
DGC,2014,1,DGC,cash_flow,77452165981.0,11819797506.0,0.0,0.0,-6108910615.0,1497593764.0,,84660646636.0,8320108025.0,6024148431.0,-36296913877.0,388736568.0,-1497593764.0,-4294093884.0,0.0,-51414119973.0,5890918162.0,-76170921240.0,60700000.0,0.0,0.0,0.0,0.0,6108910615.0,-70001310625.0,0.0,0.0,259153276029.0,-217372044428.0,,-33415979000.0,8365252601.0,-55745139862.0,171617962027.0,0.0,115872822165.0,0.0,,,,,,
DGC,2013,3,DGC,cash_flow,96988164187.0,10712509127.0,0.0,0.0,0.0,1216142855.0,,108916816169.0,-12905113842.0,-30921907499.0,-13991619258.0,-463867473.0,0.0,0.0,0.0,-8144369710.0,42489938387.0,-21220202160.0,0.0,0.0,0.0,-24000000000.0,0.0,0.0,-45220202160.0,0.0,0.0,33194585363.0,0.0,,0.0,33194585363.0,30464321590.0,295054924507.0,0.0,325519246097.0,0.0,,,,,,
