ticker,yearReport,lengthReport,Revenue YoY (%),Revenue (Bn. VND),Attribute to parent company (Bn. VND),Attribute to parent company YoY (%),Financial Income,Interest Expenses,Sales,Sales deductions,Net Sales,Cost of Sales,Gross Profit,Financial Expenses,Gain/(loss) from joint ventures,Selling Expenses,General & Admin Expenses,Operating Profit/Loss,Other income,Net income from associated companies,Other Income/Expenses,Net other income/expenses,Profit before tax,Business income tax - current,Business income tax - deferred,Net Profit For the Year,Minority Interest,Attributable to parent company,symbol,report,Provision for credit losses,Interest and Similar Income,Interest and Similar Expenses,Net Interest Income,Fees and Comission Income,Fees and Comission Expenses,Net Fee and Commission Income,Net gain (loss) from foreign currency and gold dealings,Net gain (loss) from trading of trading securities,Net gain (loss) from disposal of investment securities,Net Other income/(expenses),Other expenses,Net Other income/expenses,Dividends received,Total operating revenue,Operating Profit before Provision,Tax For the Year,EPS_basis
HPG,2025,4,0.0,47301623136340.0,3860994446656.0,0.0,437336032419.0,-1236524775157.0,47301623136340.0,-1125138586569.0,46176484549771.0,-39779834052596.0,6396650497175.0,-1584024163714.0,0.0,-271477098154.0,-411044379459.0,4567440888267.0,115035838477.0,0.0,-82346763981.0,32689074496.0,4600129962763.0,-744749714238.0,32969484742.0,3888349733267.0,27355286611.0,3860994446656.0,HPG,income_statement,,,,,,,,,,,,,,,,,,
HPG,2025,3,0.0,36793873449413.0,3988318474539.0,0.0,711903358963.0,-812194101705.0,36793873449413.0,-386457045489.0,36407416403924.0,-30320155128758.0,6087261275166.0,-1073210620638.0,0.0,-798965987739.0,-355963309576.0,4571024716176.0,78007207531.0,0.0,-20718751273.0,57288456258.0,4628313172434.0,-632794091038.0,16733235327.0,4012252316723.0,23933842184.0,3988318474539.0,HPG,income_statement,,,,,,,,,,,,,,,,,,
HPG,2025,2,0.0,36286185846409.0,4256487211764.0,0.0,498183728007.0,-439112631420.0,36286185846409.0,-375666735200.0,35910519111209.0,-29320796625500.0,6589722485709.0,-979462100729.0,0.0,-825371907199.0,-322285873598.0,4960786332190.0,-41431471594.0,0.0,53028633067.0,11597161473.0,4972383493663.0,-684398735485.0,-23460652646.0,4264524105532.0,8036893768.0,4256487211764.0,HPG,income_statement,,,,,,,,,,,,,,,,,,
HPG,2025,1,0.0,37950635502050.0,3344284694388.0,0.0,438057240540.0,-627024360692.0,37950635502050.0,-328960948472.0,37621674553578.0,-32197520628446.0,5424153925132.0,-970569640998.0,0.0,-737815718816.0,-347243794856.0,3806582011002.0,153981783497.0,0.0,-120798445479.0,33183338018.0,3839765349020.0,-512281294123.0,22321361187.0,3349805416084.0,5520721696.0,3344284694388.0,HPG,income_statement,,,,,,,,,,,,,,,,,,
HPG,2024,4,0.0,35232197602514.0,2808645369171.0,0.0,700560102056.0,-562492663846.0,35232197602514.0,-741215175825.0,34490982426689.0,-30126073473488.0,4364908953201.0,-1015139809937.0,0.0,-230212058532.0,-517318083678.0,3302799103110.0,225300683318.0,0.0,-241423685732.0,-16123002414.0,3286676100696.0,-503217741562.0,26135956217.0,2809594315351.0,948946180.0,2808645369171.0,HPG,income_statement,,,,,,,,,,,,,,,,,,
HPG,2024,3,0.0,34300352057045.0,3022946632050.0,1.0,528453174917.0,-525114798901.0,34300352057045.0,-344091771518.0,33956260285527.0,-29225083561286.0,4731176724241.0,-832902574260.0,0.0,-720208188679.0,-321501544741.0,3385017591478.0,220917018524.0,0.0,-193549476158.0,27367542366.0,3412385133844.0,-427815885551.0,37102736610.0,3021671984903.0,-1274647147.0,3022946632050.0,HPG,income_statement,,,,,,,,,,,,,,,,,,
HPG,2024,2,0.0,39936268160790.0,3319263141862.0,1.0,645060096530.0,-564134360513.0,39936268160790.0,-380758333336.0,39555509827454.0,-34308029337809.0,5247480489645.0,-1065091915406.0,0.0,-746509647378.0,-389417899107.0,3691521124284.0,205176515397.0,0.0,-163471969916.0,41704545481.0,3733225669765.0,-419294315425.0,5643364205.0,3319574718545.0,311576683.0,3319263141862.0,HPG,income_statement,,,,,,,,,,,,,,,,,,
HPG,2024,1,0.0,31092569628223.0,2870588692991.0,6.0,751955374195.0,-635618987620.0,31092569628223.0,-240210036506.0,30852359591717.0,-26698376631120.0,4153982960597.0,-1060613282413.0,0.0,-640378790675.0,-317278495246.0,2887667766458.0,508375467854.0,0.0,-134827877439.0,373547590415.0,3261215356873.0,-415478064702.0,23445310301.0,2869182602472.0,-1406090519.0,2870588692991.0,HPG,income_statement,,,,,,,,,,,,,,,,,,
HPG,2023,4,0.0,34924567919473.0,2972779359274.0,2.0,732316277875.0,-710943681004.0,34924567919473.0,-540762991718.0,34383804927755.0,-29912194884366.0,4471610043389.0,-1127386435227.0,0.0,-366721269183.0,-394171267892.0,3315647348962.0,231710831608.0,0.0,-162789302822.0,68921528786.0,3384568877748.0,-356399560815.0,-59198534048.0,2968970782885.0,-3808576389.0,2972779359274.0,HPG,income_statement,,,,,,,,,,,,,,,,,,
HPG,2023,3,0.0,28765716456234.0,2004745086782.0,2.0,850624544181.0,-855978191830.0,28765716456234.0,-281628655637.0,28484087800597.0,-24889281213593.0,3594806587004.0,-1438378265232.0,0.0,-577844331409.0,-301003551619.0,2128204982925.0,203224277209.0,0.0,-157199138242.0,46025138967.0,2174230121892.0,-214353855084.0,40486817524.0,2000363084332.0,-4382002450.0,2004745086782.0,HPG,income_statement,,,,,,,,,,,,,,,,,,
HPG,2023,2,0.0,29799498081622.0,1460042613098.0,-1.0,732942078525.0,-1028566971432.0,29799498081622.0,-303114703307.0,29496383378315.0,-26301396413465.0,3194986964850.0,-1341484846242.0,0.0,-539813064291.0,-331614130813.0,1715017002029.0,190562727467.0,0.0,-203692775730.0,-13130048263.0,1701886953766.0,-207379564722.0,-46682549251.0,1447824839793.0,-12217773305.0,1460042613098.0,HPG,income_statement,,,,,,,,,,,,,,,,,,
HPG,2023,1,0.0,26865449158810.0,397497275202.0,-1.0,903451916285.0,-989588839615.0,26865449158810.0,-276697371823.0,26588751786987.0,-24912314686658.0,1676437100329.0,-1330510709605.0,0.0,-476983465069.0,-280501386549.0,491893455391.0,146475629211.0,0.0,-106326294835.0,40149334376.0,532042789767.0,-295418907438.0,146605725742.0,383229608071.0,-14267667131.0,397497275202.0,HPG,income_statement,,,,,,,,,,,,,,,,,,
HPG,2022,4,0.0,26211645715375.0,-1991548498312.0,0.0,1540966414075.0,-932651987764.0,26211645715375.0,-385913871540.0,25825731843835.0,-26710981787039.0,-885249943204.0,-1688209772675.0,0.0,-716226175696.0,-342729735482.0,-2091449212982.0,230781900058.0,0.0,-217880608832.0,12901291226.0,-2078547921756.0,32459684129.0,47320935492.0,-1998767302135.0,-7218803823.0,-1991548498312.0,HPG,income_statement,,,,,,,,,,,,,,,,,,
HPG,2022,3,0.0,34440727020533.0,-1774133616408.0,-1.0,886166660043.0,-836700531276.0,34440727020533.0,-337385691779.0,34103341328754.0,-33102613774299.0,1000727554455.0,-2309009013940.0,0.0,-635242109016.0,-294163545703.0,-1351520454161.0,197501561354.0,0.0,-145936403389.0,51565157965.0,-1299955296196.0,-149072645439.0,-336679438404.0,-1785707380039.0,-11573763631.0,-1774133616408.0,HPG,income_statement,,,,,,,,,,,,,,,,,,
HPG,2022,2,0.0,37713759072663.0,4032232311020.0,0.0,661960999623.0,-717352725484.0,37713759072663.0,-291704455646.0,37422054617017.0,-30882432369940.0,6539622247077.0,-2032730784240.0,72319473.0,-737356533537.0,-118971733588.0,4312596514808.0,251188220126.0,0.0,-184444245606.0,66743974520.0,4379340489328.0,-316513449092.0,-40253660370.0,4022573379866.0,-9658931154.0,4032232311020.0,HPG,income_statement,,,,,,,,,,,,,,,,,,
HPG,2022,1,0.0,44404678868287.0,8216960357730.0,0.0,768925488108.0,-596932887294.0,44404678868287.0,-346532197261.0,44058146671026.0,-33949820289803.0,10108326381223.0,-1111142568904.0,-1144987057.0,-576981269053.0,-263579264674.0,8924403779643.0,192553043388.0,0.0,-194852967124.0,-2299923736.0,8922103855907.0,-567893829684.0,-147879669400.0,8206330356823.0,-10630000907.0,8216960357730.0,HPG,income_statement,,,,,,,,,,,,,,,,,,
HPG,2021,4,1.0,45048125720816.0,7427443249985.0,1.0,856740188535.0,-629506996556.0,45048125720816.0,-337394219341.0,44710731501475.0,-35123321817532.0,9587409683943.0,-1183606068306.0,-17624854.0,-711387745434.0,-508851797720.0,8040286636164.0,230422663333.0,0.0,-232353037621.0,-1930374288.0,8038356261876.0,-540052856913.0,-78903139004.0,7419400265959.0,-8042984026.0,7427443249985.0,HPG,income_statement,,,,,,,,,,,,,,,,,,
HPG,2021,3,1.0,38918449988301.0,10351739079315.0,2.0,879414139300.0,-675107905208.0,38918449988301.0,-244621297616.0,38673828690685.0,-26812929844272.0,11860898846413.0,-968278197988.0,7748388045.0,-582851131543.0,-235856196047.0,10961075848180.0,216201021708.0,0.0,-198520800191.0,17680221517.0,10978756069697.0,-722192722593.0,94280850080.0,10350844197184.0,-894882131.0,10351739079315.0,HPG,income_statement,,,,,,,,,,,,,,,,,,
HPG,2021,2,1.0,35439772102181.0,9721406525008.0,3.0,446309785935.0,-599661392906.0,35439772102181.0,-321417002616.0,35118355099565.0,-23641296035968.0,11477059063597.0,-821220734774.0,6426058619.0,-411553847487.0,-373276114859.0,10323744211031.0,190546702744.0,0.0,-164838725649.0,25707977095.0,10349452188126.0,-787307055464.0,183006289525.0,9745151422187.0,23744897179.0,9721406525008.0,HPG,income_statement,,,,,,,,,,,,,,,,,,
HPG,2021,1,1.0,31459012155902.0,6977554343152.0,2.0,898307295649.0,-621546963567.0,31459012155902.0,-282137468282.0,31176874687620.0,-22993832748581.0,8183041939039.0,-767768026036.0,-9691518945.0,-414275498764.0,-206277440053.0,7683336750890.0,159049266440.0,0.0,-152172822839.0,6876443601.0,7690213194491.0,-805753712197.0,121099563674.0,7005559045968.0,28004702816.0,6977554343152.0,HPG,income_statement,,,,,,,,,,,,,,,,,,
HPG,2020,4,0.0,26165172616887.0,4637854585297.0,1.0,355499934411.0,-662031175138.0,26165172616887.0,-387101508420.0,25778071108467.0,-19510833657232.0,6267237451235.0,-786899253782.0,-6728992807.0,-283146891052.0,-214239003023.0,5331723244982.0,172494695071.0,0.0,-173968642319.0,-1473947248.0,5330249297734.0,-547344027784.0,-122183789401.0,4660721480549.0,22866895252.0,4637854585297.0,HPG,income_statement,,,,,,,,,,,,,,,,,,
HPG,2020,3,1.0,24968612501405.0,3772707270949.0,1.0,247689080794.0,-540809441828.0,24968612501405.0,-283050075571.0,24685562425834.0,-19516497107892.0,5169065317942.0,-708511948435.0,-5495008340.0,-294052388783.0,-167706846097.0,4240988207081.0,174867506767.0,0.0,-143984077820.0,30883428947.0,4271871636028.0,-498845055302.0,12096167595.0,3785122748321.0,12415477372.0,3772707270949.0,HPG,income_statement,,,,,,,,,,,,,,,,,,
HPG,2020,2,0.0,20694235681263.0,2742826923551.0,0.0,314916264858.0,-523373576010.0,20694235681263.0,-272033734890.0,20422201946373.0,-16716699660689.0,3705502285684.0,-541177322424.0,16345909889.0,-259293030237.0,-155261261079.0,3081032846691.0,153423818878.0,0.0,-138735283444.0,14688535434.0,3095721382125.0,-368137200148.0,27977565819.0,2755561747796.0,12734824245.0,2742826923551.0,HPG,income_statement,,,,,,,,,,,,,,,,,,
HPG,2020,1,0.0,19451060972271.0,2285286919162.0,0.0,108979890041.0,-481082874292.0,19451060972271.0,-218353026228.0,19232707946043.0,-15469649574389.0,3763058371654.0,-823113673484.0,-2157276978.0,-257877328351.0,-153206137477.0,2635683845405.0,153255313509.0,0.0,-131847938898.0,21407374611.0,2657091220016.0,-368205805026.0,15875165058.0,2304760580048.0,19473660886.0,2285286919162.0,HPG,income_statement,,,,,,,,,,,,,,,,,,
HPG,2019,4,0.0,18282088440464.0,1917005836995.0,0.0,122443551198.0,-270226645026.0,18282088440464.0,-306785764611.0,17975302675853.0,-15139622033638.0,2835680642215.0,-312174332179.0,-1431313615.0,-184758038710.0,-191052158467.0,2268708350442.0,191951258126.0,0.0,-175662950554.0,16288307572.0,2284996658014.0,-371428377293.0,9803630181.0,1923371910902.0,6366073907.0,1917005836995.0,HPG,income_statement,,,,,,,,,,,,,,,,,,
HPG,2019,3,0.0,15349518976186.0,1754755716941.0,0.0,138550988697.0,-265895204863.0,15349518976186.0,-262487576044.0,15087031400142.0,-12385057811865.0,2701973588277.0,-328517389602.0,0.0,-226510475946.0,-150483484286.0,2135013227140.0,179267698034.0,0.0,-153366194692.0,25901503342.0,2160914730482.0,-397723133076.0,31221367630.0,1794412965036.0,39657248095.0,1754755716941.0,HPG,income_statement,,,,,,,,,,,,,,,,,,
HPG,2019,2,0.0,15866325943282.0,2035194136815.0,0.0,118366315936.0,-215389146860.0,15866325943282.0,-233718346934.0,15632607596348.0,-12605803622544.0,3026803973804.0,-300320193488.0,0.0,-269462575465.0,-105833495534.0,2469554025253.0,159805460096.0,0.0,-149546892759.0,10258567337.0,2479812592590.0,-445462416749.0,15665475929.0,2050015651770.0,14821514955.0,2035194136815.0,HPG,income_statement,,,,,,,,,,,,,,,,,,
HPG,2019,1,0.0,15179972721712.0,1800794242450.0,0.0,91858567531.0,-185199221610.0,15179972721712.0,-216722214264.0,14963250507448.0,-12342336489604.0,2620914017844.0,-240829520527.0,0.0,-192602494567.0,-121634447535.0,2157706122746.0,128120764891.0,0.0,-114886658964.0,13234105927.0,2170940228673.0,-388694004651.0,28203565782.0,1810449789804.0,9655547354.0,1800794242450.0,HPG,income_statement,,,,,,,,,,,,,,,,,,
HPG,2018,4,0.0,14592380278150.0,1764220746300.0,0.0,71688658080.0,-144936133893.0,14592380278150.0,-206169546593.0,14386210731557.0,-11825378876944.0,2560831854613.0,-206972919898.0,0.0,-191711141335.0,-209629621922.0,2024206829538.0,143669887566.0,0.0,-130547115741.0,13122771825.0,2037329601363.0,-289508280622.0,19178926806.0,1767000247547.0,2779501247.0,1764220746300.0,HPG,income_statement,,,,,,,,,,,,,,,,,,
HPG,2018,3,0.0,14393503062099.0,2401952451707.0,0.0,79985465695.0,-141685345016.0,14393503062099.0,-205156935686.0,14188346126413.0,-10925130035885.0,3263216090528.0,-234345232708.0,0.0,-188483553715.0,-51780664435.0,2868592105365.0,79210487446.0,0.0,-99716528968.0,-20506041522.0,2848086063843.0,-445904279612.0,6240831886.0,2408422616117.0,6470164410.0,2401952451707.0,HPG,income_statement,,,,,,,,,,,,,,,,,,
HPG,2018,2,0.0,14432746600541.0,2195586926064.0,0.0,79415973001.0,-135220094841.0,14432746600541.0,-171808499990.0,14260938100551.0,-11379662995694.0,2881275104857.0,-159250258201.0,0.0,-154665928668.0,-66201080303.0,2580573810686.0,114214391806.0,0.0,-117570201393.0,-3355809587.0,2577218001099.0,-370255122285.0,-4590634318.0,2202372244496.0,6785318432.0,2195586926064.0,HPG,income_statement,,,,,,,,,,,,,,,,,,
HPG,2018,1,0.0,13161793754293.0,2211253974571.0,0.0,63318173965.0,-118019669890.0,13161793754293.0,-160830333055.0,13000963421238.0,-10035454240162.0,2965509181076.0,-171748751094.0,0.0,-143871695353.0,-114493721383.0,2598713187211.0,151761821218.0,0.0,-142035802432.0,9726018786.0,2608439205997.0,-400652405032.0,14968797102.0,2222755598067.0,11501623496.0,2211253974571.0,HPG,income_statement,,,,,,,,,,,,,,,,,,
HPG,2017,4,0.0,12928386211861.0,2395691358128.0,0.0,45835749316.0,-135017785751.0,12928386211861.0,-183523728628.0,12744862483233.0,-9554317022669.0,3190545460564.0,-146368938018.0,0.0,-175146788441.0,-176854847790.0,2738010635631.0,126806446661.0,0.0,-115122795088.0,11683651573.0,2749694287204.0,-358412885166.0,9279650400.0,2400561052438.0,4869694310.0,2395691358128.0,HPG,income_statement,,,,,,,,,,,,,,,,,,
HPG,2017,3,1.0,12730447838201.0,2138959766500.0,0.0,34225526861.0,-130923942442.0,12730447838201.0,-190455536773.0,12539992301428.0,-9708779941597.0,2831212359831.0,-151087552873.0,-9757280.0,-137312496444.0,-99811859862.0,2477216220233.0,110575071534.0,0.0,-99880281027.0,10694790507.0,2487911010740.0,-364816743048.0,17300261748.0,2140394529440.0,1434762940.0,2138959766500.0,HPG,income_statement,,,,,,,,,,,,,,,,,,
HPG,2017,2,0.0,10765212340195.0,1537805531989.0,0.0,32303389202.0,-130009931346.0,10765212340195.0,-153129770623.0,10612082569572.0,-8423125039098.0,2188957530474.0,-146558312400.0,-139181342.0,-217819103678.0,-59466485385.0,1797277836871.0,108631628301.0,0.0,-98053808186.0,10577820115.0,1807855656986.0,-278349795796.0,8999089887.0,1538504951077.0,699419088.0,1537805531989.0,HPG,income_statement,,,,,,,,,,,,,,,,,,
HPG,2017,1,0.0,10430779332209.0,1934215457230.0,1.0,73850799321.0,-83754910316.0,10430779332209.0,-166025072138.0,10264754260071.0,-7801256033877.0,2463498226194.0,-111741780455.0,-10672981.0,-113072020901.0,-72904963345.0,2239619587833.0,87172167962.0,0.0,-83882968029.0,3289199933.0,2242908787766.0,-316049361025.0,8436626352.0,1935296053093.0,1080595863.0,1934215457230.0,HPG,income_statement,,,,,,,,,,,,,,,,,,
HPG,2016,4,0.0,10175570619002.0,1949186323380.0,2.0,45692898464.0,-62619491648.0,10175570619002.0,-225070696076.0,9950499922926.0,-7311373166577.0,2639126756349.0,-100756323038.0,-504346848.0,-156849308868.0,-170078092368.0,2256631583691.0,107289888825.0,0.0,-110980974825.0,-3691086000.0,2252940497691.0,-293290112623.0,-9836146904.0,1949814238164.0,627914784.0,1949186323380.0,HPG,income_statement,,,,,,,,,,,,,,,,,,
HPG,2016,3,0.0,8308847472057.0,1604805364634.0,1.0,43254064332.0,-69055625453.0,8308847472057.0,-166768207769.0,8142079264288.0,-6025171679703.0,2116907584585.0,-83193085169.0,0.0,-136065779075.0,-83426449397.0,1857476335276.0,103552088230.0,0.0,-105312134802.0,-1760046572.0,1855716288704.0,-248620650352.0,-887830092.0,1606207808260.0,1402443626.0,1604805364634.0,HPG,income_statement,,,,,,,,,,,,,,,,,,
HPG,2016,2,0.0,8143555115415.0,2025781711677.0,1.0,55060884030.0,-67328991186.0,8143555115415.0,-95305363914.0,8048249751501.0,-5476741282086.0,2571508469415.0,-94783321348.0,-30601334.0,-103942106678.0,-65181199641.0,2362632124444.0,129852848418.0,0.0,-110707636638.0,19145211780.0,2381777336224.0,-400279346366.0,48570094199.0,2030068084057.0,4286372380.0,2025781711677.0,HPG,income_statement,,,,,,,,,,,,,,,,,,
HPG,2016,1,0.0,7256918801961.0,1022062465158.0,1.0,57973743791.0,-81042378600.0,7256918801961.0,-114532085689.0,7142386716272.0,-5711521467700.0,1430865248572.0,-94054449344.0,0.0,-93096821176.0,-93843014855.0,1207844706988.0,98597154863.0,0.0,-95069248565.0,3527906298.0,1211372613286.0,-196263506010.0,5023310887.0,1020132418163.0,-1930046995.0,1022062465158.0,HPG,income_statement,,,,,,,,,,,,,,,,,,
HPG,2015,4,0.0,7253822490923.0,565167885396.0,0.0,65772210931.0,-77004347495.0,7253822490923.0,-132045611414.0,7121776879509.0,-5816928555599.0,1304848323910.0,-108250152524.0,-139989863.0,-112471719376.0,-420622244545.0,729136428533.0,93449895224.0,0.0,-139737600748.0,-46287705524.0,682848723009.0,-127922149218.0,10991211480.0,565917785271.0,749899875.0,565167885396.0,HPG,income_statement,,,,,,,,,,,,,,,,,,
HPG,2015,3,0.0,6948321708451.0,1032198879175.0,0.0,62374978395.0,-65651042150.0,6948321708451.0,-103122219506.0,6845199488945.0,-5284713097182.0,1560486391763.0,-231999955681.0,0.0,-115665342288.0,-125472029029.0,1149724043160.0,96406368084.0,0.0,-85496901972.0,10909466112.0,1160633509272.0,-132703594722.0,8418222036.0,1036348136586.0,4149257411.0,1032198879175.0,HPG,income_statement,,,,,,,,,,,,,,,,,,
HPG,2015,2,0.0,7740367029589.0,1239117112410.0,0.0,52535448423.0,-51860489071.0,7740367029589.0,-92600588468.0,7647766441121.0,-5948385542327.0,1699380898794.0,-122727866810.0,-50811660.0,-95907265482.0,-101445045124.0,1431785358141.0,74111149380.0,0.0,-98132072933.0,-24020923553.0,1407764434588.0,-165919225295.0,9781235629.0,1251626444922.0,12509332512.0,1239117112410.0,HPG,income_statement,,,,,,,,,,,,,,,,,,
HPG,2015,1,0.0,5927283729062.0,648874743256.0,0.0,73229760024.0,-57781070334.0,5927283729062.0,-89347814331.0,5837935914731.0,-4821932343843.0,1016003570888.0,-108563653251.0,0.0,-100037194157.0,-111242655923.0,769389827581.0,62272650945.0,0.0,-93177094458.0,-30904443513.0,738485384068.0,-90433264577.0,2342042151.0,650394161642.0,1519418386.0,648874743256.0,HPG,income_statement,,,,,,,,,,,,,,,,,,
HPG,2014,4,0.0,6685697214147.0,473638035983.0,0.0,34582767782.0,-69410365686.0,6685697214147.0,-103974675704.0,6581722538443.0,-5547367655979.0,1034354882464.0,-157195695472.0,0.0,-111146187899.0,-208832098435.0,591763668440.0,68739727739.0,76531542.0,-73573824716.0,-4834096977.0,587006103005.0,-77568161548.0,-13860599507.0,495577341950.0,21939305967.0,473638035983.0,HPG,income_statement,,,,,,,,,,,,,,,,,,
HPG,2014,3,0.0,5827400858291.0,856870187480.0,1.0,55706637439.0,-78862638435.0,5827400858291.0,-80541408200.0,5746859450091.0,-4417028911586.0,1329830538505.0,-100105991586.0,0.0,-100549869813.0,-116269505784.0,1068611808761.0,71920398457.0,0.0,-115853924839.0,-43933526382.0,1024678282379.0,-149896506244.0,5590182388.0,880371958523.0,23501771043.0,856870187480.0,HPG,income_statement,,,,,,,,,,,,,,,,,,
HPG,2014,2,1.0,6762401095281.0,943393760284.0,1.0,32838843561.0,-81355980496.0,6762401095281.0,-81133148707.0,6681267946574.0,-5248527466257.0,1432740480317.0,-168413686136.0,0.0,-73657732056.0,-142131357869.0,1081376547817.0,75648671722.0,-132564534.0,-70305956423.0,5342715299.0,1086586698582.0,-129425470172.0,6899639649.0,964060868059.0,20667107775.0,943393760284.0,HPG,income_statement,,,,,,,,,,,,,,,,,,
HPG,2014,1,1.0,6576317290406.0,870356210406.0,1.0,37121692926.0,-120827103540.0,6576317290406.0,-60818402801.0,6515498887605.0,-5125829052127.0,1389669835478.0,-138196242580.0,0.0,-80734096123.0,-139981287219.0,1067879902482.0,59291526493.0,0.0,-56328330778.0,2963195715.0,1070843098197.0,-160243799955.0,-388152535.0,910211145707.0,39854935301.0,870356210406.0,HPG,income_statement,,,,,,,,,,,,,,,,,,
HPG,2013,4,0.0,6537147027063.0,489600279000.0,0.0,37681306727.0,-124373034373.0,6537147027063.0,-76866303552.0,6460280723511.0,-5368957266980.0,1091323456531.0,-147050678448.0,0.0,-106974589304.0,-289765287115.0,585214208391.0,91590425004.0,-193508302.0,-51704132344.0,39886292660.0,624906992749.0,-136124021133.0,1245029610.0,490028001226.0,427722226.0,489600279000.0,HPG,income_statement,,,,,,,,,,,,,,,,,,
HPG,2013,3,0.0,4252700694358.0,496087739269.0,0.0,34765825019.0,-79447906827.0,4252700694358.0,-57853252797.0,4194847441561.0,-3537874093931.0,656973347630.0,-105360097174.0,0.0,-52429752559.0,67150433524.0,601099756440.0,37737731715.0,0.0,-40859034065.0,-3121302350.0,597978454090.0,-94929707001.0,4726832863.0,507775579952.0,11687840683.0,496087739269.0,HPG,income_statement,,,,,,,,,,,,,,,,,,
HPG,2013,2,0.0,4414507981257.0,511596577161.0,0.0,65861221199.0,-77682792362.0,4414507981257.0,-69613347397.0,4344894633860.0,-3509118339966.0,835776293894.0,-170069512415.0,0.0,-28176615005.0,-101208708416.0,602182679257.0,37953187631.0,-33475394.0,-40772996394.0,-2819808763.0,599329395100.0,-65864911185.0,-1316325382.0,532148158533.0,20551581372.0,511596577161.0,HPG,income_statement,,,,,,,,,,,,,,,,,,
HPG,2013,1,0.0,3995878475404.0,456932057553.0,0.0,136397357948.0,-81392133173.0,3995878475404.0,-61609123805.0,3934269351599.0,-3242647918546.0,691621433053.0,-97890414322.0,0.0,-66072108188.0,-90759455427.0,573296813064.0,31822903147.0,0.0,-32901148600.0,-1078245453.0,572218567611.0,-93264621288.0,1558931845.0,480512878168.0,23580820615.0,456932057553.0,HPG,income_statement,,,,,,,,,,,,,,,,,,
VCB,2025,4,0.0,28613751000000.0,8629542000000.0,0.0,,,,,,,,,,,-7437685000000.0,,,,,,10887303000000.0,-1269144000000.0,-984376000000.0,8633783000000.0,-4241000000.0,8629542000000.0,VCB,income_statement,-847507000000.0,28613751000000.0,-12443961000000.0,16169790000000.0,3288248000000.0,-2423624000000.0,864624000000.0,1226361000000.0,30874000000.0,0.0,1677141000000.0,-833124000000.0,844017000000.0,36829000000.0,19172495000000.0,11734810000000.0,-2253520000000.0,1033.0
VCB,2025,3,0.0,26713295000000.0,9020499000000.0,0.0,,,,,,,,,,,-6037436000000.0,,,,,,11239105000000.0,-2216968000000.0,3416000000.0,9025553000000.0,-5054000000.0,9020499000000.0,VCB,income_statement,-775587000000.0,26713295000000.0,-12056055000000.0,14657240000000.0,3028260000000.0,-2089925000000.0,938335000000.0,1279521000000.0,106423000000.0,0.0,1159760000000.0,-227990000000.0,931770000000.0,138839000000.0,18052128000000.0,12014692000000.0,-2213552000000.0,1080.0
VCB,2025,2,0.0,25217499000000.0,8831885000000.0,0.0,,,,,,,,,,,-6024732000000.0,,,,,,11033915000000.0,-2198412000000.0,1868000000.0,8837371000000.0,-5486000000.0,8831885000000.0,VCB,income_statement,-809590000000.0,25217499000000.0,-11057307000000.0,14160192000000.0,2810503000000.0,-1949559000000.0,860944000000.0,1635290000000.0,-2625000000.0,3616000000.0,1415156000000.0,-262228000000.0,1152928000000.0,57892000000.0,17868237000000.0,11843505000000.0,-2196544000000.0,1057.0
VCB,2025,1,0.0,24574904000000.0,8696229000000.0,0.0,,,,,,,,,,,-5652437000000.0,,,,,,10859933000000.0,-2158599000000.0,392000000.0,8701726000000.0,-5497000000.0,8696229000000.0,VCB,income_statement,-752356000000.0,24574904000000.0,-10887751000000.0,13687153000000.0,2727520000000.0,-1921556000000.0,805964000000.0,2023940000000.0,36488000000.0,0.0,1017049000000.0,-354171000000.0,662878000000.0,48303000000.0,17264726000000.0,11612289000000.0,-2158207000000.0,1041.0
VCB,2024,4,0.0,23581262000000.0,8565378000000.0,0.0,,,,,,,,,,,-7040188000000.0,,,,,,10702677000000.0,-2274403000000.0,141647000000.0,8569921000000.0,-4543000000.0,8565378000000.0,VCB,income_statement,32329000000.0,23581262000000.0,-9738930000000.0,13842332000000.0,3368816000000.0,-2445033000000.0,923783000000.0,1586183000000.0,4472000000.0,2735000000.0,1833975000000.0,-549322000000.0,1284653000000.0,66378000000.0,17710536000000.0,10670348000000.0,-2132756000000.0,1050.0
VCB,2024,3,0.0,23191212000000.0,8566598000000.0,0.0,,,,,,,,,,,-5811433000000.0,,,,,,10698944000000.0,-2126192000000.0,-258000000.0,8572494000000.0,-5896000000.0,8566598000000.0,VCB,income_statement,-325576000000.0,23191212000000.0,-9613576000000.0,13577636000000.0,3263776000000.0,-1991516000000.0,1272260000000.0,1347041000000.0,36148000000.0,-1145000000.0,903341000000.0,-348724000000.0,554617000000.0,49396000000.0,16835953000000.0,11024520000000.0,-2126450000000.0,1533.0
VCB,2024,2,0.0,22862707000000.0,8119414000000.0,0.0,,,,,,,,,,,-5121793000000.0,,,,,,10116275000000.0,-1992320000000.0,754000000.0,8124709000000.0,-5295000000.0,8119414000000.0,VCB,income_statement,-1513541000000.0,22862707000000.0,-8954996000000.0,13907711000000.0,3329645000000.0,-1830691000000.0,1498954000000.0,1160896000000.0,-1324000000.0,1854000000.0,841663000000.0,-817277000000.0,24386000000.0,159132000000.0,16751609000000.0,11629816000000.0,-1991566000000.0,1453.0
VCB,2024,1,0.0,24019660000000.0,8579996000000.0,0.0,,,,,,,,,,,-5053949000000.0,,,,,,10718239000000.0,-2133581000000.0,1335000000.0,8585993000000.0,-5997000000.0,8579996000000.0,VCB,income_statement,-1508210000000.0,24019660000000.0,-9941604000000.0,14078056000000.0,3180768000000.0,-1739204000000.0,1441564000000.0,1197631000000.0,22827000000.0,0.0,889827000000.0,-381780000000.0,508047000000.0,32273000000.0,17280398000000.0,12226449000000.0,-2132246000000.0,1535.0
VCB,2023,4,0.0,25097791000000.0,9355026000000.0,0.0,,,,,,,,,,,-5752034000000.0,,,,,,11693497000000.0,-2229602000000.0,-103862000000.0,9360033000000.0,-5007000000.0,9355026000000.0,VCB,income_statement,1486696000000.0,25097791000000.0,-12296567000000.0,12801224000000.0,3898648000000.0,-2088396000000.0,1810252000000.0,892534000000.0,-6214000000.0,0.0,1106147000000.0,-695656000000.0,410491000000.0,50548000000.0,15958835000000.0,10206801000000.0,-2333464000000.0,1674.0
VCB,2023,3,0.0,26512406000000.0,7268919000000.0,0.0,,,,,,,,,,,-5232506000000.0,,,,,,9051164000000.0,-1775588000000.0,-1020000000.0,7274556000000.0,-5637000000.0,7268919000000.0,VCB,income_statement,-1493607000000.0,26512406000000.0,-13916288000000.0,12596118000000.0,2613930000000.0,-1722918000000.0,891012000000.0,1581192000000.0,41527000000.0,61000000.0,872730000000.0,-351966000000.0,520764000000.0,146603000000.0,15777277000000.0,10544771000000.0,-1776608000000.0,1301.0
VCB,2023,2,0.0,28822211000000.0,7422823000000.0,0.0,,,,,,,,,,,-5656105000000.0,,,,,,9277682000000.0,-1848850000000.0,-874000000.0,7427958000000.0,-5135000000.0,7422823000000.0,VCB,income_statement,-2536389000000.0,28822211000000.0,-14801630000000.0,14020581000000.0,3236417000000.0,-1614304000000.0,1622113000000.0,1480628000000.0,59001000000.0,-61000000.0,626392000000.0,-368253000000.0,258139000000.0,29775000000.0,17470176000000.0,11814071000000.0,-1849724000000.0,1568.0
VCB,2023,1,0.0,27689870000000.0,8986435000000.0,0.0,,,,,,,,,,,-5274254000000.0,,,,,,11221344000000.0,-2225361000000.0,-4082000000.0,8991901000000.0,-5466000000.0,8986435000000.0,VCB,income_statement,-2021576000000.0,27689870000000.0,-13486924000000.0,14202946000000.0,2883744000000.0,-1427398000000.0,1456346000000.0,1705674000000.0,29903000000.0,0.0,1444875000000.0,-362100000000.0,1082775000000.0,39530000000.0,18517174000000.0,13242920000000.0,-2229443000000.0,1899.0
VCB,2022,4,0.0,25534087000000.0,9928277000000.0,1.0,,,,,,,,,,,-4564916000000.0,,,,,,12419095000000.0,-3407375000000.0,921799000000.0,9933519000000.0,-5242000000.0,9928277000000.0,VCB,income_statement,-1678630000000.0,25534087000000.0,-10724618000000.0,14809469000000.0,4124029000000.0,-1792687000000.0,2331342000000.0,1187847000000.0,4042000000.0,-1965000000.0,721538000000.0,-421945000000.0,299593000000.0,32313000000.0,18662641000000.0,14097725000000.0,-2485576000000.0,2098.0
VCB,2022,3,0.0,22569428000000.0,6064870000000.0,0.0,,,,,,,,,,,-6370005000000.0,,,,,,7566222000000.0,-1501418000000.0,4640000000.0,6069444000000.0,-4574000000.0,6064870000000.0,VCB,income_statement,-2778197000000.0,22569428000000.0,-8905477000000.0,13663951000000.0,2598204000000.0,-1495935000000.0,1102269000000.0,1587018000000.0,-154388000000.0,-1155000000.0,616998000000.0,-227533000000.0,389465000000.0,127264000000.0,16714424000000.0,10344419000000.0,-1496778000000.0,1282.0
VCB,2022,2,0.0,20671039000000.0,5936954000000.0,0.0,,,,,,,,,,,-5815802000000.0,,,,,,7423087000000.0,-1478285000000.0,-2871000000.0,5941931000000.0,-4977000000.0,5936954000000.0,VCB,income_statement,-2733452000000.0,20671039000000.0,-7873833000000.0,12797206000000.0,1989373000000.0,-1294744000000.0,694629000000.0,1471713000000.0,18628000000.0,84879000000.0,1013546000000.0,-132605000000.0,880941000000.0,24345000000.0,15972341000000.0,10156539000000.0,-1481156000000.0,1255.0
VCB,2022,1,0.0,19338145000000.0,7962184000000.0,0.0,,,,,,,,,,,-4509166000000.0,,,,,,9950256000000.0,-1986469000000.0,3639000000.0,7967426000000.0,-5242000000.0,7962184000000.0,VCB,income_statement,-2273939000000.0,19338145000000.0,-7362293000000.0,11975852000000.0,3713402000000.0,-1002574000000.0,2710828000000.0,1521867000000.0,16525000000.0,-164000000.0,576253000000.0,-92295000000.0,483958000000.0,24495000000.0,16733361000000.0,12224195000000.0,-1982830000000.0,1682.0
VCB,2021,4,0.0,17939277000000.0,6539788000000.0,0.0,,,,,,,,,,,-3148128000000.0,,,,,,8174561000000.0,-720581000000.0,-908631000000.0,6545349000000.0,-5561000000.0,6539788000000.0,VCB,income_statement,-3465595000000.0,17939277000000.0,-7272542000000.0,10666735000000.0,3543821000000.0,-1130264000000.0,2413557000000.0,1172943000000.0,19525000000.0,-85235000000.0,805593000000.0,-235941000000.0,569652000000.0,31107000000.0,14788284000000.0,11640156000000.0,-1629212000000.0,896.0
VCB,2021,3,0.0,17639936000000.0,4594130000000.0,0.0,,,,,,,,,,,-5002394000000.0,,,,,,5737854000000.0,-1138368000000.0,-198000000.0,4599288000000.0,-5158000000.0,4594130000000.0,VCB,income_statement,-2512537000000.0,17639936000000.0,-7212090000000.0,10427846000000.0,1942947000000.0,-815681000000.0,1127266000000.0,1173269000000.0,27991000000.0,0.0,652774000000.0,-201077000000.0,451697000000.0,44716000000.0,13252785000000.0,8250391000000.0,-1138566000000.0,1239.0
VCB,2021,2,0.0,17841634000000.0,3960105000000.0,0.0,,,,,,,,,,,-4736182000000.0,,,,,,4941962000000.0,-976927000000.0,-361000000.0,3964674000000.0,-4569000000.0,3960105000000.0,VCB,income_statement,-3225157000000.0,17841634000000.0,-6745376000000.0,11096258000000.0,1481928000000.0,-1053459000000.0,428469000000.0,986338000000.0,9376000000.0,0.0,505430000000.0,-145887000000.0,359543000000.0,23317000000.0,12903301000000.0,8167119000000.0,-977288000000.0,1068.0
VCB,2021,1,0.0,17201110000000.0,6902578000000.0,1.0,,,,,,,,,,,-4779221000000.0,,,,,,8631466000000.0,-1724252000000.0,308000000.0,6907522000000.0,-4944000000.0,6902578000000.0,VCB,income_statement,-2274909000000.0,17201110000000.0,-7119377000000.0,10081733000000.0,4317820000000.0,-880039000000.0,3437781000000.0,1042270000000.0,80773000000.0,0.0,1136573000000.0,-124204000000.0,1012369000000.0,30670000000.0,15685596000000.0,10906375000000.0,-1723944000000.0,1861.0
VCB,2020,4,0.0,17163378000000.0,5667519000000.0,0.0,,,,,,,,,,,-3430347000000.0,,,,,,7079454000000.0,-1406498000000.0,847000000.0,5673803000000.0,-6284000000.0,5667519000000.0,VCB,income_statement,-3883562000000.0,17163378000000.0,-6772963000000.0,10390415000000.0,4270327000000.0,-1201789000000.0,3068538000000.0,943429000000.0,16318000000.0,0.0,233108000000.0,-297621000000.0,-64513000000.0,39176000000.0,14393363000000.0,10963016000000.0,-1405651000000.0,1528.0
VCB,2020,3,0.0,17023678000000.0,3990903000000.0,0.0,,,,,,,,,,,-4578828000000.0,,,,,,4983070000000.0,-986487000000.0,-772000000.0,3995811000000.0,-4908000000.0,3990903000000.0,VCB,income_statement,-2024552000000.0,17023678000000.0,-8300504000000.0,8723174000000.0,2202803000000.0,-945756000000.0,1257047000000.0,1034372000000.0,6576000000.0,0.0,700020000000.0,-160358000000.0,539662000000.0,25619000000.0,11586450000000.0,7007622000000.0,-987259000000.0,1076.0
VCB,2020,2,0.0,16834725000000.0,4610339000000.0,0.0,,,,,,,,,,,-3118019000000.0,,,,,,5759319000000.0,-742388000000.0,-401317000000.0,4615614000000.0,-5275000000.0,4610339000000.0,VCB,income_statement,-1856218000000.0,16834725000000.0,-8757406000000.0,8077319000000.0,2008596000000.0,-852806000000.0,1155790000000.0,821053000000.0,33363000000.0,0.0,466742000000.0,-180865000000.0,285877000000.0,360154000000.0,10733556000000.0,7615537000000.0,-1143705000000.0,1241.0
VCB,2020,1,0.0,18104035000000.0,4177915000000.0,0.0,,,,,,,,,,,-4910290000000.0,,,,,,5222747000000.0,-1042687000000.0,2595000000.0,4182655000000.0,-4740000000.0,4177915000000.0,VCB,income_statement,-2152448000000.0,18104035000000.0,-9069714000000.0,9034321000000.0,2107705000000.0,-980495000000.0,1127210000000.0,1107545000000.0,-54447000000.0,0.0,1144844000000.0,-105617000000.0,1039227000000.0,31629000000.0,12285485000000.0,7375195000000.0,-1040092000000.0,1129.0
VCB,2019,4,0.0,17454947000000.0,4397313000000.0,0.0,,,,,,,,,,,-3186384000000.0,,,,,,5510002000000.0,-1106324000000.0,-3304000000.0,4400374000000.0,-3061000000.0,4397313000000.0,VCB,income_statement,-1971078000000.0,17454947000000.0,-8815229000000.0,8639718000000.0,2517811000000.0,-1631957000000.0,885854000000.0,842604000000.0,29539000000.0,7220000000.0,396225000000.0,-143763000000.0,252462000000.0,10067000000.0,10667464000000.0,7481080000000.0,-1109628000000.0,1186.0
VCB,2019,3,0.0,17466335000000.0,5048342000000.0,1.0,,,,,,,,,,,-4182440000000.0,,,,,,6309272000000.0,-1257587000000.0,-90000000.0,5051595000000.0,-3253000000.0,5048342000000.0,VCB,income_statement,-1502813000000.0,17466335000000.0,-8607049000000.0,8859286000000.0,2332534000000.0,-1054049000000.0,1278485000000.0,907733000000.0,31891000000.0,59000000.0,974695000000.0,-91295000000.0,883400000000.0,33671000000.0,11994525000000.0,7812085000000.0,-1257677000000.0,1361.0
VCB,2019,2,0.0,16709394000000.0,4360935000000.0,0.0,,,,,,,,,,,-4067395000000.0,,,,,,5425270000000.0,-1060621000000.0,161000000.0,4364810000000.0,-3875000000.0,4360935000000.0,VCB,income_statement,-1810652000000.0,16709394000000.0,-8129805000000.0,8579589000000.0,2163927000000.0,-1088543000000.0,1075384000000.0,699622000000.0,18742000000.0,-1000000.0,858635000000.0,-90967000000.0,767668000000.0,162313000000.0,11303317000000.0,7235922000000.0,-1060460000000.0,1175.0
VCB,2019,1,0.0,16093514000000.0,4707336000000.0,0.0,,,,,,,,,,,-4383645000000.0,,,,,,5878154000000.0,-1166423000000.0,-830000000.0,4710901000000.0,-3565000000.0,4707336000000.0,VCB,income_statement,-1505886000000.0,16093514000000.0,-7594757000000.0,8498757000000.0,1990520000000.0,-921114000000.0,1069406000000.0,928315000000.0,65830000000.0,-1000000.0,1198211000000.0,-31944000000.0,1166267000000.0,39111000000.0,11767685000000.0,7384040000000.0,-1167253000000.0,1281.0
VCB,2018,4,0.0,15347546000000.0,5276169000000.0,1.0,,,,,,,,,,,-1692860000000.0,,,,,,6616547000000.0,-1337493000000.0,1071000000.0,5280125000000.0,-3956000000.0,5276169000000.0,VCB,income_statement,-2380860000000.0,15347546000000.0,-7366906000000.0,7980640000000.0,1957269000000.0,-1183495000000.0,773774000000.0,657217000000.0,-67544000000.0,0.0,376205000000.0,-175522000000.0,200683000000.0,1145497000000.0,10690267000000.0,8997407000000.0,-1336422000000.0,1467.0
VCB,2018,3,0.0,14352565000000.0,2934626000000.0,0.0,,,,,,,,,,,-3985542000000.0,,,,,,3666499000000.0,-728139000000.0,-6000000.0,2938354000000.0,-3728000000.0,2934626000000.0,VCB,income_statement,-1762456000000.0,14352565000000.0,-6921040000000.0,7431525000000.0,1785902000000.0,-890988000000.0,894914000000.0,569850000000.0,-170034000000.0,120000000.0,706510000000.0,-55568000000.0,650942000000.0,37180000000.0,9414497000000.0,5428955000000.0,-728145000000.0,816.0
VCB,2018,2,0.0,13436567000000.0,2926763000000.0,0.0,,,,,,,,,,,-3864021000000.0,,,,,,3657422000000.0,-726099000000.0,317000000.0,2931640000000.0,-4877000000.0,2926763000000.0,VCB,income_statement,-1737816000000.0,13436567000000.0,-6636603000000.0,6799964000000.0,1698620000000.0,-847349000000.0,851271000000.0,424425000000.0,209536000000.0,0.0,803058000000.0,-23037000000.0,780021000000.0,194042000000.0,9259259000000.0,5395238000000.0,-725782000000.0,813.0
VCB,2018,1,0.0,12728360000000.0,3503948000000.0,1.0,,,,,,,,,,,-4067409000000.0,,,,,,4359355000000.0,-851480000000.0,-2000000.0,3507873000000.0,-3925000000.0,3503948000000.0,VCB,income_statement,-1497550000000.0,12728360000000.0,-6531261000000.0,6197099000000.0,1579203000000.0,-697835000000.0,881368000000.0,614937000000.0,277442000000.0,0.0,1630125000000.0,-27405000000.0,1602720000000.0,350748000000.0,9924314000000.0,5856905000000.0,-851482000000.0,974.0
VCB,2017,4,0.0,12347054000000.0,2720979000000.0,1.0,,,,,,,,,,,-2434484000000.0,,,,,,3402758000000.0,-676773000000.0,1818000000.0,2727803000000.0,-6824000000.0,2720979000000.0,VCB,income_statement,-1691913000000.0,12347054000000.0,-6570271000000.0,5776783000000.0,1515561000000.0,-939659000000.0,575902000000.0,332081000000.0,87216000000.0,-13201000000.0,714250000000.0,-108314000000.0,605936000000.0,164438000000.0,7529155000000.0,5094671000000.0,-674955000000.0,756.0
VCB,2017,3,0.0,11596728000000.0,2144097000000.0,0.0,,,,,,,,,,,-3104067000000.0,,,,,,2679543000000.0,-531093000000.0,170000000.0,2148620000000.0,-4523000000.0,2144097000000.0,VCB,income_statement,-1504276000000.0,11596728000000.0,-6348645000000.0,5248083000000.0,1344987000000.0,-694294000000.0,650693000000.0,645436000000.0,135003000000.0,-217000000.0,661553000000.0,-75866000000.0,585687000000.0,23201000000.0,7287886000000.0,4183819000000.0,-530923000000.0,596.0
VCB,2017,2,0.0,11443027000000.0,2016293000000.0,0.0,,,,,,,,,,,-3179058000000.0,,,,,,2517897000000.0,-498684000000.0,1617000000.0,2020830000000.0,-4537000000.0,2016293000000.0,VCB,income_statement,-1601565000000.0,11443027000000.0,-5806157000000.0,5636870000000.0,1309198000000.0,-644652000000.0,664546000000.0,423210000000.0,150055000000.0,43996000000.0,382271000000.0,-37415000000.0,344856000000.0,34987000000.0,7298520000000.0,4119462000000.0,-497067000000.0,561.0
VCB,2017,1,0.0,10771959000000.0,2206007000000.0,0.0,,,,,,,,,,,-3149927000000.0,,,,,,2736903000000.0,-527258000000.0,0.0,2209645000000.0,-3638000000.0,2206007000000.0,VCB,income_statement,-1400661000000.0,10771959000000.0,-5496150000000.0,5275809000000.0,1211327000000.0,-561338000000.0,649989000000.0,641691000000.0,104126000000.0,-50320000000.0,597758000000.0,-34703000000.0,563055000000.0,103141000000.0,7287491000000.0,4137564000000.0,-527258000000.0,613.0
VCB,2016,4,0.0,10245033000000.0,1767842000000.0,0.0,,,,,,,,,,,-2478081000000.0,,,,,,2191223000000.0,-415800000000.0,-1060000000.0,1774363000000.0,-6521000000.0,1767842000000.0,VCB,income_statement,-1896832000000.0,10245033000000.0,-5361543000000.0,4883490000000.0,1237854000000.0,-707950000000.0,529904000000.0,283942000000.0,110683000000.0,-44618000000.0,975481000000.0,-192621000000.0,782860000000.0,19875000000.0,6566136000000.0,4088055000000.0,-416860000000.0,491.0
VCB,2016,3,0.0,9447193000000.0,1636862000000.0,0.0,,,,,,,,,,,-2503744000000.0,,,,,,2046519000000.0,-405297000000.0,289000000.0,1641511000000.0,-4649000000.0,1636862000000.0,VCB,income_statement,-1510057000000.0,9447193000000.0,-4958701000000.0,4488492000000.0,1077573000000.0,-556360000000.0,521213000000.0,527947000000.0,203118000000.0,-44316000000.0,395051000000.0,-57071000000.0,337980000000.0,25886000000.0,6060320000000.0,3556576000000.0,-405008000000.0,455.0
VCB,2016,2,0.0,9227108000000.0,1584358000000.0,0.0,,,,,,,,,,,-2630525000000.0,,,,,,1980164000000.0,-391821000000.0,-161000000.0,1588182000000.0,-3824000000.0,1584358000000.0,VCB,income_statement,-1698322000000.0,9227108000000.0,-4602441000000.0,4624667000000.0,1042851000000.0,-521684000000.0,521167000000.0,474279000000.0,141513000000.0,-111000000.0,587259000000.0,-55202000000.0,532057000000.0,15439000000.0,6309011000000.0,3678486000000.0,-391982000000.0,595.0
VCB,2016,1,0.0,8806228000000.0,1836686000000.0,1.0,,,,,,,,,,,-2367354000000.0,,,,,,2299411000000.0,-459361000000.0,932000000.0,1840982000000.0,-4296000000.0,1836686000000.0,VCB,income_statement,-1305197000000.0,8806228000000.0,-4273463000000.0,4532765000000.0,954874000000.0,-415905000000.0,538969000000.0,563949000000.0,40454000000.0,-371000000.0,357105000000.0,-71433000000.0,285672000000.0,10524000000.0,5971962000000.0,3604608000000.0,-458429000000.0,689.0
VCB,2015,4,0.0,8508516000000.0,1689212000000.0,0.0,,,,,,,,,,,-2354208000000.0,,,,,,2178885000000.0,-481576000000.0,-290000000.0,1697019000000.0,-7807000000.0,1689212000000.0,VCB,income_statement,-1350701000000.0,8508516000000.0,-4071252000000.0,4437264000000.0,1027857000000.0,-549023000000.0,478834000000.0,44073000000.0,39723000000.0,116000000.0,1036913000000.0,-144788000000.0,892125000000.0,-8341000000.0,5883794000000.0,3529586000000.0,-481866000000.0,634.0
VCB,2015,3,0.0,7980791000000.0,1172115000000.0,0.0,,,,,,,,,,,-2704983000000.0,,,,,,1497787000000.0,-322025000000.0,0.0,1175762000000.0,-3647000000.0,1172115000000.0,VCB,income_statement,-1370994000000.0,7980791000000.0,-4030125000000.0,3950666000000.0,852950000000.0,-411606000000.0,441344000000.0,648746000000.0,23900000000.0,57645000000.0,475310000000.0,-72891000000.0,402419000000.0,49044000000.0,5573764000000.0,2868781000000.0,-322025000000.0,440.0
VCB,2015,2,0.0,7485439000000.0,1321072000000.0,0.0,,,,,,,,,,,-1580040000000.0,,,,,,1695013000000.0,-370339000000.0,0.0,1324674000000.0,-3602000000.0,1321072000000.0,VCB,income_statement,-1829132000000.0,7485439000000.0,-3916608000000.0,3568831000000.0,992196000000.0,-377303000000.0,614893000000.0,408545000000.0,37584000000.0,50770000000.0,424368000000.0,-8008000000.0,416360000000.0,7202000000.0,5104185000000.0,3524145000000.0,-370339000000.0,496.0
VCB,2015,1,0.0,7385983000000.0,1131529000000.0,0.0,,,,,,,,,,,-1667018000000.0,,,,,,1455772000000.0,-321160000000.0,0.0,1134612000000.0,-3083000000.0,1131529000000.0,VCB,income_statement,-1517264000000.0,7385983000000.0,-3889712000000.0,3496271000000.0,684301000000.0,-346724000000.0,337577000000.0,471210000000.0,96268000000.0,43823000000.0,203959000000.0,-9584000000.0,194375000000.0,530000000.0,4640054000000.0,2973036000000.0,-321160000000.0,425.0
VCB,2014,4,0.0,7305608000000.0,1320398000000.0,0.0,,,,,,,,,,,-2170804000000.0,,,,,,1695751000000.0,-365452000000.0,-626000000.0,1329673000000.0,-9275000000.0,1320398000000.0,VCB,income_statement,-1058881000000.0,7305608000000.0,-4047919000000.0,3257689000000.0,885626000000.0,-445676000000.0,439950000000.0,268856000000.0,56721000000.0,-19071000000.0,870941000000.0,-88015000000.0,782926000000.0,138365000000.0,4925436000000.0,2754632000000.0,-366078000000.0,539.0
VCB,2014,3,0.0,7053374000000.0,1038769000000.0,0.0,,,,,,,,,,,-1594616000000.0,,,,,,1333250000000.0,-291470000000.0,0.0,1041780000000.0,-3011000000.0,1038769000000.0,VCB,income_statement,-1104961000000.0,7053374000000.0,-4107903000000.0,2945471000000.0,779883000000.0,-337836000000.0,442047000000.0,277827000000.0,70182000000.0,48448000000.0,277490000000.0,-39743000000.0,237747000000.0,11105000000.0,4032827000000.0,2438211000000.0,-291470000000.0,433.0
VCB,2014,2,0.0,6928272000000.0,1056947000000.0,0.0,,,,,,,,,,,-1640098000000.0,,,,,,1345661000000.0,-285678000000.0,-13000000.0,1059970000000.0,-3023000000.0,1056947000000.0,VCB,income_statement,-1209801000000.0,6928272000000.0,-4121869000000.0,2806403000000.0,756842000000.0,-321314000000.0,435528000000.0,355921000000.0,6111000000.0,4849000000.0,544043000000.0,-17892000000.0,526151000000.0,60597000000.0,4195560000000.0,2555462000000.0,-285691000000.0,456.0
VCB,2014,1,0.0,6701526000000.0,1165965000000.0,0.0,,,,,,,,,,,-1419875000000.0,,,,,,1500649000000.0,-330797000000.0,0.0,1169852000000.0,-3887000000.0,1165965000000.0,VCB,income_statement,-1198236000000.0,6701526000000.0,-3935907000000.0,2765619000000.0,735997000000.0,-311766000000.0,424231000000.0,442475000000.0,66110000000.0,179895000000.0,254909000000.0,-14133000000.0,240776000000.0,-346000000.0,4118760000000.0,2698885000000.0,-330797000000.0,503.0
VCB,2013,4,0.0,6767196000000.0,1335702000000.0,0.0,,,,,,,,,,,-2025996000000.0,,,,,,1752672000000.0,-408558000000.0,-380000000.0,1343734000000.0,-8032000000.0,1335702000000.0,VCB,income_statement,-499367000000.0,6767196000000.0,-4031753000000.0,2735443000000.0,790864000000.0,-358898000000.0,431966000000.0,150566000000.0,7086000000.0,61136000000.0,522640000000.0,-15095000000.0,507545000000.0,384293000000.0,4278035000000.0,2252039000000.0,-408938000000.0,576.0
VCB,2013,3,0.0,6970616000000.0,1039892000000.0,0.0,,,,,,,,,,,-1574764000000.0,,,,,,1388474000000.0,-345375000000.0,0.0,1043099000000.0,-3207000000.0,1039892000000.0,VCB,income_statement,-1070764000000.0,6970616000000.0,-4057026000000.0,2913590000000.0,678351000000.0,-269899000000.0,408452000000.0,420667000000.0,1646000000.0,6257000000.0,296321000000.0,-17017000000.0,279304000000.0,4086000000.0,4034002000000.0,2459238000000.0,-345375000000.0,449.0
VCB,2013,2,0.0,7190258000000.0,863694000000.0,0.0,,,,,,,,,,,-1280166000000.0,,,,,,1137862000000.0,-270643000000.0,0.0,867219000000.0,-3525000000.0,863694000000.0,VCB,income_statement,-1166802000000.0,7190258000000.0,-4637657000000.0,2552601000000.0,668821000000.0,-280824000000.0,387997000000.0,378028000000.0,6961000000.0,37783000000.0,162565000000.0,-34657000000.0,127908000000.0,93552000000.0,3584830000000.0,2304664000000.0,-270643000000.0,374.0
VCB,2013,1,0.0,7380722000000.0,1112451000000.0,0.0,,,,,,,,,,,-1332765000000.0,,,,,,1465291000000.0,-348070000000.0,0.0,1117221000000.0,-4770000000.0,1112451000000.0,VCB,income_statement,-807607000000.0,7380722000000.0,-4789856000000.0,2590866000000.0,616016000000.0,-233497000000.0,382519000000.0,476394000000.0,6479000000.0,50953000000.0,45104000000.0,-26525000000.0,18579000000.0,79873000000.0,3605663000000.0,2272898000000.0,-348070000000.0,482.0
SSI,2025,4,1.0,3601759602481.0,817461309800.0,1.0,77580739044.0,-790254214308.0,3601759602481.0,0.0,3601759602481.0,-1750253274117.0,1851506328364.0,-858558368329.0,0.0,,-71830855543.0,998697843536.0,4651514718.0,0.0,-153597558.0,4497917160.0,1003195760696.0,-186886839058.0,3380268456.0,819689190094.0,2227880294.0,817461309800.0,SSI,income_statement,,,,,,,,,,,,,,,,,,
SSI,2025,3,1.0,4176668051899.0,1475127883911.0,1.0,35101433644.0,-686978549811.0,4176668051899.0,0.0,4176668051899.0,-1614782506206.0,2561885545693.0,-698013180762.0,0.0,,-63565395575.0,1835408403000.0,347981023.0,0.0,-838324901.0,-490343878.0,1834918059122.0,-352165041119.0,-7154348387.0,1475598669616.0,470785705.0,1475127883911.0,SSI,income_statement,,,,,,,,,,,,,,,,,,
SSI,2025,2,0.0,2993036323811.0,969506698143.0,0.0,35701709046.0,-618980067659.0,2993036323811.0,0.0,2993036323811.0,-1116846846217.0,1876189477594.0,-642376408925.0,0.0,,-71933197416.0,1197581580299.0,1229687399.0,0.0,-1014716805.0,214970594.0,1197796550893.0,-229198629174.0,-998311886.0,967599609833.0,-1907088310.0,969506698143.0,SSI,income_statement,,,,,,,,,,,,,,,,,,
SSI,2025,1,0.0,2159272711993.0,843994524895.0,0.0,33354175724.0,-465588292122.0,2159272711993.0,0.0,2159272711993.0,-625287099412.0,1533985612581.0,-468734470871.0,0.0,,-53254794994.0,1045350522440.0,1947470527.0,0.0,-234367307.0,1713103220.0,1047063625660.0,-198113402886.0,-4956958418.0,843993264356.0,-1260539.0,843994524895.0,SSI,income_statement,,,,,,,,,,,,,,,,,,
SSI,2024,4,0.0,2221274987684.0,427738166432.0,0.0,43964730178.0,-405752832021.0,2221274987684.0,0.0,2221274987684.0,-1205443690595.0,1015831297089.0,-410936564514.0,0.0,,-92749211365.0,556110251388.0,746639592.0,0.0,-2087128179.0,-1340488587.0,554769762801.0,-132825428063.0,16419450717.0,438363785455.0,10625619023.0,427738166432.0,SSI,income_statement,,,,,,,,,,,,,,,,,,
SSI,2024,3,0.0,2028136747992.0,794515584118.0,0.0,40360463873.0,-365511351331.0,2028136747992.0,0.0,2028136747992.0,-635837627608.0,1392299120384.0,-385367497653.0,0.0,,-61147529764.0,986144556840.0,641613577.0,0.0,-169355027.0,472258550.0,986616815390.0,-171668807710.0,-20951830264.0,793996177416.0,-519406702.0,794515584118.0,SSI,income_statement,,,,,,,,,,,,,,,,,,
SSI,2024,2,0.0,2307044473129.0,848518039621.0,1.0,55277384323.0,-351424648924.0,2307044473129.0,0.0,2307044473129.0,-850510980587.0,1456533492542.0,-387684745955.0,0.0,,-64617435795.0,1059508695115.0,587578003.0,0.0,-607431490.0,-19853487.0,1059488841628.0,-196702746535.0,-14337306599.0,848448788494.0,-69251127.0,848518039621.0,SSI,income_statement,,,,,,,,,,,,,,,,,,
SSI,2024,1,0.0,1972823366669.0,764251330193.0,1.0,39693333027.0,-383075951019.0,1972823366669.0,0.0,1972823366669.0,-596169310158.0,1376654056511.0,-390935329885.0,0.0,,-83235460062.0,942176599591.0,528406490.0,0.0,-52942238.0,475464252.0,942652063843.0,-193324352833.0,14972570297.0,764300281307.0,48951114.0,764251330193.0,SSI,income_statement,,,,,,,,,,,,,,,,,,
SSI,2023,4,1.0,2047056100311.0,515508875644.0,1.0,47617460515.0,-393445706858.0,2047056100311.0,0.0,2047056100311.0,-926219249486.0,1120836850825.0,-410531486322.0,0.0,,-114368314165.0,643554510853.0,990734385.0,0.0,-462123070.0,528611315.0,644083122168.0,-133282190935.0,3530921905.0,514331853138.0,-1177022506.0,515508875644.0,SSI,income_statement,,,,,,,,,,,,,,,,,,
SSI,2023,3,0.0,1941238920951.0,711105631883.0,1.0,29898662962.0,-356812399012.0,1941238920951.0,0.0,1941238920951.0,-652671311551.0,1288567609400.0,-357323889492.0,0.0,,-81045034860.0,880097348010.0,477865917.0,0.0,-260231606.0,217634311.0,880314982321.0,-165305461716.0,-4885715448.0,710123805157.0,-981826726.0,711105631883.0,SSI,income_statement,,,,,,,,,,,,,,,,,,
SSI,2023,2,0.0,1679982105552.0,562989451408.0,1.0,26813820352.0,-428246218938.0,1679982105552.0,0.0,1679982105552.0,-462760434504.0,1217221671048.0,-448150130778.0,0.0,,-89690719786.0,706194640836.0,494905622.0,0.0,-172374115.0,322531507.0,706517172343.0,-125379708861.0,-13917029356.0,567220434126.0,4230982718.0,562989451408.0,SSI,income_statement,,,,,,,,,,,,,,,,,,
SSI,2023,1,0.0,1489415466692.0,503177426481.0,0.0,18973965291.0,-391934718459.0,1489415466692.0,0.0,1489415466692.0,-392914314284.0,1096501152408.0,-421642183449.0,0.0,,-76603200362.0,617229733888.0,450700074.0,0.0,-28740601.0,421959473.0,617651693361.0,-119387411567.0,4532447343.0,502796729137.0,-380697344.0,503177426481.0,SSI,income_statement,,,,,,,,,,,,,,,,,,
SSI,2022,4,0.0,1351210542652.0,234253238597.0,-1.0,105697700823.0,-250613291942.0,1351210542652.0,0.0,1351210542652.0,-640798997763.0,710411544889.0,-449255301214.0,0.0,,-85534481941.0,281319462557.0,8148059379.0,0.0,-827405221.0,7320654158.0,288640116715.0,-39311766584.0,-15404788835.0,233923561296.0,-329677301.0,234253238597.0,SSI,income_statement,,,,,,,,,,,,,,,,,,
SSI,2022,3,0.0,1347966825058.0,336424998451.0,-1.0,16328587504.0,-237401517228.0,1347966825058.0,0.0,1347966825058.0,-552575287729.0,795391537329.0,-322390354702.0,0.0,,-74564453871.0,414765316260.0,695386731.0,0.0,-199633792.0,495752939.0,415261069199.0,-92938592641.0,14017839665.0,336340316223.0,-84682228.0,336424998451.0,SSI,income_statement,,,,,,,,,,,,,,,,,,
SSI,2022,2,0.0,1629085921354.0,343100840888.0,0.0,-1779398425.0,-278747346918.0,1629085921354.0,0.0,1629085921354.0,-695173647490.0,933912273864.0,-342434302116.0,0.0,,-69115043816.0,520583529507.0,1985544037.0,0.0,-54472359.0,1931071678.0,522514601185.0,-108460245439.0,7120269812.0,421174625558.0,-931131472.0,343100840888.0,SSI,income_statement,,,,,,,,,,,,,,,,,,
SSI,2022,1,0.0,2007559768896.0,706535902145.0,1.0,60446103911.0,-263887789515.0,2007559768896.0,0.0,2007559768896.0,-816287470103.0,1191272298793.0,-301555247206.0,0.0,,-67175440697.0,882987714801.0,426812071.0,0.0,-126922194.0,299889877.0,883287604678.0,-218208618444.0,41175679488.0,706254665722.0,-281236423.0,706535902145.0,SSI,income_statement,,,,,,,,,,,,,,,,,,
SSI,2021,4,1.0,2423324859848.0,997543604981.0,2.0,292520016514.0,-288978429547.0,2423324859848.0,0.0,2423324859848.0,-1070013957826.0,1353310902022.0,-313167528926.0,0.0,,-78617936184.0,1254045453426.0,402009528.0,0.0,-1368531017.0,-966521489.0,1253078931937.0,-226914700497.0,-28214431404.0,997949800036.0,406195055.0,997543604981.0,SSI,income_statement,,,,,,,,,,,,,,,,,,
SSI,2021,3,1.0,1748087453883.0,683074380090.0,1.0,19508608260.0,-289281044668.0,1748087453883.0,0.0,1748087453883.0,-643377055693.0,1104710398190.0,-318175129618.0,0.0,,-69474732156.0,736569144676.0,111849278272.0,0.0,-4300015.0,111844978257.0,848414122933.0,-158807619066.0,-7034880949.0,682571622918.0,-502757172.0,683074380090.0,SSI,income_statement,,,,,,,,,,,,,,,,,,
SSI,2021,2,0.0,1766189915717.0,591169332288.0,0.0,19293981037.0,-229591683137.0,1766189915717.0,0.0,1766189915717.0,-745571495689.0,1020618420028.0,-240317220815.0,0.0,,-67089627260.0,732505552990.0,972927581.0,0.0,-498731.0,972428850.0,733477981840.0,-156946200028.0,14275729890.0,590807511702.0,-361820586.0,591169332288.0,SSI,income_statement,,,,,,,,,,,,,,,,,,
SSI,2021,1,1.0,1505579682065.0,424126623892.0,43.0,11974837543.0,-222007328495.0,1505579682065.0,0.0,1505579682065.0,-695599943723.0,809979738342.0,-242936528992.0,0.0,,-49827368285.0,529190678608.0,877126421.0,0.0,-570.0,877125851.0,530067804459.0,-107999511414.0,1670470319.0,423738763364.0,-387860528.0,424126623892.0,SSI,income_statement,,,,,,,,,,,,,,,,,,
SSI,2020,4,0.0,1174729059137.0,380829241954.0,1.0,42765393490.0,-215504666428.0,1174729059137.0,0.0,1174729059137.0,-471521863274.0,703207195863.0,-220006045159.0,0.0,,-49491022039.0,476475522155.0,711821803.0,0.0,-179.0,711821624.0,477187343779.0,-65950038030.0,-30288782150.0,380948523599.0,119281645.0,380829241954.0,SSI,income_statement,,,,,,,,,,,,,,,,,,
SSI,2020,3,0.0,919550693190.0,344037824365.0,0.0,66152277313.0,-183677244995.0,919550693190.0,0.0,919550693190.0,-321191535261.0,598359157929.0,-194202064121.0,0.0,,-51190850171.0,419118520950.0,1932297393.0,0.0,-177737262.0,1754560131.0,420873081081.0,-77866099365.0,604692629.0,343611674345.0,-426150020.0,344037824365.0,SSI,income_statement,,,,,,,,,,,,,,,,,,
SSI,2020,2,1.0,1327443116370.0,522890509790.0,2.0,62683335629.0,-207393538004.0,1327443116370.0,0.0,1327443116370.0,-434088507647.0,893354608723.0,-263863797822.0,0.0,,-41628917136.0,650545229394.0,982790598.0,0.0,-40901.0,982749697.0,651527979091.0,-123062402681.0,-6072745515.0,522392830895.0,-497678895.0,522890509790.0,SSI,income_statement,,,,,,,,,,,,,,,,,,
SSI,2020,1,0.0,945078199266.0,9614894723.0,-1.0,37152545390.0,-222855873662.0,945078199266.0,0.0,945078199266.0,-674993864873.0,270084334393.0,-259073144422.0,0.0,,-41845351004.0,6318384357.0,1646782045.0,0.0,-285290.0,1646496755.0,7964881112.0,-369538358.0,1383447362.0,8978790116.0,-636104607.0,9614894723.0,SSI,income_statement,,,,,,,,,,,,,,,,,,
SSI,2019,4,0.0,903607102403.0,221002542675.0,0.0,27177333111.0,-222416901692.0,903607102403.0,0.0,903607102403.0,-388392916049.0,515214186354.0,-235559596702.0,0.0,,-45614014180.0,261217908583.0,1748744418.0,0.0,-2000000.0,1746744418.0,262964653001.0,-29679880370.0,-13248459788.0,220036312843.0,-966229832.0,221002542675.0,SSI,income_statement,,,,,,,,,,,,,,,,,,
SSI,2019,3,0.0,850925630584.0,269428148619.0,0.0,19875576647.0,-212860623271.0,850925630584.0,0.0,850925630584.0,-274702303703.0,576223326881.0,-221272502121.0,0.0,,-44920052142.0,329906349265.0,2443637533.0,0.0,-19490318.0,2424147215.0,332330496480.0,-52867173847.0,-10531279618.0,268932043015.0,-496105604.0,269428148619.0,SSI,income_statement,,,,,,,,,,,,,,,,,,
SSI,2019,2,0.0,771186839387.0,190643706247.0,0.0,8661152104.0,-203922344805.0,771186839387.0,0.0,771186839387.0,-254811137690.0,516375701697.0,-211753431561.0,0.0,,-50423207026.0,262860215214.0,1341653893.0,0.0,-138788905.0,1202864988.0,264063080202.0,-47354049091.0,3023348302.0,219732379413.0,-225278174.0,190643706247.0,SSI,income_statement,,,,,,,,,,,,,,,,,,
SSI,2019,1,0.0,709258546823.0,198813075848.0,-1.0,10792220025.0,-164977094804.0,709258546823.0,0.0,709258546823.0,-253101570695.0,456156976128.0,-170036040936.0,0.0,,-52280980424.0,244632174793.0,1533687141.0,0.0,-530160.0,1533156981.0,246165331774.0,-48776751648.0,1007660634.0,198396240760.0,-416835088.0,198813075848.0,SSI,income_statement,,,,,,,,,,,,,,,,,,
SSI,2018,4,0.0,878096956538.0,208460262795.0,0.0,80167497696.0,-154057051811.0,878096956538.0,0.0,878096956538.0,-475883476833.0,402213479705.0,-157508247141.0,0.0,,-57543754230.0,267328976030.0,1106458293.0,0.0,-6470521.0,1099987772.0,268428963802.0,-46427285441.0,-13997411463.0,208004266898.0,-455995897.0,208460262795.0,SSI,income_statement,,,,,,,,,,,,,,,,,,
SSI,2018,3,0.0,874216556126.0,378556837301.0,1.0,18678447884.0,-137636247830.0,874216556126.0,0.0,874216556126.0,-238055606321.0,636160949805.0,-143843767880.0,0.0,,-42781805109.0,468213824700.0,771875086.0,0.0,-48906954.0,722968132.0,468936792832.0,-84247651095.0,-6766020621.0,377923121116.0,-633716185.0,378556837301.0,SSI,income_statement,,,,,,,,,,,,,,,,,,
SSI,2018,2,0.0,895318406169.0,301913007785.0,0.0,134896659979.0,-128793724295.0,895318406169.0,0.0,895318406169.0,-491258879711.0,404059526458.0,-128947875765.0,0.0,,-32952485746.0,377055824926.0,1406039887.0,0.0,-2174088721.0,-768048834.0,376287776092.0,-82903249350.0,8229146722.0,301613673464.0,-299334321.0,301913007785.0,SSI,income_statement,,,,,,,,,,,,,,,,,,
SSI,2018,1,1.0,1025206139911.0,416000072684.0,0.0,32081668347.0,-116053539325.0,1025206139911.0,0.0,1025206139911.0,-445831806662.0,579374333249.0,-116619101077.0,0.0,,-40405600157.0,454431300362.0,55133000730.0,0.0,-4369863.0,55128630867.0,509559931229.0,-106267394767.0,12103644618.0,415396181080.0,-603891604.0,416000072684.0,SSI,income_statement,,,,,,,,,,,,,,,,,,
SSI,2017,4,1.0,1026214967203.0,345878987569.0,2.0,22808519501.0,-105008676494.0,1026214967203.0,0.0,1026214967203.0,-469937401222.0,556277565981.0,-105444869757.0,0.0,,-58411162149.0,415230053576.0,10706475337.0,0.0,-84489945.0,10621985392.0,425852038968.0,-82218348473.0,3297598560.0,346931289055.0,1052301486.0,345878987569.0,SSI,income_statement,,,,,,,,,,,,,,,,,,
SSI,2017,3,0.0,632043005075.0,217030606183.0,0.0,63350893026.0,-86367176957.0,632043005075.0,0.0,632043005075.0,-331312465994.0,300730539081.0,-87022842779.0,0.0,,-33643177061.0,243415412267.0,985822604.0,0.0,-190400653.0,795421951.0,244210834218.0,-35557777033.0,7854874129.0,216507931314.0,-522674869.0,217030606183.0,SSI,income_statement,,,,,,,,,,,,,,,,,,
SSI,2017,2,0.0,694633296018.0,304323984153.0,0.0,27924748706.0,-75878112208.0,694633296018.0,0.0,694633296018.0,-231629079112.0,463004216906.0,-76579045013.0,0.0,,-44344910313.0,370005010286.0,918225093.0,0.0,-3.0,918225090.0,370923235376.0,-46264030928.0,-20957095909.0,303702108539.0,-621875614.0,304323984153.0,SSI,income_statement,,,,,,,,,,,,,,,,,,
SSI,2017,1,0.0,545186538325.0,294619407907.0,1.0,31028124579.0,-76327263880.0,545186538325.0,0.0,545186538325.0,-104518082328.0,440668455997.0,-76403013852.0,0.0,,-31629516736.0,363664049988.0,477142693.0,0.0,-105892210.0,371250483.0,364035300471.0,-63107756240.0,-6964277316.0,293963266915.0,-656140992.0,294619407907.0,SSI,income_statement,,,,,,,,,,,,,,,,,,
SSI,2016,4,0.0,628816411789.0,102569981622.0,-1.0,18457281262.0,-69707955837.0,628816411789.0,0.0,628816411789.0,-420284263218.0,208532148571.0,-69767833913.0,0.0,,-37302129808.0,119919466112.0,1046767544.0,0.0,-60519452.0,986248092.0,120905714204.0,-48338701303.0,29387608319.0,101954621220.0,-615360402.0,102569981622.0,SSI,income_statement,,,,,,,,,,,,,,,,,,
SSI,2016,3,1.0,728130811566.0,365771899541.0,2.0,25493193519.0,-75797280760.0,728130811566.0,0.0,728130811566.0,-195660140431.0,532470671135.0,-75909200376.0,0.0,,-35442175307.0,446612488971.0,589513962.0,0.0,-3320138.0,586193824.0,447198682795.0,-79881183448.0,-2157629576.0,365159869771.0,-612029770.0,365771899541.0,SSI,income_statement,,,,,,,,,,,,,,,,,,
SSI,2016,2,0.0,648355814137.0,256850905575.0,0.0,19709479536.0,-66607004854.0,648355814137.0,0.0,648355814137.0,-217911800983.0,430444013154.0,-66620870180.0,0.0,,-39348258541.0,344184363969.0,418592130.0,0.0,-14698661.0,403893469.0,344588257438.0,-63506039135.0,4989709278.0,286071927581.0,-483094304.0,256850905575.0,SSI,income_statement,,,,,,,,,,,,,,,,,,
SSI,2016,1,1.0,440426954012.0,191806510606.0,1.0,31539527011.0,-57109585173.0,440426954012.0,0.0,440426954012.0,-155508254602.0,284918699410.0,-57112500979.0,0.0,,-28501044598.0,230844680844.0,573574380.0,0.0,-47910769.0,525663611.0,231370344455.0,-28977996642.0,-10914530885.0,191477816928.0,-328693678.0,191806510606.0,SSI,income_statement,,,,,,,,,,,,,,,,,,
SSI,2015,4,1.0,420549716449.0,256068440449.0,2.0,100949839443.0,-47705184869.0,420549716449.0,0.0,420549716449.0,-129508186261.0,291041530188.0,-47740830602.0,0.0,,-41555765288.0,302694773741.0,975978784.0,0.0,-165484135.0,810494649.0,303505268390.0,-78724978632.0,30601766637.0,255382056395.0,-686384054.0,256068440449.0,SSI,income_statement,,,,,,,,,,,,,,,,,,
SSI,2015,3,0.0,372772286838.0,145521966292.0,0.0,-18966201270.0,-30896110769.0,372772286838.0,0.0,372772286838.0,-102347038506.0,270425248332.0,-30899717383.0,0.0,,-32060721017.0,188498608662.0,473433207.0,0.0,-1010902.0,472422305.0,188971030967.0,-53812482621.0,10012445304.0,145170993650.0,-350972642.0,145521966292.0,SSI,income_statement,,,,,,,,,,,,,,,,,,
SSI,2015,2,0.0,522591649329.0,296317481498.0,0.0,116259447182.0,-26100041223.0,522591649329.0,0.0,522591649329.0,-163970243679.0,358621405650.0,-12068779716.0,-14032077398.0,,-31969067824.0,402778850496.0,3373137335.0,0.0,-495365.0,3372641970.0,406151492466.0,-22211319155.0,-57248343369.0,326691829942.0,-423982031.0,296317481498.0,SSI,income_statement,,,,,,,,,,,,,,,,,,
SSI,2015,1,0.0,231605060771.0,112860337671.0,0.0,57179490865.0,-20504774652.0,231605060771.0,0.0,231605060771.0,-99183783519.0,132421277252.0,-20514619546.0,14032077398.0,,-28330897272.0,154787328697.0,384909109.0,0.0,-2388568.0,382520541.0,155169849238.0,-47054793821.0,4500145725.0,112615201142.0,-245136529.0,112860337671.0,SSI,income_statement,,,,,,,,,,,,,,,,,,
SSI,2014,4,0.0,278066796322.0,100798586803.0,0.0,0.0,0.0,278066796322.0,-100000000.0,277966796322.0,-248427451846.0,29539344476.0,0.0,0.0,,-5563598000.0,23975746476.0,50489473864.0,40420395458.0,-4413.0,50489469451.0,114885611385.0,-22165148493.0,7494064869.0,100214527761.0,584059042.0,100798586803.0,SSI,income_statement,,,,,,,,,,,,,,,,,,
SSI,2014,3,1.0,417899632683.0,187871272410.0,1.0,0.0,0.0,417899632683.0,0.0,417899632683.0,-195503582081.0,222396050602.0,0.0,0.0,,-2758063811.0,219637986791.0,749196415.0,13682551606.0,-2341382.0,746855033.0,234067393430.0,-71731139470.0,25965227995.0,188301481955.0,-430209545.0,187871272410.0,SSI,income_statement,,,,,,,,,,,,,,,,,,
SSI,2014,2,2.0,492850544008.0,280926743594.0,2.0,0.0,0.0,492850544008.0,0.0,492850544008.0,-149501384736.0,343349159272.0,0.0,0.0,,-3423398155.0,339925761117.0,1187459605.0,7517850152.0,-2421969.0,1185037636.0,348628648905.0,-65785683689.0,-1762893214.0,281080072002.0,-153328408.0,280926743594.0,SSI,income_statement,,,,,,,,,,,,,,,,,,
SSI,2014,1,1.0,375793164872.0,175233591033.0,0.0,0.0,0.0,375793164872.0,0.0,375793164872.0,-96395122116.0,279398042756.0,0.0,0.0,,-3014655161.0,276383387595.0,1229751193.0,-47353792432.0,-600019.0,1229151174.0,230258746337.0,-58905956862.0,3746663468.0,175099452943.0,134138090.0,175233591033.0,SSI,income_statement,,,,,,,,,,,,,,,,,,
SSI,2013,4,0.0,204436981926.0,67584489995.0,0.0,0.0,0.0,204436981926.0,0.0,204436981926.0,-124966219271.0,79470762655.0,0.0,0.0,,-3763887133.0,75706875522.0,11243228138.0,2107179925.0,-4.0,11243228134.0,89057283581.0,-26436932456.0,4492490321.0,67112841446.0,471648549.0,67584489995.0,SSI,income_statement,,,,,,,,,,,,,,,,,,
SSI,2013,3,0.0,177147410534.0,94204144114.0,0.0,0.0,0.0,177147410534.0,0.0,177147410534.0,-86258600919.0,90888809615.0,0.0,0.0,,-2595477389.0,88293332226.0,18819481465.0,11423288863.0,-6114049.0,18813367416.0,118529988505.0,-11287201964.0,-12949838228.0,94292948313.0,-88804199.0,94204144114.0,SSI,income_statement,,,,,,,,,,,,,,,,,,
SSI,2013,2,0.0,178630722457.0,95766211405.0,0.0,0.0,0.0,178630722457.0,0.0,178630722457.0,-110954184397.0,67676538060.0,0.0,0.0,,-3175539397.0,64500998663.0,16647937616.0,29477701856.0,-66173311.0,16581764305.0,110560464824.0,-13301259508.0,-1391496008.0,95867709308.0,-101497903.0,95766211405.0,SSI,income_statement,,,,,,,,,,,,,,,,,,
SSI,2013,1,0.0,166728714719.0,160489954558.0,0.0,0.0,0.0,166728714719.0,0.0,166728714719.0,-64297245708.0,102431469011.0,0.0,0.0,,-2487739178.0,99943729833.0,16359813903.0,71382903533.0,0.0,16359813903.0,187686447269.0,-37355805931.0,9731795153.0,160062436491.0,427518067.0,160489954558.0,SSI,income_statement,,,,,,,,,,,,,,,,,,
VNM,2025,4,0.0,17045421378817.0,2840367601702.0,0.0,358341189804.0,-89980184766.0,17045421378817.0,-11868972863.0,17033552405954.0,-10143535412610.0,6890016993344.0,-107566612631.0,23984472272.0,-3186832400615.0,-545076497173.0,3432867145001.0,128002667372.0,0.0,-83869930287.0,44132737085.0,3476999882086.0,-688334808992.0,38533967838.0,2827199040932.0,-13168560770.0,2840367601702.0,VNM,income_statement,,,,,,,,,,,,,,,,,,
VNM,2025,3,0.0,16968084097983.0,2526766558891.0,0.0,395840396288.0,-75464626344.0,16968084097983.0,-14852560120.0,16953231537863.0,-9865934701695.0,7087296836168.0,-91354486972.0,-194491871698.0,-3573752079537.0,-465785970174.0,3157752824075.0,37389682775.0,0.0,-69541892798.0,-32152210023.0,3125600614052.0,-644325193049.0,29257322200.0,2510532743203.0,-16233815688.0,2526766558891.0,VNM,income_statement,,,,,,,,,,,,,,,,,,
VNM,2025,2,0.0,16744609675338.0,2474585297998.0,0.0,376333100451.0,-85204331624.0,16744609675338.0,-20012195784.0,16724597479554.0,-9702919554414.0,7021677925140.0,-109547632124.0,3760327370.0,-3711347500232.0,-462277916899.0,3118598303706.0,32160581071.0,0.0,-54670351500.0,-22509770429.0,3096088533277.0,-613806796858.0,6302943861.0,2488584680280.0,13999382282.0,2474585297998.0,VNM,income_statement,,,,,,,,,,,,,,,,,,
VNM,2025,1,0.0,12965404856436.0,1568482188101.0,0.0,366337215645.0,-75155207673.0,12965404856436.0,-30899523580.0,12934505332856.0,-7724022892977.0,5210482439879.0,-41765368480.0,16189054400.0,-3169757183300.0,-430929441463.0,1950556716681.0,48165047774.0,0.0,-47425568932.0,739478842.0,1951296195523.0,-326819068821.0,-37203858648.0,1587273268054.0,18791079953.0,1568482188101.0,VNM,income_statement,,,,,,,,,,,,,,,,,,
VNM,2024,4,0.0,15485051436522.0,2123649268482.0,0.0,394631907537.0,-66109861870.0,15485051436522.0,-7978311081.0,15477073125441.0,-9267382480456.0,6209690644985.0,-140107172656.0,23396009808.0,-3351121538996.0,-554570624982.0,2581919225696.0,121552139821.0,0.0,-60102594612.0,61449545209.0,2643368770905.0,-555142311297.0,58564884369.0,2146791343977.0,23142075495.0,2123649268482.0,VNM,income_statement,,,,,,,,,,,,,,,,,,
VNM,2024,3,0.0,15548707382507.0,2403519104884.0,0.0,430476492135.0,-62624826693.0,15548707382507.0,-11370069034.0,15537337313473.0,-9135891859183.0,6401445454290.0,-97962433824.0,-5059420447.0,-3336422575566.0,-421729399873.0,2970748116715.0,37227938682.0,0.0,-66174414919.0,-28946476237.0,2941801640478.0,-573837659232.0,35189074022.0,2403153055268.0,-366049616.0,2403519104884.0,VNM,income_statement,,,,,,,,,,,,,,,,,,
VNM,2024,2,0.0,16665240843085.0,2670475017284.0,0.0,373183676511.0,-64294446778.0,16665240843085.0,-9453070612.0,16655787772473.0,-9588268993189.0,7067518779284.0,-87679063003.0,3339877558.0,-3574887401068.0,-455702658579.0,3325773210703.0,34843947651.0,0.0,-51974230124.0,-17130282473.0,3308642928230.0,-614203629137.0,1525922021.0,2695965221114.0,25490203830.0,2670475017284.0,VNM,income_statement,,,,,,,,,,,,,,,,,,
VNM,2024,1,0.0,14124890259766.0,2194666965600.0,0.0,387368759884.0,-86395425954.0,14124890259766.0,-12478942708.0,14112411317058.0,-8200889872493.0,5911521444565.0,-102489879376.0,10326196929.0,-3095275281176.0,-395914155553.0,2715537085273.0,37007652440.0,0.0,-46704335991.0,-9696683551.0,2705840401722.0,-497675570285.0,-1181461848.0,2206983369589.0,12316403989.0,2194666965600.0,VNM,income_statement,,,,,,,,,,,,,,,,,,
VNM,2023,4,0.0,15630458869279.0,2326013960066.0,0.0,428868705495.0,-96231603161.0,15630458869279.0,-11747924789.0,15618710944490.0,-9177098353000.0,6441612591490.0,-118785839541.0,-28037460234.0,-3493712827314.0,-504122733414.0,2725822436482.0,240821530736.0,0.0,-114579366839.0,126242163897.0,2852064600379.0,-527166047542.0,25806937118.0,2350705489955.0,24691529889.0,2326013960066.0,VNM,income_statement,,,,,,,,,,,,,,,,,,
VNM,2023,3,0.0,15681494654705.0,2492254015001.0,0.0,483829853834.0,-79600679532.0,15681494654705.0,-44506970023.0,15636987684682.0,-9082087041307.0,6554900643375.0,-110138422955.0,-27632597830.0,-3382491600883.0,-432197136598.0,3086270738943.0,37955648630.0,0.0,-48436566422.0,-10480917792.0,3075789821151.0,-548401617475.0,5876182583.0,2533264386259.0,41010371258.0,2492254015001.0,VNM,income_statement,,,,,,,,,,,,,,,,,,
VNM,2023,2,0.0,15212939408874.0,2198811184561.0,0.0,383963944773.0,-95970637757.0,15212939408874.0,-18114453181.0,15194824955693.0,-9044632886807.0,6150192068886.0,-115957689789.0,-11201004578.0,-3199738372776.0,-430514547776.0,2776744398740.0,33520380483.0,0.0,-82266235220.0,-48745854737.0,2727998544003.0,-494907485041.0,-3933169203.0,2229157889759.0,30346705198.0,2198811184561.0,VNM,income_statement,,,,,,,,,,,,,,,,,,
VNM,2023,1,0.0,13954019633882.0,1856733257236.0,0.0,419705072231.0,-82291916805.0,13954019633882.0,-35627707242.0,13918391926640.0,-8520365614981.0,5398026311659.0,-158240818929.0,-13760236004.0,-2942150310906.0,-388784710409.0,2314795307642.0,41111331702.0,0.0,-43860213391.0,-2748881689.0,2312046425953.0,-377888254570.0,-27931772305.0,1906226399078.0,49493141842.0,1856733257236.0,VNM,income_statement,,,,,,,,,,,,,,,,,,
VNM,2022,4,0.0,15080733191774.0,1869125571613.0,0.0,379190751224.0,-53226546796.0,15080733191774.0,-12078534321.0,15068654657453.0,-9223066245408.0,5845588412045.0,-207242758610.0,-4556583050.0,-3335004548411.0,-448926418471.0,2229048854727.0,148365579501.0,0.0,-82172192394.0,66193387107.0,2295242241834.0,-469246818237.0,43126134573.0,1869121558170.0,-4013443.0,1869125571613.0,VNM,income_statement,,,,,,,,,,,,,,,,,,
VNM,2022,3,0.0,16094113384043.0,2298398907051.0,0.0,338615402043.0,-49942302240.0,16094113384043.0,-14621959913.0,16079491424130.0,-9729311781833.0,6350179642297.0,-142793205373.0,4691288456.0,-3260867271142.0,-400896379672.0,2888929476609.0,41224997384.0,0.0,-70271306667.0,-29046309283.0,2859883167326.0,-534337235466.0,-2673735355.0,2322872196505.0,24473289454.0,2298398907051.0,VNM,income_statement,,,,,,,,,,,,,,,,,,
VNM,2022,2,0.0,14959410994547.0,2082981126147.0,0.0,341814888660.0,-36701642341.0,14959410994547.0,-29135701910.0,14930275292637.0,-8853615491038.0,6076659801599.0,-135024600156.0,10625616792.0,-3316046469903.0,-377093511787.0,2600935725205.0,50244850545.0,0.0,-75122932001.0,-24878081456.0,2576057643749.0,-490431693598.0,16640960424.0,2102266910575.0,19285784428.0,2082981126147.0,VNM,income_statement,,,,,,,,,,,,,,,,,,
VNM,2022,1,0.0,13940472652935.0,2265518089530.0,0.0,320283365813.0,-26168600367.0,13940472652935.0,-62646829737.0,13877825823198.0,-8253022172432.0,5624803650766.0,-132476618856.0,-35236298601.0,-2636293957415.0,-368929371148.0,2772150770559.0,49186371697.0,0.0,-56985518420.0,-7799146723.0,2764351623836.0,-462232548984.0,-18804420394.0,2283314654458.0,17796564928.0,2265518089530.0,VNM,income_statement,,,,,,,,,,,,,,,,,,
VNM,2021,4,0.0,15834302208084.0,2196004480636.0,0.0,322834761317.0,-23446278323.0,15834302208084.0,-15265654814.0,15819036553270.0,-9093719773053.0,6725316780217.0,-90231210378.0,-31165337137.0,-3871026713824.0,-416643351347.0,2639084928848.0,122743257794.0,0.0,-73791162679.0,48952095115.0,2688037023963.0,-504424655028.0,28994247115.0,2212606616050.0,16602135414.0,2196004480636.0,VNM,income_statement,,,,,,,,,,,,,,,,,,
VNM,2021,3,0.0,16208270405981.0,2925766998017.0,0.0,314242042431.0,-24374567105.0,16208270405981.0,-14218402422.0,16194052003559.0,-9250304913128.0,6943747090431.0,-63549064354.0,14548700320.0,-3307900301066.0,-394043756702.0,3507044711060.0,142312452646.0,0.0,-62753873794.0,79558578852.0,3586603289912.0,-623139563848.0,-2737563151.0,2960726162913.0,34959164896.0,2925766998017.0,VNM,income_statement,,,,,,,,,,,,,,,,,,
VNM,2021,2,0.0,15728786449961.0,2834789042592.0,0.0,292767071141.0,-28072255034.0,15728786449961.0,-12980283496.0,15715806166465.0,-8861448981220.0,6854357185245.0,-42133666112.0,-19582360879.0,-3185812099703.0,-389330729464.0,3510265400228.0,37278305250.0,0.0,-53858755239.0,-16580449989.0,3493684950239.0,-633974149435.0,2558664410.0,2862269465214.0,27480422622.0,2834789042592.0,VNM,income_statement,,,,,,,,,,,,,,,,,,
VNM,2021,1,0.0,13240715083738.0,2575916578653.0,0.0,284839944505.0,-12905990201.0,13240715083738.0,-50444960886.0,13190270122852.0,-7435389686438.0,5754880436414.0,-6424291388.0,-8845432193.0,-2585931287811.0,-367294589472.0,3071224780055.0,120489176600.0,0.0,-37803733850.0,82685442750.0,3153910222805.0,-559443305864.0,2466811360.0,2596933728301.0,21017149648.0,2575916578653.0,VNM,income_statement,,,,,,,,,,,,,,,,,,
VNM,2020,4,0.0,14429900514941.0,2185170012447.0,0.0,602270330836.0,-25857854618.0,14429900514941.0,-5105999997.0,14424794514944.0,-7766620813396.0,6658173701548.0,-64996123618.0,15046249059.0,-3775540419620.0,-735964299474.0,2698989438731.0,50587881068.0,0.0,-77700603192.0,-27112722124.0,2671876716607.0,-464261259130.0,28568727010.0,2236184184487.0,51014172040.0,2185170012447.0,VNM,income_statement,,,,,,,,,,,,,,,,,,
VNM,2020,3,0.0,15577229685157.0,3077140792284.0,0.0,358591147428.0,-38257217439.0,15577229685157.0,-14071686928.0,15563157998229.0,-8296414517093.0,7266743481136.0,-120470092893.0,-5701551848.0,-3284487795534.0,-458795669277.0,3755879519012.0,84975939469.0,0.0,-63835668510.0,21140270959.0,3777019789971.0,-645013546575.0,6169419341.0,3138175662737.0,61034870453.0,3077140792284.0,VNM,income_statement,,,,,,,,,,,,,,,,,,
VNM,2020,2,0.0,15509586167075.0,3071714073426.0,0.0,335351494778.0,-37641854799.0,15509586167075.0,-14352408276.0,15495233758799.0,-8357339161700.0,7137894597099.0,-674383923.0,6327202372.0,-3383322662142.0,-374051101779.0,3721525146405.0,40150489277.0,0.0,-50295058214.0,-10144568937.0,3711380577468.0,-637060519942.0,10245770048.0,3084565827574.0,12851754148.0,3071714073426.0,VNM,income_statement,,,,,,,,,,,,,,,,,,
VNM,2020,1,0.0,14206192026063.0,2764911978211.0,0.0,284879682275.0,-42061538321.0,14206192026063.0,-53092072488.0,14153099953575.0,-7547288345650.0,6605811607925.0,-122428728401.0,-11789710907.0,-3004141744869.0,-389344385755.0,3362986720268.0,36671885321.0,0.0,-41399602611.0,-4727717290.0,3358259002978.0,-564338684243.0,-17113759408.0,2776806559327.0,11894581116.0,2764911978211.0,VNM,income_statement,,,,,,,,,,,,,,,,,,
VNM,2019,4,0.0,14255700394638.0,2201515747637.0,0.0,233576605377.0,-35838396433.0,14255700394638.0,-16738916476.0,14238961478162.0,-7558658856714.0,6680302621448.0,-71153524397.0,14196707957.0,-3701158127544.0,-481812187559.0,2673952095282.0,65427025170.0,0.0,-90040261969.0,-24613236799.0,2649338858483.0,-485348598058.0,12445300287.0,2176435560712.0,-25080186925.0,2201515747637.0,VNM,income_statement,,,,,,,,,,,,,,,,,,
VNM,2019,3,0.0,14304042994942.0,2690192377294.0,0.0,206732692690.0,-27795829812.0,14304042994942.0,-13142547924.0,14290900447018.0,-7567934476550.0,6722965970468.0,-44895193422.0,-9779647914.0,-3291660881785.0,-318235893109.0,3265127046928.0,74087108721.0,0.0,-85458005938.0,-11370897217.0,3253756149711.0,-579559045028.0,2539547647.0,2676736652330.0,-13455724964.0,2690192377294.0,VNM,income_statement,,,,,,,,,,,,,,,,,,
VNM,2019,2,0.0,14610401622240.0,2898738430907.0,0.0,190720049829.0,-25355145802.0,14610401622240.0,-11441072483.0,14598960549757.0,-7585015000599.0,7013945549158.0,-42152766378.0,2474048770.0,-3330199098788.0,-318012114359.0,3516775668232.0,66987285143.0,0.0,-33931187119.0,33056098024.0,3549831766256.0,-650596496904.0,4543499607.0,2903778768959.0,5040338052.0,2898738430907.0,VNM,income_statement,,,,,,,,,,,,,,,,,,
VNM,2019,1,0.0,13230084714897.0,2790729116151.0,0.0,176287359587.0,-19835521940.0,13230084714897.0,-40784427090.0,13189300287807.0,-7034297778254.0,6155002509553.0,-28768197631.0,-12607699916.0,-2670436444735.0,-278242221928.0,3341235304930.0,42944840145.0,0.0,-41397280968.0,1547559177.0,3342782864107.0,-522861656123.0,-22540309094.0,2797380898890.0,6651782739.0,2790729116151.0,VNM,income_statement,,,,,,,,,,,,,,,,,,
VNM,2018,4,0.0,13015322214890.0,2299484602646.0,0.0,179352995411.0,-13558039918.0,13015322214890.0,-11615162320.0,13003707052570.0,-6841121640431.0,6162585412139.0,-25209490540.0,11519567572.0,-3360732757821.0,-330480105254.0,2637035621507.0,102759176301.0,0.0,-59295172797.0,43464003504.0,2680499625011.0,-429640603111.0,33418089628.0,2284277111528.0,-15207491118.0,2299484602646.0,VNM,income_statement,,,,,,,,,,,,,,,,,,
VNM,2018,3,0.0,13743498637314.0,2560125311355.0,0.0,185624961638.0,-11981786169.0,13743498637314.0,-8238352165.0,13735260285149.0,-7241743387120.0,6493516898029.0,-30214111816.0,2434256608.0,-3410558802715.0,-286976405586.0,2953826796158.0,140125403777.0,0.0,-59984156079.0,80141247698.0,3033968043856.0,-459229929862.0,-14269248815.0,2560468865179.0,343553824.0,2560125311355.0,VNM,income_statement,,,,,,,,,,,,,,,,,,
VNM,2018,2,0.0,13738445876697.0,2666357498655.0,0.0,204682217710.0,-17272008785.0,13738445876697.0,-35965264736.0,13702480611961.0,-7233869770150.0,6468610841811.0,-43269224405.0,-5581957834.0,-3176108660455.0,-275630198859.0,3172703017968.0,61246215455.0,0.0,-73183528240.0,-11937312785.0,3160765705183.0,-481277512341.0,-1649660072.0,2677838532770.0,11481034115.0,2666357498655.0,VNM,income_statement,,,,,,,,,,,,,,,,,,
VNM,2018,1,0.0,12131963698383.0,2701313738808.0,0.0,190257216242.0,-8555583980.0,12131963698383.0,-11461677471.0,12120502020912.0,-6633808703800.0,5486693317112.0,-19314174913.0,14061854211.0,-2318536685442.0,-240213522091.0,3112948005119.0,146116534447.0,0.0,-82601647493.0,63514886954.0,3176462892073.0,-504757180169.0,11339489858.0,2683045201762.0,-18268537046.0,2701313738808.0,VNM,income_statement,,,,,,,,,,,,,,,,,,
VNM,2017,4,0.0,12365038508333.0,1744612719962.0,0.0,198187222069.0,-5015216618.0,12365038508333.0,-14670351193.0,12350368157140.0,-6746495866265.0,5603872290875.0,-12485879856.0,23150316782.0,-3200002985773.0,-528231353057.0,2084489611040.0,60761998456.0,0.0,-59430569541.0,1331428915.0,2085821039955.0,-352559669748.0,-3947883514.0,1729313486693.0,-15299233269.0,1744612719962.0,VNM,income_statement,,,,,,,,,,,,,,,,,,
VNM,2017,3,0.0,13308557627263.0,2693903760050.0,0.0,213488861058.0,-7006245652.0,13308557627263.0,-15479806923.0,13293077820340.0,-7022778495998.0,6270299324342.0,-17833795652.0,8393748492.0,-2980515590409.0,-265435950848.0,3228396596983.0,65331706324.0,0.0,-70713968872.0,-5382262548.0,3223014334435.0,-528097208664.0,2150517050.0,2697067642821.0,3163882771.0,2693903760050.0,VNM,income_statement,,,,,,,,,,,,,,,,,,
VNM,2017,2,0.0,13386878196373.0,2922080403930.0,0.0,204884142516.0,-4023632084.0,13386878196373.0,-38616981182.0,13348261215191.0,-6807419327845.0,6540841887346.0,-29056344259.0,18980009176.0,-3052625245294.0,-239797745989.0,3443226703496.0,56563334106.0,0.0,-55767691611.0,795642495.0,3444022345991.0,-558115578219.0,30881221922.0,2916787989694.0,-5292414236.0,2922080403930.0,VNM,income_statement,,,,,,,,,,,,,,,,,,
VNM,2017,1,0.0,12074425433110.0,2935068264904.0,0.0,199756552892.0,-13393474209.0,12074425433110.0,-25056740672.0,12049368692438.0,-6230237376368.0,5819131316070.0,-27661528509.0,16609907192.0,-2303389750323.0,-234141221196.0,3470305276126.0,30423547544.0,0.0,-24641159915.0,5782387629.0,3476087663755.0,-528294248598.0,-12787981199.0,2935005433958.0,-62830946.0,2935068264904.0,VNM,income_statement,,,,,,,,,,,,,,,,,,
VNM,2016,4,0.0,11838267527921.0,1828963840162.0,0.0,194133215944.0,-19574144919.0,11838267527921.0,-30656778415.0,11807610749506.0,-6327315699575.0,5480295049931.0,-33702023732.0,-6270069878.0,-3192490113496.0,-296402762521.0,2145563296248.0,94658510605.0,0.0,-36051875486.0,58606635119.0,2204169931367.0,-377978824943.0,2096140601.0,1828287247025.0,-676593137.0,1828963840162.0,VNM,income_statement,,,,,,,,,,,,,,,,,,
VNM,2016,3,0.0,12265677025262.0,2548780232660.0,0.0,169271935716.0,-9907013298.0,12265677025262.0,-60987314032.0,12204689711230.0,-7119260938520.0,5085428772710.0,-19549972161.0,-6603893345.0,-1903770503253.0,-276732260276.0,3048044079391.0,27844184416.0,0.0,-31014955634.0,-3170771218.0,3044873308173.0,-498604148841.0,3145819201.0,2549414978533.0,634745873.0,2548780232660.0,VNM,income_statement,,,,,,,,,,,,,,,,,,
VNM,2016,2,0.0,12491188129344.0,2815396006252.0,0.0,190482840251.0,-8704401479.0,12491188129344.0,-42058069422.0,12449130059922.0,-7076434228481.0,5372695831441.0,-16279255702.0,17374265382.0,-1939456049038.0,-251558412379.0,3373259219955.0,15745070352.0,0.0,-26933923148.0,-11188852796.0,3362070367159.0,-542788710352.0,5061878547.0,2824343535354.0,8947529102.0,2815396006252.0,VNM,income_statement,,,,,,,,,,,,,,,,,,
VNM,2016,1,0.0,10369870419298.0,2157189051310.0,0.0,168672783352.0,-8313790353.0,10369870419298.0,-36961539682.0,10332908879616.0,-5306197718187.0,5026711161429.0,-32919061976.0,11978412638.0,-2352461137700.0,-228558093802.0,2593424063941.0,44073835871.0,0.0,-10984935615.0,33088900256.0,2626512964197.0,-463895734708.0,-833212911.0,2161784016578.0,4594965268.0,2157189051310.0,VNM,income_statement,,,,,,,,,,,,,,,,,,
VNM,2015,4,0.0,11137559011052.0,1896074486906.0,0.0,155171921437.0,-8538729589.0,11137559011052.0,-38996898159.0,11098562112893.0,-6682174666160.0,4416387446733.0,-25345170807.0,-8199676462.0,-1753941065481.0,-555475193234.0,2228598262186.0,57090667643.0,0.0,123742634.0,57214410277.0,2285812672463.0,-205263128400.0,-179973335784.0,1900576208279.0,4501721373.0,1896074486906.0,VNM,income_statement,,,,,,,,,,,,,,,,,,
VNM,2015,3,0.0,10577328695731.0,2135307519344.0,1.0,176056927471.0,-7823572163.0,10577328695731.0,-28002264153.0,10549326431578.0,-6199266897541.0,4350059534037.0,-87075139074.0,2309601970.0,-1665909228418.0,-220531048232.0,2554910647754.0,19904206682.0,0.0,-21036836062.0,-1132629380.0,2553778018374.0,-393536628552.0,-37674897385.0,2122566492437.0,-12741026907.0,2135307519344.0,VNM,income_statement,,,,,,,,,,,,,,,,,,
VNM,2015,2,0.0,10520023895689.0,2185170750754.0,0.0,173798877003.0,-6783629838.0,10520023895689.0,-19913258409.0,10500110637280.0,-6113114652804.0,4386995984476.0,-22021396187.0,24361937174.0,-1687220323247.0,-254796162804.0,2621118916415.0,18676238132.0,0.0,-17310439591.0,1365798541.0,2622484714956.0,-517885257551.0,81622565231.0,2186222022636.0,1051271882.0,2185170750754.0,VNM,income_statement,,,,,,,,,,,,,,,,,,
VNM,2015,1,0.0,8771338508049.0,1556856874239.0,0.0,143954016127.0,-8131520374.0,8771338508049.0,-55302594481.0,8716035913568.0,-5607063936578.0,3108971976990.0,-28398401871.0,0.0,-1150436002987.0,-201920173771.0,1872171414488.0,70601127882.0,-5572888422.0,-32134003356.0,38467124526.0,1905065650592.0,-355290309090.0,10412686843.0,1560188028345.0,3331154106.0,1556856874239.0,VNM,income_statement,,,,,,,,,,,,,,,,,,
VNM,2014,4,0.0,9493406227102.0,1729732339884.0,0.0,132495147774.0,-9075994158.0,9493406227102.0,-158409123814.0,9334997103288.0,-5784904022632.0,3550093080656.0,-8571208310.0,0.0,-1436751699576.0,-218823368088.0,2018441952456.0,193261747775.0,15412697290.0,-50195086093.0,143066661682.0,2176921311428.0,-431496798279.0,-15456443517.0,1729968069632.0,235729748.0,1729732339884.0,VNM,income_statement,,,,,,,,,,,,,,,,,,
VNM,2014,3,0.0,8926519844239.0,1376257970174.0,0.0,180877176182.0,-7423763901.0,8926519844239.0,-195077103309.0,8731442740930.0,-5702842521890.0,3028600219040.0,-34205341281.0,0.0,-1279872681010.0,-202711610267.0,1692687762664.0,52818800355.0,13249867902.0,-35634638047.0,17184162308.0,1723121792874.0,-362550763446.0,6846444831.0,1367417474259.0,-8840495915.0,1376257970174.0,VNM,income_statement,,,,,,,,,,,,,,,,,,
VNM,2014,2,0.0,9439872135375.0,1575435749520.0,0.0,132596919103.0,-12410656942.0,9439872135375.0,-207529993653.0,9232342141722.0,-6067063430918.0,3165278710804.0,-30036221972.0,0.0,-1158497483244.0,-203140968830.0,1906200955861.0,75057403348.0,20342364897.0,-31630383828.0,43427019520.0,1969970340278.0,-439313895004.0,45913409285.0,1576569854559.0,1134105039.0,1575435749520.0,VNM,income_statement,,,,,,,,,,,,,,,,,,
VNM,2014,1,0.0,7843977969639.0,1387381637264.0,0.0,127600310103.0,-10671322757.0,7843977969639.0,-165831622403.0,7678146347236.0,-5113641159048.0,2564505188188.0,-8884980856.0,0.0,-821020850885.0,-170689119204.0,1691510547346.0,46322072379.0,10882447209.0,-5359650595.0,40962421784.0,1743355416339.0,-347296983650.0,-1810864830.0,1394247567859.0,6865930595.0,1387381637264.0,VNM,income_statement,,,,,,,,,,,,,,,,,,
VNM,2013,4,0.0,8343607997241.0,1470050013140.0,0.0,134326285576.0,0.0,8343607997241.0,-169575276621.0,8174032720620.0,-5504672588238.0,2669360132382.0,-17340149689.0,0.0,-952807971463.0,-162680494685.0,1670857802121.0,182301804312.0,14865559708.0,-28449549756.0,153852254556.0,1839575616385.0,-336326843783.0,-33225106669.0,1470023665933.0,-26347207.0,1470050013140.0,VNM,income_statement,,,,,,,,,,,,,,,,,,
VNM,2013,3,0.0,8190579893928.0,1690469004691.0,0.0,133834846599.0,0.0,8190579893928.0,-162862218618.0,8027717675310.0,-5092778691607.0,2934938983703.0,-29727666522.0,0.0,-876130733210.0,-151060682556.0,2011854748014.0,35791315029.0,16808081518.0,-8246165270.0,27545149759.0,2056207979291.0,-381471706850.0,15732732250.0,1690469004691.0,0.0,1690469004691.0,VNM,income_statement,,,,,,,,,,,,,,,,,,
VNM,2013,2,0.0,8234419301214.0,1842776407795.0,0.0,129367036632.0,0.0,8234419301214.0,-163966629910.0,8070452671304.0,-4948104950134.0,3122347721170.0,-22644656797.0,0.0,-879032986417.0,-159278435934.0,2190758678654.0,60324998160.0,6323125420.0,-10856251678.0,49468746482.0,2246550550556.0,-440979068238.0,37204925477.0,1842776407795.0,0.0,1842776407795.0,VNM,income_statement,,,,,,,,,,,,,,,,,,
VNM,2013,1,0.0,6817399941239.0,1530838237208.0,0.0,109819540709.0,0.0,6817399941239.0,-141000881167.0,6676399060072.0,-4220237450495.0,2456161609577.0,-21078344482.0,0.0,-568459937576.0,-138235893075.0,1838206975153.0,35039781518.0,5943849146.0,-11267895330.0,23771886188.0,1867922710487.0,-324670597789.0,-12413875490.0,1530838237208.0,0.0,1530838237208.0,VNM,income_statement,,,,,,,,,,,,,,,,,,
MWG,2025,4,0.0,43097378598913.0,2071646268173.0,1.0,836153921612.0,-384665886359.0,43097378598913.0,-246985876032.0,42850392722881.0,-34804147834619.0,8046244888262.0,-390297766478.0,5922972758.0,-4942111524432.0,-1060394369967.0,2495518121755.0,32588128920.0,,-26921362255.0,5666766665.0,2501184888420.0,-476897215275.0,62204442112.0,2086492115257.0,14845847084.0,2071646268173.0,MWG,income_statement,,,,,,,,,,,,,,,,,,
MWG,2025,3,0.0,40091343632319.0,1770898917304.0,1.0,809068897431.0,-388038374707.0,40091343632319.0,-238836479673.0,39852507152646.0,-32374320274746.0,7478186877900.0,-410743275636.0,4176701355.0,-4570833491508.0,-1119414262509.0,2190441447033.0,6915715579.0,,-25005996533.0,-18090280954.0,2172351166079.0,-477289656191.0,88604124097.0,1783665633985.0,12766716681.0,1770898917304.0,MWG,income_statement,,,,,,,,,,,,,,,,,,
MWG,2025,2,0.0,37844160678840.0,1648146246704.0,0.0,768832246965.0,-375178482038.0,37844160678840.0,-224192018870.0,37619968659970.0,-30051267999814.0,7568700660156.0,-402454468644.0,11121630774.0,-4703283205201.0,-1201666094080.0,2041250769970.0,1186376818.0,,-14232391412.0,-13046014594.0,2028204755376.0,-370110858352.0,-564776114.0,1657529120910.0,9382874206.0,1648146246704.0,MWG,income_statement,,,,,,,,,,,,,,,,,,
MWG,2025,1,0.0,36332913479242.0,1545937090941.0,1.0,693293667931.0,-322792850500.0,36332913479242.0,-197955061033.0,36134958418209.0,-28934547803004.0,7200410615205.0,-339023162705.0,3129774300.0,-4403006343750.0,-1214599786616.0,1940204764365.0,12087549570.0,,-17630926715.0,-5543377145.0,1934661387220.0,-397722415583.0,10894797039.0,1547833768676.0,1896677735.0,1545937090941.0,MWG,income_statement,,,,,,,,,,,,,,,,,,
MWG,2024,4,0.0,34793923302149.0,847004382205.0,8.0,635695584388.0,-323470486929.0,34793923302149.0,-220002524817.0,34573920777332.0,-27986951875213.0,6586968902119.0,-189071963171.0,2422520118.0,-5123108197082.0,-916356723640.0,996550122732.0,8777694085.0,,30143437181.0,38921131266.0,1035471253998.0,-356954512092.0,173627384384.0,852144126290.0,5139744085.0,847004382205.0,MWG,income_statement,,,,,,,,,,,,,,,,,,
MWG,2024,3,0.0,34361569620937.0,800149979434.0,20.0,575388786548.0,-303696061820.0,34361569620937.0,-214900932986.0,34146668687951.0,-27254757625648.0,6891911062303.0,-330440626256.0,147877008.0,-4848950073481.0,-967618855194.0,1320438170928.0,6069253262.0,,-258462023583.0,-252392770321.0,1068045400607.0,-273572425416.0,11313526349.0,805786501540.0,5636522106.0,800149979434.0,MWG,income_statement,,,,,,,,,,,,,,,,,,
MWG,2024,2,0.0,34384590572937.0,1172276912467.0,66.0,580108784951.0,-243089634104.0,34384590572937.0,-250519038985.0,34134071533952.0,-26826357532252.0,7307714001700.0,-293717254558.0,-26681279547.0,-5056436083812.0,-813335766167.0,1697652402567.0,-13729722842.0,,-167879586433.0,-181609309275.0,1516043093292.0,-340747935233.0,-2911129611.0,1172384028448.0,107115981.0,1172276912467.0,MWG,income_statement,,,,,,,,,,,,,,,,,,
MWG,2024,1,0.0,31685017802969.0,902437167555.0,41.0,585309449376.0,-266979946895.0,31685017802969.0,-198525953402.0,31486491849567.0,-24773875738668.0,6712616110899.0,-375235765525.0,-20485572478.0,-4821343255507.0,-868456238101.0,1212404728664.0,24626671159.0,,-30828134642.0,-6201463483.0,1206203265181.0,-311262244178.0,8032551439.0,902973572442.0,536404887.0,902437167555.0,MWG,income_statement,,,,,,,,,,,,,,,,,,
MWG,2023,4,0.0,31653210181975.0,90257557591.0,-1.0,603394491753.0,-329035164103.0,31653210181975.0,-231721479826.0,31421488702149.0,-25235028171607.0,6186460530542.0,-418580725428.0,0.0,-5607079567766.0,-300975912573.0,463218816528.0,6948746152.0,,-251242339368.0,-244293593216.0,218925223312.0,-66282219888.0,-62324975429.0,90318027995.0,60470404.0,90257557591.0,MWG,income_statement,,,,,,,,,,,,,,,,,,
MWG,2023,3,0.0,30520841321411.0,38739225905.0,-1.0,619115610735.0,-438383487662.0,30520841321411.0,-233184034458.0,30287657286953.0,-24609172513201.0,5678484773752.0,-444911058770.0,0.0,-5314324273437.0,-341530615165.0,196834437115.0,10998898676.0,,-25817248670.0,-14818349994.0,182016087121.0,-127016638271.0,-16183585731.0,38815863119.0,76637214.0,38739225905.0,MWG,income_statement,,,,,,,,,,,,,,,,,,
MWG,2023,2,0.0,29725046708024.0,17405665662.0,-1.0,585368718654.0,-384520976326.0,29725046708024.0,-260216264133.0,29464830443891.0,-24023662436242.0,5441168007649.0,-396875094839.0,0.0,-5211133500533.0,-229156805109.0,189371325822.0,5463565025.0,,-65050415045.0,-59586850020.0,129784475802.0,-99502489884.0,-12868036535.0,17413949383.0,8283721.0,17405665662.0,MWG,income_statement,,,,,,,,,,,,,,,,,,
MWG,2023,1,0.0,27335086613676.0,21266943546.0,-1.0,359084893949.0,-295778726706.0,27335086613676.0,-229274591227.0,27105812022449.0,-21891312170662.0,5214499851787.0,-295779227945.0,0.0,-4784685911213.0,-324692291418.0,168427315160.0,13472209198.0,,-22932942697.0,-9460733499.0,158966581661.0,-140455828472.0,2770561253.0,21281314442.0,14370896.0,21266943546.0,MWG,income_statement,,,,,,,,,,,,,,,,,,
MWG,2022,4,0.0,30877778203705.0,619040753469.0,-1.0,311780141173.0,-361070284056.0,30877778203705.0,-289397051231.0,30588381152474.0,-22658872494961.0,7929508657513.0,-381546829485.0,0.0,-6603486449711.0,-292045055541.0,964210463949.0,8964564942.0,,-39796754770.0,-30832189828.0,933378274121.0,-196556329590.0,-117799841398.0,619022103133.0,-18650336.0,619040753469.0,MWG,income_statement,,,,,,,,,,,,,,,,,,
MWG,2022,3,0.0,32322456456197.0,906245995691.0,0.0,348740404454.0,-434637150382.0,32322456456197.0,-310476608570.0,32011979847627.0,-24619955468038.0,7392024379589.0,-434637150382.0,0.0,-5342606252861.0,-316220813071.0,1647300567729.0,16988306067.0,,-246448727987.0,-229460421920.0,1417840145809.0,-496121675738.0,-14939300698.0,906779169373.0,533173682.0,906245995691.0,MWG,income_statement,,,,,,,,,,,,,,,,,,
MWG,2022,2,0.0,34702840342036.0,1130010994744.0,0.0,297757553066.0,-365962737941.0,34702840342036.0,-365100370263.0,34337739971773.0,-27001321732513.0,7336418239260.0,-360157346540.0,0.0,-4807875682062.0,-500331314841.0,1965811448883.0,19248084910.0,,-282916209640.0,-263668124730.0,1702143324153.0,-546716320960.0,-24758223926.0,1130668779267.0,657784523.0,1130010994744.0,MWG,income_statement,,,,,,,,,,,,,,,,,,
MWG,2022,1,0.0,36819173885619.0,1444465283401.0,0.0,354859205630.0,-200473736724.0,36819173885619.0,-352497266969.0,36466676618650.0,-28342412527151.0,8124264091499.0,-206279128125.0,0.0,-5036030591147.0,-1239442359834.0,1997371218023.0,16405756757.0,,-10783345305.0,5622411452.0,2002993629475.0,-553604483814.0,-4144772495.0,1445244373166.0,779089765.0,1444465283401.0,MWG,income_statement,,,,,,,,,,,,,,,,,,
MWG,2021,4,0.0,36497281090978.0,1562485583796.0,1.0,384466254503.0,-187425447131.0,36497281090978.0,-358951181475.0,36138329909503.0,-28763440176908.0,7374889732595.0,-225421690718.0,11771267592.0,-4853008363114.0,-665959677027.0,2026737523831.0,32650468169.0,,-9474862319.0,23175605850.0,2049913129681.0,-520012449565.0,33412449119.0,1563313129235.0,827545439.0,1562485583796.0,MWG,income_statement,,,,,,,,,,,,,,,,,,
MWG,2021,3,0.0,24504825927283.0,785385401306.0,0.0,288605719929.0,-163932694294.0,24504825927283.0,-171612401590.0,24333213525693.0,-18244500199927.0,6088713325766.0,-164678840728.0,-1238253516.0,-4270432006893.0,-975182680390.0,965787264168.0,20139201987.0,,-17795305402.0,2343896585.0,968131160753.0,-228919266264.0,46590264394.0,785802158883.0,416757577.0,785385401306.0,MWG,income_statement,,,,,,,,,,,,,,,,,,
MWG,2021,2,0.0,31982973207655.0,1213029685285.0,0.0,304726396651.0,-169881589077.0,31982973207655.0,-324554354550.0,31658418853105.0,-24514835467434.0,7143583385671.0,-170842215768.0,-3413282846.0,-4545602295035.0,-1100251515639.0,1628200473034.0,3975693399.0,,-6205640465.0,-2229947066.0,1625970525968.0,-418683245504.0,6391121954.0,1213678402418.0,648717133.0,1213029685285.0,MWG,income_statement,,,,,,,,,,,,,,,,,,
MWG,2021,1,0.0,31156445464032.0,1337968607833.0,0.0,288290505677.0,-152706974017.0,31156445464032.0,-328301649159.0,30828143814873.0,-23803198263371.0,7024945551502.0,-152802395191.0,-2960562091.0,-4245130637303.0,-1088365871334.0,1823976591260.0,19012499941.0,,-15420157060.0,3592342881.0,1827568934141.0,-469249631981.0,-19686318806.0,1338632983354.0,664375521.0,1337968607833.0,MWG,income_statement,,,,,,,,,,,,,,,,,,
MWG,2020,4,0.0,27512501260337.0,941797225373.0,0.0,243144091635.0,-143611809252.0,27512501260337.0,-318807912778.0,27193693347559.0,-20919028286020.0,6274665061539.0,-146675802931.0,86755229.0,-4259169057232.0,-783692075325.0,1328358972915.0,17249006154.0,,-11876208845.0,5372797309.0,1333731770224.0,-455942346374.0,64507626277.0,942297050127.0,499824754.0,941797225373.0,MWG,income_statement,,,,,,,,,,,,,,,,,,
MWG,2020,3,0.0,26021650222198.0,950539857407.0,0.0,256718662733.0,-132177340658.0,26021650222198.0,-308096336624.0,25713553885574.0,-19963833875800.0,5749720009774.0,-132146267492.0,-1229081747.0,-3753486734557.0,-840336742769.0,1279239845942.0,8623043630.0,,-9582960104.0,-959916474.0,1278279929468.0,-351255145052.0,24007652958.0,951032437374.0,492579967.0,950539857407.0,MWG,income_statement,,,,,,,,,,,,,,,,,,
MWG,2020,2,0.0,26593356800952.0,893911685549.0,0.0,169372877774.0,-136986550722.0,26593356800952.0,-307797788189.0,26285559012763.0,-20515417227877.0,5770141784886.0,-137081235663.0,-1160758009.0,-3538368435696.0,-1000645132631.0,1262259100661.0,8818668922.0,,-17415407624.0,-8596738702.0,1253662361959.0,-367654198546.0,8415382828.0,894423546241.0,511860692.0,893911685549.0,MWG,income_statement,,,,,,,,,,,,,,,,,,
MWG,2020,1,0.0,29673745407169.0,1131519014830.0,0.0,124886150525.0,-178228120389.0,29673745407169.0,-320531987653.0,29353213419516.0,-23193243003252.0,6159970416264.0,-178248207665.0,-1403854944.0,-3782774603302.0,-779757887442.0,1542672013436.0,8821976765.0,,-7432644499.0,1389332266.0,1544061345702.0,-423562131247.0,11620461310.0,1132119675765.0,600660935.0,1131519014830.0,MWG,income_statement,,,,,,,,,,,,,,,,,,
MWG,2019,4,0.0,25715675898405.0,859569325382.0,0.0,181644877411.0,-156338194060.0,25715675898405.0,-304686506894.0,25410989391511.0,-20045942182105.0,5365047209406.0,-156475108555.0,-1911693158.0,-3694582632786.0,-519659543977.0,1174063108341.0,13230090677.0,,-7723742267.0,5506348410.0,1179569456751.0,-342488217572.0,22940541242.0,860021780421.0,452455039.0,859569325382.0,MWG,income_statement,,,,,,,,,,,,,,,,,,
MWG,2019,3,0.0,25485647042510.0,855080927073.0,0.0,178021267344.0,-144687353950.0,25485647042510.0,-343561102170.0,25142085940340.0,-20201528951239.0,4940556989101.0,-146141603987.0,-1068783689.0,-3284926182944.0,-550013718611.0,1136427967214.0,7733815701.0,,-7059467030.0,674348671.0,1137102315885.0,-295669869167.0,14099895007.0,855532341725.0,451414652.0,855080927073.0,MWG,income_statement,,,,,,,,,,,,,,,,,,
MWG,2019,2,0.0,26974108534093.0,1079178522876.0,0.0,161373403339.0,-133756189910.0,26974108534093.0,-370349559186.0,26603758974907.0,-21855341767100.0,4748417207807.0,-133783120237.0,-457358418.0,-2991594813512.0,-391155206736.0,1392800112243.0,7754060839.0,,-4936895311.0,2817165528.0,1395617277771.0,-314079591514.0,-1972141457.0,1079565544800.0,387021924.0,1079178522876.0,MWG,income_statement,,,,,,,,,,,,,,,,,,
MWG,2019,1,0.0,25309615197439.0,1040440771716.0,0.0,110138306257.0,-133354979214.0,25309615197439.0,-292205527474.0,25017409669965.0,-20583631772568.0,4433777897397.0,-133355012065.0,-35448106.0,-2466179088970.0,-612954410734.0,1331392243779.0,12839074324.0,,-3073163814.0,9765910510.0,1341158154289.0,-296115403581.0,-3922330627.0,1041120420081.0,679648365.0,1040440771716.0,MWG,income_statement,,,,,,,,,,,,,,,,,,
MWG,2018,4,0.0,21325491158215.0,692026128797.0,0.0,107457997390.0,-110783202536.0,21325491158215.0,-287240424065.0,21038250734150.0,-17285079141932.0,3753171592218.0,-110938695420.0,1177744744.0,-2449962176671.0,-384883295221.0,916023167040.0,9910301754.0,,-6995380779.0,2914920975.0,918938088015.0,-231697075032.0,5863083911.0,693104096894.0,1077968097.0,692026128797.0,MWG,income_statement,,,,,,,,,,,,,,,,,,
MWG,2018,3,0.0,21211714779754.0,647365345687.0,0.0,86456996199.0,-107492002949.0,21211714779754.0,-304132083712.0,20907582696042.0,-17205031495334.0,3702551200708.0,-104974336364.0,-2544230352.0,-2436749840647.0,-390396333632.0,854343455912.0,8770935444.0,,-6961910098.0,1809025346.0,856152481258.0,-214306341037.0,5788810608.0,647634950829.0,269605142.0,647365345687.0,MWG,income_statement,,,,,,,,,,,,,,,,,,
MWG,2018,2,0.0,22127707569982.0,731968384767.0,0.0,71909377837.0,-105346054241.0,22127707569982.0,-320773748245.0,21806933821737.0,-17945292260387.0,3861641561350.0,-105700047545.0,-734501277.0,-2464220418793.0,-397865044350.0,965030927222.0,6487958421.0,,-3275913625.0,3212044796.0,968242972018.0,-246529243628.0,10392602625.0,732106331015.0,137946248.0,731968384767.0,MWG,income_statement,,,,,,,,,,,,,,,,,,
MWG,2018,1,0.0,23073465470685.0,807364271657.0,0.0,76259503803.0,-112795317948.0,23073465470685.0,-309945720115.0,22763519750570.0,-18788756341782.0,3974763408788.0,-114960070907.0,0.0,-2308808752645.0,-588469226877.0,1038784862162.0,8064141763.0,,-3863976297.0,4200165466.0,1042985027628.0,-241304078749.0,5782732517.0,807463681396.0,99409739.0,807364271657.0,MWG,income_statement,,,,,,,,,,,,,,,,,,
MWG,2017,4,0.0,19028964278642.0,571938063923.0,1.0,97381438950.0,-60704492385.0,19028964278642.0,-310263902790.0,18718700375852.0,-15674487404309.0,3044212971543.0,-65372146469.0,0.0,-1978929491665.0,-369266030797.0,728026741562.0,7571551573.0,,-1555677922.0,6015873651.0,734042615213.0,-186778805236.0,24993468343.0,572257278320.0,319214397.0,571938063923.0,MWG,income_statement,,,,,,,,,,,,,,,,,,
MWG,2017,3,0.0,16737183159439.0,564760585870.0,0.0,52990268221.0,-45558103727.0,16737183159439.0,-356361588599.0,16380821570840.0,-13557089585624.0,2823731985216.0,-46022363187.0,0.0,-1781348852977.0,-333056556102.0,716294481171.0,4006499580.0,,-1050277401.0,2956222179.0,719250703350.0,-156438681238.0,2258297599.0,565070319711.0,309733841.0,564760585870.0,MWG,income_statement,,,,,,,,,,,,,,,,,,
MWG,2017,2,1.0,16011968765655.0,511166965837.0,0.0,52899468604.0,-55706011073.0,16011968765655.0,-357723328110.0,15654245437545.0,-13032373764086.0,2621871673459.0,-56013720500.0,0.0,-1671086020890.0,-300054602242.0,647616798431.0,3117505445.0,,-324141745.0,2793363700.0,650410162131.0,-145064422904.0,6099465590.0,511445204817.0,278238980.0,511166965837.0,MWG,income_statement,,,,,,,,,,,,,,,,,,
MWG,2017,1,1.0,15920424482973.0,557814014790.0,0.0,47238632352.0,-65386590548.0,15920424482973.0,-334387675032.0,15586036807941.0,-12934074171216.0,2651962636725.0,-65471277078.0,0.0,-1585643955972.0,-344580281321.0,703505754706.0,2989086802.0,,-886289556.0,2102797246.0,705608551952.0,-151461696075.0,3977460624.0,558124316501.0,310301711.0,557814014790.0,MWG,income_statement,,,,,,,,,,,,,,,,,,
MWG,2016,4,1.0,14351999892427.0,355614537352.0,0.0,64311236062.0,-39160064874.0,14351999892427.0,-514572576302.0,13837427316125.0,-11641490003545.0,2195937312580.0,-39160759705.0,0.0,-1380710800673.0,-388001814720.0,452375173544.0,5663589540.0,,-1050490184.0,4613099356.0,456988272900.0,-115085304429.0,13910755668.0,355813724139.0,199186787.0,355614537352.0,MWG,income_statement,,,,,,,,,,,,,,,,,,
MWG,2016,3,1.0,11485627403054.0,387306874232.0,0.0,23665294725.0,-25006812972.0,11485627403054.0,-359319895289.0,11126307507765.0,-9292028024223.0,1834279483542.0,-25233169135.0,0.0,-1093576513674.0,-220956950102.0,518178145356.0,8821649793.0,,-28317373100.0,-19495723307.0,498682422049.0,-113862785093.0,2702956350.0,387522593306.0,215719074.0,387306874232.0,MWG,income_statement,,,,,,,,,,,,,,,,,,
MWG,2016,2,1.0,10088490300471.0,416656638437.0,1.0,18878070091.0,-25560229081.0,10088490300471.0,-65906863247.0,10022583437224.0,-8427887914933.0,1594695522291.0,-25827120384.0,0.0,-906270169711.0,-164004691813.0,517471610474.0,10201710985.0,,-2360591372.0,7841119613.0,525312730087.0,-110002246184.0,1575107126.0,416885591029.0,228952592.0,416656638437.0,MWG,income_statement,,,,,,,,,,,,,,,,,,
MWG,2016,1,1.0,9686559206064.0,417790778118.0,1.0,28473099854.0,-29818588379.0,9686559206064.0,-59544794190.0,9627014411874.0,-8037820417725.0,1589193994149.0,-29864812122.0,0.0,-907142376168.0,-161813484489.0,518846421224.0,6443039765.0,,-362371102.0,6080668663.0,524927089887.0,-109232114840.0,2330137316.0,418025112363.0,234334245.0,417790778118.0,MWG,income_statement,,,,,,,,,,,,,,,,,,
MWG,2015,4,1.0,7788844854322.0,331852291239.0,1.0,24878154991.0,-11821907686.0,7788844854322.0,-42584433058.0,7746260421264.0,-6461720215255.0,1284540206009.0,-11751245771.0,0.0,-788748760766.0,-86661198211.0,422257156252.0,5886511675.0,,-357588373.0,5528923302.0,427786079554.0,-94666156710.0,-1083334315.0,332036588529.0,184297290.0,331852291239.0,MWG,income_statement,,,,,,,,,,,,,,,,,,
MWG,2015,3,1.0,6680844678434.0,287299192383.0,1.0,24450598084.0,-6137689256.0,6680844678434.0,-34123771059.0,6646720907375.0,-5622848300006.0,1023872607369.0,-6629472417.0,0.0,-614546804647.0,-66202613082.0,360944315307.0,10801327736.0,,-711308803.0,10090018933.0,371034334240.0,-88984504389.0,5958015356.0,288007845207.0,708652824.0,287299192383.0,MWG,income_statement,,,,,,,,,,,,,,,,,,
MWG,2015,2,1.0,5393881804724.0,221181685567.0,1.0,15061084415.0,-8730737161.0,5393881804724.0,-30610602033.0,5363271202691.0,-4550369113468.0,812902089223.0,-10027792414.0,0.0,-490950712310.0,-45559955662.0,281424713252.0,5843554272.0,,-431866136.0,5411688136.0,286836401388.0,-63679812586.0,-520473871.0,222636114931.0,1454429364.0,221181685567.0,MWG,income_statement,,,,,,,,,,,,,,,,,,
MWG,2015,1,1.0,5524500681250.0,231560350210.0,0.0,16595982923.0,-12203517911.0,5524500681250.0,-28020133336.0,5496480547914.0,-4695364556641.0,801115991273.0,-12257583154.0,0.0,-456848442274.0,-50891539580.0,297714409188.0,2661356439.0,,-248793115.0,2412563324.0,300126972512.0,-65280486637.0,-1755805099.0,233090680776.0,1530330566.0,231560350210.0,MWG,income_statement,,,,,,,,,,,,,,,,,,
MWG,2014,4,0.0,4859826391577.0,184477868076.0,0.0,26334402728.0,-5444208588.0,4859826391577.0,-23110729017.0,4836715662560.0,-4146012520233.0,690703142327.0,-5444689520.0,0.0,-417052118827.0,-57968898695.0,236571838013.0,4279369218.0,,-205421900.0,4073947318.0,240645785331.0,-57195255503.0,2209432610.0,185659962438.0,1182094362.0,184477868076.0,MWG,income_statement,,,,,,,,,,,,,,,,,,
MWG,2014,3,0.0,3965553364843.0,175231381483.0,0.0,20994310621.0,-5084574236.0,3965553364843.0,-20430857516.0,3945122507327.0,-3311179822494.0,633942684833.0,-5095365880.0,0.0,-356161732856.0,-71619432832.0,222060463886.0,5446735439.0,,-219355138.0,5227380301.0,227287844187.0,-50409158218.0,-508886559.0,176369799410.0,1138417927.0,175231381483.0,MWG,income_statement,,,,,,,,,,,,,,,,,,
MWG,2014,2,0.0,3505251112152.0,142183801628.0,0.0,13637062849.0,-5814699371.0,3505251112152.0,-18188911829.0,3487062200323.0,-2960189834294.0,526872366029.0,-5832153856.0,0.0,-291020278586.0,-60972565041.0,182684431395.0,3394224549.0,,-1210230375.0,2183994174.0,184868425569.0,-49872262575.0,8055967719.0,143052130713.0,868329085.0,142183801628.0,MWG,income_statement,,,,,,,,,,,,,,,,,,
MWG,2014,1,0.0,3506018379682.0,166212980645.0,0.0,10369538004.0,-4917933566.0,3506018379682.0,-18192893216.0,3487825486466.0,-2943224280344.0,544601206122.0,-4919204740.0,0.0,-285066940101.0,-49982370870.0,215002228415.0,1997710385.0,,-1604550793.0,393159592.0,215395388007.0,-46322556359.0,-410507605.0,168662324043.0,2449343398.0,166212980645.0,MWG,income_statement,,,,,,,,,,,,,,,,,,
FPT,2025,4,0.0,20258866135395.0,2502704371685.0,0.0,553701777401.0,-207025852637.0,20258866135395.0,-33415777986.0,20225450357409.0,-13171300027162.0,7054150330247.0,-476741111428.0,283746137174.0,-2045175725062.0,-1892395897574.0,3477285510758.0,40088826860.0,0.0,-18969733714.0,21119093146.0,3498404603904.0,-487956258402.0,-22299782949.0,2988148562553.0,485444190868.0,2502704371685.0,FPT,income_statement,,,,,,,,,,,,,,,,,,
FPT,2025,3,0.0,17225507121683.0,2434841434732.0,0.0,613110473502.0,-233582914481.0,17225507121683.0,-20985896381.0,17204521225302.0,-10685654746292.0,6518866479010.0,-352575079871.0,130833425587.0,-1916582832643.0,-1647276732839.0,3346375732746.0,34839399621.0,0.0,-6476534277.0,28362865344.0,3374738598090.0,-589553627034.0,116360781594.0,2901545752650.0,466704317918.0,2434841434732.0,FPT,income_statement,,,,,,,,,,,,,,,,,,
FPT,2025,2,0.0,16658335760739.0,2257462588123.0,0.0,1237012067887.0,-216761295705.0,16658335760739.0,-33622720672.0,16624713040067.0,-10603672997092.0,6021040042975.0,-531385256080.0,106714935715.0,-1790295896888.0,-1913677311579.0,3129408582030.0,28751046396.0,0.0,-17127043966.0,11624002430.0,3141032584460.0,-463961750401.0,63200566619.0,2740271400678.0,482808812555.0,2257462588123.0,FPT,income_statement,,,,,,,,,,,,,,,,,,
FPT,2025,1,0.0,16064980391264.0,2174301386525.0,0.0,573331893191.0,-152389538333.0,16064980391264.0,-6839448804.0,16058140942460.0,-9756793038194.0,6301347904266.0,-311343769364.0,136730336838.0,-1828785929282.0,-1877437056836.0,2993843378813.0,39212521539.0,0.0,-8362389503.0,30850132036.0,3024693510849.0,-377287599563.0,-51848430977.0,2595557480309.0,421256093784.0,2174301386525.0,FPT,income_statement,,,,,,,,,,,,,,,,,,
FPT,2024,4,0.0,17651065378939.0,2094725967705.0,0.0,582674583940.0,-134854268998.0,17651065378939.0,-43247573048.0,17607817805891.0,-11230248103366.0,6377569702525.0,-831375395433.0,116894742188.0,-1594938073232.0,-1729950878232.0,2920874681756.0,68481380356.0,0.0,-30860884043.0,37620496313.0,2958495178069.0,-530698618727.0,73049924176.0,2500846483518.0,406120515813.0,2094725967705.0,FPT,income_statement,,,,,,,,,,,,,,,,,,
FPT,2024,3,0.0,15972397069700.0,2088852212408.0,0.0,326689006856.0,-128825950601.0,15972397069700.0,-69575353943.0,15902821715757.0,-9743866051351.0,6158955664406.0,-308178806879.0,142580948775.0,-1563862943636.0,-1807957864952.0,2948226004570.0,34674999189.0,0.0,-74280370385.0,-39605371196.0,2908620633374.0,-441224951554.0,11201940680.0,2478597622500.0,389745410092.0,2088852212408.0,FPT,income_statement,,,,,,,,,,,,,,,,,,
FPT,2024,2,0.0,15245892288520.0,1875158768537.0,0.0,569292544523.0,-150125422101.0,15245892288520.0,-665872500.0,15245226416020.0,-9593869093122.0,5651357322898.0,-337927906368.0,58601427292.0,-1588212329172.0,-1712658095576.0,2640452963597.0,27511312610.0,0.0,1004275617.0,28515588227.0,2668968551824.0,-561248620389.0,179993203349.0,2287713134784.0,412554366247.0,1875158768537.0,FPT,income_statement,,,,,,,,,,,,,,,,,,
FPT,2024,1,0.0,14093297397476.0,1798030863528.0,0.0,457092979986.0,-137833720086.0,14093297397476.0,-368983777.0,14092928413699.0,-8582462733612.0,5510465680087.0,-334065273301.0,74454138017.0,-1368948625743.0,-1823471776014.0,2515527123032.0,44782907585.0,0.0,-26727976065.0,18054931520.0,2533582054552.0,-389755423988.0,16438659078.0,2160265289642.0,362234426114.0,1798030863528.0,FPT,income_statement,,,,,,,,,,,,,,,,,,
FPT,2023,4,0.0,14695806584757.0,1728399961335.0,0.0,520345470835.0,-206644073232.0,14695806584757.0,-5393881434.0,14690412703323.0,-9058549143162.0,5631863560161.0,-527556384763.0,58146301170.0,-1316156285395.0,-1979944371544.0,2386698290464.0,64518573767.0,0.0,-16124064640.0,48394509127.0,2435092799591.0,-424981344481.0,41129315871.0,2051240770981.0,322840809646.0,1728399961335.0,FPT,income_statement,,,,,,,,,,,,,,,,,,
FPT,2023,3,0.0,13761831884948.0,1739340360244.0,0.0,516203046415.0,-265654864395.0,13761831884948.0,-86909091.0,13761744975857.0,-8265376008841.0,5496368967016.0,-406428287129.0,39896110382.0,-1434174354947.0,-1773504449852.0,2438361031885.0,46849960698.0,0.0,-56060532724.0,-9210572026.0,2429150459859.0,-344595196181.0,-8685907653.0,2075869356025.0,336528995781.0,1739340360244.0,FPT,income_statement,,,,,,,,,,,,,,,,,,
FPT,2023,2,0.0,12484515133084.0,1509219531243.0,0.0,623044115643.0,-212364005360.0,12484515133084.0,-150868182.0,12484364264902.0,-7850539957865.0,4633824307037.0,-287498451679.0,-65748307687.0,-1238296534096.0,-1475558757945.0,2189766371273.0,46978996702.0,0.0,-18612734628.0,28366262074.0,2218132633347.0,-337905337939.0,-24645039772.0,1855582255636.0,346362724393.0,1509219531243.0,FPT,income_statement,,,,,,,,,,,,,,,,,,
FPT,2023,1,0.0,11683021258544.0,1493562580890.0,0.0,676476546426.0,-147985668274.0,11683021258544.0,-1642375241.0,11681378883303.0,-7113499882609.0,4567879000694.0,-496815340139.0,43757073944.0,-1101871534159.0,-1592492464630.0,2096933282136.0,42879374489.0,0.0,-19169009527.0,23710364962.0,2120643647098.0,-308330144701.0,-2514048503.0,1809799453894.0,316236873004.0,1493562580890.0,FPT,income_statement,,,,,,,,,,,,,,,,,,
FPT,2022,4,0.0,13053462794764.0,1351601105816.0,0.0,526329659816.0,-156583283497.0,13053462794764.0,-11036523655.0,13042426271109.0,-7801152486947.0,5241273784162.0,-644381295008.0,98197938512.0,-1481341041915.0,-1761816901184.0,1978262144383.0,67004874960.0,0.0,-56238388429.0,10766486531.0,1989028630914.0,-335964806453.0,-33171856353.0,1619891968108.0,268290862292.0,1351601105816.0,FPT,income_statement,,,,,,,,,,,,,,,,,,
FPT,2022,3,0.0,11148779552748.0,1453716280969.0,0.0,549704414876.0,-166542329315.0,11148779552748.0,-220532395.0,11148559020353.0,-6789073328096.0,4359485692257.0,-413926492214.0,91215132079.0,-1131402372888.0,-1461418832201.0,1993657541909.0,46394199264.0,0.0,-12026921249.0,34367278015.0,2028024819924.0,-306452921896.0,34425563561.0,1755997461589.0,302281180620.0,1453716280969.0,FPT,income_statement,,,,,,,,,,,,,,,,,,
FPT,2022,2,0.0,10096707659064.0,1250820478762.0,0.0,506153596907.0,-176780202333.0,10096707659064.0,-647568105.0,10096060090959.0,-6253371741649.0,3842688349310.0,-336841342151.0,86152785186.0,-1013823056754.0,-1248160216741.0,1836170115757.0,39323957365.0,0.0,-17649446735.0,21674510630.0,1857844626387.0,-284120033909.0,-12150301093.0,1561574291385.0,310753812623.0,1250820478762.0,FPT,income_statement,,,,,,,,,,,,,,,,,,
FPT,2022,1,0.0,9731832420600.0,1238879424986.0,0.0,415786301903.0,-145819741163.0,9731832420600.0,-1578576209.0,9730253844391.0,-5776932551838.0,3953321292553.0,-267572525432.0,208830242201.0,-1007092497146.0,-1530572234992.0,1772700579087.0,31763099753.0,0.0,-25415832160.0,6347267593.0,1779047846680.0,-264151335856.0,23661603650.0,1538558114474.0,299678689488.0,1238879424986.0,FPT,income_statement,,,,,,,,,,,,,,,,,,
FPT,2021,4,0.0,10714772437502.0,1301522104628.0,0.0,372542134940.0,-138051289994.0,10714772437502.0,-10716804222.0,10704055633280.0,-6609687457941.0,4094368175339.0,-366884116683.0,272533380299.0,-1225942020370.0,-1406871909119.0,1739745644406.0,29667007222.0,0.0,-9010426161.0,20656581061.0,1760402225467.0,-217583188887.0,16995648309.0,1559814684889.0,258292580261.0,1301522104628.0,FPT,income_statement,,,,,,,,,,,,,,,,,,
FPT,2021,3,0.0,8687049614341.0,1124838737907.0,0.0,332266541305.0,-120148949616.0,8687049614341.0,38122342631.0,8725171956972.0,-5474243222947.0,3250928734025.0,-272888215242.0,147867487076.0,-804023830463.0,-1071115122466.0,1583035594235.0,59501680279.0,0.0,-3964502630.0,55537177649.0,1638572771884.0,-238201206888.0,-25756489578.0,1374615075418.0,249776337511.0,1124838737907.0,FPT,income_statement,,,,,,,,,,,,,,,,,,
FPT,2021,2,0.0,8625504443301.0,1000031075983.0,0.0,240540286743.0,-124530447801.0,8625504443301.0,16202841520.0,8641707284821.0,-5201526141916.0,3440181142905.0,-361830175777.0,149843474585.0,-829919009383.0,-1115156026481.0,1523659692592.0,20800020852.0,0.0,-4995194970.0,15804825882.0,1539464518474.0,-276489905177.0,-3308163405.0,1259666449892.0,259635373909.0,1000031075983.0,FPT,income_statement,,,,,,,,,,,,,,,,,,
FPT,2021,1,0.0,7605674678535.0,906142681183.0,0.0,325440423279.0,-99817213604.0,7605674678535.0,-19347008581.0,7586327669954.0,-4691800715286.0,2894526954668.0,-141136993354.0,115085619364.0,-852114921328.0,-961763590894.0,1380037491735.0,23250469269.0,0.0,-6536749667.0,16713719602.0,1396751211337.0,-224526320456.0,-21522267377.0,1150702623504.0,244559942321.0,906142681183.0,FPT,income_statement,,,,,,,,,,,,,,,,,,
FPT,2020,4,0.0,8700729240329.0,982843692181.0,0.0,223126152055.0,-98553625985.0,8700729240329.0,-34024627352.0,8666704612977.0,-5195783662734.0,3470920950243.0,-152060434779.0,94915649543.0,-858582754238.0,-1355121201405.0,1423198361419.0,45331089591.0,0.0,-21209410608.0,24121678983.0,1447320040402.0,-307035001474.0,112303662813.0,1252588701741.0,269745009560.0,982843692181.0,FPT,income_statement,,,,,,,,,,,,,,,,,,
FPT,2020,3,0.0,7578691043196.0,928887800638.0,0.0,218188627566.0,-85791923680.0,7578691043196.0,-25562539124.0,7553128504072.0,-4554350312294.0,2998778191778.0,-108899945949.0,67778123792.0,-627451667728.0,-1178990862353.0,1369402467106.0,38544844655.0,0.0,-22068339875.0,16476504780.0,1385878971886.0,-238992006582.0,1744406809.0,1148631372113.0,219743571475.0,928887800638.0,FPT,income_statement,,,,,,,,,,,,,,,,,,
FPT,2020,2,0.0,6997263488982.0,878710517511.0,0.0,202241950450.0,-101366297422.0,6997263488982.0,-17260990645.0,6980002498337.0,-4258247824386.0,2721754673951.0,-106159096432.0,69375800441.0,-683173737264.0,-935997082261.0,1268042508885.0,28388165756.0,0.0,-10937566638.0,17450599118.0,1285493108003.0,-186395040913.0,-14876078696.0,1084221988394.0,205511470883.0,878710517511.0,FPT,income_statement,,,,,,,,,,,,,,,,,,
FPT,2020,1,0.0,6645014371789.0,747105139041.0,0.0,178339694711.0,-99625907809.0,6645014371789.0,-14449460351.0,6630564911438.0,-4006186532912.0,2624378378526.0,-181045734457.0,80123998402.0,-620220561506.0,-954039290004.0,1127536485672.0,19137086947.0,0.0,-4383703792.0,14753383155.0,1142289868827.0,-204460980777.0,-866313197.0,936962574853.0,189857435812.0,747105139041.0,FPT,income_statement,,,,,,,,,,,,,,,,,,
FPT,2019,4,0.0,8146869581144.0,757233806198.0,0.0,206123383314.0,-120746859238.0,8146869581144.0,-26681706948.0,8120187874196.0,-5049159596679.0,3071028277517.0,-171720224922.0,66457196433.0,-727169234250.0,-1309144643796.0,1135574754296.0,82751354248.0,0.0,-61262096656.0,21489257592.0,1157064011888.0,-191033987289.0,5880124990.0,971910149589.0,214676343391.0,757233806198.0,FPT,income_statement,,,,,,,,,,,,,,,,,,
FPT,2019,3,0.0,7138804848615.0,960108010842.0,0.0,165793907640.0,-100505919296.0,7138804848615.0,-34430711072.0,7104374137543.0,-4321648868311.0,2782725269232.0,-130422355652.0,119413684118.0,-559023139084.0,-1031084693003.0,1347402673251.0,34369794908.0,0.0,-13301440288.0,21068354620.0,1368471027871.0,-207591704145.0,-1167367480.0,1159711956246.0,199603945404.0,960108010842.0,FPT,income_statement,,,,,,,,,,,,,,,,,,
FPT,2019,2,0.0,6834181383787.0,791704283229.0,0.0,164115058319.0,-72389484923.0,6834181383787.0,-8262859189.0,6825918524598.0,-4247788982478.0,2578129542120.0,-204225331566.0,124252626107.0,-566455497992.0,-931280807507.0,1164535589481.0,9543483977.0,0.0,4549676842.0,14093160819.0,1178628750300.0,-195218949865.0,2757431817.0,986167232252.0,194462949023.0,791704283229.0,FPT,income_statement,,,,,,,,,,,,,,,,,,
FPT,2019,1,0.0,5672126363409.0,626304276321.0,0.0,153577698004.0,-72702857836.0,5672126363409.0,-5646747345.0,5666479616064.0,-3387149316396.0,2279330299668.0,-121303122605.0,94803959655.0,-488586048888.0,-980588763923.0,937234021911.0,34065047811.0,0.0,-10932348107.0,23132699704.0,960366721615.0,-168144970817.0,1701077956.0,793922828754.0,167618552433.0,626304276321.0,FPT,income_statement,,,,,,,,,,,,,,,,,,
FPT,2018,4,0.0,6975082049864.0,786460440897.0,0.0,216866279123.0,-74811405467.0,6975082049864.0,-22635461291.0,6952446588573.0,-4381235841117.0,2571210747456.0,-89173349173.0,110723377378.0,-665496334471.0,-1057696129042.0,1086434591271.0,-14195905985.0,0.0,42294318080.0,28098412095.0,1114533003366.0,-186086845761.0,-2014306016.0,926431851589.0,139971410692.0,786460440897.0,FPT,income_statement,,,,,,,,,,,,,,,,,,
FPT,2018,3,0.0,6047729557924.0,724917924600.0,0.0,124076383785.0,-62035657522.0,6047729557924.0,-11670624489.0,6036058933435.0,-3740388690646.0,2295670242789.0,-66603046663.0,112620018554.0,-507534958450.0,-900927435586.0,1057301204429.0,13190925207.0,0.0,-19815203633.0,-6624278426.0,1050676926003.0,-160198530011.0,-214570816.0,890263825176.0,165345900576.0,724917924600.0,FPT,income_statement,,,,,,,,,,,,,,,,,,
FPT,2018,2,0.0,5479349328640.0,594282345873.0,0.0,112699870321.0,-55088753336.0,5479349328640.0,-5086604540.0,5474262724100.0,-3473590126697.0,2000672597403.0,-70016554956.0,117921377105.0,-451959254396.0,-829766036904.0,879551998573.0,27692097787.0,0.0,-929876011.0,26762221776.0,906314220349.0,-147070816024.0,-214570816.0,759028833509.0,164746487636.0,594282345873.0,FPT,income_statement,,,,,,,,,,,,,,,,,,
FPT,2018,1,-1.0,4756965340838.0,509013722111.0,0.0,153492560984.0,-46408615422.0,4756965340838.0,-6196729221.0,4750768611617.0,-2895208284813.0,1855560326804.0,-142295399439.0,97762341652.0,-422707405722.0,-770426481175.0,771385943104.0,33761809018.0,0.0,-24369541270.0,9392267748.0,780778210852.0,-106062709043.0,-21947069543.0,652768432266.0,143754710155.0,509013722111.0,FPT,income_statement,,,,,,,,,,,,,,,,,,
FPT,2017,4,0.0,12661494286639.0,1419645450459.0,0.0,1135241449538.0,-70422375454.0,12661494286639.0,-165756933974.0,12495737352665.0,-9645315336292.0,2850422016373.0,-128504532260.0,37741436879.0,-868666020456.0,-1104104575075.0,1922129774999.0,29884696213.0,0.0,-11819589933.0,18065106280.0,1940194881279.0,-347754157643.0,-25197182552.0,1567243541084.0,147598090625.0,1419645450459.0,FPT,income_statement,,,,,,,,,,,,,,,,,,
FPT,2017,3,0.0,10973968764817.0,582640652429.0,0.0,174827996803.0,-85119266199.0,10973968764817.0,-142770727372.0,10831198037445.0,-8415361412069.0,2415836625376.0,-138678362738.0,10845866292.0,-756295421886.0,-824284528308.0,882252175539.0,35213205592.0,0.0,-35812634158.0,-599428566.0,881652746973.0,-145050581744.0,7428830805.0,744030996034.0,161390343605.0,582640652429.0,FPT,income_statement,,,,,,,,,,,,,,,,,,
FPT,2017,2,0.0,10089127514119.0,511685685004.0,0.0,162595733081.0,-100132120954.0,10089127514119.0,-142424915339.0,9946702598780.0,-7515123047941.0,2431579550839.0,-188908861759.0,10544051485.0,-722126928368.0,-914566795503.0,779116749775.0,16805228346.0,0.0,-12439019431.0,4366208915.0,783482958690.0,-98141264517.0,-14884471894.0,670457222279.0,158771537275.0,511685685004.0,FPT,income_statement,,,,,,,,,,,,,,,,,,
FPT,2017,1,0.0,9606952451575.0,412899887330.0,0.0,165921890251.0,-112871916941.0,9606952451575.0,-188832883954.0,9418119567621.0,-7342606178604.0,2075513389017.0,-200267169456.0,10193812104.0,-729390435161.0,-692060517287.0,629910969468.0,26062430404.0,0.0,-12728605121.0,13333825283.0,643244794751.0,-107047737440.0,4142876155.0,540339933466.0,127440046136.0,412899887330.0,FPT,income_statement,,,,,,,,,,,,,,,,,,
FPT,2016,4,0.0,12615351927832.0,661138145325.0,0.0,240044516526.0,-102512653453.0,12615351927832.0,-215778838062.0,12399573089770.0,-9612445517435.0,2787127572335.0,-279516757986.0,9851435054.0,-840785657504.0,-930675552502.0,986045555923.0,33744471774.0,0.0,-17492788425.0,16251683349.0,1002297239272.0,-177169809141.0,6399395436.0,831526825567.0,170388680242.0,661138145325.0,FPT,income_statement,,,,,,,,,,,,,,,,,,
FPT,2016,3,0.0,9963512585089.0,467811292728.0,0.0,139922422113.0,-104295791626.0,9963512585089.0,-208224234993.0,9755288350096.0,-7538707301267.0,2216581048829.0,-192112127954.0,7952766676.0,-698480385735.0,-724849944238.0,749013779691.0,16804138916.0,0.0,-11731785178.0,5072353738.0,754086133429.0,-87796091824.0,1175755492.0,667465797097.0,199654504369.0,467811292728.0,FPT,income_statement,,,,,,,,,,,,,,,,,,
FPT,2016,2,0.0,9213317509766.0,516003095436.0,0.0,159032637935.0,-107257164992.0,9213317509766.0,-254791077187.0,8958526432579.0,-7024976073110.0,1933550359469.0,-223845440891.0,9941580589.0,-574760435470.0,-629558175148.0,674360526484.0,32176848795.0,0.0,-11767717682.0,20409131113.0,694769657597.0,-74546875005.0,9966818431.0,630189601023.0,114186505587.0,516003095436.0,FPT,income_statement,,,,,,,,,,,,,,,,,,
FPT,2016,1,0.0,8702590304172.0,345690044903.0,0.0,161405373886.0,-63801798833.0,8702590304172.0,-236072043153.0,8466518261019.0,-6780366914104.0,1686151346915.0,-124384876152.0,7387580051.0,-597560642366.0,-578217447989.0,554781334345.0,18635534991.0,0.0,-10671233393.0,7964301598.0,562745635943.0,-85635186968.0,-30601827384.0,446508621591.0,100818576688.0,345690044903.0,FPT,income_statement,,,,,,,,,,,,,,,,,,
FPT,2015,4,0.0,10476293038008.0,662357845998.0,0.0,157336802226.0,-105133994523.0,10476293038008.0,-27250254334.0,10449042783674.0,-8290362197319.0,2158680586355.0,-165561862702.0,8848742276.0,-500710078079.0,-815101921953.0,843492268123.0,54002904929.0,0.0,-15405975614.0,38596929315.0,882089197438.0,-162692014996.0,61324194878.0,780721377320.0,118363531322.0,662357845998.0,FPT,income_statement,,,,,,,,,,,,,,,,,,
FPT,2015,3,0.0,9728980764776.0,389063984750.0,0.0,111424116814.0,-54828938991.0,9728980764776.0,-201517258200.0,9527463506576.0,-7612866881691.0,1914596624885.0,-194923018629.0,7754671095.0,-589228067063.0,-627797566145.0,621826760957.0,44791672713.0,0.0,-48118470482.0,-3326797769.0,618499963188.0,-107228020329.0,7954519993.0,519226462852.0,130162478102.0,389063984750.0,FPT,income_statement,,,,,,,,,,,,,,,,,,
FPT,2015,2,0.0,9479161552625.0,456633177453.0,0.0,98267830949.0,-65642153436.0,9479161552625.0,-150621636728.0,9328539915897.0,-7526627132917.0,1801912782980.0,-142841952425.0,8970427651.0,-523476460522.0,-531229058610.0,711603570023.0,12063446445.0,0.0,-18642470839.0,-6579024394.0,705024545629.0,-125417226089.0,10901745594.0,590509065134.0,133875887681.0,456633177453.0,FPT,income_statement,,,,,,,,,,,,,,,,,,
FPT,2015,1,0.0,8758070943956.0,424660831199.0,0.0,89420051565.0,-40841485197.0,8758070943956.0,-116589493666.0,8641481450290.0,-6951763574350.0,1689717875940.0,-120816576677.0,0.0,-522723919797.0,-506656453189.0,628940977842.0,38083316195.0,8900846196.0,-30593135201.0,7490180994.0,645332005032.0,-101775111228.0,3791884748.0,547348778552.0,122687947353.0,424660831199.0,FPT,income_statement,,,,,,,,,,,,,,,,,,
FPT,2014,4,0.0,15407479354559.0,450528882174.0,0.0,109430790906.0,-91952795323.0,15407479354559.0,-74288021511.0,15333191333048.0,-13564975357078.0,1768215975970.0,-129236167175.0,0.0,-542275938406.0,-593725112616.0,612409548679.0,103061210795.0,12804742843.0,-97472128534.0,5589082261.0,630803373783.0,-100607451803.0,3440252539.0,533636174519.0,83107292345.0,450528882174.0,FPT,income_statement,,,,,,,,,,,,,,,,,,
FPT,2014,3,0.0,13536552309844.0,389097954831.0,0.0,98394902661.0,-49194248354.0,13536552309844.0,-59337401734.0,13477214908110.0,-11870554158755.0,1606660749355.0,-77732928024.0,0.0,-415170114454.0,-621219823005.0,590932786533.0,40894534832.0,10017911454.0,-42420969379.0,-1526434547.0,599424263440.0,-102582797721.0,6880067743.0,503721533462.0,114623578631.0,389097954831.0,FPT,income_statement,,,,,,,,,,,,,,,,,,
FPT,2014,2,0.0,10733370147857.0,427585557091.0,0.0,75899632592.0,-47212296680.0,10733370147857.0,-47959136695.0,10685411011162.0,-9131407438258.0,1554003572904.0,-88081178482.0,0.0,-387407906435.0,-526030515916.0,628383604663.0,26772619527.0,7702177067.0,-17853916881.0,8918702646.0,645004484376.0,-96429427589.0,8883281242.0,557458338029.0,129872780938.0,427585557091.0,FPT,income_statement,,,,,,,,,,,,,,,,,,
FPT,2014,1,0.0,10917007018701.0,361517383294.0,0.0,83919239549.0,-35506573224.0,10917007018701.0,-49685343347.0,10867321675354.0,-9522263035169.0,1345058640185.0,-61447491419.0,0.0,-344492563430.0,-456174862257.0,566862962628.0,37979782413.0,10333768081.0,-33605874655.0,4373907758.0,581570638467.0,-105743731666.0,5126536321.0,480953443122.0,119436059828.0,361517383294.0,FPT,income_statement,,,,,,,,,,,,,,,,,,
FPT,2013,4,0.0,11312683119637.0,474009965781.0,0.0,183905929068.0,-33207510570.0,11312683119637.0,-29256140371.0,11283426979266.0,-9645313343949.0,1638113635317.0,-59138016837.0,0.0,-477727928366.0,-608518128319.0,676635490863.0,25294979068.0,8940007932.0,-34478752843.0,-9183773775.0,676391725020.0,-141070855257.0,5902675341.0,541223545104.0,67213579323.0,474009965781.0,FPT,income_statement,,,,,,,,,,,,,,,,,,
FPT,2013,3,0.0,12022073340628.0,330589868211.0,0.0,60335678666.0,-33765560183.0,12022073340628.0,-21473944372.0,12000599396256.0,-10654524368153.0,1346075028103.0,-65079637611.0,0.0,-344080456028.0,-450431684294.0,546818928836.0,59853465674.0,4531540007.0,-48674479654.0,11178986020.0,562529454863.0,-105574858120.0,8154888208.0,465109484951.0,134519616740.0,330589868211.0,FPT,income_statement,,,,,,,,,,,,,,,,,,
FPT,2013,2,1.0,9356174311168.0,444785653324.0,1.0,78484913031.0,-29936292950.0,9356174311168.0,-19612747020.0,9336561564148.0,-7971355071365.0,1365206492783.0,-83267090537.0,0.0,-296759398864.0,-387784949629.0,675879966784.0,43904284009.0,6826390262.0,-24285908367.0,19618375642.0,702324732688.0,-124887149259.0,6861416500.0,584298999929.0,139513346605.0,444785653324.0,FPT,income_statement,,,,,,,,,,,,,,,,,,
FPT,2013,1,1.0,8624746682345.0,358322731666.0,1.0,62994839537.0,-35581809119.0,8624746682345.0,-13707363596.0,8611039318749.0,-7417863368376.0,1193175950373.0,-63070822216.0,0.0,-254508011272.0,-386688876377.0,551903080045.0,56173108966.0,1222948079.0,-34915057449.0,21258051517.0,574384079641.0,-105484897365.0,5781783050.0,474680965326.0,116358233660.0,358322731666.0,FPT,income_statement,,,,,,,,,,,,,,,,,,
FPT,2007,2,0.0,6070562308072.0,210921693967.0,0.0,5532058064.0,-11081556679.0,6070562308072.0,0.0,6070562308072.0,-5509316749370.0,561245558702.0,-16784251502.0,0.0,-134534139655.0,-147170754656.0,268288470953.0,36403592099.0,0.0,-5182055209.0,31221536890.0,299510007843.0,-42892807575.0,0.0,256617200268.0,45695506301.0,210921693967.0,FPT,income_statement,,,,,,,,,,,,,,,,,,
FPT,2007,1,0.0,5663584718970.0,155046633674.0,0.0,10100065262.0,-9609988640.0,5663584718970.0,0.0,5663584718970.0,-5260653226564.0,402931492406.0,-13644174369.0,0.0,-110290430549.0,-126899651618.0,162197301132.0,51239438177.0,0.0,-6714887705.0,44524550472.0,206721851604.0,-27266211127.0,0.0,179455640477.0,24409006803.0,155046633674.0,FPT,income_statement,,,,,,,,,,,,,,,,,,
GAS,2025,4,1.0,43706104716897.0,1361084899485.0,0.0,428311439319.0,-54245962520.0,43706104716897.0,-23034107896.0,43683070609001.0,-39890266518331.0,3792804090670.0,-82785588700.0,19038436670.0,-630754891701.0,-1763015602591.0,1763597883667.0,16961158939.0,0.0,-37586153493.0,-20624994554.0,1742972889113.0,-360741782309.0,5198868677.0,1387429975481.0,26345075996.0,1361084899485.0,GAS,income_statement,,,,,,,,,,,,,,,,,,
GAS,2025,3,0.0,35711043233606.0,2549118933504.0,0.0,396554976676.0,-53330836850.0,35711043233606.0,-20908333380.0,35690134900226.0,-31587801013302.0,4102333886924.0,-85778280778.0,12051982364.0,-690136384446.0,-525973477554.0,3209052703186.0,19605286043.0,0.0,-22683701106.0,-3078415063.0,3205974288123.0,-595495689973.0,2341127402.0,2612819725552.0,63700792048.0,2549118933504.0,GAS,income_statement,,,,,,,,,,,,,,,,,,
GAS,2025,2,0.0,30103972384355.0,4747605078583.0,0.0,401552949675.0,-57658298922.0,30103972384355.0,-23551139692.0,30080421244663.0,-25126468378917.0,4953952865746.0,-100459839323.0,10402811717.0,-569501759353.0,1282797122580.0,5978744151042.0,5132664551.0,0.0,-2274294770.0,2858369781.0,5981602520823.0,-1171157475488.0,-1846010832.0,4808599034503.0,60993955920.0,4747605078583.0,GAS,income_statement,,,,,,,,,,,,,,,,,,
GAS,2025,1,0.0,25675428574505.0,2756531237258.0,0.0,357168545828.0,-54571826113.0,25675428574505.0,0.0,25675428574505.0,-21585918203089.0,4089510371416.0,-117666445383.0,85974302.0,-599658773024.0,-317842385886.0,3411597287253.0,24274547094.0,0.0,-6986348547.0,17288198547.0,3428885485800.0,-668931502037.0,2828506709.0,2762782490472.0,6251253214.0,2756531237258.0,GAS,income_statement,,,,,,,,,,,,,,,,,,
GAS,2024,4,0.0,24960846410089.0,2044102438055.0,0.0,419753041491.0,-57220327241.0,24960846410089.0,-15729073724.0,24945117336365.0,-20900958213404.0,4044159122961.0,-140949317288.0,12623872062.0,-668833753996.0,-1097693949210.0,2569059016020.0,1712505229.0,0.0,-12474501162.0,-10761995933.0,2558297020087.0,-498141880056.0,-7816140590.0,2052338999441.0,8236561386.0,2044102438055.0,GAS,income_statement,,,,,,,,,,,,,,,,,,
GAS,2024,3,0.0,25256616229052.0,2521794493538.0,0.0,409126391431.0,-68861336867.0,25256616229052.0,-4608203581.0,25252008025471.0,-21068589647908.0,4183418377563.0,-108817637558.0,11897062771.0,-616316725264.0,-700814399681.0,3178493069262.0,26484354489.0,0.0,-1016836444.0,25467518045.0,3203960587307.0,-627511129497.0,1659528278.0,2578108986088.0,56314492550.0,2521794493538.0,GAS,income_statement,,,,,,,,,,,,,,,,,,
GAS,2024,2,0.0,30071154684526.0,3320816772236.0,0.0,444796020763.0,-84360661851.0,30071154684526.0,-19151087054.0,30052003597472.0,-24316338397828.0,5735665199644.0,-229062513900.0,13506988048.0,-544935335647.0,-1180573021628.0,4239397337280.0,11689271040.0,0.0,-11843349446.0,-154078406.0,4239243258874.0,-815940185954.0,-7235890242.0,3416067182678.0,95250410442.0,3320816772236.0,GAS,income_statement,,,,,,,,,,,,,,,,,,
GAS,2024,1,0.0,23314997603580.0,2511656345896.0,0.0,462936897559.0,-108404069269.0,23314997603580.0,0.0,23314997603580.0,-19623882865000.0,3691114738580.0,-181218276653.0,-221264531.0,-585203252226.0,-217952939421.0,3169455903308.0,1720467633.0,0.0,-569740834.0,1150726799.0,3170606630107.0,-620219873816.0,-6781338988.0,2543605417303.0,31949071407.0,2511656345896.0,GAS,income_statement,,,,,,,,,,,,,,,,,,
GAS,2023,4,0.0,22603622817744.0,2723017281390.0,0.0,544174987204.0,-109925461445.0,22603622817744.0,-33007044207.0,22570615773537.0,-18512336516353.0,4058279257184.0,-137770087314.0,8691303169.0,-699752578635.0,-405845159047.0,3367777722561.0,2875370494.0,0.0,-5832616059.0,-2957245565.0,3364820476996.0,-575051993689.0,-13795687242.0,2775972796065.0,52955514675.0,2723017281390.0,GAS,income_statement,,,,,,,,,,,,,,,,,,
GAS,2023,3,0.0,22153384035171.0,2377167759593.0,0.0,594196246031.0,-105613394329.0,22153384035171.0,-27223345010.0,22126160690161.0,-18444528562828.0,3681632127333.0,-278491969211.0,8629461831.0,-661570491796.0,-336197063220.0,3008198310968.0,5457820623.0,0.0,-4633553139.0,824267484.0,3009022578452.0,-604215927411.0,-545893030.0,2404260758011.0,27092998418.0,2377167759593.0,GAS,income_statement,,,,,,,,,,,,,,,,,,
GAS,2023,2,0.0,24042648640474.0,3155589859554.0,0.0,598486949160.0,-62362003722.0,24042648640474.0,0.0,24042648640474.0,-19699873068605.0,4342775571869.0,-95220051108.0,9977891951.0,-546445908309.0,-306082777124.0,4003491676439.0,-3033208020.0,0.0,-1394079388.0,-4427287408.0,3999064389031.0,-792633120067.0,-10398464763.0,3196032804201.0,40442944647.0,3155589859554.0,GAS,income_statement,,,,,,,,,,,,,,,,,,
GAS,2023,1,0.0,21214481409153.0,3350255746422.0,0.0,536057465928.0,-62075197062.0,21214481409153.0,0.0,21214481409153.0,-16372246909841.0,4842234499312.0,-75230970256.0,-570956163.0,-636102884351.0,-426731884204.0,4239655270266.0,28250273105.0,0.0,-1270778640.0,26979494465.0,4266634764731.0,-840698890686.0,-9106752779.0,3416829121266.0,66573374844.0,3350255746422.0,GAS,income_statement,,,,,,,,,,,,,,,,,,
GAS,2022,4,0.0,22051958440531.0,3250037615669.0,1.0,489577196080.0,-95892638404.0,22051958440531.0,0.0,22051958440531.0,-17183140316181.0,4868818124350.0,-182916189988.0,6061502411.0,-682240838458.0,-350258369362.0,4149041425033.0,26139232520.0,0.0,-6140777259.0,19998455261.0,4169039880294.0,-803152514294.0,-29194713106.0,3336692652894.0,86655037225.0,3250037615669.0,GAS,income_statement,,,,,,,,,,,,,,,,,,
GAS,2022,3,0.0,24329090223763.0,3029234899053.0,0.0,437067541966.0,-67533785424.0,24329090223763.0,0.0,24329090223763.0,-19932077727603.0,4397012496160.0,-183358646428.0,11723389889.0,-615528718089.0,-198174171545.0,3848741891953.0,26543698814.0,0.0,-24086327104.0,2457371710.0,3851199263663.0,-769600582536.0,7421129034.0,3089019810161.0,59784911108.0,3029234899053.0,GAS,income_statement,,,,,,,,,,,,,,,,,,
GAS,2022,2,0.0,27653355464071.0,5086494419831.0,1.0,379925971606.0,-91456259218.0,27653355464071.0,0.0,27653355464071.0,-20741127121257.0,6912228342814.0,-202982457054.0,10705695472.0,-541242311839.0,-175120925717.0,6383514315282.0,17536566065.0,0.0,-528741928.0,17007824137.0,6400522139419.0,-1256148176105.0,-3169210202.0,5141204753112.0,54710333281.0,5086494419831.0,GAS,income_statement,,,,,,,,,,,,,,,,,,
GAS,2022,1,1.0,26689145099068.0,3428678815555.0,1.0,261502620898.0,-81978340051.0,26689145099068.0,0.0,26689145099068.0,-21552667404503.0,5136477694565.0,-102138183609.0,-794441420.0,-601377719260.0,-351200072952.0,4342469898222.0,41747781007.0,0.0,-2826589205.0,38921191802.0,4381391090024.0,-881047396457.0,-4991107294.0,3495352586273.0,66673770718.0,3428678815555.0,GAS,income_statement,,,,,,,,,,,,,,,,,,
GAS,2021,4,0.0,20177079667677.0,1963897651610.0,0.0,303389017848.0,-96615692625.0,20177079667677.0,7903830.0,20177087571507.0,-16650437066443.0,3526650505064.0,-113893085929.0,5864018581.0,-639253077504.0,-528380477059.0,2554376901001.0,5725788587.0,0.0,-9544042881.0,-3818254294.0,2550558646707.0,-482770561724.0,-38335140860.0,2029452944123.0,65555292513.0,1963897651610.0,GAS,income_statement,,,,,,,,,,,,,,,,,,
GAS,2021,3,0.0,18542925212171.0,2417435626380.0,0.0,415852106606.0,-85021638451.0,18542925212171.0,0.0,18542925212171.0,-15135594633210.0,3407330578961.0,-119787821220.0,6441468124.0,-468128134854.0,-159808010562.0,3081900187055.0,3119244630.0,0.0,-648855371.0,2470389259.0,3084370576314.0,-622753071375.0,1918256051.0,2463535760990.0,46100134610.0,2417435626380.0,GAS,income_statement,,,,,,,,,,,,,,,,,,
GAS,2021,2,0.0,22701649357883.0,2261954210790.0,0.0,204424680589.0,-69687381742.0,22701649357883.0,-4044150.0,22701645313733.0,-18919436564738.0,3782208748995.0,-113295357252.0,3746426405.0,-491102076276.0,-437742023739.0,2948240398722.0,1229049762.0,0.0,-16642080855.0,-15413031093.0,2932827367629.0,-619785487513.0,-11657623229.0,2301384256887.0,39430046097.0,2261954210790.0,GAS,income_statement,,,,,,,,,,,,,,,,,,
GAS,2021,1,0.0,17570501884541.0,2029677573680.0,0.0,263141362020.0,-52814030559.0,17570501884541.0,-3859680.0,17570498024861.0,-14301032879540.0,3269465145321.0,-55772781462.0,-998758126.0,-534099757168.0,-353141885879.0,2588593324706.0,73028891856.0,0.0,-24380563441.0,48648328415.0,2637241653121.0,-578969370943.0,-833114468.0,2057439167710.0,27761594030.0,2029677573680.0,GAS,income_statement,,,,,,,,,,,,,,,,,,
GAS,2020,4,0.0,15524700200042.0,1682291629457.0,0.0,288192136505.0,-24808582325.0,15524700200042.0,0.0,15524700200042.0,-12904918186602.0,2619782013440.0,-25865452365.0,-1486482306.0,-546429628222.0,-255023771785.0,2079168815267.0,27640117339.0,0.0,-20728867874.0,6911249465.0,2086080064732.0,-426584055092.0,21767416685.0,1681263426325.0,-1028203132.0,1682291629457.0,GAS,income_statement,,,,,,,,,,,,,,,,,,
GAS,2020,3,0.0,15937439704720.0,2023381028254.0,0.0,383943986688.0,-16710537457.0,15937439704720.0,0.0,15937439704720.0,-13031056098632.0,2906383606088.0,-17969007950.0,250194823.0,-512610886039.0,-155124068745.0,2604873824865.0,4743383837.0,0.0,-4294383564.0,449000273.0,2605322825138.0,-544790764882.0,7563038215.0,2068095098471.0,44714070217.0,2023381028254.0,GAS,income_statement,,,,,,,,,,,,,,,,,,
GAS,2020,2,0.0,15593928070277.0,1773055374812.0,0.0,402101766017.0,-26386611740.0,15593928070277.0,0.0,15593928070277.0,-13074797025461.0,2519131044816.0,-34273491352.0,-808724790.0,-445281093966.0,-164540737641.0,2276328763084.0,13390867475.0,0.0,-11459136916.0,1931730559.0,2278260493643.0,-449280254562.0,-963233942.0,1828017005139.0,54961630327.0,1773055374812.0,GAS,income_statement,,,,,,,,,,,,,,,,,,
GAS,2020,1,0.0,17093939256044.0,2333041038427.0,0.0,376880014253.0,-34245067519.0,17093939256044.0,0.0,17093939256044.0,-13782167020648.0,3311772235396.0,-82831154875.0,-9306382310.0,-438687478604.0,-194516445449.0,2963310788411.0,4534697269.0,0.0,-200283381.0,4334413888.0,2967645202299.0,-616661093130.0,-380865079.0,2350603244090.0,17562205663.0,2333041038427.0,GAS,income_statement,,,,,,,,,,,,,,,,,,
GAS,2019,4,0.0,17317638155803.0,3007448945637.0,0.0,537214955226.0,-41600058731.0,17317638155803.0,0.0,17317638155803.0,-13476376190422.0,3841261965381.0,-60028871886.0,2603377142.0,-452908475215.0,-39944797410.0,3828198153238.0,5424055272.0,0.0,-9351436634.0,-3927381362.0,3824270771876.0,-736951996204.0,10804753437.0,3098123529109.0,90674583472.0,3007448945637.0,GAS,income_statement,,,,,,,,,,,,,,,,,,
GAS,2019,3,0.0,19145033299439.0,2883910782693.0,0.0,447416007475.0,-44423415262.0,19145033299439.0,-106601533179.0,19038431766260.0,-14708135193587.0,4330296572673.0,-48459077931.0,-1052314484.0,-741409051090.0,-302592787136.0,3684199349507.0,28612657551.0,0.0,-24328667621.0,4283989930.0,3688483339437.0,-757155205951.0,-1976584040.0,2929351549446.0,45440766753.0,2883910782693.0,GAS,income_statement,,,,,,,,,,,,,,,,,,
GAS,2019,2,0.0,20452516218320.0,3020027424787.0,0.0,287681238861.0,-54162787529.0,20452516218320.0,-99663512151.0,20352852706169.0,-15879528096173.0,4473324609996.0,-73893148439.0,-1019116009.0,-582182174319.0,-284978196410.0,3818933213680.0,3509526624.0,0.0,-10684877958.0,-7175351334.0,3811757862346.0,-731307422736.0,-12945151801.0,3067505287809.0,47477863022.0,3020027424787.0,GAS,income_statement,,,,,,,,,,,,,,,,,,
GAS,2019,1,0.0,18737677262608.0,3029441481891.0,0.0,394004054840.0,-58877675529.0,18737677262608.0,-98544385532.0,18639132877076.0,-14293133166039.0,4345999711037.0,-60323707783.0,-1036582931.0,-617874883519.0,-247727062810.0,3813041528834.0,4105062190.0,0.0,-421054104.0,3684008086.0,3816725536920.0,-741875848919.0,-11202556594.0,3063647131407.0,34205649516.0,3029441481891.0,GAS,income_statement,,,,,,,,,,,,,,,,,,
GAS,2018,4,0.0,19117672263638.0,3222582937288.0,0.0,457633987428.0,-99542113714.0,19117672263638.0,-104096134908.0,19013576128730.0,-14279790809947.0,4733785318783.0,-79363917402.0,-1220680896.0,-693059742674.0,-298224109042.0,4119550856197.0,12517679234.0,0.0,-57772862807.0,-45255183573.0,4074295672624.0,-787656102644.0,-13833741586.0,3272805828394.0,50222891106.0,3222582937288.0,GAS,income_statement,,,,,,,,,,,,,,,,,,
GAS,2018,3,0.0,18514356280473.0,3201029856853.0,1.0,450335231536.0,-106709764794.0,18514356280473.0,-88180008335.0,18426176272138.0,-13631318877106.0,4794857395032.0,-225692712533.0,-867517840.0,-663520617094.0,-290060423243.0,4065051355858.0,3441212472.0,0.0,-5934870770.0,-2493658298.0,4062557697560.0,-791390198364.0,-5424591679.0,3265742907517.0,64713050664.0,3201029856853.0,GAS,income_statement,,,,,,,,,,,,,,,,,,
GAS,2018,2,0.0,20111630644000.0,3070691799756.0,1.0,266340989241.0,-109528560005.0,20111630644000.0,-86248297067.0,20025382346933.0,-15242419791203.0,4782962555730.0,-137042609936.0,-47081110.0,-664084091465.0,-346915114187.0,3901214648273.0,9106660793.0,0.0,-1909866737.0,7196794056.0,3908411442329.0,-744113838273.0,-12871114043.0,3151426490013.0,80734690257.0,3070691799756.0,GAS,income_statement,,,,,,,,,,,,,,,,,,
GAS,2018,1,0.0,18247707167605.0,2608039500284.0,0.0,301668513878.0,-124754106422.0,18247707167605.0,-85390597008.0,18162316570597.0,-14168872218448.0,3993444352149.0,-172437899611.0,-1437922609.0,-616910312067.0,-195447512170.0,3308879219570.0,1535158956.0,0.0,-955028980.0,580129976.0,3309459349546.0,-627109440969.0,-17023289741.0,2665326618836.0,57287118552.0,2608039500284.0,GAS,income_statement,,,,,,,,,,,,,,,,,,
GAS,2017,4,0.0,17151959722839.0,3668687544455.0,0.0,457880362451.0,-63227784589.0,17151959722839.0,-71395691061.0,17080564031778.0,-11668864522171.0,5411699509607.0,-103709331861.0,-373872380.0,-599961722169.0,-387419709932.0,4778115235716.0,95821807682.0,0.0,-27033027314.0,68788780368.0,4846904016084.0,-1085916776267.0,9031972249.0,3770019212066.0,101331667611.0,3668687544455.0,GAS,income_statement,,,,,,,,,,,,,,,,,,
GAS,2017,3,0.0,15160957658487.0,1901526005122.0,1.0,299736725801.0,-63182675498.0,15160957658487.0,-76223385153.0,15084734273334.0,-12026284295040.0,3058449978294.0,-64661800884.0,-114786450.0,-599851015434.0,-270271285644.0,2423287815683.0,40106014720.0,0.0,-9853639014.0,30252375706.0,2453540191389.0,-496074374065.0,5820749761.0,1963286567085.0,61760561963.0,1901526005122.0,GAS,income_statement,,,,,,,,,,,,,,,,,,
GAS,2017,2,0.0,16221983873998.0,1830638573431.0,0.0,276381244642.0,-89896340937.0,16221983873998.0,-74761929364.0,16147221944634.0,-12979508226688.0,3167713717946.0,-178636072022.0,-1765833368.0,-592098396199.0,-264399931698.0,2407194729301.0,-22442025206.0,0.0,-4557708886.0,-26999734092.0,2380194995209.0,-475799665313.0,-10186825776.0,1894208504120.0,63569930689.0,1830638573431.0,GAS,income_statement,,,,,,,,,,,,,,,,,,
GAS,2017,1,0.0,16316923810255.0,2176074932278.0,1.0,238731133876.0,-63806731829.0,16316923810255.0,-59527832109.0,16257395978146.0,-12859577093461.0,3397818884685.0,-81937428148.0,-612911729.0,-569813643819.0,-246562738145.0,2737623296720.0,50819633683.0,0.0,-3853254183.0,46966379500.0,2784589676220.0,-559789837465.0,-9032013517.0,2215767825238.0,39692892960.0,2176074932278.0,GAS,income_statement,,,,,,,,,,,,,,,,,,
GAS,2016,4,0.0,15662687181741.0,3066694072863.0,2.0,265807707747.0,-96926083254.0,15662687181741.0,0.0,15662687181741.0,-10858704195406.0,4803982986335.0,-219707976563.0,367698622.0,-582668137175.0,-294957510679.0,3972824768287.0,15901290652.0,0.0,-4520930688.0,11380359964.0,3984205128251.0,-819398109757.0,-89163516470.0,3075643502024.0,8949429161.0,3066694072863.0,GAS,income_statement,,,,,,,,,,,,,,,,,,
GAS,2016,3,0.0,13787161284295.0,963994231140.0,-1.0,325465761844.0,-82519144643.0,13787161284295.0,0.0,13787161284295.0,-11980895686903.0,1806265597392.0,-88948591737.0,-103084282.0,-578765766907.0,-195186868730.0,1268727047580.0,4624836018.0,0.0,-1309935733.0,3314900285.0,1272041947865.0,-280909827654.0,-4669340831.0,986462779380.0,22468548240.0,963994231140.0,GAS,income_statement,,,,,,,,,,,,,,,,,,
GAS,2016,2,0.0,15764308766388.0,1666218535503.0,0.0,219005801474.0,-107970019331.0,15764308766388.0,-53104117894.0,15711204648494.0,-13176658988629.0,2534545659865.0,-88775128053.0,307395127.0,-484164180400.0,-243213605683.0,1937705942330.0,32809322968.0,0.0,-6617154829.0,26192168139.0,1963898110469.0,-374294575804.0,42684145386.0,1632287680051.0,-33930855452.0,1666218535503.0,GAS,income_statement,,,,,,,,,,,,,,,,,,
GAS,2016,1,0.0,14040983839348.0,1314606779422.0,0.0,328758005937.0,-70608532371.0,14040983839348.0,-56895549198.0,13984088290150.0,-11576703416890.0,2407384873260.0,-99718611146.0,-200749326.0,-488674810376.0,-206117060123.0,1941431648226.0,10641188887.0,0.0,-1462114821.0,9179074066.0,1950610722292.0,-471723303408.0,0.0,1478887418884.0,164280639462.0,1314606779422.0,GAS,income_statement,,,,,,,,,,,,,,,,,,
GAS,2015,4,0.0,17264395697135.0,1044480828638.0,-1.0,257443671262.0,-55354498811.0,17264395697135.0,0.0,17264395697135.0,-15294546782343.0,1969848914792.0,-65616751423.0,542699913.0,-491948216039.0,-270741656423.0,1399528662082.0,56158168444.0,0.0,-5537039966.0,50621128478.0,1450149790560.0,-342800634817.0,-6564786518.0,1100784369225.0,56303540587.0,1044480828638.0,GAS,income_statement,,,,,,,,,,,,,,,,,,
GAS,2015,3,0.0,15724333416407.0,2317372514044.0,0.0,292453920457.0,-35241443926.0,15724333416407.0,0.0,15724333416407.0,-12201347621479.0,3522985794928.0,-135309291831.0,-7585544.0,-443458323779.0,-247341107941.0,2989323406290.0,19020769062.0,0.0,-6050369287.0,12970399775.0,3002293806065.0,-611762898198.0,-588095483.0,2389942812384.0,72570298340.0,2317372514044.0,GAS,income_statement,,,,,,,,,,,,,,,,,,
GAS,2015,2,0.0,15837526346988.0,2588300329022.0,0.0,270250172818.0,-39319330946.0,15837526346988.0,-68150536987.0,15769375810001.0,-11915921388479.0,3853454421522.0,-89646790481.0,834843621.0,-378222196749.0,-275206172761.0,3381464277970.0,5206817524.0,0.0,-13874144039.0,-8667326515.0,3372796951455.0,-709402934816.0,16488018650.0,2679882035289.0,91581706267.0,2588300329022.0,GAS,income_statement,,,,,,,,,,,,,,,,,,
GAS,2015,1,0.0,15532003699593.0,2583281472025.0,0.0,276628009344.0,-66561067450.0,15532003699593.0,0.0,15532003699593.0,-11482935778811.0,4049067920782.0,-354639083993.0,0.0,-418921899879.0,-208068966590.0,3344065979664.0,67227309863.0,631165482.0,-40853390011.0,26373919852.0,3371071064998.0,-714535735922.0,3487509506.0,2660022838582.0,76741366557.0,2583281472025.0,GAS,income_statement,,,,,,,,,,,,,,,,,,
GAS,2014,4,0.0,19027341276606.0,4783565219834.0,1.0,283617871587.0,-60019089523.0,19027341276606.0,-13598713462.0,19013742563144.0,-12384697374290.0,6629045188854.0,-132007058130.0,0.0,-387566978812.0,-318694608764.0,6074394414735.0,15603378565.0,-168170501.0,-14589801495.0,1013577070.0,6075239821304.0,-1294134009021.0,16669242728.0,4797775055011.0,14209835177.0,4783565219834.0,GAS,income_statement,,,,,,,,,,,,,,,,,,
GAS,2014,3,0.0,19626276128315.0,2950520148157.0,0.0,274942865764.0,-101962837521.0,19626276128315.0,-20735048012.0,19605541080303.0,-15360612065476.0,4244929014827.0,-111143320629.0,0.0,-353427614208.0,-236680478279.0,3818620467475.0,8301005118.0,1097986875.0,-8501729727.0,-200724609.0,3819517729741.0,-775178420472.0,0.0,3044339309269.0,93819161112.0,2950520148157.0,GAS,income_statement,,,,,,,,,,,,,,,,,,
GAS,2014,2,0.0,18791291609133.0,3230382148024.0,0.0,314658154957.0,-96954191921.0,18791291609133.0,-87901722569.0,18703389886564.0,-13995198523053.0,4708191363511.0,-154845848424.0,0.0,-364263633164.0,-397734459375.0,4106005577505.0,12727172334.0,846871529.0,-25222858073.0,-12495685739.0,4094356763295.0,-779950715202.0,14102285521.0,3328508333614.0,98126185590.0,3230382148024.0,GAS,income_statement,,,,,,,,,,,,,,,,,,
GAS,2014,1,0.0,16087505499678.0,3156456433520.0,0.0,296932740529.0,-107778385469.0,16087505499678.0,-23514977630.0,16063990522048.0,-11507660335284.0,4556330186764.0,-120694479045.0,0.0,-311807895346.0,-430622466120.0,3990138086782.0,5422966215.0,1755675777.0,-534192349.0,4888773866.0,3996782536425.0,-801068616647.0,-393887323.0,3195320032455.0,38863598935.0,3156456433520.0,GAS,income_statement,,,,,,,,,,,,,,,,,,
GAS,2013,4,0.0,16586442209997.0,2194684872525.0,0.0,317042743490.0,-105542411152.0,16586442209997.0,-10646988706.0,16575795221291.0,-12751703675829.0,3824091545462.0,-169623938647.0,0.0,-306364185254.0,-803440092626.0,2861706072425.0,12166672657.0,883294869.0,-16534232259.0,-4367559602.0,2858221807692.0,-614014020147.0,393887323.0,2244601674868.0,49916802343.0,2194684872525.0,GAS,income_statement,,,,,,,,,,,,,,,,,,
GAS,2013,3,0.0,17076285067209.0,2989029984140.0,0.0,338100795367.0,-105405478144.0,17076285067209.0,-9349183845.0,17066935883364.0,-12739833350928.0,4327102532436.0,-147880147323.0,0.0,-325870127872.0,-439329880363.0,3752123172245.0,8760177701.0,1375589250.0,-20244486056.0,-11484308355.0,3742014453140.0,-669335022688.0,0.0,3072679430452.0,83649446312.0,2989029984140.0,GAS,income_statement,,,,,,,,,,,,,,,,,,
GAS,2013,2,0.0,15793338662635.0,2908607274723.0,0.0,304159815211.0,-119982247049.0,15793338662635.0,-43094941388.0,15750243721247.0,-11397816635704.0,4352427085543.0,-207020662874.0,0.0,-298951172385.0,-468885941838.0,3681729123657.0,17598583756.0,1892568033.0,-981426606.0,16617157150.0,3700238848840.0,-697771984066.0,1684865002.0,3004151729776.0,95544455053.0,2908607274723.0,GAS,income_statement,,,,,,,,,,,,,,,,,,
GAS,2013,1,0.0,16062660101317.0,4292335787263.0,0.0,263043075001.0,-89773106264.0,16062660101317.0,-10608268099.0,16052051833218.0,-11199496470277.0,4852555362941.0,-132769821421.0,0.0,-331784426510.0,-394233913683.0,4256810276328.0,1157557869498.0,361458784.0,-31870204302.0,1125687665196.0,5382859400308.0,-1007870464023.0,-100821156.0,4374888115129.0,82552327866.0,4292335787263.0,GAS,income_statement,,,,,,,,,,,,,,,,,,
VPB,2025,4,0.0,29452339000000.0,7957142000000.0,1.0,,,,,,,,,,,-5924241000000.0,,,,,,10229245000000.0,-2062453000000.0,-48383000000.0,8118409000000.0,-161267000000.0,7957142000000.0,VPB,income_statement,-6262056000000.0,29452339000000.0,-12685164000000.0,16767175000000.0,4490685000000.0,-2013107000000.0,2477578000000.0,80689000000.0,-231051000000.0,144469000000.0,4343549000000.0,-1168878000000.0,3174671000000.0,2011000000.0,22415542000000.0,16491301000000.0,-2110836000000.0,0.0
VPB,2025,3,0.0,26165798000000.0,7275479000000.0,1.0,,,,,,,,,,,-4427750000000.0,,,,,,9166297000000.0,-1780337000000.0,-22223000000.0,7363737000000.0,-88258000000.0,7275479000000.0,VPB,income_statement,-6543509000000.0,26165798000000.0,-11104590000000.0,15061208000000.0,4383643000000.0,-1991609000000.0,2392034000000.0,3621000000.0,1286954000000.0,-43693000000.0,2482153000000.0,-1069014000000.0,1413139000000.0,24293000000.0,20137556000000.0,15709806000000.0,-1802560000000.0,0.0
VPB,2025,2,0.0,23456522000000.0,4862400000000.0,0.0,,,,,,,,,,,-4404427000000.0,,,,,,6214525000000.0,-1249088000000.0,-27941000000.0,4937496000000.0,-75096000000.0,4862400000000.0,VPB,income_statement,-5915679000000.0,23456522000000.0,-9977956000000.0,13478566000000.0,3278697000000.0,-1935445000000.0,1343252000000.0,93240000000.0,326594000000.0,38529000000.0,2119068000000.0,-873475000000.0,1245593000000.0,8857000000.0,16534631000000.0,12130204000000.0,-1277029000000.0,613.0
VPB,2025,1,0.0,22184295000000.0,3894909000000.0,0.0,,,,,,,,,,,-3873901000000.0,,,,,,5014882000000.0,-1078750000000.0,-1178000000.0,3934954000000.0,-40045000000.0,3894909000000.0,VPB,income_statement,-6677305000000.0,22184295000000.0,-8828531000000.0,13355764000000.0,2877390000000.0,-1708591000000.0,1168799000000.0,119466000000.0,184151000000.0,-134849000000.0,1930673000000.0,-1057916000000.0,872757000000.0,0.0,15566088000000.0,11692187000000.0,-1079928000000.0,491.0
VPB,2024,4,0.0,21401247000000.0,4617420000000.0,1.0,,,,,,,,,,,-3791098000000.0,,,,,,6151434000000.0,-1113274000000.0,1362000000.0,5039522000000.0,-422102000000.0,4617420000000.0,VPB,income_statement,-7701873000000.0,21401247000000.0,-8208250000000.0,13192997000000.0,3520835000000.0,-1978945000000.0,1541890000000.0,232871000000.0,236288000000.0,3650000000.0,3744662000000.0,-1317607000000.0,2427055000000.0,9654000000.0,17644405000000.0,13853307000000.0,-1111912000000.0,582.0
VPB,2024,3,0.0,19607046000000.0,4027832000000.0,1.0,,,,,,,,,,,-3750960000000.0,,,,,,5186926000000.0,-1025640000000.0,2974000000.0,4164260000000.0,-136428000000.0,4027832000000.0,VPB,income_statement,-6125121000000.0,19607046000000.0,-7451274000000.0,12155772000000.0,2866247000000.0,-1718682000000.0,1147565000000.0,96258000000.0,116898000000.0,17135000000.0,2638555000000.0,-1112323000000.0,1526232000000.0,3147000000.0,15063007000000.0,11312047000000.0,-1022666000000.0,508.0
VPB,2024,2,0.0,19757425000000.0,3566846000000.0,0.0,,,,,,,,,,,-3331107000000.0,,,,,,4492488000000.0,-781095000000.0,-70232000000.0,3641161000000.0,-74315000000.0,3566846000000.0,VPB,income_statement,-8313437000000.0,19757425000000.0,-7349185000000.0,12408240000000.0,3652877000000.0,-1769840000000.0,1883037000000.0,193939000000.0,40310000000.0,411663000000.0,2110711000000.0,-910868000000.0,1199843000000.0,0.0,16137032000000.0,12805925000000.0,-851327000000.0,449.0
VPB,2024,1,0.0,19345927000000.0,3566697000000.0,0.0,,,,,,,,,,,-3466567000000.0,,,,,,4181852000000.0,-1042770000000.0,2801000000.0,3141883000000.0,424814000000.0,3566697000000.0,VPB,income_statement,-5762193000000.0,19345927000000.0,-8022529000000.0,11323398000000.0,3161701000000.0,-1607870000000.0,1553831000000.0,304172000000.0,-32540000000.0,37219000000.0,1065881000000.0,-841349000000.0,224532000000.0,0.0,13410612000000.0,9944045000000.0,-1039969000000.0,450.0
VPB,2023,4,0.0,20430922000000.0,2030080000000.0,0.0,,,,,,,,,,,-3615483000000.0,,,,,,2707851000000.0,-559961000000.0,-36729000000.0,2111161000000.0,-81081000000.0,2030080000000.0,VPB,income_statement,-7017806000000.0,20430922000000.0,-9389086000000.0,11041836000000.0,3566973000000.0,-1685905000000.0,1881068000000.0,-185079000000.0,47520000000.0,-44912000000.0,1495256000000.0,-894549000000.0,600707000000.0,0.0,13341140000000.0,9725657000000.0,-596690000000.0,0.0
VPB,2023,3,0.0,19323045000000.0,2424746000000.0,0.0,,,,,,,,,,,-3194749000000.0,,,,,,3117132000000.0,-688394000000.0,-1060000000.0,2427678000000.0,-2932000000.0,2424746000000.0,VPB,income_statement,-4950150000000.0,19323045000000.0,-10486297000000.0,8836748000000.0,3002653000000.0,-1113292000000.0,1889361000000.0,-63648000000.0,88897000000.0,11887000000.0,1297356000000.0,-801717000000.0,495639000000.0,3147000000.0,11262031000000.0,8067282000000.0,-689454000000.0,0.0
VPB,2023,2,0.0,18774908000000.0,3061793000000.0,0.0,,,,,,,,,,,-3678666000000.0,,,,,,2612539000000.0,-846530000000.0,686222000000.0,2452231000000.0,609562000000.0,3061793000000.0,VPB,income_statement,-6490301000000.0,18774908000000.0,-10012755000000.0,8762153000000.0,2830715000000.0,-1173673000000.0,1657042000000.0,-210616000000.0,148543000000.0,252537000000.0,2765634000000.0,-593787000000.0,2171847000000.0,0.0,12781506000000.0,9102840000000.0,-160308000000.0,456.0
VPB,2023,1,0.0,18028502000000.0,2535954000000.0,-1.0,,,,,,,,,,,-3422919000000.0,,,,,,2549655000000.0,-889286000000.0,-10650000000.0,1649719000000.0,886235000000.0,2535954000000.0,VPB,income_statement,-6386179000000.0,18028502000000.0,-8494563000000.0,9533939000000.0,2786451000000.0,-1118097000000.0,1668354000000.0,-346630000000.0,95213000000.0,30520000000.0,2335765000000.0,-958408000000.0,1377357000000.0,0.0,12358753000000.0,8935834000000.0,-899936000000.0,378.0
VPB,2022,4,0.0,16655830000000.0,2265619000000.0,0.0,,,,,,,,,,,-4064846000000.0,,,,,,1382817000000.0,-851996000000.0,609627000000.0,1140448000000.0,1125171000000.0,2265619000000.0,VPB,income_statement,-7320145000000.0,16655830000000.0,-6373177000000.0,10282653000000.0,3112294000000.0,-1231147000000.0,1881147000000.0,-339979000000.0,68282000000.0,-22317000000.0,1759002000000.0,-860980000000.0,898022000000.0,0.0,12767808000000.0,8702962000000.0,-242369000000.0,0.0
VPB,2022,3,0.0,15858353000000.0,3729883000000.0,1.0,,,,,,,,,,,-3536223000000.0,,,,,,4514000000000.0,-971570000000.0,0.0,3542430000000.0,187453000000.0,3729883000000.0,VPB,income_statement,-5422915000000.0,15858353000000.0,-5473452000000.0,10384901000000.0,2793120000000.0,-1023664000000.0,1769456000000.0,-28551000000.0,81249000000.0,10828000000.0,1929963000000.0,-677855000000.0,1252108000000.0,3147000000.0,13473138000000.0,9936915000000.0,-971570000000.0,0.0
VPB,2022,2,0.0,15446690000000.0,3508206000000.0,0.0,,,,,,,,,,,-3524036000000.0,,,,,,4176730000000.0,-852655000000.0,0.0,3324075000000.0,184131000000.0,3508206000000.0,VPB,income_statement,-5585723000000.0,15446690000000.0,-4981037000000.0,10465653000000.0,2450690000000.0,-912683000000.0,1538007000000.0,-166609000000.0,-232373000000.0,348602000000.0,1891589000000.0,-568034000000.0,1323555000000.0,9654000000.0,13286489000000.0,9762453000000.0,-852655000000.0,789.0
VPB,2022,1,0.0,14239240000000.0,8671526000000.0,2.0,,,,,,,,,,,-2990976000000.0,,,,,,11146176000000.0,-2229353000000.0,0.0,8916823000000.0,-245297000000.0,8671526000000.0,VPB,income_statement,-4132443000000.0,14239240000000.0,-4351526000000.0,9887714000000.0,2099591000000.0,-850372000000.0,1249219000000.0,-82911000000.0,-66352000000.0,171642000000.0,7436486000000.0,-326203000000.0,7110283000000.0,0.0,18269595000000.0,15278619000000.0,-2229353000000.0,1951.0
VPB,2021,4,0.0,12498074000000.0,2428891000000.0,0.0,,,,,,,,,,,-2854783000000.0,,,,,,2844755000000.0,-573226000000.0,0.0,2271529000000.0,157362000000.0,2428891000000.0,VPB,income_statement,-5370906000000.0,12498074000000.0,-3975204000000.0,8522870000000.0,2065323000000.0,-869247000000.0,1196076000000.0,-30337000000.0,13522000000.0,784220000000.0,1116884000000.0,-532791000000.0,584093000000.0,0.0,11070444000000.0,8215661000000.0,-573226000000.0,0.0
VPB,2021,3,0.0,11504643000000.0,2160820000000.0,0.0,,,,,,,,,,,-2455568000000.0,,,,,,2698371000000.0,-537551000000.0,0.0,2160820000000.0,0.0,2160820000000.0,VPB,income_statement,-4978670000000.0,11504643000000.0,-4030411000000.0,7474232000000.0,1472398000000.0,-681854000000.0,790544000000.0,-9619000000.0,-11009000000.0,727317000000.0,1825218000000.0,-666550000000.0,1158668000000.0,2476000000.0,10132609000000.0,7677041000000.0,-537551000000.0,0.0
VPB,2021,2,0.0,13486135000000.0,4016363000000.0,0.0,,,,,,,,,,,-2816551000000.0,,,,,,5031158000000.0,-1014795000000.0,0.0,4016363000000.0,0.0,4016363000000.0,VPB,income_statement,-4199237000000.0,13486135000000.0,-4254299000000.0,9231836000000.0,1716381000000.0,-631456000000.0,1084925000000.0,7087000000.0,56343000000.0,1390387000000.0,1208092000000.0,-931724000000.0,276368000000.0,0.0,12046946000000.0,9230395000000.0,-1014795000000.0,1636.0
VPB,2021,1,0.0,13338246000000.0,3201810000000.0,0.0,,,,,,,,,,,-2592035000000.0,,,,,,4006176000000.0,-804366000000.0,0.0,3201810000000.0,0.0,3201810000000.0,VPB,income_statement,-4453265000000.0,13338246000000.0,-4218355000000.0,9119891000000.0,1629959000000.0,-642473000000.0,987486000000.0,-43525000000.0,-49977000000.0,248942000000.0,1318510000000.0,-529851000000.0,788659000000.0,0.0,11051476000000.0,8459441000000.0,-804366000000.0,1304.0
VPB,2020,4,0.0,13348549000000.0,2897229000000.0,0.0,,,,,,,,,,,-2767411000000.0,,,,,,3621938000000.0,-724709000000.0,0.0,2897229000000.0,0.0,2897229000000.0,VPB,income_statement,-4318155000000.0,13348549000000.0,-4608551000000.0,8739998000000.0,1719173000000.0,-686132000000.0,1033041000000.0,-87266000000.0,-3919000000.0,298983000000.0,1204317000000.0,-480127000000.0,724190000000.0,2477000000.0,10707504000000.0,7940093000000.0,-724709000000.0,0.0
VPB,2020,3,0.0,12883536000000.0,2251514000000.0,0.0,,,,,,,,,,,-2786691000000.0,,,,,,2812644000000.0,-561130000000.0,0.0,2251514000000.0,0.0,2251514000000.0,VPB,income_statement,-3872191000000.0,12883536000000.0,-4999691000000.0,7883845000000.0,1605722000000.0,-665201000000.0,940521000000.0,-126783000000.0,-4644000000.0,255196000000.0,899436000000.0,-378581000000.0,520855000000.0,2536000000.0,9471526000000.0,6684835000000.0,-561130000000.0,0.0
VPB,2020,2,0.0,12881819000000.0,2951022000001.0,0.0,,,,,,,,,,,-2555273000000.0,,,,,,3673481000001.0,-722459000000.0,0.0,2951022000001.0,0.0,2951022000001.0,VPB,income_statement,-2719716999999.0,12881819000000.0,-5181017000000.0,7700802000000.0,1402594000000.0,-715180000000.0,687414000000.0,-92620000000.0,16699000000.0,95862000000.0,743621000000.0,-203307000000.0,540314000000.0,0.0,8948471000000.0,6393198000000.0,-722459000000.0,1211.0
VPB,2020,1,0.0,13247863000000.0,2313994999999.0,1.0,,,,,,,,,,,-3282646000000.0,,,,,,2911391999999.0,-597397000000.0,0.0,2313994999999.0,0.0,2313994999999.0,VPB,income_statement,-3711575000001.0,13247863000000.0,-5226685000000.0,8021178000000.0,1439264000000.0,-744113000000.0,695151000000.0,-538000000.0,218330000000.0,520690000000.0,594577000000.0,-143775000000.0,450802000000.0,0.0,9905613000000.0,6622967000000.0,-597397000000.0,949.0
VPB,2019,4,0.0,13237012000000.0,2514276000000.0,0.0,,,,,,,,,,,-3192210000000.0,,,,,,3134852000000.0,-620576000000.0,0.0,2514276000000.0,0.0,2514276000000.0,VPB,income_statement,-3694933000000.0,13237012000000.0,-5172944000000.0,8064068000000.0,1719121000000.0,-691550000000.0,1027571000000.0,-99483000000.0,83178000000.0,327077000000.0,848680000000.0,-229096000000.0,619584000000.0,0.0,10021995000000.0,6829785000000.0,-620576000000.0,0.0
VPB,2019,3,0.0,12969112000000.0,2282602000000.0,1.0,,,,,,,,,,,-3122221000000.0,,,,,,2856407000000.0,-573805000000.0,0.0,2282602000000.0,0.0,2282602000000.0,VPB,income_statement,-3522665000000.0,12969112000000.0,-4992144000000.0,7976968000000.0,1459510000000.0,-750986000000.0,708524000000.0,-81416000000.0,145458000000.0,200255000000.0,636584000000.0,-87715000000.0,548869000000.0,2635000000.0,9501293000000.0,6379072000000.0,-573805000000.0,0.0
VPB,2019,2,0.0,12113541000000.0,2049268000000.0,0.0,,,,,,,,,,,-3043733000000.0,,,,,,2560073000000.0,-510846000000.0,41000000.0,2049268000000.0,0.0,2049268000000.0,VPB,income_statement,-3265617000000.0,12113541000000.0,-4447685000000.0,7665856000000.0,1356598000000.0,-867869000000.0,488729000000.0,1382000000.0,53684000000.0,106769000000.0,806643000000.0,-253640000000.0,553003000000.0,0.0,8869423000000.0,5825690000000.0,-510805000000.0,1413.0
VPB,2019,1,0.0,11377003000000.0,1421884000000.0,0.0,,,,,,,,,,,-2975846000000.0,,,,,,1782538000000.0,-360613000000.0,-41000000.0,1421884000000.0,0.0,1421884000000.0,VPB,income_statement,-3204410000000.0,11377003000000.0,-4591551000000.0,6785452000000.0,1130352000000.0,-385442000000.0,744910000000.0,-37362000000.0,2526000000.0,169058000000.0,390313000000.0,-92103000000.0,298210000000.0,0.0,7962794000000.0,4986948000000.0,-360654000000.0,0.0
VPB,2018,4,0.0,10599636000000.0,2455423000000.0,0.0,,,,,,,,,,,-2841032000000.0,,,,,,3073537000000.0,-618114000000.0,0.0,2455423000000.0,0.0,2455423000000.0,VPB,income_statement,-3058897000000.0,10599636000000.0,-4086985000000.0,6512651000000.0,1144191000000.0,-535732000000.0,608459000000.0,-355000000000.0,-16077000000.0,-16976000000.0,2430819000000.0,-190410000000.0,2240409000000.0,0.0,8973466000000.0,6132434000000.0,-618114000000.0,0.0
VPB,2018,3,0.0,9954794000000.0,1399152000000.0,0.0,,,,,,,,,,,-3104244000000.0,,,,,,1749451000000.0,-350299000000.0,0.0,1399152000000.0,0.0,1399152000000.0,VPB,income_statement,-2747838000000.0,9954794000000.0,-3952380000000.0,6002414000000.0,977208000000.0,-577406000000.0,399802000000.0,217852000000.0,41825000000.0,73715000000.0,1070836000000.0,-204911000000.0,865925000000.0,0.0,7601533000000.0,4497289000000.0,-350299000000.0,0.0
VPB,2018,2,0.0,9995548000000.0,1411701000000.0,0.0,,,,,,,,,,,-2299870000000.0,,,,,,1756545000000.0,-344844000000.0,0.0,1411701000000.0,0.0,1411701000000.0,VPB,income_statement,-2794179000000.0,9995548000000.0,-3835954000000.0,6159594000000.0,827762000000.0,-538004000000.0,289758000000.0,52908000000.0,-112460000000.0,15697000000.0,608676000000.0,-164424000000.0,444252000000.0,845000000.0,6850594000000.0,4550724000000.0,-344844000000.0,0.0
VPB,2018,1,0.0,9730236000000.0,2089292000000.0,0.0,,,,,,,,,,,-2388778000000.0,,,,,,2618975000000.0,-529683000000.0,0.0,2089292000000.0,0.0,2089292000000.0,VPB,income_statement,-2652317000000.0,9730236000000.0,-3703320000000.0,6026916000000.0,869636000000.0,-555159000000.0,314477000000.0,-19510000000.0,29891000000.0,177621000000.0,1253543000000.0,-122868000000.0,1130675000000.0,0.0,7660070000000.0,5271292000000.0,-529683000000.0,0.0
VPB,2017,4,0.0,9167841000000.0,1937614000000.0,0.0,,,,,,,,,,,-2576067000000.0,,,,,,2490553000000.0,-552939000000.0,0.0,1937614000000.0,0.0,1937614000000.0,VPB,income_statement,-2382175000000.0,9167841000000.0,-3487306000000.0,5680535000000.0,951224000000.0,-538276000000.0,412948000000.0,-115916000000.0,58201000000.0,10771000000.0,1421284000000.0,-72028000000.0,1349256000000.0,53000000000.0,7448795000000.0,4872728000000.0,-552939000000.0,0.0
VPB,2017,3,0.0,8856646000000.0,1894542000000.0,0.0,,,,,,,,,,,-2280882000000.0,,,,,,2371552000000.0,-477010000000.0,0.0,1894542000000.0,0.0,1894542000000.0,VPB,income_statement,-1625018000000.0,8856646000000.0,-3494127000000.0,5362519000000.0,878336000000.0,-475447000000.0,402889000000.0,-66000000.0,84818000000.0,-16318000000.0,472509000000.0,-29467000000.0,443042000000.0,568000000.0,6277452000000.0,3996570000000.0,-477010000000.0,0.0
VPB,2017,2,0.0,8122773000000.0,1068869000000.0,2.0,,,,,,,,,,,-2188731000000.0,,,,,,1339732000000.0,-270863000000.0,0.0,1068869000000.0,0.0,1068869000000.0,VPB,income_statement,-2310336000000.0,8122773000000.0,-3370228000000.0,4752545000000.0,732403000000.0,-404555000000.0,327848000000.0,-28365000000.0,32118000000.0,269536000000.0,593387000000.0,-108270000000.0,485117000000.0,0.0,5838799000000.0,3650068000000.0,-270863000000.0,0.0
VPB,2017,1,0.0,7983474000000.0,1537307000000.0,1.0,,,,,,,,,,,-1797024000000.0,,,,,,1924110000000.0,-386803000000.0,0.0,1537307000000.0,0.0,1537307000000.0,VPB,income_statement,-1684885000000.0,7983474000000.0,-3154396000000.0,4829078000000.0,648109000000.0,-343138000000.0,304971000000.0,-14494000000.0,4501000000.0,75488000000.0,721602000000.0,-515127000000.0,206475000000.0,0.0,5406019000000.0,3608995000000.0,-386803000000.0,0.0
VPB,2016,4,0.0,7403640000000.0,1444536000000.0,2.0,,,,,,,,,,,-1883345000000.0,,,,,,1809727000000.0,-365191000000.0,0.0,1444536000000.0,0.0,1444536000000.0,VPB,income_statement,-1338410000000.0,7403640000000.0,-2883980000000.0,4519660000000.0,691082000000.0,-400969000000.0,290113000000.0,-120252000000.0,-68583000000.0,-38044000000.0,636430000000.0,-188252000000.0,448178000000.0,410000000.0,5031482000000.0,3148137000000.0,-365191000000.0,0.0
VPB,2016,3,0.0,6409545000000.0,1367179000000.0,0.0,,,,,,,,,,,-1942787000000.0,,,,,,1569811000000.0,-202632000000.0,0.0,1367179000000.0,0.0,1367179000000.0,VPB,income_statement,-663485000000.0,6409545000000.0,-2627247000000.0,3782298000000.0,534264000000.0,-321256000000.0,213008000000.0,-106044000000.0,3401000000.0,28601000000.0,292244000000.0,-37425000000.0,254819000000.0,0.0,4176083000000.0,2233296000000.0,-202632000000.0,0.0
VPB,2016,2,0.0,5984269000000.0,385459000000.0,0.0,,,,,,,,,,,-1519560000000.0,,,,,,536896000000.0,-151437000000.0,0.0,385459000000.0,0.0,385459000000.0,VPB,income_statement,-1979108000000.0,5984269000000.0,-2494729000000.0,3489540000000.0,456576000000.0,-281609000000.0,174967000000.0,-95710000000.0,-55779000000.0,79954000000.0,446555000000.0,-3963000000.0,442592000000.0,0.0,4035564000000.0,2516004000000.0,-151437000000.0,0.0
VPB,2016,1,0.0,5776036000000.0,868914000000.0,2.0,,,,,,,,,,,-1282812000000.0,,,,,,1038987000000.0,-170073000000.0,0.0,868914000000.0,0.0,868914000000.0,VPB,income_statement,-1317198000000.0,5776036000000.0,-2457301000000.0,3318735000000.0,432912000000.0,-258901000000.0,174011000000.0,3046000000.0,-28423000000.0,37845000000.0,136458000000.0,-2675000000.0,133783000000.0,0.0,3638997000000.0,2356185000000.0,-170073000000.0,0.0
VPB,2015,4,0.0,5349319000000.0,496659000000.0,2.0,,,,,,,,,,,-2026242000000.0,,,,,,767676000000.0,-271017000000.0,0.0,496659000000.0,0.0,496659000000.0,VPB,income_statement,-824236000000.0,5349319000000.0,-2293095000000.0,3056224000000.0,513344000000.0,-219582000000.0,293762000000.0,-198442000000.0,33357000000.0,-71163000000.0,348896000000.0,-10753000000.0,338143000000.0,166273000000.0,3618154000000.0,1591912000000.0,-271017000000.0,0.0
VPB,2015,3,1.0,5101695000000.0,1034217000000.0,1.0,,,,,,,,,,,-1529751000000.0,,,,,,1216907000000.0,-182615000000.0,-75000000.0,1034217000000.0,0.0,1034217000000.0,VPB,income_statement,-758682000000.0,5101695000000.0,-2212296000000.0,2889399000000.0,444460000000.0,-181933000000.0,262527000000.0,77868000000.0,-930000000.0,21857000000.0,303594000000.0,-49322000000.0,254272000000.0,347000000.0,3505340000000.0,1975589000000.0,-182690000000.0,0.0
VPB,2015,2,0.0,4315846000000.0,551377000000.0,0.0,,,,,,,,,,,-1092781000000.0,,,,,,708257000000.0,-157054000000.0,174000000.0,551377000000.0,0.0,551377000000.0,VPB,income_statement,-889314000000.0,4315846000000.0,-1977085000000.0,2338761000000.0,367596000000.0,-188755000000.0,178841000000.0,-32111000000.0,-4658000000.0,-50685000000.0,283044000000.0,-23140000000.0,259904000000.0,300000000.0,2690352000000.0,1597571000000.0,-156880000000.0,1181.0
VPB,2015,1,0.0,3991941000000.0,313615000000.0,1.0,,,,,,,,,,,-1043695000000.0,,,,,,403362000000.0,-89912000000.0,165000000.0,313615000000.0,0.0,313615000000.0,VPB,income_statement,-805408000000.0,3991941000000.0,-1922888000000.0,2069053000000.0,271913000000.0,-122376000000.0,149537000000.0,-137787000000.0,16818000000.0,127957000000.0,37584000000.0,-14831000000.0,22753000000.0,4134000000.0,2252465000000.0,1208770000000.0,-89747000000.0,0.0
VPB,2014,4,0.0,3747469000000.0,183252000000.0,-1.0,,,,,,,,,,,-1227690000000.0,,,,,,262253000000.0,-79093000000.0,92000000.0,183252000000.0,0.0,183252000000.0,VPB,income_statement,-427534000000.0,3747469000000.0,-1980875000000.0,1766594000000.0,362150000000.0,-146592000000.0,215558000000.0,-33177000000.0,-14243000000.0,31986000000.0,167006000000.0,-218061000000.0,-51055000000.0,1814000000.0,1917477000000.0,689787000000.0,-79001000000.0,0.0
VPB,2014,3,0.0,2814452000000.0,476934000000.0,2.0,,,,,,,,,,,-959227000000.0,,,,,,612042000000.0,-135108000000.0,0.0,476934000000.0,0.0,476934000000.0,VPB,income_statement,53416000000.0,2814452000000.0,-1715780000000.0,1098672000000.0,253388000000.0,-76278000000.0,177110000000.0,738000000.0,-1985000000.0,252123000000.0,12844000000.0,-25006000000.0,-12162000000.0,3357000000.0,1517853000000.0,558626000000.0,-135108000000.0,0.0
VPB,2014,2,0.0,2935856000000.0,416387000000.0,5.0,,,,,,,,,,,-774508000000.0,,,,,,533128000000.0,-116741000000.0,0.0,416387000000.0,0.0,416387000000.0,VPB,income_statement,-128741000000.0,2935856000000.0,-1679223000000.0,1256633000000.0,180631000000.0,-69638000000.0,110993000000.0,-32811000000.0,2706000000.0,77499000000.0,26279000000.0,-8464000000.0,17815000000.0,3542000000.0,1436377000000.0,661869000000.0,-116741000000.0,0.0
VPB,2014,1,0.0,2904700000000.0,157150000000.0,0.0,,,,,,,,,,,-720838000000.0,,,,,,201180000000.0,-44030000000.0,0.0,157150000000.0,0.0,157150000000.0,VPB,income_statement,-442587000000.0,2904700000000.0,-1737253000000.0,1167447000000.0,163683000000.0,-60911000000.0,102772000000.0,-24655000000.0,10655000000.0,103966000000.0,6251000000.0,-1833000000.0,4418000000.0,2000000.0,1364605000000.0,643767000000.0,-44030000000.0,0.0
VPB,2013,4,0.0,3623948000000.0,594135000000.0,0.0,,,,,,,,,,,-891890000000.0,,,,,,794539000000.0,-194770000000.0,-5634000000.0,594135000000.0,0.0,594135000000.0,VPB,income_statement,-353443000000.0,3623948000000.0,-1855621000000.0,1768327000000.0,214162000000.0,16918000000.0,231080000000.0,-10622000000.0,31595000000.0,-20859000000.0,79963000000.0,-7630000000.0,72333000000.0,-31982000000.0,2039872000000.0,1147982000000.0,-200404000000.0,0.0
VPB,2013,3,0.0,2616091000000.0,183912000000.0,0.0,,,,,,,,,,,-665373000000.0,,,,,,280488000000.0,-96576000000.0,0.0,183912000000.0,0.0,183912000000.0,VPB,income_statement,-212649000000.0,2616091000000.0,-1666356000000.0,949735000000.0,225098000000.0,-74791000000.0,150307000000.0,7473000000.0,36322000000.0,-12747000000.0,38360000000.0,-10943000000.0,27417000000.0,3000000.0,1158510000000.0,493137000000.0,-96576000000.0,0.0
VPB,2013,2,0.0,2564641380574.0,70650268242.0,0.0,,,,,,,,,,,-617098376562.0,,,,,,136705099938.0,-66054831696.0,0.0,70650268242.0,0.0,70650268242.0,VPB,income_statement,-246466709856.0,2564641380574.0,-1738910968249.0,825730412325.0,185662332291.0,-126926454961.0,58735877330.0,-14376561075.0,20318771753.0,190318413764.0,-87856687749.0,-3106602147.0,-90963289896.0,10506562155.0,1000270186356.0,383171809794.0,-66054831696.0,317.0
VPB,2013,1,0.0,2457626619426.0,130642731758.0,0.0,,,,,,,,,,,-561248623438.0,,,,,,143111900062.0,-12469168304.0,0.0,130642731758.0,0.0,130642731758.0,VPB,income_statement,-212404290144.0,2457626619426.0,-1752535031751.0,705091587675.0,148833667709.0,-69523545039.0,79310122670.0,-3287438925.0,12037228247.0,29189586236.0,94304687749.0,-141397853.0,94163289896.0,260437845.0,916764813644.0,355516190206.0,-12469168304.0,0.0
TCB,2025,4,0.0,19164244000000.0,6675562000000.0,1.0,,,,,,,,,,,-4823975000000.0,,,,,,9153234000000.0,-2136120000000.0,-37288000000.0,6979826000000.0,-304264000000.0,6675562000000.0,TCB,income_statement,-817564000000.0,19164244000000.0,-8376265000000.0,10787979000000.0,3619760000000.0,-1048825000000.0,2570935000000.0,212818000000.0,-8623000000.0,736643000000.0,1250407000000.0,-756689000000.0,493718000000.0,1303000000.0,14794773000000.0,9970798000000.0,-2173408000000.0,
TCB,2025,3,0.0,17599575000000.0,6419344000000.0,0.0,,,,,,,,,,,-4492851000000.0,,,,,,8250016000000.0,-1636587000000.0,96000000.0,6613525000000.0,-194181000000.0,6419344000000.0,TCB,income_statement,-1499256000000.0,17599575000000.0,-7674932000000.0,9924643000000.0,3276239000000.0,-1010302000000.0,2265937000000.0,559414000000.0,-149808000000.0,1059359000000.0,1703996000000.0,-1127755000000.0,576241000000.0,6337000000.0,14242123000000.0,9749272000000.0,-1636491000000.0,
TCB,2025,2,0.0,16303607000000.0,6247364000000.0,0.0,,,,,,,,,,,-3830693000000.0,,,,,,7898588000000.0,-1549782000000.0,-1196000000.0,6347610000000.0,-100246000000.0,6247364000000.0,TCB,income_statement,-1013750000000.0,16303607000000.0,-7166531000000.0,9137076000000.0,3052422000000.0,-945431000000.0,2106991000000.0,415158000000.0,31979000000.0,599870000000.0,1730032000000.0,-1309593000000.0,420439000000.0,31518000000.0,12743031000000.0,8912338000000.0,-1550978000000.0,
TCB,2025,1,0.0,14950024000000.0,5947960000000.0,0.0,,,,,,,,,,,-3284915000000.0,,,,,,7236228000000.0,-1221736000000.0,-981000000.0,6013511000000.0,-65551000000.0,5947960000000.0,TCB,income_statement,-1090055000000.0,14950024000000.0,-6644631000000.0,8305393000000.0,2578542000000.0,-750410000000.0,1828132000000.0,454811000000.0,178426000000.0,450449000000.0,1741899000000.0,-1347955000000.0,393944000000.0,43000000.0,11611198000000.0,8326283000000.0,-1222717000000.0,
TCB,2024,4,0.0,15064961000000.0,3371065000000.0,0.0,,,,,,,,,,,-4740723000000.0,,,,,,4696032000000.0,-1282376000000.0,6455000000.0,3420111000000.0,-49046000000.0,3371065000000.0,TCB,income_statement,-117844000000.0,15064961000000.0,-6463144000000.0,8601817000000.0,2262105000000.0,-799263000000.0,1462842000000.0,-424270000000.0,2001000000.0,249851000000.0,3884139000000.0,-4221848000000.0,-337709000000.0,67000000.0,9554599000000.0,4813876000000.0,-1275921000000.0,
TCB,2024,3,0.0,15168282000000.0,5737505000000.0,0.0,,,,,,,,,,,-3430902000000.0,,,,,,7214168000000.0,-1422429000000.0,1283000000.0,5793022000000.0,-55517000000.0,5737505000000.0,TCB,income_statement,-1109265000000.0,15168282000000.0,-6239606000000.0,8928676000000.0,2675088000000.0,-728305000000.0,1946783000000.0,61041000000.0,-527000000.0,389242000000.0,1986320000000.0,-1563606000000.0,422714000000.0,6406000000.0,11754335000000.0,8323433000000.0,-1421146000000.0,
TCB,2024,2,0.0,15348981000000.0,6193361000000.0,0.0,,,,,,,,,,,-3948974000000.0,,,,,,7826509000000.0,-1558837000000.0,2296000000.0,6269968000000.0,-76607000000.0,6193361000000.0,TCB,income_statement,-1644213000000.0,15348981000000.0,-5871055000000.0,9477926000000.0,3189894000000.0,-728422000000.0,2461472000000.0,411351000000.0,103232000000.0,646934000000.0,1967716000000.0,-1706986000000.0,260730000000.0,58051000000.0,13419696000000.0,9470722000000.0,-1556541000000.0,
TCB,2024,1,0.0,14507238000000.0,6220997000000.0,0.0,,,,,,,,,,,-3249136000000.0,,,,,,7801659000000.0,-1524069000000.0,-587000000.0,6277003000000.0,-56006000000.0,6220997000000.0,TCB,income_statement,-1210972000000.0,14507238000000.0,-6007694000000.0,8499544000000.0,2834555000000.0,-663404000000.0,2171151000000.0,544434000000.0,-23405000000.0,1073030000000.0,1486753000000.0,-1489777000000.0,-3024000000.0,37000000.0,12261767000000.0,9012631000000.0,-1524656000000.0,
TCB,2023,4,0.0,14444980000000.0,4438909000000.0,0.0,,,,,,,,,,,-3610089000000.0,,,,,,5773070000000.0,-1295383000000.0,3928000000.0,4481615000000.0,-42706000000.0,4438909000000.0,TCB,income_statement,-1634295000000.0,14444980000000.0,-6847777000000.0,7597203000000.0,3203500000000.0,-707749000000.0,2495751000000.0,312534000000.0,32233000000.0,247528000000.0,1224044000000.0,-915472000000.0,308572000000.0,23633000000.0,11017454000000.0,7407365000000.0,-1291455000000.0,
TCB,2023,3,0.0,14532716000000.0,4612943000000.0,0.0,,,,,,,,,,,-3630731000000.0,,,,,,5842790000000.0,-1177199000000.0,3114000000.0,4668705000000.0,-55762000000.0,4612943000000.0,TCB,income_statement,-944972000000.0,14532716000000.0,-7260556000000.0,7272160000000.0,3008697000000.0,-753037000000.0,2255660000000.0,123789000000.0,-5587000000.0,634737000000.0,719642000000.0,-590358000000.0,129284000000.0,8450000000.0,10418493000000.0,6787762000000.0,-1174085000000.0,
TCB,2023,2,0.0,13997858000000.0,4455055000000.0,0.0,,,,,,,,,,,-2868890000000.0,,,,,,5649010000000.0,-1146560000000.0,999000000.0,4503449000000.0,-48394000000.0,4455055000000.0,TCB,income_statement,-807271000000.0,13997858000000.0,-7702981000000.0,6294877000000.0,2621676000000.0,-602328000000.0,2019348000000.0,-11153000000.0,8707000000.0,74200000000.0,1657903000000.0,-718742000000.0,939161000000.0,31000000.0,9325171000000.0,6456281000000.0,-1145561000000.0,
TCB,2023,1,0.0,13732205000000.0,4496895000000.0,0.0,,,,,,,,,,,-3142086000000.0,,,,,,5623358000000.0,-1087579000000.0,1318000000.0,4537097000000.0,-40202000000.0,4496895000000.0,TCB,income_statement,-534530000000.0,13732205000000.0,-7205325000000.0,6526880000000.0,2544212000000.0,-600074000000.0,1944138000000.0,-229420000000.0,29267000000.0,-30632000000.0,2858105000000.0,-1801006000000.0,1057099000000.0,2642000000.0,9299974000000.0,6157888000000.0,-1086261000000.0,
TCB,2022,4,0.0,12250039000000.0,3544272000000.0,0.0,,,,,,,,,,,-3989840000000.0,,,,,,4746223000000.0,-1213783000000.0,39647000000.0,3572087000000.0,-27815000000.0,3544272000000.0,TCB,income_statement,-691259000000.0,12250039000000.0,-5430628000000.0,6819411000000.0,3347346000000.0,-812774000000.0,2534572000000.0,-304011000000.0,-11259000000.0,-106393000000.0,1107240000000.0,-612268000000.0,494972000000.0,30000000.0,9427322000000.0,5437482000000.0,-1174136000000.0,
TCB,2022,3,0.0,11251381000000.0,5297966000000.0,0.0,,,,,,,,,,,-3014021000000.0,,,,,,6715079000000.0,-1343692000000.0,-3847000000.0,5367540000000.0,-69574000000.0,5297966000000.0,TCB,income_statement,-609268000000.0,11251381000000.0,-3685920000000.0,7565461000000.0,2708827000000.0,-585768000000.0,2123059000000.0,27677000000.0,17771000000.0,156659000000.0,1135827000000.0,-694501000000.0,441326000000.0,6415000000.0,10338368000000.0,7324347000000.0,-1347539000000.0,
TCB,2022,2,0.0,10563140000000.0,5803525000000.0,0.0,,,,,,,,,,,-3195863000000.0,,,,,,7321136000000.0,-1446671000000.0,7790000000.0,5882255000000.0,-78730000000.0,5803525000000.0,TCB,income_statement,-417381000000.0,10563140000000.0,-2769300000000.0,7793840000000.0,2386902000000.0,-399740000000.0,1987162000000.0,-32801000000.0,-152679000000.0,593985000000.0,1284076000000.0,-541498000000.0,742578000000.0,2295000000.0,10934380000000.0,7738517000000.0,-1438881000000.0,
TCB,2022,1,0.0,10688076000000.0,5504614000000.0,0.0,,,,,,,,,,,-3002664000000.0,,,,,,6785330000000.0,-1170786000000.0,0.0,5614544000000.0,-109930000000.0,5504614000000.0,TCB,income_statement,-218386000000.0,10688076000000.0,-2577013000000.0,8111063000000.0,2397262000000.0,-710191000000.0,1687071000000.0,34072000000.0,-95678000000.0,-218698000000.0,972806000000.0,-484307000000.0,488499000000.0,51000000.0,10006380000000.0,7003716000000.0,-1170786000000.0,
TCB,2021,4,0.0,9510371000000.0,4592230000000.0,0.0,,,,,,,,,,,-3391848000000.0,,,,,,6139979000000.0,-1456161000000.0,0.0,4683818000000.0,-91588000000.0,4592230000000.0,TCB,income_statement,-627184000000.0,9510371000000.0,-2265768000000.0,7244603000000.0,2695597000000.0,-592550000000.0,2103047000000.0,-27843000000.0,-28535000000.0,331768000000.0,1052548000000.0,-520578000000.0,531970000000.0,4001000000.0,10159011000000.0,6767163000000.0,-1456161000000.0,
TCB,2021,3,0.0,9120277000000.0,4337600000000.0,0.0,,,,,,,,,,,-2627889000000.0,,,,,,5562329000000.0,-1130274000000.0,0.0,4432055000000.0,-94455000000.0,4337600000000.0,TCB,income_statement,-588931000000.0,9120277000000.0,-2377788000000.0,6742489000000.0,1921277000000.0,-424238000000.0,1497039000000.0,93418000000.0,-15779000000.0,306408000000.0,933055000000.0,-777501000000.0,155554000000.0,20000000.0,8779149000000.0,6151260000000.0,-1130274000000.0,
TCB,2021,2,0.0,8721445000000.0,4711126000000.0,1.0,,,,,,,,,,,-2590526000000.0,,,,,,6017766000000.0,-1211109000000.0,0.0,4806657000000.0,-95531000000.0,4711126000000.0,TCB,income_statement,-597671000000.0,8721445000000.0,-2133645000000.0,6587800000000.0,1915726000000.0,-458644000000.0,1457082000000.0,100254000000.0,61654000000.0,554701000000.0,1066834000000.0,-622383000000.0,444451000000.0,21000000.0,9205963000000.0,6615437000000.0,-1211109000000.0,
TCB,2021,1,0.0,8151158000000.0,4396729000000.0,1.0,,,,,,,,,,,-2563083000000.0,,,,,,5518302000000.0,-1042085000000.0,0.0,4476217000000.0,-79488000000.0,4396729000000.0,TCB,income_statement,-850817000000.0,8151158000000.0,-2027437000000.0,6123721000000.0,1706894000000.0,-381822000000.0,1325072000000.0,65621000000.0,134965000000.0,611531000000.0,1291294000000.0,-620023000000.0,671271000000.0,21000000.0,8932202000000.0,6369119000000.0,-1042085000000.0,
TCB,2020,4,0.0,7665930000000.0,3953099000000.0,0.0,,,,,,,,,,,-2306767000000.0,,,,,,5088857000000.0,-1081306000000.0,0.0,4007551000000.0,-54452000000.0,3953099000000.0,TCB,income_statement,-366266000000.0,7665930000000.0,-2210191000000.0,5455739000000.0,1629671000000.0,-560537000000.0,1069134000000.0,13411000000.0,27787000000.0,500764000000.0,1364698000000.0,-673645000000.0,691053000000.0,4002000000.0,7761890000000.0,5455123000000.0,-1081306000000.0,
TCB,2020,3,0.0,7700905000000.0,3099018000000.0,0.0,,,,,,,,,,,-2489180000000.0,,,,,,3973866000000.0,-793599000000.0,0.0,3180267000000.0,-81249000000.0,3099018000000.0,TCB,income_statement,-1033718000000.0,7700905000000.0,-2553225000000.0,5147680000000.0,1586271000000.0,-441253000000.0,1145018000000.0,45850000000.0,127725000000.0,203813000000.0,1653429000000.0,-826901000000.0,826528000000.0,150000000.0,7496764000000.0,5007584000000.0,-793599000000.0,
TCB,2020,2,0.0,6630891000000.0,2816879000000.0,0.0,,,,,,,,,,,-1839257000000.0,,,,,,3616843000000.0,-727848000000.0,0.0,2888995000000.0,-72116000000.0,2816879000000.0,TCB,income_statement,-439031000000.0,6630891000000.0,-2695513000000.0,3935378000000.0,1523122000000.0,-268733000000.0,1254389000000.0,-30213000000.0,92559000000.0,235223000000.0,1269814000000.0,-862058000000.0,407756000000.0,39000000.0,5895131000000.0,4055874000000.0,-727848000000.0,
TCB,2020,1,0.0,7004186000000.0,2455892000000.0,0.0,,,,,,,,,,,-2137714000000.0,,,,,,3120730000000.0,-615076000000.0,0.0,2505654000000.0,-49762000000.0,2455892000000.0,TCB,income_statement,-772020000000.0,7004186000000.0,-2791774000000.0,4212412000000.0,1309379000000.0,-447378000000.0,862001000000.0,-28303000000.0,73326000000.0,557197000000.0,1172031000000.0,-818200000000.0,353831000000.0,0.0,6030464000000.0,3892750000000.0,-615076000000.0,
TCB,2019,4,0.0,6628302000000.0,3029246000000.0,0.0,,,,,,,,,,,-2336823000000.0,,,,,,3978026000000.0,-859200000000.0,0.0,3118826000000.0,-89580000000.0,3029246000000.0,TCB,income_statement,-312328000000.0,6628302000000.0,-2724093000000.0,3904209000000.0,1861972000000.0,-498339000000.0,1363633000000.0,-33555000000.0,132331000000.0,647694000000.0,1490285000000.0,-877440000000.0,612845000000.0,20000000.0,6627177000000.0,4290354000000.0,-859200000000.0,
TCB,2019,3,0.0,6375437000000.0,2554229000000.0,0.0,,,,,,,,,,,-1794313000000.0,,,,,,3198548000000.0,-615956000000.0,0.0,2582592000000.0,-28363000000.0,2554229000000.0,TCB,income_statement,-365730000000.0,6375437000000.0,-2650732000000.0,3724705000000.0,1101863000000.0,-466376000000.0,635487000000.0,18069000000.0,111482000000.0,445702000000.0,978914000000.0,-559784000000.0,419130000000.0,4016000000.0,5358591000000.0,3564278000000.0,-615956000000.0,
TCB,2019,2,0.0,5938821000000.0,2408839000000.0,0.0,,,,,,,,,,,-1573878000000.0,,,,,,3044705000000.0,-612023000000.0,0.0,2432682000000.0,-23843000000.0,2408839000000.0,TCB,income_statement,-71981000000.0,5938821000000.0,-2740307000000.0,3198514000000.0,1103348000000.0,-347037000000.0,756311000000.0,110905000000.0,69254000000.0,86393000000.0,1007293000000.0,-538252000000.0,469041000000.0,146000000.0,4690564000000.0,3116686000000.0,-612023000000.0,
TCB,2019,1,0.0,6073781000000.0,2082825000000.0,0.0,,,,,,,,,,,-1607495000000.0,,,,,,2616989000000.0,-524880000000.0,0.0,2092109000000.0,-9284000000.0,2082825000000.0,TCB,income_statement,-167329000000.0,6073781000000.0,-2643365000000.0,3430416000000.0,817225000000.0,-319303000000.0,497922000000.0,9162000000.0,84597000000.0,63970000000.0,948587000000.0,-642875000000.0,305712000000.0,34000000.0,4391813000000.0,2784318000000.0,-524880000000.0,
TCB,2018,4,0.0,5637304000000.0,2253527000000.0,0.0,,,,,,,,,,,-2108849000000.0,,,,,,2886806000000.0,-622057000000.0,0.0,2264749000000.0,-11222000000.0,2253527000000.0,TCB,income_statement,-59710000000.0,5637304000000.0,-2616916000000.0,3020388000000.0,1688201000000.0,-326998000000.0,1361203000000.0,-12948000000.0,53396000000.0,52950000000.0,1351481000000.0,-771105000000.0,580376000000.0,0.0,5055365000000.0,2946516000000.0,-622057000000.0,
TCB,2018,3,0.0,5677781000000.0,2059564000000.0,0.0,,,,,,,,,,,-1314671000000.0,,,,,,2577858000000.0,-518294000000.0,0.0,2059564000000.0,0.0,2059564000000.0,TCB,income_statement,-742614000000.0,5677781000000.0,-2560876000000.0,3116905000000.0,1171873000000.0,-239737000000.0,932136000000.0,48455000000.0,116620000000.0,-39389000000.0,875759000000.0,-415343000000.0,460416000000.0,0.0,4635143000000.0,3320472000000.0,-518294000000.0,
TCB,2018,2,0.0,4916458000000.0,2100748000000.0,1.0,,,,,,,,,,,-1150302000000.0,,,,,,2627683000000.0,-526935000000.0,0.0,2100748000000.0,0.0,2100748000000.0,TCB,income_statement,-219961000000.0,4916458000000.0,-2412512000000.0,2503946000000.0,869954000000.0,-182030000000.0,687924000000.0,152927000000.0,-12145000000.0,301222000000.0,549731000000.0,-185934000000.0,363797000000.0,275000000.0,3997946000000.0,2847644000000.0,-526935000000.0,
TCB,2018,1,0.0,4980055000000.0,2049029000000.0,1.0,,,,,,,,,,,-1267035000000.0,,,,,,2568785000000.0,-517983000000.0,-1773000000.0,2049029000000.0,0.0,2049029000000.0,TCB,income_statement,-823960000000.0,4980055000000.0,-2433383000000.0,2546672000000.0,660317000000.0,-168622000000.0,491695000000.0,45317000000.0,10562000000.0,441802000000.0,370198000000.0,-140894000000.0,229304000000.0,894428000000.0,4659780000000.0,3392745000000.0,-519756000000.0,
TCB,2017,4,0.0,4607833000000.0,2555127000000.0,2.0,,,,,,,,,,,-1553432000000.0,,,,,,3195925000000.0,-635598000000.0,-5200000000.0,2555127000000.0,0.0,2555127000000.0,TCB,income_statement,-1073277000000.0,4607833000000.0,-2138874000000.0,2468959000000.0,2424063000000.0,-176868000000.0,2247195000000.0,75162000000.0,22432000000.0,361608000000.0,713230000000.0,-66015000000.0,647215000000.0,63000000.0,5822634000000.0,4269202000000.0,-640798000000.0,
TCB,2017,3,0.0,4164100000000.0,1706200000000.0,1.0,,,,,,,,,,,-1218247000000.0,,,,,,2106325000000.0,-399265000000.0,-860000000.0,1706200000000.0,0.0,1706200000000.0,TCB,income_statement,-157064000000.0,4164100000000.0,-2108740000000.0,2055360000000.0,746698000000.0,-102905000000.0,643793000000.0,84240000000.0,94686000000.0,300067000000.0,400123000000.0,-96904000000.0,303219000000.0,271000000.0,3481636000000.0,2263389000000.0,-400125000000.0,
TCB,2017,2,0.0,4420839000000.0,1124966000000.0,0.0,,,,,,,,,,,-1017084000000.0,,,,,,1409281000000.0,-264489000000.0,-19826000000.0,1124966000000.0,0.0,1124966000000.0,TCB,income_statement,-1108649000000.0,4420839000000.0,-2198923000000.0,2221916000000.0,705434000000.0,-159612000000.0,545822000000.0,30347000000.0,105023000000.0,100679000000.0,578639000000.0,-47412000000.0,531227000000.0,0.0,3535014000000.0,2517930000000.0,-284315000000.0,
TCB,2017,1,0.0,4401732000000.0,1059303000000.0,1.0,,,,,,,,,,,-1080393000000.0,,,,,,1324767000000.0,-265464000000.0,0.0,1059303000000.0,0.0,1059303000000.0,TCB,income_statement,-1270236000000.0,4401732000000.0,-2217555000000.0,2184177000000.0,643490000000.0,-97524000000.0,545966000000.0,88836000000.0,174589000000.0,93406000000.0,271433000000.0,-38203000000.0,233230000000.0,355192000000.0,3675396000000.0,2595003000000.0,-265464000000.0,
TCB,2016,4,0.0,3961531000000.0,858609000000.0,1.0,,,,,,,,,,,-1265044000000.0,,,,,,1132445000000.0,-298862000000.0,25026000000.0,858609000000.0,0.0,858609000000.0,TCB,income_statement,-715716000000.0,3961531000000.0,-2046875000000.0,1914656000000.0,723154000000.0,-216785000000.0,506369000000.0,78632000000.0,49997000000.0,110353000000.0,695187000000.0,-241989000000.0,453198000000.0,0.0,3113205000000.0,1848161000000.0,-273836000000.0,
TCB,2016,3,0.0,3981168000000.0,1022338000000.0,2.0,,,,,,,,,,,-1094092000000.0,,,,,,1276856000000.0,-254518000000.0,0.0,1022338000000.0,0.0,1022338000000.0,TCB,income_statement,-441972000000.0,3981168000000.0,-1968760000000.0,2012408000000.0,643052000000.0,-143710000000.0,499342000000.0,73831000000.0,38260000000.0,105990000000.0,291797000000.0,-208708000000.0,83089000000.0,0.0,2812920000000.0,1718828000000.0,-254518000000.0,
TCB,2016,2,0.0,4020579000000.0,792156000000.0,1.0,,,,,,,,,,,-834924000000.0,,,,,,1004910000000.0,-212753000000.0,-1000000.0,792156000000.0,0.0,792156000000.0,TCB,income_statement,-903941000000.0,4020579000000.0,-1827148000000.0,2193431000000.0,526728000000.0,-134610000000.0,392118000000.0,12778000000.0,28230000000.0,131061000000.0,115836000000.0,-130069000000.0,-14233000000.0,390000000.0,2743775000000.0,1908851000000.0,-212754000000.0,
TCB,2016,1,0.0,3772799000000.0,475742000000.0,1.0,,,,,,,,,,,-981994000000.0,,,,,,582428000000.0,-106675000000.0,-11000000.0,475742000000.0,0.0,475742000000.0,TCB,income_statement,-1598831000000.0,3772799000000.0,-1751073000000.0,2021726000000.0,666056000000.0,-108121000000.0,557935000000.0,74960000000.0,8293000000.0,134053000000.0,464857000000.0,-98651000000.0,366206000000.0,80000000.0,3163253000000.0,2181259000000.0,-106686000000.0,
TCB,2015,4,0.0,3552818000000.0,375766000000.0,1.0,,,,,,,,,,,-1161149000000.0,,,,,,485222000000.0,-89686000000.0,-19770000000.0,375766000000.0,0.0,375766000000.0,TCB,income_statement,-837412000000.0,3552818000000.0,-1491257000000.0,2061561000000.0,527409000000.0,-176539000000.0,350870000000.0,-113726000000.0,126564000000.0,-191550000000.0,345355000000.0,-96950000000.0,248405000000.0,1659000000.0,2483783000000.0,1322634000000.0,-109456000000.0,
TCB,2015,3,0.0,3085915000000.0,404155000000.0,1.0,,,,,,,,,,,-904587000000.0,,,,,,519896000000.0,-111910000000.0,-3831000000.0,404155000000.0,0.0,404155000000.0,TCB,income_statement,-675371000000.0,3085915000000.0,-1525727000000.0,1560188000000.0,469807000000.0,-132760000000.0,337047000000.0,-89149000000.0,66508000000.0,-36791000000.0,771950000000.0,-509899000000.0,262051000000.0,0.0,2099854000000.0,1195267000000.0,-115741000000.0,
TCB,2015,2,0.0,3236679000000.0,490692000000.0,1.0,,,,,,,,,,,-798700000000.0,,,,,,623609000000.0,-132807000000.0,-110000000.0,490692000000.0,0.0,490692000000.0,TCB,income_statement,-723193000000.0,3236679000000.0,-1512212000000.0,1724467000000.0,346875000000.0,-114396000000.0,232479000000.0,12460000000.0,48292000000.0,-82632000000.0,672902000000.0,-470765000000.0,202137000000.0,8299000000.0,2145502000000.0,1346802000000.0,-132917000000.0,
TCB,2015,1,0.0,3499680000000.0,313596000000.0,0.0,,,,,,,,,,,-831569000000.0,,,,,,408204000000.0,-94164000000.0,-444000000.0,313596000000.0,0.0,313596000000.0,TCB,income_statement,-1387958000000.0,3499680000000.0,-1638015000000.0,1861665000000.0,340884000000.0,-122305000000.0,218579000000.0,-1587000000.0,62213000000.0,158744000000.0,519638000000.0,-192378000000.0,327260000000.0,857000000.0,2627731000000.0,1796162000000.0,-94608000000.0,
TCB,2014,4,0.0,3316473000000.0,179918000000.0,1.0,,,,,,,,,,,-1098840000000.0,,,,,,254045000000.0,-74642000000.0,515000000.0,179918000000.0,0.0,179918000000.0,TCB,income_statement,-590206000000.0,3316473000000.0,-1725599000000.0,1590874000000.0,376876000000.0,-144857000000.0,232019000000.0,16876000000.0,24125000000.0,-63168000000.0,373791000000.0,-231426000000.0,142365000000.0,0.0,1943091000000.0,844251000000.0,-74127000000.0,
TCB,2014,3,0.0,3353513000000.0,161895000000.0,2.0,,,,,,,,,,,-765986000000.0,,,,,,214245000000.0,-48349000000.0,-4001000000.0,161895000000.0,0.0,161895000000.0,TCB,income_statement,-1096485000000.0,3353513000000.0,-1749410000000.0,1604103000000.0,332440000000.0,-92392000000.0,240048000000.0,7429000000.0,58104000000.0,71908000000.0,260367000000.0,-168217000000.0,92150000000.0,2974000000.0,2076716000000.0,1310730000000.0,-52350000000.0,
TCB,2014,2,0.0,3086728000000.0,214872000000.0,1.0,,,,,,,,,,,-776290000000.0,,,,,,275595000000.0,-53879000000.0,-6844000000.0,214872000000.0,0.0,214872000000.0,TCB,income_statement,-492998000000.0,3086728000000.0,-1802858000000.0,1283870000000.0,418163000000.0,-202712000000.0,215451000000.0,-21982000000.0,-25147000000.0,38532000000.0,212996000000.0,-160304000000.0,52692000000.0,1467000000.0,1544883000000.0,768593000000.0,-60723000000.0,
TCB,2014,1,0.0,3174903000000.0,525173000000.0,0.0,,,,,,,,,,,-789929000000.0,,,,,,673136000000.0,-147213000000.0,-750000000.0,525173000000.0,0.0,525173000000.0,TCB,income_statement,-78677000000.0,3174903000000.0,-1881120000000.0,1293783000000.0,537926000000.0,-102861000000.0,435065000000.0,20575000000.0,40145000000.0,30382000000.0,138768000000.0,-417528000000.0,-278760000000.0,552000000.0,1541742000000.0,751813000000.0,-147963000000.0,
TCB,2013,4,0.0,3108179000000.0,96240000000.0,0.0,,,,,,,,,,,-799519000000.0,,,,,,128320000000.0,-32080000000.0,0.0,96240000000.0,0.0,96240000000.0,TCB,income_statement,-431209000000.0,3108179000000.0,-2001297000000.0,1106882000000.0,310546000000.0,-92152000000.0,218394000000.0,39994000000.0,-6010000000.0,-36389000000.0,183129000000.0,-147148000000.0,35981000000.0,196000000.0,1359048000000.0,559529000000.0,-32080000000.0,
TCB,2013,3,0.0,3168474000000.0,53488000000.0,0.0,,,,,,,,,,,-872972000000.0,,,,,,97315000000.0,-44696000000.0,869000000.0,53488000000.0,0.0,53488000000.0,TCB,income_statement,-312732000000.0,3168474000000.0,-2150263000000.0,1018211000000.0,285720000000.0,-134626000000.0,151094000000.0,-118346000000.0,13473000000.0,83229000000.0,160821000000.0,-39604000000.0,121217000000.0,14141000000.0,1283019000000.0,410047000000.0,-43827000000.0,
TCB,2013,2,0.0,3223030000000.0,94818000000.0,0.0,,,,,,,,,,,-770788000000.0,,,,,,255181000000.0,-160363000000.0,0.0,94818000000.0,0.0,94818000000.0,TCB,income_statement,-353176000000.0,3223030000000.0,-2302487000000.0,920543000000.0,320029000000.0,-75755000000.0,244274000000.0,-61209000000.0,163825000000.0,-21655000000.0,157447000000.0,-32399000000.0,125048000000.0,8319000000.0,1379145000000.0,608357000000.0,-160363000000.0,
TCB,2013,1,0.0,3781622000000.0,397391000000.0,0.0,,,,,,,,,,,-912386000000.0,,,,,,397391000000.0,0.0,0.0,397391000000.0,0.0,397391000000.0,TCB,income_statement,-316847000000.0,3781622000000.0,-2491596000000.0,1290026000000.0,233743000000.0,-111262000000.0,122481000000.0,18060000000.0,36508000000.0,21655000000.0,239881000000.0,-107994000000.0,131887000000.0,6007000000.0,1626624000000.0,714238000000.0,0.0,
MBB,2025,4,0.0,26132781000000.0,8762570000000.0,0.0,,,,,,,,,,,-6229459000000.0,,,,,,11129122000000.0,-2218646000000.0,-7524000000.0,8902952000000.0,-140382000000.0,8762570000000.0,MBB,income_statement,-2169365000000.0,26132781000000.0,-11577489000000.0,14555292000000.0,5602200000000.0,-3501033000000.0,2101167000000.0,260393000000.0,80262000000.0,822364000000.0,1573808000000.0,0.0,1573808000000.0,134660000000.0,19527946000000.0,13298487000000.0,-2226170000000.0,0.0
MBB,2025,3,0.0,22265897000000.0,5571024000000.0,0.0,,,,,,,,,,,-4545266000000.0,,,,,,7249920000000.0,-1452742000000.0,3263000000.0,5800441000000.0,-229417000000.0,5571024000000.0,MBB,income_statement,-3801508000000.0,22265897000000.0,-9275373000000.0,12990524000000.0,4234200000000.0,-2907645000000.0,1326555000000.0,424608000000.0,172422000000.0,-527544000000.0,1197659000000.0,0.0,1197659000000.0,12470000000.0,15596694000000.0,11051428000000.0,-1449479000000.0,0.0
MBB,2025,2,0.0,21099126000000.0,5877605000000.0,0.0,,,,,,,,,,,-4956470000000.0,,,,,,7502991000000.0,-1496624000000.0,-1661000000.0,6004706000000.0,-127101000000.0,5877605000000.0,MBB,income_statement,-4786217000000.0,21099126000000.0,-8727009000000.0,12372117000000.0,4613875000000.0,-2698332000000.0,1915543000000.0,534121000000.0,246982000000.0,785944000000.0,1898103000000.0,-534306000000.0,1363797000000.0,27174000000.0,17245678000000.0,12289208000000.0,-1498285000000.0,0.0
MBB,2025,1,0.0,19590312000000.0,6567740000000.0,0.0,,,,,,,,,,,-3949958000000.0,,,,,,8386325000000.0,-1708859000000.0,-2587000000.0,6674879000000.0,-107139000000.0,6567740000000.0,MBB,income_statement,-2986414000000.0,19590312000000.0,-7898128000000.0,11692184000000.0,3611961000000.0,-2376545000000.0,1235416000000.0,537800000000.0,168718000000.0,509329000000.0,1179210000000.0,0.0,1179210000000.0,40000000.0,15322697000000.0,11372739000000.0,-1711446000000.0,0.0
MBB,2024,4,0.0,18452076000000.0,6284154000000.0,0.0,,,,,,,,,,,-5246555000000.0,,,,,,8093120000000.0,-1715348000000.0,3850000000.0,6381622000000.0,-97468000000.0,6284154000000.0,MBB,income_statement,-3223836000000.0,18452076000000.0,-7309898000000.0,11142178000000.0,4149237000000.0,-2968479000000.0,1180758000000.0,484636000000.0,118195000000.0,2412338000000.0,2580669000000.0,-1377624000000.0,1203045000000.0,22361000000.0,16563511000000.0,11316956000000.0,-1711498000000.0,0.0
MBB,2024,3,0.0,17396620000000.0,5790156000000.0,0.0,,,,,,,,,,,-3755899000000.0,,,,,,7307896000000.0,-1465240000000.0,787000000.0,5843443000000.0,-53287000000.0,5790156000000.0,MBB,income_statement,-1639970000000.0,17396620000000.0,-6979985000000.0,10416635000000.0,3436204000000.0,-2548181000000.0,888023000000.0,660609000000.0,226010000000.0,-172432000000.0,677927000000.0,0.0,677927000000.0,6993000000.0,12703765000000.0,8947866000000.0,-1464453000000.0,0.0
MBB,2024,2,0.0,16952930000000.0,6026749000000.0,0.0,,,,,,,,,,,-4490504000000.0,,,,,,7633001000000.0,-1535537000000.0,4519000000.0,6101983000000.0,-75234000000.0,6026749000000.0,MBB,income_statement,-2005743000000.0,16952930000000.0,-6421817000000.0,10531113000000.0,3749761000000.0,-2395494000000.0,1354267000000.0,393436000000.0,447030000000.0,346241000000.0,1736820000000.0,-701420000000.0,1035400000000.0,21761000000.0,14129248000000.0,9638744000000.0,-1531018000000.0,0.0
MBB,2024,1,0.0,16260267000000.0,4532698000000.0,0.0,,,,,,,,,,,-3514292000000.0,,,,,,5795311000000.0,-1172141000000.0,1046000000.0,4624216000000.0,-91518000000.0,4532698000000.0,MBB,income_statement,-2707095000000.0,16260267000000.0,-7197974000000.0,9062293000000.0,3267400000000.0,-2322199000000.0,945201000000.0,461483000000.0,964787000000.0,216958000000.0,364448000000.0,0.0,364448000000.0,1528000000.0,12016698000000.0,8502406000000.0,-1171095000000.0,0.0
MBB,2023,4,0.0,16996661000000.0,4986366000000.0,0.0,,,,,,,,,,,-3875911000000.0,,,,,,6287272000000.0,-1256516000000.0,14332000000.0,5045088000000.0,-58722000000.0,4986366000000.0,MBB,income_statement,-1587177000000.0,16996661000000.0,-7833169000000.0,9163492000000.0,3758643000000.0,-2302925000000.0,1455718000000.0,289721000000.0,196087000000.0,-124027000000.0,761479000000.0,0.0,761479000000.0,7890000000.0,11750360000000.0,7874449000000.0,-1242184000000.0,0.0
MBB,2023,3,0.0,17322406000000.0,5773265000000.0,0.0,,,,,,,,,,,-3333959000000.0,,,,,,7283787000000.0,-1466726000000.0,3647000000.0,5820708000000.0,-47443000000.0,5773265000000.0,MBB,income_statement,-1447404000000.0,17322406000000.0,-7510613000000.0,9811793000000.0,3240037000000.0,-2160948000000.0,1079089000000.0,224464000000.0,185957000000.0,180558000000.0,570677000000.0,0.0,570677000000.0,12612000000.0,12065150000000.0,8731191000000.0,-1463079000000.0,0.0
MBB,2023,2,0.0,17440908000000.0,4893495000000.0,0.0,,,,,,,,,,,-4135168000000.0,,,,,,6222864000000.0,-1240370000000.0,-54000000.0,4982440000000.0,-88945000000.0,4893495000000.0,MBB,income_statement,-1202803000000.0,17440908000000.0,-7959538000000.0,9481370000000.0,3289999000000.0,-2429227000000.0,860772000000.0,324943000000.0,122498000000.0,108910000000.0,1123631000000.0,-494658000000.0,628973000000.0,33369000000.0,11560835000000.0,7425667000000.0,-1240424000000.0,0.0
MBB,2023,1,0.0,17383068000000.0,5023662000000.0,0.0,,,,,,,,,,,-3567903000000.0,,,,,,6512166000000.0,-1306257000000.0,-353000000.0,5205556000000.0,-181894000000.0,5023662000000.0,MBB,income_statement,-1849648000000.0,17383068000000.0,-7155875000000.0,10227193000000.0,2848945000000.0,-2159299000000.0,689646000000.0,370697000000.0,37024000000.0,134963000000.0,466982000000.0,0.0,466982000000.0,3212000000.0,11929717000000.0,8361814000000.0,-1306610000000.0,0.0
MBB,2022,4,0.0,15303670000000.0,3434131000000.0,0.0,,,,,,,,,,,-3628414000000.0,,,,,,4537629000000.0,-933828000000.0,-3779000000.0,3600022000000.0,-165891000000.0,3434131000000.0,MBB,income_statement,-3585386000000.0,15303670000000.0,-5674068000000.0,9629602000000.0,3583934000000.0,-2360225000000.0,1223709000000.0,363478000000.0,5618000000.0,72380000000.0,451488000000.0,0.0,451488000000.0,5154000000.0,11751429000000.0,8123015000000.0,-937607000000.0,0.0
MBB,2022,3,0.0,13038154000000.0,4879193000000.0,1.0,,,,,,,,,,,-3728778000000.0,,,,,,6295505000000.0,-1258526000000.0,-2077000000.0,5034902000000.0,-155709000000.0,4879193000000.0,MBB,income_statement,-961967000000.0,13038154000000.0,-3999525000000.0,9038629000000.0,3331326000000.0,-2547030000000.0,784296000000.0,401834000000.0,1472000000.0,169412000000.0,585491000000.0,0.0,585491000000.0,5116000000.0,10986250000000.0,7257472000000.0,-1260603000000.0,0.0
MBB,2022,2,0.0,12480118000000.0,4623202000000.0,1.0,,,,,,,,,,,-3860555000000.0,,,,,,5986513000000.0,-1201839000000.0,9145000000.0,4793819000000.0,-170617000000.0,4623202000000.0,MBB,income_statement,-1374812000000.0,12480118000000.0,-3510712000000.0,8969406000000.0,3622219000000.0,-2611770000000.0,1010449000000.0,471628000000.0,34504000000.0,48957000000.0,902427000000.0,-335736000000.0,566691000000.0,120245000000.0,11221880000000.0,7361325000000.0,-1192694000000.0,0.0
MBB,2022,1,0.0,11663870000000.0,4546209000000.0,0.0,,,,,,,,,,,-3597881000000.0,,,,,,5909673000000.0,-1188780000000.0,5549000000.0,4726442000000.0,-180233000000.0,4546209000000.0,MBB,income_statement,-2125512000000.0,11663870000000.0,-3278385000000.0,8385485000000.0,3706255000000.0,-2589141000000.0,1117114000000.0,467020000000.0,99534000000.0,1024499000000.0,537988000000.0,0.0,537988000000.0,1426000000.0,11633066000000.0,8035185000000.0,-1183231000000.0,0.0
MBB,2021,4,0.0,10227821000000.0,3526064000000.0,1.0,,,,,,,,,,,-3462739000000.0,,,,,,4642690000000.0,-939058000000.0,-1237000000.0,3702395000000.0,-176331000000.0,3526064000000.0,MBB,income_statement,-2011426000000.0,10227821000000.0,-3058033000000.0,7169788000000.0,3819078000000.0,-2473644000000.0,1345434000000.0,416551000000.0,58567000000.0,180924000000.0,907984000000.0,0.0,907984000000.0,37607000000.0,10116855000000.0,6654116000000.0,-940295000000.0,0.0
MBB,2021,3,0.0,9588708000000.0,3022176000000.0,0.0,,,,,,,,,,,-3023716000000.0,,,,,,3898303000000.0,-763340000000.0,-12750000000.0,3122213000000.0,-100037000000.0,3022176000000.0,MBB,income_statement,-1778158000000.0,9588708000000.0,-3073514000000.0,6515194000000.0,2638414000000.0,-1712025000000.0,926389000000.0,356486000000.0,143062000000.0,264827000000.0,486373000000.0,0.0,486373000000.0,7846000000.0,8700177000000.0,5676461000000.0,-776090000000.0,0.0
MBB,2021,2,0.0,9635316000000.0,2596026000000.0,0.0,,,,,,,,,,,-3086784000000.0,,,,,,3406408000000.0,-689678000000.0,13767000000.0,2730497000000.0,-134471000000.0,2596026000000.0,MBB,income_statement,-2431410000000.0,9635316000000.0,-3072780000000.0,6562536000000.0,3282045000000.0,-2252456000000.0,1029589000000.0,321897000000.0,19607000000.0,309425000000.0,1152594000000.0,-509572000000.0,643022000000.0,38526000000.0,8924602000000.0,5837818000000.0,-675911000000.0,0.0
MBB,2021,1,0.0,9013087000000.0,3552809000000.0,1.0,,,,,,,,,,,-2803949000000.0,,,,,,4579858000000.0,-915498000000.0,1972000000.0,3666332000000.0,-113523000000.0,3552809000000.0,MBB,income_statement,-1809057000000.0,9013087000000.0,-3061051000000.0,5952036000000.0,2568758000000.0,-1502792000000.0,1065966000000.0,236534000000.0,18359000000.0,672178000000.0,1216935000000.0,0.0,1216935000000.0,30856000000.0,9192864000000.0,6388915000000.0,-913526000000.0,0.0
MBB,2020,4,0.0,8735808000000.0,1930705000000.0,0.0,,,,,,,,,,,-3234848000000.0,,,,,,2554227000000.0,-552778000000.0,8758000000.0,2010207000000.0,-79502000000.0,1930705000000.0,MBB,income_statement,-1925236000000.0,8735808000000.0,-2941898000000.0,5793910000000.0,2639766000000.0,-1549726000000.0,1090040000000.0,267593000000.0,23277000000.0,57375000000.0,475370000000.0,0.0,475370000000.0,6746000000.0,7714311000000.0,4479463000000.0,-544020000000.0,0.0
MBB,2020,3,0.0,8159461000000.0,2357119000000.0,0.0,,,,,,,,,,,-2836321000000.0,,,,,,3015440000000.0,-586636000000.0,-5495000000.0,2423309000000.0,-66190000000.0,2357119000000.0,MBB,income_statement,-883677000000.0,8159461000000.0,-2994784000000.0,5164677000000.0,2011318000000.0,-1215603000000.0,795715000000.0,177555000000.0,27972000000.0,127822000000.0,425427000000.0,0.0,425427000000.0,16270000000.0,6735438000000.0,3899117000000.0,-592131000000.0,0.0
MBB,2020,2,0.0,7791831000000.0,2262584000000.0,0.0,,,,,,,,,,,-2433788000000.0,,,,,,2922952000000.0,-542604000000.0,9315000000.0,2389663000000.0,-127079000000.0,2262584000000.0,MBB,income_statement,-1216902000000.0,7791831000000.0,-3167834000000.0,4623997000000.0,1960643000000.0,-1015731000000.0,944912000000.0,181218000000.0,49211000000.0,167440000000.0,847393000000.0,-308803000000.0,538590000000.0,68274000000.0,6573642000000.0,4139854000000.0,-533289000000.0,1666.0
MBB,2020,1,0.0,8080293000000.0,1712251000000.0,0.0,,,,,,,,,,,-2050500000000.0,,,,,,2195657000000.0,-407402000000.0,-5395000000.0,1782860000000.0,-70609000000.0,1712251000000.0,MBB,income_statement,-2092625000000.0,8080293000000.0,-3385082000000.0,4695211000000.0,1616446000000.0,-871560000000.0,744886000000.0,159443000000.0,-15374000000.0,513232000000.0,240163000000.0,0.0,240163000000.0,1221000000.0,6338782000000.0,4288282000000.0,-412797000000.0,0.0
MBB,2019,4,0.0,8252483000000.0,1869980000000.0,0.0,,,,,,,,,,,-3059048000000.0,,,,,,2419715000000.0,-495558000000.0,2352000000.0,1926509000000.0,-56529000000.0,1869980000000.0,MBB,income_statement,-1214312000000.0,8252483000000.0,-3363735000000.0,4888748000000.0,2019227000000.0,-1145999000000.0,873228000000.0,175541000000.0,215301000000.0,0.0,520585000000.0,0.0,520585000000.0,19672000000.0,6693075000000.0,3634027000000.0,-493206000000.0,0.0
MBB,2019,3,0.0,8048318000000.0,2175682000000.0,0.0,,,,,,,,,,,-2292225000000.0,,,,,,2741035000000.0,-524994000000.0,-4895000000.0,2211146000000.0,-35464000000.0,2175682000000.0,MBB,income_statement,-1312142000000.0,8048318000000.0,-3466783000000.0,4581535000000.0,1501012000000.0,-1001594000000.0,499418000000.0,187681000000.0,162319000000.0,0.0,899502000000.0,0.0,899502000000.0,14947000000.0,6345402000000.0,4053177000000.0,-529889000000.0,0.0
MBB,2019,2,0.0,7716318000000.0,1916482000000.0,0.0,,,,,,,,,,,-2306748000000.0,,,,,,2451228000000.0,-470354000000.0,17487000000.0,1998361000000.0,-81879000000.0,1916482000000.0,MBB,income_statement,-1399674000000.0,7716318000000.0,-3321462000000.0,4394856000000.0,1668423000000.0,-613879000000.0,1054544000000.0,163888000000.0,80850000000.0,0.0,561196000000.0,-140564000000.0,420632000000.0,42880000000.0,6157650000000.0,3850902000000.0,-452867000000.0,0.0
MBB,2019,1,0.0,7179485000000.0,1860629000000.0,0.0,,,,,,,,,,,-2065685000000.0,,,,,,2424141000000.0,-469089000000.0,-22464000000.0,1932588000000.0,-71959000000.0,1860629000000.0,MBB,income_statement,-964495000000.0,7179485000000.0,-3044627000000.0,4134858000000.0,1231918000000.0,-473271000000.0,758647000000.0,120368000000.0,181041000000.0,0.0,258679000000.0,0.0,258679000000.0,728000000.0,5454321000000.0,3388636000000.0,-491553000000.0,0.0
MBB,2018,4,0.0,6669119000000.0,1388550000000.0,4.0,,,,,,,,,,,-3215935000000.0,,,,,,1752454000000.0,-351023000000.0,-12881000000.0,1388550000000.0,0.0,1388550000000.0,MBB,income_statement,-747084000000.0,6669119000000.0,-2515504000000.0,4153615000000.0,2374087000000.0,-1498502000000.0,875585000000.0,142722000000.0,18955000000.0,0.0,437644000000.0,0.0,437644000000.0,86952000000.0,5715473000000.0,2499538000000.0,-363904000000.0,0.0
MBB,2018,3,0.0,6363929000000.0,1761043000000.0,0.0,,,,,,,,,,,-1968079000000.0,,,,,,2185455000000.0,-420755000000.0,-3657000000.0,1761043000000.0,0.0,1761043000000.0,MBB,income_statement,-645617000000.0,6363929000000.0,-2731230000000.0,3632699000000.0,1298064000000.0,-587879000000.0,710185000000.0,127165000000.0,-29608000000.0,0.0,356109000000.0,0.0,356109000000.0,2601000000.0,4799151000000.0,2831072000000.0,-424412000000.0,0.0
MBB,2018,2,0.0,6174345000000.0,1449332000000.0,0.0,,,,,,,,,,,-1926942000000.0,,,,,,1910987000000.0,-422046000000.0,2491000000.0,1491432000000.0,-42100000000.0,1449332000000.0,MBB,income_statement,-952806000000.0,6174345000000.0,-2670497000000.0,3503848000000.0,1148049000000.0,-485504000000.0,662545000000.0,99069000000.0,35262000000.0,0.0,911843000000.0,-452675000000.0,459168000000.0,30843000000.0,4790735000000.0,2863793000000.0,-419555000000.0,0.0
MBB,2018,1,0.0,5616972000000.0,1548876000000.0,1.0,,,,,,,,,,,-1622846000000.0,,,,,,1918477000000.0,-381333000000.0,11732000000.0,1548876000000.0,0.0,1548876000000.0,MBB,income_statement,-692224000000.0,5616972000000.0,-2323637000000.0,3293335000000.0,898862000000.0,-583523000000.0,315339000000.0,75612000000.0,275879000000.0,0.0,264158000000.0,0.0,264158000000.0,9224000000.0,4233547000000.0,2610701000000.0,-369601000000.0,0.0
MBB,2017,4,0.0,5519367000000.0,298182000000.0,0.0,,,,,,,,,,,-1925432000000.0,,,,,,613634000000.0,-315452000000.0,0.0,298182000000.0,0.0,298182000000.0,MBB,income_statement,-1315991000000.0,5519367000000.0,-2273952000000.0,3245415000000.0,715853000000.0,-621130000000.0,94723000000.0,65529000000.0,-21313000000.0,0.0,465688000000.0,0.0,465688000000.0,5015000000.0,3855057000000.0,1929625000000.0,-315452000000.0,0.0
MBB,2017,3,0.0,5097069000000.0,1194656000000.0,1.0,,,,,,,,,,,-1539641000000.0,,,,,,1477757000000.0,-283101000000.0,0.0,1194656000000.0,0.0,1194656000000.0,MBB,income_statement,-614317000000.0,5097069000000.0,-2262098000000.0,2834971000000.0,936355000000.0,-561531000000.0,374824000000.0,82329000000.0,42791000000.0,0.0,272318000000.0,0.0,272318000000.0,24482000000.0,3631715000000.0,2092074000000.0,-283101000000.0,0.0
MBB,2017,2,0.0,4804146000000.0,1074774000000.0,0.0,,,,,,,,,,,-1323548000000.0,,,,,,1412393000000.0,-304270000000.0,-205000000.0,1107918000000.0,-33144000000.0,1074774000000.0,MBB,income_statement,-742639000000.0,4804146000000.0,-2072192000000.0,2731954000000.0,955072000000.0,-526609000000.0,428463000000.0,23656000000.0,40484000000.0,0.0,345485000000.0,-118682000000.0,226803000000.0,27220000000.0,3478580000000.0,2155032000000.0,-304475000000.0,0.0
MBB,2017,1,0.0,4455444000000.0,889659000000.0,0.0,,,,,,,,,,,-1210618000000.0,,,,,,1111942000000.0,-222283000000.0,0.0,889659000000.0,0.0,889659000000.0,MBB,income_statement,-579164000000.0,4455444000000.0,-2048832000000.0,2406612000000.0,615559000000.0,-382893000000.0,232666000000.0,30258000000.0,82483000000.0,0.0,144265000000.0,0.0,144265000000.0,5440000000.0,2901724000000.0,1691106000000.0,-222283000000.0,0.0
MBB,2016,4,0.0,4248194000000.0,585778000000.0,0.0,,,,,,,,,,,-1289514000000.0,,,,,,862133000000.0,-221708000000.0,0.0,640425000000.0,-54647000000.0,585778000000.0,MBB,income_statement,-902173000000.0,4248194000000.0,-1965555000000.0,2282639000000.0,600027000000.0,-376604000000.0,223423000000.0,72325000000.0,-1995000000.0,0.0,461577000000.0,0.0,461577000000.0,15851000000.0,3053820000000.0,1764306000000.0,-221708000000.0,0.0
MBB,2016,3,0.0,4091465000000.0,757068000000.0,0.0,,,,,,,,,,,-1075937000000.0,,,,,,926242000000.0,-191388000000.0,-164000000.0,734690000000.0,22378000000.0,757068000000.0,MBB,income_statement,-545765000000.0,4091465000000.0,-2020466000000.0,2070999000000.0,281394000000.0,-101427000000.0,179967000000.0,14256000000.0,145048000000.0,0.0,135802000000.0,0.0,135802000000.0,1872000000.0,2547944000000.0,1472007000000.0,-191552000000.0,0.0
MBB,2016,2,0.0,3741095000000.0,799262000000.0,0.0,,,,,,,,,,,-887160000000.0,,,,,,979881000000.0,-178220000000.0,0.0,801661000000.0,-2399000000.0,799262000000.0,MBB,income_statement,-342740000000.0,3741095000000.0,-1883890000000.0,1857205000000.0,237428000000.0,-76430000000.0,160998000000.0,1788000000.0,-52799000000.0,0.0,193662000000.0,-31376000000.0,162286000000.0,80303000000.0,2209781000000.0,1322621000000.0,-178220000000.0,0.0
MBB,2016,1,0.0,3471723000000.0,705157000000.0,0.0,,,,,,,,,,,-922057000000.0,,,,,,882329000000.0,-175554000000.0,0.0,706775000000.0,-1618000000.0,705157000000.0,MBB,income_statement,-239426000000.0,3471723000000.0,-1703622000000.0,1768101000000.0,179041000000.0,-60789000000.0,118252000000.0,24985000000.0,11189000000.0,0.0,117154000000.0,0.0,117154000000.0,4131000000.0,2043812000000.0,1121755000000.0,-175554000000.0,0.0
MBB,2015,4,0.0,3420705000000.0,448450000000.0,0.0,,,,,,,,,,,-1102522000000.0,,,,,,652330000000.0,-165352000000.0,0.0,486978000000.0,-38528000000.0,448450000000.0,MBB,income_statement,-402259000000.0,3420705000000.0,-1578927000000.0,1841778000000.0,861179000000.0,-759236000000.0,101943000000.0,59463000000.0,28885000000.0,0.0,109400000000.0,0.0,109400000000.0,15642000000.0,2157111000000.0,1054589000000.0,-165352000000.0,0.0
MBB,2015,3,0.0,3130201000000.0,603089000000.0,0.0,,,,,,,,,,,-803701000000.0,,,,,,724955000000.0,-153701000000.0,0.0,571254000000.0,31835000000.0,603089000000.0,MBB,income_statement,-512308000000.0,3130201000000.0,-1539320000000.0,1590881000000.0,294037000000.0,-91559000000.0,202478000000.0,59222000000.0,71851000000.0,0.0,99908000000.0,0.0,99908000000.0,16624000000.0,2040964000000.0,1237263000000.0,-153701000000.0,0.0
MBB,2015,2,0.0,3397274000000.0,818626000000.0,0.0,,,,,,,,,,,-821828000000.0,,,,,,1030650000000.0,-211361000000.0,-1139000000.0,818150000000.0,476000000.0,818626000000.0,MBB,income_statement,-424686000000.0,3397274000000.0,-1512695000000.0,1884579000000.0,188505000000.0,-60515000000.0,127990000000.0,7818000000.0,-2854000000.0,0.0,254082000000.0,-46680000000.0,207402000000.0,52229000000.0,2277164000000.0,1455336000000.0,-212500000000.0,0.0
MBB,2015,1,0.0,3589449000000.0,619906000000.0,0.0,,,,,,,,,,,-721080000000.0,,,,,,797367000000.0,-176985000000.0,0.0,620382000000.0,-476000000.0,619906000000.0,MBB,income_statement,-762815000000.0,3589449000000.0,-1588156000000.0,2001293000000.0,184249000000.0,-72822000000.0,111427000000.0,32545000000.0,20783000000.0,0.0,108030000000.0,0.0,108030000000.0,7184000000.0,2281262000000.0,1560182000000.0,-176985000000.0,0.0
MBB,2014,4,0.0,3356391451921.0,533480135136.0,0.0,,,,,,,,,,,-869371902643.0,,,,,,749262742250.0,-160613296710.0,-2663892000.0,585985553540.0,-52505418404.0,533480135136.0,MBB,income_statement,-530690519228.0,3356391451921.0,-1706353829944.0,1650037621977.0,432600522400.0,-210304652866.0,222295869534.0,5006018727.0,157301305393.0,0.0,83854604251.0,0.0,83854604251.0,30829744239.0,2149325164121.0,1279953261478.0,-163277188710.0,0.0
MBB,2014,3,0.0,3188134458122.0,619839153930.0,0.0,,,,,,,,,,,-786237881470.0,,,,,,722293088128.0,-143703220995.0,0.0,578589867133.0,41249286797.0,619839153930.0,MBB,income_statement,-548469903171.0,3188134458122.0,-1631697871089.0,1556436587033.0,407224942814.0,-131856283301.0,275368659513.0,22072152813.0,147427978169.0,0.0,52400754110.0,0.0,52400754110.0,3294741131.0,2057000872769.0,1270762991299.0,-143703220995.0,0.0
MBB,2014,2,0.0,3473780686203.0,694437761208.0,0.0,,,,,,,,,,,-802214690249.0,,,,,,892696931703.0,-190534336354.0,0.0,702162595349.0,-7724834141.0,694437761208.0,MBB,income_statement,-573583358864.0,3473780686203.0,-1574323450102.0,1899457236101.0,310368768602.0,-63026318465.0,247342450137.0,42895217232.0,-103744981082.0,0.0,151725440230.0,-11311626903.0,140413813327.0,42131245101.0,2268494980816.0,1466280290567.0,-190534336354.0,0.0
MBB,2014,1,0.0,3130297011036.0,628213087306.0,0.0,,,,,,,,,,,-656377088313.0,,,,,,809750152013.0,-173500121841.0,0.0,636250030172.0,-8036942866.0,628213087306.0,MBB,income_statement,-365945854763.0,3130297011036.0,-1696153739549.0,1434143271487.0,257998133507.0,-52603086478.0,205395047029.0,19861835734.0,105312925191.0,0.0,65091856248.0,0.0,65091856248.0,2268159400.0,1832073095089.0,1175696006776.0,-173500121841.0,0.0
MBB,2013,4,0.0,3188578589550.0,394254634608.0,0.0,,,,,,,,,,,-682373982714.0,,,,,,554567243870.0,-79962949869.0,0.0,474604294001.0,-80349659393.0,394254634608.0,MBB,income_statement,-318015001405.0,3188578589550.0,-1572762307585.0,1615816281965.0,136327886217.0,-42553388545.0,93774497672.0,-17554229896.0,-183041077898.0,0.0,43412556146.0,0.0,43412556146.0,2548200000.0,1554956227989.0,872582245275.0,-79962949869.0,0.0
MBB,2013,3,0.0,3083953774110.0,529885162670.0,0.0,,,,,,,,,,,-733722077079.0,,,,,,659941198565.0,-213774240470.0,573750000.0,446740708095.0,83144454575.0,529885162670.0,MBB,income_statement,-779070086220.0,3083953774110.0,-1697987871473.0,1385965902637.0,342431911629.0,-121873051852.0,220558859777.0,44450846003.0,134633903674.0,0.0,375116083703.0,0.0,375116083703.0,12007766070.0,2172733361864.0,1439011284785.0,-213200490470.0,0.0
MBB,2013,2,0.0,3517268513812.0,720075856253.0,0.0,,,,,,,,,,,-670837755391.0,,,,,,967957390471.0,-237415852371.0,-994500000.0,729547038100.0,-9471181847.0,720075856253.0,MBB,income_statement,-402822387190.0,3517268513812.0,-1959157820329.0,1558110693483.0,292167448696.0,-82451515250.0,209715933446.0,45510224902.0,15210555216.0,0.0,179422158943.0,-11901558625.0,167520600318.0,45549525687.0,2041617533052.0,1370779777661.0,-238410352371.0,0.0
MBB,2013,1,0.0,3673132878374.0,623108989004.0,0.0,,,,,,,,,,,-616180339239.0,,,,,,831491100435.0,-204063862406.0,0.0,627427238029.0,-4318249025.0,623108989004.0,MBB,income_statement,-396687881020.0,3673132878374.0,-2109494757443.0,1563638120931.0,237248641146.0,-64835994985.0,172412646161.0,26912603492.0,44364747313.0,0.0,19875639766.0,0.0,19875639766.0,17155563031.0,1844359320694.0,1228178981455.0,-204063862406.0,0.0
MBB,2012,4,0.0,4218355323868.0,265858150556.0,-1.0,,,,,,,,,,,-933946422192.0,,,,,,364604798817.0,-95926025550.0,2464844750.0,271143618017.0,-5285467461.0,265858150556.0,MBB,income_statement,-1076282636816.0,4218355323868.0,-2440545707988.0,1777809615880.0,267759790397.0,-60124791931.0,207634998466.0,-31210723481.0,343085885121.0,0.0,70121690373.0,0.0,70121690373.0,7392391466.0,2374833857825.0,1440887435633.0,-93461180800.0,0.0
MBB,2012,2,0.0,3740236633743.0,715653737347.0,1.0,,,,,,,,,,,-608961971367.0,,,,,,957522203124.0,-238432388865.0,0.0,719089814259.0,-3436076912.0,715653737347.0,MBB,income_statement,-235330677868.0,3740236633743.0,-2214490757653.0,1525745876090.0,230765892194.0,-42179934813.0,188585957381.0,12402023696.0,-44623367909.0,0.0,95299263658.0,0.0,95299263658.0,24405099443.0,1801814852359.0,1192852880992.0,-238432388865.0,0.0
MBB,2012,1,0.0,4097158702643.0,680735955556.0,0.0,,,,,,,,,,,-498989834950.0,,,,,,903553173770.0,-220437596135.0,0.0,683115577635.0,-2379622079.0,680735955556.0,MBB,income_statement,-369543131205.0,4097158702643.0,-2493852426564.0,1603306276079.0,207569238464.0,-25181722171.0,182387516293.0,7500197936.0,-47818392907.0,0.0,5597481116.0,0.0,5597481116.0,21113061408.0,1772086139925.0,1273096304975.0,-220437596135.0,0.0
MBB,2011,4,0.0,4048838000000.0,745111000000.0,0.0,,,,,,,,,,,-640911000000.0,,,,,,861837000000.0,-169098000000.0,0.0,692739000000.0,52372000000.0,745111000000.0,MBB,income_statement,-91500000000.0,4048838000000.0,-2483864000000.0,1564974000000.0,629795000000.0,-460293000000.0,169502000000.0,53952000000.0,-218034000000.0,0.0,173366000000.0,-160146000000.0,13220000000.0,10634000000.0,1594248000000.0,953337000000.0,-169098000000.0,0.0
MBB,2011,3,0.0,3618588953463.0,536969300325.0,0.0,,,,,,,,,,,-667859536047.0,,,,,,687524279165.0,-170791024469.0,-446566375.0,516286688321.0,20682612004.0,536969300325.0,MBB,income_statement,-506502847427.0,3618588953463.0,-2313665594468.0,1304923358995.0,175708012059.0,-23302069944.0,152405942115.0,-3186609385.0,-12762158669.0,0.0,391584085068.0,0.0,391584085068.0,28922044515.0,1861886662639.0,1194027126592.0,-171237590844.0,0.0
MBB,2011,2,0.0,3424831889247.0,349893979555.0,0.0,,,,,,,,,,,-410644870932.0,,,,,,427366360475.0,-189571648356.0,447000000.0,238241712119.0,111652267436.0,349893979555.0,MBB,income_statement,-183925017317.0,3424831889247.0,-2179866743261.0,1244965145986.0,177145826300.0,-18042394002.0,159103432298.0,-15140446450.0,-409116060946.0,0.0,21543366184.0,0.0,21543366184.0,20580811652.0,1021936248724.0,611291377792.0,-189124648356.0,0.0
ACB,2025,4,0.0,16080424000000.0,2784685000000.0,0.0,,,,,,,,,,,-2782374000000.0,,,,,,3467027000000.0,-663269000000.0,-19073000000.0,2784685000000.0,,2784685000000.0,ACB,income_statement,-1956645000000.0,16080424000000.0,-8987152000000.0,7093272000000.0,1381930000000.0,-487659000000.0,894271000000.0,137141000000.0,46561000000.0,-47782000000.0,410156000000.0,-366714000000.0,43442000000.0,39141000000.0,8206046000000.0,5423672000000.0,-682342000000.0,0.0
ACB,2025,3,0.0,15049404000000.0,4280589000000.0,0.0,,,,,,,,,,,-2713933000000.0,,,,,,5381796000000.0,-1081502000000.0,-19705000000.0,4280589000000.0,,4280589000000.0,ACB,income_statement,-288936000000.0,15049404000000.0,-8279694000000.0,6769710000000.0,1317755000000.0,-522330000000.0,795425000000.0,449150000000.0,367366000000.0,-30000000.0,370657000000.0,-385920000000.0,-15263000000.0,18307000000.0,8384665000000.0,5670732000000.0,-1101207000000.0,0.0
ACB,2025,2,0.0,14298695000000.0,4881159000000.0,0.0,,,,,,,,,,,-2736160000000.0,,,,,,6093345000000.0,-1210700000000.0,-1486000000.0,4881159000000.0,,4881159000000.0,ACB,income_statement,-463039000000.0,14298695000000.0,-7614847000000.0,6683848000000.0,1102158000000.0,-517427000000.0,584731000000.0,670005000000.0,36590000000.0,446091000000.0,1163413000000.0,-350690000000.0,812723000000.0,58556000000.0,9292544000000.0,6556384000000.0,-1212186000000.0,0.0
ACB,2025,1,0.0,13327306000000.0,3678266000000.0,0.0,,,,,,,,,,,-2691892000000.0,,,,,,4596608000000.0,-958551000000.0,40209000000.0,3678266000000.0,,3678266000000.0,ACB,income_statement,-626128000000.0,13327306000000.0,-6968441000000.0,6358865000000.0,1394280000000.0,-521967000000.0,872313000000.0,475590000000.0,23799000000.0,-1495000000.0,284468000000.0,-102083000000.0,182385000000.0,3171000000.0,7914628000000.0,5222736000000.0,-918342000000.0,0.0
ACB,2024,4,0.0,13518376000000.0,4545364000000.0,0.0,,,,,,,,,,,-2739350000000.0,,,,,,5671271000000.0,-1086127000000.0,-39780000000.0,4545364000000.0,,4545364000000.0,ACB,income_statement,-147675000000.0,13518376000000.0,-6438085000000.0,7080291000000.0,1435715000000.0,-566890000000.0,868825000000.0,344167000000.0,-26090000000.0,213050000000.0,419472000000.0,-346882000000.0,72590000000.0,5463000000.0,8558296000000.0,5818946000000.0,-1125907000000.0,1017.0
ACB,2024,3,0.0,12922067000000.0,3870395000000.0,0.0,,,,,,,,,,,-2933714000000.0,,,,,,4844044000000.0,-971306000000.0,-2343000000.0,3870395000000.0,,3870395000000.0,ACB,income_statement,-358243000000.0,12922067000000.0,-6040680000000.0,6881387000000.0,1325822000000.0,-578633000000.0,747189000000.0,166635000000.0,71287000000.0,47199000000.0,259065000000.0,-56305000000.0,202760000000.0,19544000000.0,8136001000000.0,5202287000000.0,-973649000000.0,0.0
ACB,2024,2,0.0,12474712000000.0,4468590000000.0,0.0,,,,,,,,,,,-2465618000000.0,,,,,,5598243000000.0,-1075344000000.0,-54309000000.0,4468590000000.0,,4468590000000.0,ACB,income_statement,-588150000000.0,12474712000000.0,-5363206000000.0,7111506000000.0,1421150000000.0,-543581000000.0,877569000000.0,426650000000.0,-41231000000.0,-14005000000.0,415272000000.0,-129401000000.0,285871000000.0,5651000000.0,8652011000000.0,6186393000000.0,-1129653000000.0,779.0
ACB,2024,1,0.0,11987594000000.0,3905419000000.0,0.0,,,,,,,,,,,-2763921000000.0,,,,,,4892313000000.0,-1066922000000.0,80028000000.0,3905419000000.0,,3905419000000.0,ACB,income_statement,-512217000000.0,11987594000000.0,-5266076000000.0,6721518000000.0,1282271000000.0,-537069000000.0,745202000000.0,233300000000.0,196391000000.0,204068000000.0,172323000000.0,-109907000000.0,62416000000.0,5556000000.0,8168451000000.0,5404530000000.0,-986894000000.0,1006.0
ACB,2023,4,0.0,12515015000000.0,4006279000000.0,0.0,,,,,,,,,,,-3013248000000.0,,,,,,5043574000000.0,-975257000000.0,-62038000000.0,4006279000000.0,,4006279000000.0,ACB,income_statement,-321641000000.0,12515015000000.0,-6225399000000.0,6289616000000.0,1305933000000.0,-578635000000.0,727298000000.0,28950000000.0,-13925000000.0,1358428000000.0,216906000000.0,-230699000000.0,-13793000000.0,1889000000.0,8378463000000.0,5365215000000.0,-1037295000000.0,1031.0
ACB,2023,3,0.0,13023905000000.0,4037579000000.0,0.0,,,,,,,,,,,-2868218000000.0,,,,,,5035481000000.0,-996856000000.0,-1046000000.0,4037579000000.0,,4037579000000.0,ACB,income_statement,-520683000000.0,13023905000000.0,-6814777000000.0,6209128000000.0,1301774000000.0,-538187000000.0,763587000000.0,315762000000.0,67760000000.0,881942000000.0,202751000000.0,-55714000000.0,147037000000.0,39166000000.0,8424382000000.0,5556164000000.0,-997902000000.0,1040.0
ACB,2023,2,0.0,13583597000000.0,3865846000000.0,0.0,,,,,,,,,,,-2485180000000.0,,,,,,4832447000000.0,-911557000000.0,-55044000000.0,3865846000000.0,,3865846000000.0,ACB,income_statement,-705893000000.0,13583597000000.0,-7337925000000.0,6245672000000.0,1262569000000.0,-458183000000.0,804386000000.0,327437000000.0,71566000000.0,407802000000.0,200858000000.0,-37975000000.0,162883000000.0,3774000000.0,8023520000000.0,5538340000000.0,-966601000000.0,797.0
ACB,2023,1,0.0,13224279000000.0,4135029000000.0,0.0,,,,,,,,,,,-2507640000000.0,,,,,,5156497000000.0,-1109352000000.0,87884000000.0,4135029000000.0,,4135029000000.0,ACB,income_statement,-256014000000.0,13224279000000.0,-7009125000000.0,6215154000000.0,1075475000000.0,-448409000000.0,627066000000.0,437956000000.0,42982000000.0,-1032000000.0,576702000000.0,-9458000000.0,567244000000.0,30781000000.0,7920151000000.0,5412511000000.0,-1021468000000.0,1224.0
ACB,2022,4,0.0,11905432000000.0,2870518000000.0,0.0,,,,,,,,,,,-4064328000000.0,,,,,,3611083000000.0,-692817000000.0,-47748000000.0,2870518000000.0,,2870518000000.0,ACB,income_statement,-250585000000.0,11905432000000.0,-5451215000000.0,6454217000000.0,1392840000000.0,-465807000000.0,927033000000.0,503889000000.0,-110032000000.0,-2708000000.0,163883000000.0,-23306000000.0,140577000000.0,13020000000.0,7925996000000.0,3861668000000.0,-740565000000.0,849.0
ACB,2022,3,0.0,10320044000000.0,3586992000000.0,1.0,,,,,,,,,,,-2525765000000.0,,,,,,4474760000000.0,-866236000000.0,-21532000000.0,3586992000000.0,,3586992000000.0,ACB,income_statement,-90436000000.0,10320044000000.0,-4287794000000.0,6032250000000.0,1296877000000.0,-430092000000.0,866785000000.0,95844000000.0,-39964000000.0,-1502000000.0,104791000000.0,19046000000.0,123837000000.0,13711000000.0,7090961000000.0,4565196000000.0,-887768000000.0,1063.0
ACB,2022,2,0.0,9419513000000.0,3943148000000.0,1.0,,,,,,,,,,,-2276351000000.0,,,,,,4914360000000.0,-903936000000.0,-67276000000.0,3943148000000.0,,3943148000000.0,ACB,income_statement,267364000000.0,9419513000000.0,-3813123000000.0,5606390000000.0,1342948000000.0,-349681000000.0,993267000000.0,145269000000.0,-226653000000.0,18353000000.0,412721000000.0,-56632000000.0,356089000000.0,30632000000.0,6923347000000.0,4646996000000.0,-971212000000.0,879.0
ACB,2022,1,0.0,9053845000000.0,3287535000000.0,0.0,,,,,,,,,,,-2738601000000.0,,,,,,4114005000000.0,-982622000000.0,156152000000.0,3287535000000.0,,3287535000000.0,ACB,income_statement,2843000000.0,9053845000000.0,-3613173000000.0,5440672000000.0,1024894000000.0,-285735000000.0,739159000000.0,303367000000.0,-11224000000.0,6505000000.0,429099000000.0,-59908000000.0,369191000000.0,2093000000.0,6849763000000.0,4111162000000.0,-826470000000.0,1217.0
ACB,2021,4,0.0,8455034000000.0,2428495000000.0,0.0,,,,,,,,,,,-2417444000000.0,,,,,,3029760000000.0,-528304000000.0,-72961000000.0,2428495000000.0,,2428495000000.0,ACB,income_statement,-524017000000.0,8455034000000.0,-3660712000000.0,4794322000000.0,1062911000000.0,-316093000000.0,746818000000.0,237959000000.0,61319000000.0,58365000000.0,134023000000.0,-64922000000.0,69101000000.0,3337000000.0,5971221000000.0,3553777000000.0,-601265000000.0,898.0
ACB,2021,3,0.0,8290513000000.0,2102615000000.0,0.0,,,,,,,,,,,-2254497000000.0,,,,,,2615599000000.0,-558745000000.0,45761000000.0,2102615000000.0,,2102615000000.0,ACB,income_statement,-820086000000.0,8290513000000.0,-3770002000000.0,4520511000000.0,897088000000.0,-261529000000.0,635559000000.0,205933000000.0,183481000000.0,92038000000.0,148382000000.0,-106055000000.0,42327000000.0,10333000000.0,5690182000000.0,3435685000000.0,-512984000000.0,323.0
ACB,2021,2,0.0,8653369000000.0,2588235000000.0,1.0,,,,,,,,,,,-1592538000000.0,,,,,,3248434000000.0,-591994000000.0,-68205000000.0,2588235000000.0,,2588235000000.0,ACB,income_statement,-1386245000000.0,8653369000000.0,-3662982000000.0,4990387000000.0,1186356000000.0,-299977000000.0,886379000000.0,231524000000.0,91668000000.0,44709000000.0,174708000000.0,-195620000000.0,-20912000000.0,3462000000.0,6227217000000.0,4634679000000.0,-660199000000.0,673.0
ACB,2021,1,0.0,8314894000000.0,2483401000000.0,1.0,,,,,,,,,,,-1965297000000.0,,,,,,3104319000000.0,-710036000000.0,89118000000.0,2483401000000.0,,2483401000000.0,ACB,income_statement,-605761000000.0,8314894000000.0,-3675322000000.0,4639572000000.0,880105000000.0,-254898000000.0,625207000000.0,196140000000.0,113492000000.0,48939000000.0,246046000000.0,-197099000000.0,48947000000.0,3080000000.0,5675377000000.0,3710080000000.0,-620918000000.0,1149.0
ACB,2020,4,0.0,8461611000000.0,2549543000000.0,1.0,,,,,,,,,,,-1763715000000.0,,,,,,3184729000000.0,-633372000000.0,-1814000000.0,2549543000000.0,,2549543000000.0,ACB,income_statement,-246961000000.0,8461611000000.0,-4045879000000.0,4415732000000.0,797121000000.0,-391415000000.0,405706000000.0,198686000000.0,63524000000.0,32411000000.0,136332000000.0,-70416000000.0,65916000000.0,13430000000.0,5195405000000.0,3431690000000.0,-635186000000.0,1180.0
ACB,2020,3,0.0,7930860000000.0,2074572000000.0,0.0,,,,,,,,,,,-1732012000000.0,,,,,,2591572000000.0,-511134000000.0,-5866000000.0,2074572000000.0,,2074572000000.0,ACB,income_statement,-161996000000.0,7930860000000.0,-4295859000000.0,3635001000000.0,735773000000.0,-244196000000.0,491577000000.0,192807000000.0,17433000000.0,37526000000.0,154046000000.0,-42811000000.0,111235000000.0,1000000.0,4485580000000.0,2753568000000.0,-517000000000.0,548.0
ACB,2020,2,0.0,7612667000000.0,1521655000000.0,0.0,,,,,,,,,,,-1767906000000.0,,,,,,1894664000000.0,-393704000000.0,20695000000.0,1521655000000.0,,1521655000000.0,ACB,income_statement,-439530000000.0,7612667000000.0,-4500721000000.0,3111946000000.0,631989000000.0,-205330000000.0,426659000000.0,152824000000.0,70908000000.0,313391000000.0,82674000000.0,-60684000000.0,21990000000.0,4382000000.0,4102100000000.0,2334194000000.0,-373009000000.0,855.0
ACB,2020,1,0.0,7850610000000.0,1537053000000.0,0.0,,,,,,,,,,,-2360635000000.0,,,,,,1924923000000.0,-402471000000.0,14601000000.0,1537053000000.0,,1537053000000.0,ACB,income_statement,-92666000000.0,7850610000000.0,-4431166000000.0,3419444000000.0,638601000000.0,-267889000000.0,370712000000.0,142870000000.0,14638000000.0,348787000000.0,122407000000.0,-41898000000.0,80509000000.0,1264000000.0,4378224000000.0,2017589000000.0,-387870000000.0,928.0
ACB,2019,4,0.0,7684857000000.0,1549241000000.0,0.0,,,,,,,,,,,-2742896000000.0,,,,,,1954930000000.0,-338808000000.0,-66881000000.0,1549241000000.0,,1549241000000.0,ACB,income_statement,-111860000000.0,7684857000000.0,-4355266000000.0,3329591000000.0,733686000000.0,-247882000000.0,485804000000.0,138978000000.0,1227000000.0,50658000000.0,841003000000.0,-38054000000.0,802949000000.0,479000000.0,4809686000000.0,2066790000000.0,-405689000000.0,878.0
ACB,2019,3,0.0,7285383000000.0,1549212000000.0,0.0,,,,,,,,,,,-1843617000000.0,,,,,,1938773000000.0,-400951000000.0,11390000000.0,1549212000000.0,,1549212000000.0,ACB,income_statement,-66466000000.0,7285383000000.0,-4262358000000.0,3023025000000.0,726617000000.0,-207479000000.0,519138000000.0,142048000000.0,51801000000.0,11967000000.0,88345000000.0,-4425000000.0,83920000000.0,16957000000.0,3848856000000.0,2005239000000.0,-389561000000.0,438.0
ACB,2019,2,0.0,6811805000000.0,1532743000000.0,0.0,,,,,,,,,,,-1922154000000.0,,,,,,1915339000000.0,-365036000000.0,-17560000000.0,1532743000000.0,,1532743000000.0,ACB,income_statement,-111156000000.0,6811805000000.0,-3908801000000.0,2903004000000.0,707878000000.0,-187775000000.0,520103000000.0,68747000000.0,-3942000000.0,-26749000000.0,480648000000.0,-1109000000.0,479539000000.0,7947000000.0,3948649000000.0,2026495000000.0,-382596000000.0,1149.0
ACB,2019,1,0.0,6535477000000.0,1365889000000.0,0.0,,,,,,,,,,,-1798929000000.0,,,,,,1706894000000.0,-371594000000.0,30589000000.0,1365889000000.0,,1365889000000.0,ACB,income_statement,15661000000.0,6535477000000.0,-3678937000000.0,2856540000000.0,540578000000.0,-169131000000.0,371447000000.0,80552000000.0,26120000000.0,18446000000.0,136198000000.0,-2466000000.0,133732000000.0,3325000000.0,3490162000000.0,1691233000000.0,-341005000000.0,1095.0
ACB,2018,4,0.0,6617477000000.0,1365231000000.0,1.0,,,,,,,,,,,-2279898000000.0,,,,,,1612224000000.0,-292988000000.0,45995000000.0,1365231000000.0,,1365231000000.0,ACB,income_statement,-272215000000.0,6617477000000.0,-3678873000000.0,2938604000000.0,595216000000.0,-172765000000.0,422451000000.0,-66506000000.0,-31012000000.0,-17548000000.0,927489000000.0,-10769000000.0,916720000000.0,1628000000.0,4164337000000.0,1884439000000.0,-246993000000.0,659.0
ACB,2018,3,0.0,6007831000000.0,1309422000000.0,1.0,,,,,,,,,,,-1520206000000.0,,,,,,1625331000000.0,-315434000000.0,-475000000.0,1309422000000.0,,1309422000000.0,ACB,income_statement,-214904000000.0,6007831000000.0,-3444588000000.0,2563243000000.0,525726000000.0,-197304000000.0,328422000000.0,160887000000.0,-18545000000.0,123170000000.0,249778000000.0,-57895000000.0,191883000000.0,11381000000.0,3360441000000.0,1840235000000.0,-315909000000.0,0.0
ACB,2018,2,0.0,5804195000000.0,1317913000000.0,2.0,,,,,,,,,,,-1232830000000.0,,,,,,1660929000000.0,-343016000000.0,0.0,1317913000000.0,,1317913000000.0,ACB,income_statement,-311286000000.0,5804195000000.0,-3315933000000.0,2488262000000.0,510894000000.0,-117185000000.0,393709000000.0,68586000000.0,-34164000000.0,-74923000000.0,395040000000.0,-39477000000.0,355563000000.0,8012000000.0,3205045000000.0,1972215000000.0,-343016000000.0,0.0
ACB,2018,1,0.0,5585859000000.0,1144486000000.0,1.0,,,,,,,,,,,-1679283000000.0,,,,,,1490087000000.0,-347980000000.0,2379000000.0,1144486000000.0,,1144486000000.0,ACB,income_statement,-134006000000.0,5585859000000.0,-3213048000000.0,2372811000000.0,462763000000.0,-109819000000.0,352944000000.0,78423000000.0,5392000000.0,137835000000.0,379995000000.0,-29390000000.0,350605000000.0,5366000000.0,3303376000000.0,1624093000000.0,-345601000000.0,0.0
ACB,2017,4,0.0,5476680000000.0,591220000000.0,1.0,,,,,,,,,,,-1726460000000.0,,,,,,652184000000.0,-66325000000.0,5361000000.0,591220000000.0,,591220000000.0,ACB,income_statement,-1074004000000.0,5476680000000.0,-3094095000000.0,2382585000000.0,449627000000.0,-110908000000.0,338719000000.0,57152000000.0,-1448000000.0,228629000000.0,458807000000.0,-16841000000.0,441966000000.0,5045000000.0,3452648000000.0,1726188000000.0,-60964000000.0,726.0
ACB,2017,3,0.0,5193635000000.0,546797000000.0,1.0,,,,,,,,,,,-1268654000000.0,,,,,,741846000000.0,-198964000000.0,3915000000.0,546797000000.0,,546797000000.0,ACB,income_statement,-524844000000.0,5193635000000.0,-3046421000000.0,2147214000000.0,401477000000.0,-92784000000.0,308693000000.0,54375000000.0,-26107000000.0,2535000000.0,78441000000.0,-37366000000.0,41075000000.0,7559000000.0,2535344000000.0,1266690000000.0,-195049000000.0,0.0
ACB,2017,2,0.0,5002035000000.0,501948000000.0,0.0,,,,,,,,,,,-1748457000000.0,,,,,,667389000000.0,-160453000000.0,-4988000000.0,501948000000.0,,501948000000.0,ACB,income_statement,-359174000000.0,5002035000000.0,-2982147000000.0,2019888000000.0,388420000000.0,-95426000000.0,292994000000.0,58518000000.0,13181000000.0,326630000000.0,49410000000.0,-3513000000.0,45897000000.0,17912000000.0,2775020000000.0,1026563000000.0,-165441000000.0,0.0
ACB,2017,1,0.0,4647289000000.0,478166000000.0,1.0,,,,,,,,,,,-1473788000000.0,,,,,,594788000000.0,-130399000000.0,13777000000.0,478166000000.0,,478166000000.0,ACB,income_statement,-607321000000.0,4647289000000.0,-2739222000000.0,1908067000000.0,335144000000.0,-87219000000.0,247925000000.0,66684000000.0,39679000000.0,45285000000.0,365781000000.0,-3077000000.0,362704000000.0,5553000000.0,2675897000000.0,1202109000000.0,-116622000000.0,0.0
ACB,2016,4,0.0,4556524000000.0,328357000000.0,1.0,,,,,,,,,,,-1188704000000.0,,,,,,422729000000.0,-93910000000.0,-462000000.0,328357000000.0,,328357000000.0,ACB,income_statement,-654940000000.0,4556524000000.0,-2610261000000.0,1946263000000.0,379873000000.0,-96076000000.0,283797000000.0,79600000000.0,74570000000.0,-283755000000.0,164724000000.0,-7427000000.0,157297000000.0,8601000000.0,2266373000000.0,1077669000000.0,-94372000000.0,0.0
ACB,2016,3,0.0,4142504000000.0,333822000000.0,0.0,,,,,,,,,,,-1243131000000.0,,,,,,415830000000.0,-79724000000.0,-2284000000.0,333822000000.0,,333822000000.0,ACB,income_statement,-192153000000.0,4142504000000.0,-2485527000000.0,1656977000000.0,319368000000.0,-82987000000.0,236381000000.0,51701000000.0,7608000000.0,-140336000000.0,22006000000.0,10832000000.0,32838000000.0,5945000000.0,1851114000000.0,607983000000.0,-82008000000.0,0.0
ACB,2016,2,0.0,4014125000000.0,352719000000.0,0.0,,,,,,,,,,,-1171007000000.0,,,,,,439193000000.0,-85958000000.0,-516000000.0,352719000000.0,,352719000000.0,ACB,income_statement,-137047000000.0,4014125000000.0,-2307046000000.0,1707079000000.0,306181000000.0,-83248000000.0,222933000000.0,56231000000.0,-6090000000.0,-278268000000.0,48290000000.0,-13192000000.0,35098000000.0,10264000000.0,1747247000000.0,576240000000.0,-86474000000.0,684.0
ACB,2016,1,0.0,3735096000000.0,310276000000.0,0.0,,,,,,,,,,,-1075047000000.0,,,,,,389250000000.0,-78974000000.0,0.0,310276000000.0,,310276000000.0,ACB,income_statement,-233447000000.0,3735096000000.0,-2153526000000.0,1581570000000.0,268709000000.0,-67438000000.0,201271000000.0,42564000000.0,-4005000000.0,-183604000000.0,61265000000.0,-1318000000.0,59947000000.0,1000000.0,1697744000000.0,622697000000.0,-78974000000.0,0.0
ACB,2015,4,0.0,3688052000000.0,175684000000.0,1.0,,,,,,,,,,,-731574000000.0,,,,,,223605000000.0,-47920000000.0,-1000000.0,175684000000.0,,175684000000.0,ACB,income_statement,-65465000000.0,3688052000000.0,-2033194000000.0,1654858000000.0,286065000000.0,-76611000000.0,209454000000.0,64925000000.0,-40577000000.0,-993182000000.0,116576000000.0,-1910000000.0,114666000000.0,10500000000.0,1020644000000.0,289070000000.0,-47921000000.0,0.0
ACB,2015,3,0.0,3565615000000.0,284033000000.0,0.0,,,,,,,,,,,-1317054000000.0,,,,,,359668000000.0,-75635000000.0,0.0,284033000000.0,,284033000000.0,ACB,income_statement,-327986000000.0,3565615000000.0,-2093895000000.0,1471720000000.0,270028000000.0,-71160000000.0,198868000000.0,8573000000.0,3430000000.0,269790000000.0,74473000000.0,-28298000000.0,46175000000.0,6152000000.0,2004708000000.0,687654000000.0,-75635000000.0,0.0
ACB,2015,2,0.0,3428453000000.0,289891000000.0,0.0,,,,,,,,,,,-969977000000.0,,,,,,371613000000.0,-81722000000.0,0.0,289891000000.0,,289891000000.0,ACB,income_statement,-243529000000.0,3428453000000.0,-2061092000000.0,1367361000000.0,242506000000.0,-73796000000.0,168710000000.0,26289000000.0,-31667000000.0,-8252000000.0,64335000000.0,-1731000000.0,62604000000.0,74000000.0,1585119000000.0,615142000000.0,-81722000000.0,0.0
ACB,2015,1,0.0,3399672000000.0,280714000000.0,0.0,,,,,,,,,,,-1003078000000.0,,,,,,359265000000.0,-78551000000.0,0.0,280714000000.0,,280714000000.0,ACB,income_statement,-247475000000.0,3399672000000.0,-2010084000000.0,1389588000000.0,222390000000.0,-54196000000.0,168194000000.0,20837000000.0,37519000000.0,-30117000000.0,20127000000.0,-1089000000.0,19038000000.0,4759000000.0,1609818000000.0,606740000000.0,-78551000000.0,0.0
ACB,2014,4,0.0,3474648000000.0,114332000000.0,1.0,,,,,,,,,,,-1149802000000.0,,,,,,144397000000.0,-27672000000.0,-2393000000.0,114332000000.0,,114332000000.0,ACB,income_statement,-312896000000.0,3474648000000.0,-2129687000000.0,1344961000000.0,258628000000.0,-68058000000.0,190570000000.0,49840000000.0,-32589000000.0,49307000000.0,19507000000.0,-15171000000.0,4336000000.0,670000000.0,1607095000000.0,457293000000.0,-30065000000.0,0.0
ACB,2014,3,0.0,3577301000000.0,264194000000.0,0.0,,,,,,,,,,,-910257000000.0,,,,,,340465000000.0,-76271000000.0,0.0,264194000000.0,,264194000000.0,ACB,income_statement,-85669000000.0,3577301000000.0,-2579458000000.0,997843000000.0,246585000000.0,-62474000000.0,184111000000.0,39873000000.0,39558000000.0,74958000000.0,30581000000.0,-36698000000.0,-6117000000.0,6165000000.0,1336391000000.0,426134000000.0,-76271000000.0,0.0
ACB,2014,2,0.0,3616264000000.0,323258000000.0,0.0,,,,,,,,,,,-852357000000.0,,,,,,412286000000.0,-86943000000.0,-2085000000.0,323258000000.0,,323258000000.0,ACB,income_statement,-408430000000.0,3616264000000.0,-2248411000000.0,1367853000000.0,182507000000.0,-63264000000.0,119243000000.0,42672000000.0,-2210000000.0,96702000000.0,40754000000.0,-2885000000.0,37869000000.0,10944000000.0,1673073000000.0,820716000000.0,-89028000000.0,0.0
ACB,2014,1,0.0,3384086000000.0,250018000000.0,0.0,,,,,,,,,,,-951191000000.0,,,,,,318253000000.0,-80207000000.0,11972000000.0,250018000000.0,,250018000000.0,ACB,income_statement,-170294000000.0,3384086000000.0,-2329110000000.0,1054976000000.0,256962000000.0,-56446000000.0,200516000000.0,51249000000.0,105614000000.0,9680000000.0,15756000000.0,-2785000000.0,12971000000.0,4732000000.0,1439738000000.0,488547000000.0,-68235000000.0,0.0
ACB,2013,4,0.0,3251298000000.0,-293126000000.0,0.0,,,,,,,,,,,-1333952000000.0,,,,,,-444466000000.0,141558000000.0,9782000000.0,-293126000000.0,,-293126000000.0,ACB,income_statement,-137583000000.0,3251298000000.0,-2364406000000.0,886892000000.0,271999000000.0,-65061000000.0,206938000000.0,-34086000000.0,7335000000.0,-74633000000.0,-175512000000.0,198376000000.0,22864000000.0,11759000000.0,1027069000000.0,-306883000000.0,151340000000.0,0.0
ACB,2013,3,0.0,3855297000000.0,400823000000.0,0.0,,,,,,,,,,,-954914000000.0,,,,,,533932000000.0,-133109000000.0,0.0,400823000000.0,,400823000000.0,ACB,income_statement,-82197000000.0,3855297000000.0,-2666673000000.0,1188624000000.0,253061000000.0,-57312000000.0,195749000000.0,10136000000.0,-20410000000.0,184598000000.0,212434000000.0,-200558000000.0,11876000000.0,470000000.0,1571043000000.0,616129000000.0,-133109000000.0,0.0
ACB,2013,2,0.0,3915141000000.0,409731000000.0,0.0,,,,,,,,,,,-1001974000000.0,,,,,,550738000000.0,-141007000000.0,0.0,409731000000.0,,409731000000.0,ACB,income_statement,-56928000000.0,3915141000000.0,-2836059000000.0,1079082000000.0,250184000000.0,-53727000000.0,196457000000.0,30294000000.0,52722000000.0,236694000000.0,25071000000.0,-25257000000.0,-186000000.0,14577000000.0,1609640000000.0,607666000000.0,-141007000000.0,0.0
ACB,2013,1,0.0,4183337000000.0,307030000000.0,0.0,,,,,,,,,,,-844465000000.0,,,,,,394895000000.0,-87865000000.0,0.0,307030000000.0,,307030000000.0,ACB,income_statement,-202015000000.0,4183337000000.0,-2951522000000.0,1231815000000.0,221399000000.0,-50123000000.0,171276000000.0,-83960000000.0,29885000000.0,49736000000.0,14746000000.0,-17499000000.0,-2753000000.0,45376000000.0,1441375000000.0,596910000000.0,-87865000000.0,0.0
ACB,2008,3,0.0,3201321000000.0,298434000000.0,0.0,,,,,,,,,,,-2852986000000.0,,,,,,348335000000.0,-49901000000.0,0.0,298434000000.0,,298434000000.0,ACB,income_statement,0.0,3201321000000.0,0.0,3201321000000.0,0.0,0.0,0.0,0.0,0.0,0.0,0.0,0.0,0.0,0.0,3201321000000.0,348335000000.0,-49901000000.0,0.0
VIC,2025,4,2.0,163172673000000.0,6768417000000.0,2.0,10604897000000.0,-8221721000000.0,163172673000000.0,-13272000000.0,163159401000000.0,-126151720000000.0,37007681000000.0,-16517839000000.0,609584000000.0,-12699153000000.0,-5382229000000.0,13622941000000.0,361606000000.0,0.0,-2867712000000.0,-2506106000000.0,11116835000000.0,-7162558000000.0,-372955000000.0,3581322000000.0,-3187095000000.0,6768417000000.0,VIC,income_statement,,,,,,,,,,,,,,,,,,
VIC,2025,3,0.0,39143023000000.0,640184000000.0,-1.0,33505199000000.0,-9027158000000.0,39143023000000.0,-7920000000.0,39135103000000.0,-46425078000000.0,-7289975000000.0,-11787443000000.0,217925000000.0,-5780237000000.0,-4036012000000.0,4829457000000.0,676227000000.0,0.0,-1481307000000.0,-805080000000.0,4024377000000.0,-1180051000000.0,181012000000.0,3025338000000.0,2385154000000.0,640184000000.0,VIC,income_statement,,,,,,,,,,,,,,,,,,
VIC,2025,2,0.0,46435488000000.0,-940909000000.0,1.0,2506905000000.0,-7614201000000.0,46435488000000.0,-12999000000.0,46422489000000.0,-43007211000000.0,3415278000000.0,-11617305000000.0,85634000000.0,-5435610000000.0,-3118332000000.0,-14163430000000.0,18692171000000.0,0.0,-751681000000.0,17940490000000.0,3777060000000.0,-1353012000000.0,-127515000000.0,2296533000000.0,3237442000000.0,-940909000000.0,VIC,income_statement,,,,,,,,,,,,,,,,,,
VIC,2025,1,3.0,84057598000000.0,6978763000000.0,0.0,3881715000000.0,-6102357000000.0,84057598000000.0,-4249000000.0,84053349000000.0,-64848134000000.0,19205215000000.0,-7903431000000.0,225050000000.0,-4684338000000.0,-5566348000000.0,5157863000000.0,5350497000000.0,0.0,-3126497000000.0,2224000000000.0,7381863000000.0,-4747228000000.0,-391366000000.0,2243269000000.0,-4735494000000.0,6978763000000.0,VIC,income_statement,,,,,,,,,,,,,,,,,,
VIC,2024,4,1.0,62156465000000.0,2192432000000.0,15.0,10112054000000.0,-6919631000000.0,62156465000000.0,-4058000000.0,62152407000000.0,-52964454000000.0,9187953000000.0,-7714717000000.0,163184000000.0,-5937317000000.0,-4861211000000.0,949946000000.0,5732844000000.0,0.0,-1235905000000.0,4496939000000.0,5446885000000.0,-3463508000000.0,-775862000000.0,1207515000000.0,-984917000000.0,2192432000000.0,VIC,income_statement,,,,,,,,,,,,,,,,,,
VIC,2024,3,0.0,62862398000000.0,5294923000000.0,9.0,8572435000000.0,-5608268000000.0,62862398000000.0,-12381000000.0,62850017000000.0,-49776513000000.0,13073504000000.0,-7603299000000.0,216651000000.0,-5158086000000.0,-3511074000000.0,5590131000000.0,377588000000.0,0.0,-1262322000000.0,-884734000000.0,4705397000000.0,-4742333000000.0,2051847000000.0,2014911000000.0,-3280012000000.0,5294923000000.0,VIC,income_statement,,,,,,,,,,,,,,,,,,
VIC,2024,2,0.0,42332284000000.0,-3529017000000.0,-3.0,10300290000000.0,-5622417000000.0,42332284000000.0,-5170000000.0,42327114000000.0,-35190202000000.0,7136912000000.0,-8613126000000.0,483574000000.0,-3637934000000.0,-3447487000000.0,2222229000000.0,2882661000000.0,0.0,-977463000000.0,1905198000000.0,4127427000000.0,-3478515000000.0,75965000000.0,724877000000.0,4253894000000.0,-3529017000000.0,VIC,income_statement,,,,,,,,,,,,,,,,,,
VIC,2024,1,0.0,21739452000000.0,7934469000000.0,6.0,18940713000000.0,-4829728000000.0,21739452000000.0,-950000000.0,21738502000000.0,-23693642000000.0,-1955140000000.0,-7276953000000.0,-14636000000.0,-3320582000000.0,-3436064000000.0,2937338000000.0,1075553000000.0,0.0,-1519012000000.0,-443459000000.0,2493879000000.0,-1229219000000.0,70416000000.0,1335076000000.0,-6599393000000.0,7934469000000.0,VIC,income_statement,,,,,,,,,,,,,,,,,,
VIC,2023,4,0.0,27451788000000.0,-158766000000.0,-1.0,5630560000000.0,-5379584000000.0,27451788000000.0,-24016000000.0,27427772000000.0,-30246755000000.0,-2818983000000.0,-6040548000000.0,3524000000.0,-3116062000000.0,-5046501000000.0,-11388010000000.0,14175489000000.0,0.0,-1481631000000.0,12693858000000.0,1305848000000.0,-14554000000.0,-796625000000.0,494669000000.0,653435000000.0,-158766000000.0,VIC,income_statement,,,,,,,,,,,,,,,,,,
VIC,2023,3,1.0,47955856000000.0,-669037000000.0,-2.0,1311631000000.0,-5504380000000.0,47955856000000.0,-7950000000.0,47947906000000.0,-36208361000000.0,11739545000000.0,-8209852000000.0,17845000000.0,-3225379000000.0,-3778148000000.0,-2144358000000.0,7312453000000.0,0.0,-692763000000.0,6619690000000.0,4475332000000.0,-3913879000000.0,5815000000.0,567268000000.0,1236305000000.0,-669037000000.0,VIC,income_statement,,,,,,,,,,,,,,,,,,
VIC,2023,2,3.0,47284619000000.0,1824140000000.0,0.0,4189228000000.0,-3194591000000.0,47284619000000.0,10608000000.0,47295227000000.0,-36644667000000.0,10650560000000.0,-4472301000000.0,-8567000000.0,-3120746000000.0,-3051254000000.0,4186920000000.0,114199000000.0,0.0,-665590000000.0,-551391000000.0,3635529000000.0,-3757492000000.0,521938000000.0,399975000000.0,-1424165000000.0,1824140000000.0,VIC,income_statement,,,,,,,,,,,,,,,,,,
VIC,2023,1,1.0,38974698000000.0,1066235000000.0,-1.0,10066516000000.0,-3331489000000.0,38974698000000.0,-11323000000.0,38963375000000.0,-34528471000000.0,4434904000000.0,-3794874000000.0,-110627000000.0,-2581036000000.0,-3213035000000.0,4801848000000.0,220710000000.0,0.0,-758271000000.0,-537561000000.0,4264287000000.0,-3604350000000.0,-70788000000.0,589149000000.0,-477086000000.0,1066235000000.0,VIC,income_statement,,,,,,,,,,,,,,,,,,
VIC,2022,4,0.0,41172043000000.0,1558987000000.0,1.0,2529341000000.0,-2953960000000.0,41172043000000.0,-4189000000.0,41167854000000.0,-28363383000000.0,12804471000000.0,-2269396000000.0,-3360000000.0,-3683344000000.0,-5170071000000.0,4207641000000.0,186298000000.0,0.0,-439198000000.0,-252900000000.0,3954741000000.0,-3618126000000.0,73706000000.0,410321000000.0,-1148666000000.0,1558987000000.0,VIC,income_statement,,,,,,,,,,,,,,,,,,
VIC,2022,3,0.0,28791594000000.0,946781000000.0,4.0,9998675000000.0,-3036936000000.0,28791594000000.0,-49238000000.0,28742356000000.0,-22984053000000.0,5758303000000.0,-5064995000000.0,-31135000000.0,-1914861000000.0,-3756101000000.0,4989886000000.0,500370000000.0,0.0,-237936000000.0,262434000000.0,5252320000000.0,-4731400000000.0,-14574000000.0,506346000000.0,-440435000000.0,946781000000.0,VIC,income_statement,,,,,,,,,,,,,,,,,,
VIC,2022,2,-1.0,13384639000000.0,3392329000000.0,1.0,10352827000000.0,-3689078000000.0,13384639000000.0,-292000000.0,13384347000000.0,-18103498000000.0,-4719151000000.0,-4163347000000.0,-42079000000.0,-1912816000000.0,-2832070000000.0,-3316636000000.0,5083850000000.0,0.0,-208633000000.0,4875217000000.0,1558581000000.0,-1470888000000.0,465429000000.0,553122000000.0,-2839207000000.0,3392329000000.0,VIC,income_statement,,,,,,,,,,,,,,,,,,
VIC,2022,1,0.0,18239222000000.0,2453756000000.0,0.0,10737739000000.0,-1372279000000.0,18239222000000.0,-10312000000.0,18228910000000.0,-18023838000000.0,205072000000.0,-2787411000000.0,-4285000000.0,-1734578000000.0,-4589518000000.0,1827019000000.0,198925000000.0,0.0,-97791000000.0,101134000000.0,1928153000000.0,-1250784000000.0,-165338000000.0,512031000000.0,-1941725000000.0,2453756000000.0,VIC,income_statement,,,,,,,,,,,,,,,,,,
VIC,2021,4,0.0,34478172000000.0,-5964033000000.0,-6.0,3212402000000.0,-2560860000000.0,34478172000000.0,-20346000000.0,34457826000000.0,-26217840000000.0,8239986000000.0,-2788287000000.0,-5759000000.0,-2019498000000.0,-9515758000000.0,-2876914000000.0,485013000000.0,0.0,-3977010000000.0,-3491997000000.0,-6368911000000.0,-2277454000000.0,-602505000000.0,-9248870000000.0,-3284837000000.0,-5964033000000.0,VIC,income_statement,,,,,,,,,,,,,,,,,,
VIC,2021,3,0.0,30116315000000.0,-351336000000.0,-1.0,1536362000000.0,-2686664000000.0,30116315000000.0,-4736000000.0,30111579000000.0,-18413296000000.0,11698283000000.0,-2814957000000.0,-11522000000.0,-1280340000000.0,-5769054000000.0,3358772000000.0,140254000000.0,0.0,-184460000000.0,-44206000000.0,3314566000000.0,-2913077000000.0,-144423000000.0,257066000000.0,608402000000.0,-351336000000.0,VIC,income_statement,,,,,,,,,,,,,,,,,,
VIC,2021,2,1.0,37480741000000.0,1449869000000.0,0.0,3917045000000.0,-2623808000000.0,37480741000000.0,-38303000000.0,37442438000000.0,-26986417000000.0,10456021000000.0,-2925425000000.0,-16462000000.0,-2057833000000.0,-5756755000000.0,3616591000000.0,168034000000.0,0.0,-170294000000.0,-2260000000.0,3614331000000.0,-3194731000000.0,181965000000.0,601565000000.0,-848304000000.0,1449869000000.0,VIC,income_statement,,,,,,,,,,,,,,,,,,
VIC,2021,1,1.0,23305458000000.0,2094056000000.0,4.0,7128520000000.0,-2705898000000.0,23305458000000.0,-11037000000.0,23294421000000.0,-20008967000000.0,3285454000000.0,-2769540000000.0,-7926000000.0,-1693896000000.0,-3135593000000.0,2807019000000.0,187320000000.0,0.0,-208589000000.0,-21269000000.0,2785750000000.0,-1513877000000.0,-404175000000.0,867698000000.0,-1226358000000.0,2094056000000.0,VIC,income_statement,,,,,,,,,,,,,,,,,,
VIC,2020,4,0.0,35923421000000.0,1102742000000.0,-1.0,11780480000000.0,-2725497000000.0,35923421000000.0,-102026000000.0,35821395000000.0,-30241372000000.0,5580023000000.0,-3519563000000.0,-5716000000.0,-3465357000000.0,-6312236000000.0,4057631000000.0,321305000000.0,0.0,-147498000000.0,173807000000.0,4231438000000.0,-3163873000000.0,483409000000.0,1550974000000.0,448232000000.0,1102742000000.0,VIC,income_statement,,,,,,,,,,,,,,,,,,
VIC,2020,3,0.0,35989817000000.0,1540067000000.0,2.0,4693043000000.0,-3003737000000.0,35989817000000.0,-76099000000.0,35913718000000.0,-29612674000000.0,6301044000000.0,-3100654000000.0,-88276000000.0,-2025864000000.0,-2309420000000.0,3469873000000.0,206201000000.0,0.0,-67511000000.0,138690000000.0,3608563000000.0,-2808764000000.0,635740000000.0,1435539000000.0,-104528000000.0,1540067000000.0,VIC,income_statement,,,,,,,,,,,,,,,,,,
VIC,2020,2,0.0,23352469000000.0,2045732000000.0,1.0,6744100000000.0,-3073404000000.0,23352469000000.0,6304000000.0,23358773000000.0,-19944575000000.0,3414198000000.0,-2596569000000.0,-41074000000.0,-1438472000000.0,-2319240000000.0,3762943000000.0,367774000000.0,0.0,-1437103000000.0,-1069329000000.0,2693614000000.0,-1734800000000.0,-62604000000.0,896210000000.0,-1149522000000.0,2045732000000.0,VIC,income_statement,,,,,,,,,,,,,,,,,,
VIC,2020,1,0.0,15470516000000.0,438441000000.0,-1.0,8934083000000.0,-2617903000000.0,15470516000000.0,-102030000000.0,15368486000000.0,-13382536000000.0,1985950000000.0,-3605637000000.0,-122743000000.0,-1368152000000.0,-2512722000000.0,3310779000000.0,195417000000.0,0.0,-77851000000.0,117566000000.0,3428345000000.0,-2670007000000.0,-253008000000.0,505330000000.0,66889000000.0,438441000000.0,VIC,income_statement,,,,,,,,,,,,,,,,,,
VIC,2019,4,0.0,38464244000000.0,4607397000000.0,1.0,8611984000000.0,-2087958000000.0,38464244000000.0,-288536000000.0,38175708000000.0,-29315897000000.0,8859811000000.0,-2091552000000.0,-209857000000.0,-4701774000000.0,-4232800000000.0,6235812000000.0,385708000000.0,0.0,-366570000000.0,19138000000.0,6254950000000.0,-2745144000000.0,79724000000.0,3589530000000.0,-1017867000000.0,4607397000000.0,VIC,income_statement,,,,,,,,,,,,,,,,,,
VIC,2019,3,0.0,31581789394113.0,497614808515.0,0.0,1013408932129.0,-2215048140070.0,31581789394113.0,-10871219860.0,31570918174253.0,-20290596055885.0,11280322118368.0,-2495665239699.0,-358085773517.0,-3995585914453.0,-2832418678163.0,2611975444665.0,149863398864.0,0.0,-217696795368.0,-67833396504.0,2544142048161.0,-1567249974923.0,-265262697066.0,711629376172.0,214014567657.0,497614808515.0,VIC,income_statement,,,,,,,,,,,,,,,,,,
VIC,2019,2,0.0,39241957407663.0,1362300306361.0,7.0,887264230744.0,-1437136788243.0,39241957407663.0,-21503540891.0,39220453866772.0,-26443132177439.0,12777321689333.0,-2092659301749.0,-55709455767.0,-3105334079466.0,-3336122775652.0,5074760307443.0,144702135145.0,0.0,-307636859166.0,-162934724021.0,4911825583422.0,-3100188742464.0,579342761422.0,2390979602380.0,1028679296019.0,1362300306361.0,VIC,income_statement,,,,,,,,,,,,,,,,,,
VIC,2019,1,0.0,21914710588602.0,1038254246454.0,0.0,3439230133986.0,-1400152788234.0,21914710588602.0,-92030956552.0,21822679632050.0,-17043520693937.0,4779158938113.0,-1453292111984.0,-94146615800.0,-2599121115786.0,-2209635800173.0,1862193428356.0,117521520455.0,0.0,-51579483013.0,65942037442.0,1928135465798.0,-899482337905.0,-18901418187.0,1009751709706.0,-28502536748.0,1038254246454.0,VIC,income_statement,,,,,,,,,,,,,,,,,,
VIC,2018,4,0.0,37808253000000.0,2419953000000.0,0.0,3880357000000.0,-846808000000.0,37808253000000.0,-62007000000.0,37746246000000.0,-30048278000000.0,7697968000000.0,-789893000000.0,-179506000000.0,-3301935000000.0,-2001359000000.0,5305632000000.0,309082000000.0,0.0,-137675000000.0,171407000000.0,5477039000000.0,-1731981000000.0,-462000000000.0,3283058000000.0,863105000000.0,2419953000000.0,VIC,income_statement,,,,,,,,,,,,,,,,,,
VIC,2018,3,0.0,23460387988882.0,613753250903.0,1.0,2427767463047.0,-1054699289624.0,23460387988882.0,-4080336643.0,23456307652239.0,-16901955391836.0,6554352260403.0,-1305351136316.0,-151322872815.0,-2534130251858.0,-2496421270815.0,2494894191646.0,201674814383.0,0.0,-64450384915.0,137224429468.0,2632118621114.0,-918365705013.0,-174828642812.0,1538924273289.0,925171022386.0,613753250903.0,VIC,income_statement,,,,,,,,,,,,,,,,,,
VIC,2018,2,1.0,32250728350440.0,174416692297.0,-1.0,637112275325.0,-1043553207438.0,32250728350440.0,-9724997793.0,32241003352647.0,-24148034714063.0,8092968638584.0,-1511720720115.0,-76546862645.0,-2062568210923.0,-1511438013411.0,3567807106815.0,149124739780.0,0.0,-162632347564.0,-13507607784.0,3554299499031.0,-3019982984385.0,202092419834.0,736408934480.0,561992242183.0,174416692297.0,VIC,income_statement,,,,,,,,,,,,,,,,,,
VIC,2018,1,1.0,28452382009388.0,919455439382.0,0.0,533313182083.0,-994221722021.0,28452382009388.0,-1538163355.0,28450843846033.0,-21664492289743.0,6786351556290.0,-1051930736246.0,-17542864088.0,-2213655608065.0,-1385429722158.0,2651105807816.0,99402140715.0,0.0,-96355959329.0,3046181386.0,2654151989202.0,-1602800329031.0,-19140528436.0,1032211131735.0,112755692353.0,919455439382.0,VIC,income_statement,,,,,,,,,,,,,,,,,,
VIC,2017,4,0.0,33190004318396.0,2138833806814.0,14.0,123445010214.0,-554320858643.0,33190004318396.0,-1218461518.0,33188785856878.0,-24023547047129.0,9165238809749.0,-724387040206.0,-3914963876.0,-2437187743176.0,-2089994975714.0,4033199096991.0,241018114672.0,0.0,-286548571959.0,-45530457287.0,3987668639704.0,-1285685463536.0,-26004294371.0,2675978881797.0,537145074983.0,2138833806814.0,VIC,income_statement,,,,,,,,,,,,,,,,,,
VIC,2017,3,1.0,21979764021964.0,393417546399.0,1.0,832866705751.0,-1135436599915.0,21979764021964.0,-7484577432.0,21972279444532.0,-14966589454045.0,7005689990487.0,-1338979867764.0,-578523819.0,-2095071777463.0,-2495569179696.0,1908357347496.0,128101396127.0,0.0,-250521509784.0,-122420113657.0,1785937233839.0,-937063697941.0,53980021201.0,902853557099.0,509436010700.0,393417546399.0,VIC,income_statement,,,,,,,,,,,,,,,,,,
VIC,2017,2,1.0,20087737959594.0,829240279816.0,0.0,379778063683.0,-897458689845.0,20087737959594.0,-38270922521.0,20049467037073.0,-13841836060660.0,6207630976413.0,-1288774158293.0,36013386096.0,-2098240923501.0,-1276007865372.0,1960399479026.0,64979791624.0,0.0,-130381022896.0,-65401231272.0,1894998247754.0,-900868609922.0,251865090422.0,1245994728254.0,416754448438.0,829240279816.0,VIC,income_statement,,,,,,,,,,,,,,,,,,
VIC,2017,1,0.0,15166169052429.0,885797816163.0,0.0,310305472262.0,-746877773186.0,15166169052429.0,-22126485765.0,15144042566664.0,-10022066203422.0,5121976363242.0,-718046126945.0,-20719346206.0,-1975179540846.0,-1513731828995.0,1204604992512.0,69536902830.0,0.0,-27541236325.0,41995666505.0,1246600659017.0,-660923781938.0,29315525675.0,614992402754.0,-270805413409.0,885797816163.0,VIC,income_statement,,,,,,,,,,,,,,,,,,
VIC,2016,4,1.0,23922923974788.0,-165265416640.0,-2.0,3186869059607.0,-1778185740328.0,23922923974788.0,-36554714505.0,23886369260283.0,-16546283840284.0,7340085419999.0,-3045227953774.0,3346786703.0,-3115756152190.0,-2567709707809.0,1801607452536.0,115578699377.0,0.0,-339264169533.0,-223685470156.0,1577921982380.0,-1234722481092.0,67296201239.0,410495702527.0,575761119167.0,-165265416640.0,VIC,income_statement,,,,,,,,,,,,,,,,,,
VIC,2016,3,0.0,10661516783908.0,175295268475.0,0.0,316720157341.0,-597525241154.0,10661516783908.0,-11076753398.0,10650440030510.0,-7246340395066.0,3404099635444.0,-774473998641.0,-1576487901.0,-1219537521528.0,-1127081677072.0,598150107643.0,82398177876.0,0.0,-147565934442.0,-65167756566.0,532982351077.0,-287453006889.0,-19364300981.0,226165043207.0,50869774732.0,175295268475.0,VIC,income_statement,,,,,,,,,,,,,,,,,,
VIC,2016,2,1.0,9273538749900.0,764879471817.0,2.0,2524018389435.0,-795705045788.0,9273538749900.0,-5670521182.0,9267868228718.0,-6829192811399.0,2438675417319.0,-760395244414.0,12422770831.0,-1365979981363.0,-973928134816.0,1874813216992.0,84188290879.0,0.0,-100310022524.0,-16121731645.0,1858691485347.0,-332157441857.0,51892989396.0,1578427032886.0,813547561069.0,764879471817.0,VIC,income_statement,,,,,,,,,,,,,,,,,,
VIC,2016,1,1.0,14739597318159.0,778650899732.0,1.0,548638992445.0,-740132988553.0,14739597318159.0,-2741547460.0,14736855770699.0,-9958356864682.0,4778498906017.0,-886585743975.0,8945939822.0,-1055620054983.0,-1113246834350.0,2280631204976.0,55929917069.0,0.0,-171331231935.0,-115401314866.0,2165229890110.0,-894501586753.0,18747475719.0,1289475779076.0,510824879344.0,778650899732.0,VIC,income_statement,,,,,,,,,,,,,,,,,,
VIC,2015,4,1.0,14409259141830.0,187389406140.0,0.0,653194024128.0,-840083234502.0,14409259141830.0,-42332078093.0,14366927063737.0,-9807071905577.0,4559855158160.0,-1149027784901.0,10312519391.0,-1582521047303.0,-1005987849250.0,1485825020225.0,42739935322.0,0.0,-566147550531.0,-523407615209.0,962417405016.0,-592931646102.0,51348003477.0,420833762391.0,233444356251.0,187389406140.0,VIC,income_statement,,,,,,,,,,,,,,,,,,
VIC,2015,3,0.0,7268427623497.0,255122955903.0,-1.0,553111492449.0,-361531740846.0,7268427623497.0,-17333510177.0,7251094113320.0,-4527987359168.0,2723106754152.0,-764512376266.0,12219005264.0,-800467729065.0,-1100106923706.0,623350222828.0,44975299547.0,0.0,-107534336014.0,-62559036467.0,560791186361.0,-269232652461.0,13886151387.0,305444685287.0,50321729384.0,255122955903.0,VIC,income_statement,,,,,,,,,,,,,,,,,,
VIC,2015,2,0.0,6035578292221.0,289302482445.0,-1.0,608242742629.0,-584927696622.0,6035578292221.0,-4104920098.0,6031473372123.0,-3899581721915.0,2131891650208.0,-837461691132.0,8764934054.0,-379966966261.0,-856815798147.0,674654871351.0,55256304541.0,0.0,-158002750502.0,-102746445961.0,571908425390.0,-253038220778.0,16397152126.0,335267356738.0,45964874293.0,289302482445.0,VIC,income_statement,,,,,,,,,,,,,,,,,,
VIC,2015,1,0.0,6311326876972.0,427940707867.0,-1.0,283042697236.0,-540805067179.0,6311326876972.0,-4138290231.0,6307188586741.0,-4063973004335.0,2243215582406.0,-741705361906.0,7931295491.0,-345190724786.0,-649218044156.0,798075444285.0,51592089466.0,0.0,-157925569413.0,-106333479947.0,691741964338.0,-344265677051.0,9919440474.0,357395727761.0,-70544980106.0,427940707867.0,VIC,income_statement,,,,,,,,,,,,,,,,,,
VIC,2014,4,0.0,6217475955881.0,355239060961.0,-1.0,223707190194.0,-658020772075.0,6217475955881.0,-4297219387.0,6213178736494.0,-3894487469404.0,2318691267090.0,-796527392709.0,0.0,-371442058541.0,-769150540961.0,605278465073.0,154150431212.0,628883670.0,-140277932654.0,13872498558.0,619779847301.0,-271080432948.0,-4592391123.0,344107023230.0,-11132037731.0,355239060961.0,VIC,income_statement,,,,,,,,,,,,,,,,,,
VIC,2014,3,0.0,7664553124925.0,889282247109.0,-1.0,422038452524.0,-800791201699.0,7664553124925.0,-6595177974.0,7657957946951.0,-4828614869306.0,2829343077645.0,-952643386796.0,0.0,-102831111151.0,-571748104128.0,1624158928094.0,29093097008.0,10995656920.0,-67959727839.0,-38866630831.0,1596287954183.0,-383809257250.0,16129217859.0,1228607914792.0,339325667683.0,889282247109.0,VIC,income_statement,,,,,,,,,,,,,,,,,,
VIC,2014,2,3.0,7693765313144.0,858819165102.0,-1.0,470037739548.0,-740281320731.0,7693765313144.0,-2054090952.0,7691711222192.0,-4796431234808.0,2895279987384.0,-1173979481459.0,0.0,-123229350006.0,-421869049259.0,1646239846208.0,36429087835.0,-22231371820.0,2867441276.0,39296529111.0,1663305003499.0,-517047979092.0,2433360264.0,1148690384671.0,289871219569.0,858819165102.0,VIC,income_statement,,,,,,,,,,,,,,,,,,
VIC,2014,1,5.0,6175539052490.0,1075666696212.0,3.0,248313010795.0,-512176370469.0,6175539052490.0,-734966734.0,6174804085756.0,-3765022891126.0,2409781194630.0,-565119748917.0,0.0,-126307795010.0,-438255709520.0,1528410951978.0,38906683936.0,1836171976.0,-21744419089.0,17162264847.0,1547409388801.0,-477711344776.0,-1416911523.0,1068281132502.0,-7385563710.0,1075666696212.0,VIC,income_statement,,,,,,,,,,,,,,,,,,
VIC,2013,4,0.0,6777132400693.0,822361563082.0,0.0,386979574205.0,-479260507915.0,6777132400693.0,-352991115.0,6776779409578.0,-4628552557652.0,2148226851926.0,-547756034554.0,0.0,-138304922141.0,-494433596528.0,1354711872908.0,45508963220.0,-2925580967.0,-16004131872.0,29504831348.0,1381291123289.0,-310764131673.0,3179903828.0,1073706895444.0,251345332362.0,822361563082.0,VIC,income_statement,,,,,,,,,,,,,,,,,,
VIC,2013,3,0.0,8469983770011.0,1874706150280.0,0.0,231453872128.0,-226454191041.0,8469983770011.0,-397818326.0,8469585951685.0,-5132759554878.0,3336826396807.0,-364464630076.0,0.0,-151195164469.0,-246896776039.0,2805723698351.0,42530753492.0,12927893700.0,-39377453060.0,3153300432.0,2821804892483.0,-809155204391.0,-1016489023.0,2011633199069.0,136927048789.0,1874706150280.0,VIC,income_statement,,,,,,,,,,,,,,,,,,
VIC,2013,2,32.0,2147622191084.0,3794277778771.0,94.0,5083697727730.0,-375442152711.0,2147622191084.0,-410432169.0,2147211758915.0,-1187102425437.0,960109333478.0,-541100703711.0,0.0,-76783483367.0,-396511460556.0,5029411413574.0,41353605442.0,29134448337.0,-15730537930.0,25623067512.0,5084168929423.0,-1310820608941.0,1347825553.0,3774696146035.0,-19581632736.0,3794277778771.0,VIC,income_statement,,,,,,,,,,,,,,,,,,
VIC,2013,1,0.0,984191397336.0,287065637376.0,0.0,721677650804.0,-425621975262.0,984191397336.0,-468545900.0,983722851436.0,-458972218019.0,524750633417.0,-516920344994.0,0.0,-46001611853.0,-286440107584.0,397066219790.0,22853169903.0,15563426715.0,-2329992874.0,20523177029.0,433152823534.0,-169075328361.0,583738735.0,264661233908.0,-22404403468.0,287065637376.0,VIC,income_statement,,,,,,,,,,,,,,,,,,
VIC,2008,2,0.0,64585429647.0,39943381469.0,0.0,116843160708.0,-8704136989.0,64585429647.0,0.0,64585429647.0,-16369404858.0,48216024789.0,-107155933494.0,0.0,-6962143202.0,-18111705264.0,32829403537.0,19042987276.0,0.0,-5409382539.0,13633604737.0,46463008274.0,-7718397136.0,0.0,38744611138.0,-1198770331.0,39943381469.0,VIC,income_statement,,,,,,,,,,,,,,,,,,
VHM,2025,4,2.0,103009532000000.0,26726226000000.0,1.0,7587191000000.0,-2788122000000.0,103009532000000.0,,103009532000000.0,-69387042000000.0,33622490000000.0,-5837944000000.0,-336000000.0,-308402000000.0,-2431942000000.0,32631057000000.0,417949000000.0,,-63183000000.0,354766000000.0,32985823000000.0,-6178257000000.0,-9571000000.0,26797995000000.0,71769000000.0,26726226000000.0,VHM,income_statement,,,,,,,,,,,,,,,,,,
VHM,2025,3,-1.0,16419972000000.0,4183929000000.0,0.0,7899526000000.0,-2699135000000.0,16419972000000.0,,16419972000000.0,-13954311000000.0,2465661000000.0,-3447484000000.0,930000000.0,-447836000000.0,-1230670000000.0,5240127000000.0,579105000000.0,,-398859000000.0,180246000000.0,5420373000000.0,-598833000000.0,-385899000000.0,4435641000000.0,251712000000.0,4183929000000.0,VHM,income_statement,,,,,,,,,,,,,,,,,,
VHM,2025,2,0.0,18974961000000.0,7508038000000.0,0.0,9270664000000.0,-2453497000000.0,18974961000000.0,,18974961000000.0,-14789242000000.0,4185719000000.0,-3442563000000.0,581000000.0,-218237000000.0,-947726000000.0,8848438000000.0,361757000000.0,,-177187000000.0,184570000000.0,9033008000000.0,-516061000000.0,-291549000000.0,8225398000000.0,717360000000.0,7508038000000.0,VHM,income_statement,,,,,,,,,,,,,,,,,,
VHM,2025,1,1.0,15697917000000.0,2688954000000.0,2.0,4640393000000.0,-3641519000000.0,15697917000000.0,,15697917000000.0,-10539988000000.0,5157929000000.0,-3859512000000.0,964000000.0,-732197000000.0,-1372522000000.0,3835055000000.0,272073000000.0,,-267649000000.0,4424000000.0,3839479000000.0,-1081215000000.0,-106230000000.0,2652034000000.0,-36920000000.0,2688954000000.0,VHM,income_statement,,,,,,,,,,,,,,,,,,
VHM,2024,4,3.0,32413479000000.0,12159464000000.0,14.0,11308115000000.0,-2972408000000.0,32413479000000.0,,32413479000000.0,-19660105000000.0,12753374000000.0,-5009869000000.0,915000000.0,-784954000000.0,-2199712000000.0,16067869000000.0,416898000000.0,,-232576000000.0,184322000000.0,16252191000000.0,-471930000000.0,-1307811000000.0,14472450000000.0,2312986000000.0,12159464000000.0,VHM,income_statement,,,,,,,,,,,,,,,,,,
VHM,2024,3,0.0,33323142000000.0,7866075000000.0,0.0,5497628000000.0,-1508326000000.0,33323142000000.0,,33323142000000.0,-23571916000000.0,9751226000000.0,-1555046000000.0,659000000.0,-1628886000000.0,-1108582000000.0,10956999000000.0,276225000000.0,,-396603000000.0,-120378000000.0,10836621000000.0,-3252716000000.0,1396215000000.0,8980120000000.0,1114045000000.0,7866075000000.0,VHM,income_statement,,,,,,,,,,,,,,,,,,
VHM,2024,2,0.0,28375364000000.0,10891021000000.0,0.0,8082485000000.0,-2042438000000.0,28375364000000.0,,28375364000000.0,-19687113000000.0,8688251000000.0,-2553336000000.0,741000000.0,-990950000000.0,-759698000000.0,12467493000000.0,66188000000.0,,-190887000000.0,-124699000000.0,12342794000000.0,-1432398000000.0,-194520000000.0,10715876000000.0,-175145000000.0,10891021000000.0,VHM,income_statement,,,,,,,,,,,,,,,,,,
VHM,2024,1,-1.0,8211201000000.0,884697000000.0,-1.0,1956065000000.0,-1066079000000.0,8211201000000.0,,8211201000000.0,-6436815000000.0,1774386000000.0,-1369114000000.0,896000000.0,-386667000000.0,-525020000000.0,1450546000000.0,404280000000.0,,-438485000000.0,-34205000000.0,1416341000000.0,-510166000000.0,-1936000000.0,904239000000.0,19542000000.0,884697000000.0,VHM,income_statement,,,,,,,,,,,,,,,,,,
VHM,2023,4,-1.0,8697576000000.0,825689000000.0,-1.0,4912522000000.0,-1013827000000.0,8697576000000.0,,8697576000000.0,-7815379000000.0,882197000000.0,-1759740000000.0,11141000000.0,-477771000000.0,-2421096000000.0,1147253000000.0,250556000000.0,,-74682000000.0,175874000000.0,1323127000000.0,614780000000.0,-1046557000000.0,891350000000.0,65661000000.0,825689000000.0,VHM,income_statement,,,,,,,,,,,,,,,,,,
VHM,2023,3,1.0,32724102000000.0,10694762000000.0,0.0,1845229000000.0,-716341000000.0,32724102000000.0,,32724102000000.0,-17767196000000.0,14956906000000.0,-953504000000.0,-2066000000.0,-682508000000.0,-635937000000.0,14528120000000.0,54855000000.0,,-376791000000.0,-321936000000.0,14206184000000.0,-3487475000000.0,4832000000.0,10723541000000.0,28779000000.0,10694762000000.0,VHM,income_statement,,,,,,,,,,,,,,,,,,
VHM,2023,2,6.0,32613837000000.0,9687696000000.0,14.0,2420806000000.0,-679165000000.0,32613837000000.0,,32613837000000.0,-19506224000000.0,13107613000000.0,-407838000000.0,1098000000.0,-1299184000000.0,-581781000000.0,13240714000000.0,-58987000000.0,,-541553000000.0,-600540000000.0,12640174000000.0,-3367953000000.0,476937000000.0,9749158000000.0,61462000000.0,9687696000000.0,VHM,income_statement,,,,,,,,,,,,,,,,,,
VHM,2023,1,2.0,29298557000000.0,11917322000000.0,2.0,11293777000000.0,-682987000000.0,29298557000000.0,,29298557000000.0,-22655499000000.0,6643058000000.0,-876645000000.0,527000000.0,-1014319000000.0,-543870000000.0,15502528000000.0,96762000000.0,,-525235000000.0,-428473000000.0,15074055000000.0,-3034359000000.0,-116806000000.0,11922890000000.0,5568000000.0,11917322000000.0,VHM,income_statement,,,,,,,,,,,,,,,,,,
VHM,2022,4,0.0,31193321000000.0,8927802000000.0,0.0,1489917000000.0,-441999000000.0,31193321000000.0,,31193321000000.0,-16108639000000.0,15084682000000.0,-2413080000000.0,32325000000.0,-1117677000000.0,-601975000000.0,12474192000000.0,64706000000.0,,-71404000000.0,-6698000000.0,12467494000000.0,-3204832000000.0,-310175000000.0,8952487000000.0,24685000000.0,8927802000000.0,VHM,income_statement,,,,,,,,,,,,,,,,,,
VHM,2022,3,0.0,17804867000000.0,14493845000000.0,0.0,10922351000000.0,-724530000000.0,17804867000000.0,,17804867000000.0,-8508992000000.0,9295875000000.0,-862293000000.0,3542000000.0,-743244000000.0,-546079000000.0,18070152000000.0,1033505000000.0,,-154974000000.0,878531000000.0,18948683000000.0,-4351554000000.0,-21956000000.0,14575173000000.0,81328000000.0,14493845000000.0,VHM,income_statement,,,,,,,,,,,,,,,,,,
VHM,2022,2,-1.0,4470436000000.0,666474000000.0,-1.0,906407000000.0,-575887000000.0,4470436000000.0,,4470436000000.0,-2449880000000.0,2020556000000.0,-700089000000.0,10598000000.0,-350063000000.0,-432285000000.0,1455124000000.0,151379000000.0,,-247143000000.0,-95764000000.0,1359360000000.0,-1088816000000.0,477680000000.0,748224000000.0,81750000000.0,666474000000.0,VHM,income_statement,,,,,,,,,,,,,,,,,,
VHM,2022,1,0.0,8923490000000.0,4540066000000.0,0.0,3828959000000.0,-476174000000.0,8923490000000.0,,8923490000000.0,-5057521000000.0,3865969000000.0,-477418000000.0,10700000000.0,-326742000000.0,-1077408000000.0,5824060000000.0,76174000000.0,,-14611000000.0,61563000000.0,5885623000000.0,-1053921000000.0,-106765000000.0,4724937000000.0,184871000000.0,4540066000000.0,VHM,income_statement,,,,,,,,,,,,,,,,,,
VHM,2021,4,0.0,23412970000000.0,11932494000000.0,0.0,3731525000000.0,-623512000000.0,23412970000000.0,,23412970000000.0,-9314354000000.0,14098616000000.0,-1087566000000.0,0.0,-1014182000000.0,-1938095000000.0,13790298000000.0,336453000000.0,,-528000000.0,335925000000.0,14126223000000.0,-2131299000000.0,-8633000000.0,11986291000000.0,53797000000.0,11932494000000.0,VHM,income_statement,,,,,,,,,,,,,,,,,,
VHM,2021,3,0.0,20679434000000.0,11166795000000.0,1.0,1393589000000.0,-502411000000.0,20679434000000.0,,20679434000000.0,-7031668000000.0,13647766000000.0,-512234000000.0,22214000000.0,-276111000000.0,-384052000000.0,13891172000000.0,-31216000000.0,,-48450000000.0,-79666000000.0,13811506000000.0,-2600532000000.0,-15871000000.0,11195103000000.0,28308000000.0,11166795000000.0,VHM,income_statement,,,,,,,,,,,,,,,,,,
VHM,2021,2,1.0,28015120000000.0,10551404000000.0,2.0,551356000000.0,-612507000000.0,28015120000000.0,,28015120000000.0,-13594810000000.0,14420310000000.0,-778019000000.0,10620000000.0,-553821000000.0,-198256000000.0,13452190000000.0,76095000000.0,,-57912000000.0,18183000000.0,13470373000000.0,-2988395000000.0,120318000000.0,10602296000000.0,50892000000.0,10551404000000.0,VHM,income_statement,,,,,,,,,,,,,,,,,,
VHM,2021,1,1.0,12986441000000.0,5396149000000.0,0.0,2307064000000.0,-594679000000.0,12986441000000.0,,12986441000000.0,-6774097000000.0,6212344000000.0,-360609000000.0,20645000000.0,-456893000000.0,-668093000000.0,7054458000000.0,43788000000.0,,-13255000000.0,30533000000.0,7084991000000.0,-1238110000000.0,-369119000000.0,5477762000000.0,81613000000.0,5396149000000.0,VHM,income_statement,,,,,,,,,,,,,,,,,,
VHM,2020,4,1.0,21512001000000.0,11502494000000.0,1.0,10175493000000.0,-592103000000.0,21512001000000.0,,21512001000000.0,-14213763000000.0,7298238000000.0,-1189877000000.0,0.0,-779650000000.0,-838466000000.0,14665738000000.0,180978000000.0,,1002000000.0,181980000000.0,14847718000000.0,-3170739000000.0,-117427000000.0,11559552000000.0,57058000000.0,11502494000000.0,VHM,income_statement,,,,,,,,,,,,,,,,,,
VHM,2020,3,1.0,26482588000000.0,6058321000000.0,0.0,1119267000000.0,-1088425000000.0,26482588000000.0,,26482588000000.0,-17367779000000.0,9114809000000.0,-1204365000000.0,0.0,-1126436000000.0,-450101000000.0,7453174000000.0,63454000000.0,,-14150000000.0,49304000000.0,7502478000000.0,-1964622000000.0,608401000000.0,6146257000000.0,87936000000.0,6058321000000.0,VHM,income_statement,,,,,,,,,,,,,,,,,,
VHM,2020,2,0.0,16376482000000.0,3434748000000.0,-1.0,832443000000.0,-685286000000.0,16376482000000.0,,16376482000000.0,-9951729000000.0,6424753000000.0,-673527000000.0,0.0,-554156000000.0,-551123000000.0,5478390000000.0,40847000000.0,,-946193000000.0,-905346000000.0,4573044000000.0,-1181375000000.0,24588000000.0,3416257000000.0,-18491000000.0,3434748000000.0,VHM,income_statement,,,,,,,,,,,,,,,,,,
VHM,2020,1,0.0,6519224000000.0,6843831000000.0,2.0,8590964000000.0,-618346000000.0,6519224000000.0,,6519224000000.0,-3570342000000.0,2948882000000.0,-634134000000.0,0.0,-244860000000.0,-533280000000.0,10127572000000.0,23986000000.0,,-28010000000.0,-4024000000.0,10123548000000.0,-2337395000000.0,-141088000000.0,7645065000000.0,801234000000.0,6843831000000.0,VHM,income_statement,,,,,,,,,,,,,,,,,,
VHM,2019,4,0.0,14183719000000.0,5981384000000.0,2.0,1388026000000.0,-583814000000.0,14183719000000.0,,14183719000000.0,-4165309000000.0,10018410000000.0,-588733000000.0,0.0,-1211830000000.0,-1021602000000.0,8584271000000.0,91726000000.0,,-31313000000.0,60413000000.0,8644684000000.0,-1771894000000.0,-14330000000.0,6858460000000.0,877076000000.0,5981384000000.0,VHM,income_statement,,,,,,,,,,,,,,,,,,
VHM,2019,3,1.0,10906062775311.0,5470441640343.0,0.0,2339859130152.0,-716784130339.0,10906062775311.0,,10906062775311.0,-4140442059199.0,6765620716112.0,-787381857773.0,0.0,-364088888147.0,-280780496211.0,7673228604133.0,27850296586.0,,-75416548649.0,-47566252063.0,7625662352070.0,-1185222657418.0,-298809552337.0,6141630142315.0,671188501972.0,5470441640343.0,VHM,income_statement,,,,,,,,,,,,,,,,,,
VHM,2019,2,3.0,20883170237141.0,7312785569150.0,1.0,2377988162931.0,-509668690705.0,20883170237141.0,,20883170237141.0,-11635895731410.0,9247274505731.0,-659293052805.0,0.0,-323015726224.0,-620572928669.0,10022380960964.0,52551953222.0,,-45856156354.0,6695796868.0,10029076757832.0,-2213208351920.0,703144490263.0,8519012896175.0,1206227327025.0,7312785569150.0,VHM,income_statement,,,,,,,,,,,,,,,,,,
VHM,2019,1,0.0,5852604619187.0,2540181452387.0,0.0,2939913591760.0,-495428597661.0,5852604619187.0,,5852604619187.0,-4523910388003.0,1328694231184.0,-506807457518.0,0.0,-232894070940.0,-193874842808.0,3335031451678.0,31767500764.0,,-8593429669.0,23174071095.0,3358205522773.0,-573864860138.0,-97291130683.0,2687049531952.0,146868079565.0,2540181452387.0,VHM,income_statement,,,,,,,,,,,,,,,,,,
VHM,2018,4,4.0,16400476808132.0,2347122150101.0,3.0,3643962356836.0,-837594095742.0,16400476808132.0,,16400476808132.0,-13665617581802.0,2734859226330.0,-842083184347.0,0.0,-540614716921.0,-420664022036.0,4575459659862.0,-8468040716.0,,-58950266791.0,-67418307507.0,4508041352355.0,-1724146422873.0,-225962344926.0,2557932584556.0,210810434455.0,2347122150101.0,VHM,income_statement,,,,,,,,,,,,,,,,,,
VHM,2018,3,7.0,6878187706502.0,3847998897453.0,6.0,3684787979790.0,-717800149646.0,6878187706502.0,,6878187706502.0,-4222016510818.0,2656171195684.0,-717800149646.0,-32125495.0,-218318842332.0,-287475556609.0,5117332501392.0,25695806937.0,,-16610304913.0,9085502024.0,5126418003416.0,-874795044838.0,-212270828794.0,4039352129784.0,191353232331.0,3847998897453.0,VHM,income_statement,,,,,,,,,,,,,,,,,,
VHM,2018,2,10.0,4992398688039.0,3952159349039.0,9.0,4340026983354.0,-585521643795.0,4992398688039.0,,4992398688039.0,-3724510100997.0,1267888587042.0,-624303715566.0,32125527.0,-7389411772.0,-125707008034.0,4850547560551.0,46713523698.0,,-36048049080.0,10665474618.0,4861213035169.0,-1131188008354.0,260412307796.0,3990437334611.0,38277985572.0,3952159349039.0,VHM,income_statement,,,,,,,,,,,,,,,,,,
VHM,2018,1,2.0,10534720626555.0,3906326412106.0,4.0,3011069662872.0,-300307393734.0,10534720626555.0,,10534720626555.0,-7675976136549.0,2858744490006.0,-300576531586.0,159112549.0,-530642690729.0,-198375240249.0,4840378802863.0,47211943998.0,,-18748292441.0,28463651557.0,4868842454420.0,-909942224273.0,27413081594.0,3986313311741.0,79986899635.0,3906326412106.0,VHM,income_statement,,,,,,,,,,,,,,,,,,
VHM,2017,4,-1.0,3231116613137.0,-993311486733.0,-2.0,340695799647.0,-228700156567.0,3231116613137.0,,3231116613137.0,-2851694661513.0,379421951624.0,-813608160265.0,-385764024314.0,-298560492293.0,-10141910691.0,-787956836292.0,57220940989.0,,-225324242548.0,-168103301559.0,-956060137851.0,-29829702744.0,24996817735.0,-960893022860.0,32418463873.0,-993311486733.0,VHM,income_statement,,,,,,,,,,,,,,,,,,
VHM,2017,1,8.0,3377586246904.0,740054995057.0,1.0,99209816610.0,-152342221828.0,3377586246904.0,,3377586246904.0,-1946904108026.0,1430682138878.0,-155276041297.0,82319949685.0,-400040363457.0,-138705201262.0,918190299157.0,10004989651.0,,-5562891798.0,4442097853.0,922632397010.0,-154489626608.0,0.0,768142770402.0,28087775345.0,740054995057.0,VHM,income_statement,,,,,,,,,,,,,,,,,,
VHM,2016,4,0.0,9538927615772.0,1567242054423.0,0.0,591693540499.0,-220953110016.0,9538927615772.0,,9538927615772.0,-5644937943946.0,3893989671826.0,-433960182577.0,-104677496295.0,-989051635949.0,-383798551669.0,2574195345835.0,52207212437.0,,-21418061371.0,30789151066.0,2604984496901.0,-547159081658.0,3853709931.0,2061679125174.0,494437070751.0,1567242054423.0,VHM,income_statement,,,,,,,,,,,,,,,,,,
VHM,2016,3,0.0,875661318171.0,516515227683.0,0.0,174567457258.0,-78694880950.0,875661318171.0,,875661318171.0,-486629608361.0,389031709810.0,-79365150200.0,299885817614.0,-144814429352.0,-176047315673.0,463258089457.0,77874922953.0,,73403457.0,77948326410.0,541206415867.0,-34595214942.0,-5025882226.0,501585318699.0,-14929908984.0,516515227683.0,VHM,income_statement,,,,,,,,,,,,,,,,,,
VHM,2016,2,0.0,436513927158.0,-516528768660.0,0.0,45245010024.0,-72271408403.0,436513927158.0,,436513927158.0,-353249046895.0,83264880263.0,-337779378494.0,62523201640.0,-100638951981.0,-179847146350.0,-427232384898.0,75076260694.0,,-18604897558.0,56471363136.0,-370761021762.0,-2407098716.0,-502588223.0,-373670708701.0,142858059959.0,-516528768660.0,VHM,income_statement,,,,,,,,,,,,,,,,,,
VHM,2016,1,0.0,366607065939.0,417704265471.0,0.0,170748085268.0,-97681539767.0,366607065939.0,,366607065939.0,-277932261757.0,88674804182.0,-98283463178.0,480113479956.0,-99506630737.0,-163692765862.0,378053509629.0,2667970542.0,,-36806932.0,2631163610.0,380684673239.0,0.0,0.0,380684673239.0,-37019592232.0,417704265471.0,VHM,income_statement,,,,,,,,,,,,,,,,,,
BID,2025,4,0.0,43796484000000.0,11408624000000.0,0.0,,,,,,,,,,,-9817720000000.0,,,,,,14230489000000.0,-2690054000000.0,2185000000.0,11542620000000.0,-133996000000.0,11408624000000.0,BID,income_statement,-6135005000000.0,43796484000000.0,-24549724000000.0,19246760000000.0,3557867000000.0,-1772191000000.0,1785676000000.0,619446000000.0,390754000000.0,952103000000.0,7849629000000.0,-1377814000000.0,6471815000000.0,716660000000.0,30183214000000.0,20365494000000.0,-2687869000000.0,0.0
BID,2025,3,0.0,38444637000000.0,5952964000000.0,0.0,,,,,,,,,,,-7374522000000.0,,,,,,7593776000000.0,-1512842000000.0,5976000000.0,6086910000000.0,-133946000000.0,5952964000000.0,BID,income_statement,-6185885000000.0,38444637000000.0,-23272019000000.0,15172618000000.0,3152717000000.0,-1419194000000.0,1733523000000.0,965196000000.0,66581000000.0,517199000000.0,3127343000000.0,-572130000000.0,2555213000000.0,143853000000.0,21154183000000.0,13779661000000.0,-1506866000000.0,0.0
BID,2025,2,0.0,37527165000000.0,6755001000000.0,0.0,,,,,,,,,,,-7365592000000.0,,,,,,8625500000000.0,-1732963000000.0,5650000000.0,6898187000000.0,-143186000000.0,6755001000000.0,BID,income_statement,-6098103000000.0,37527165000000.0,-22535434000000.0,14991731000000.0,3590607000000.0,-1703905000000.0,1886702000000.0,1357097000000.0,47274000000.0,797832000000.0,3512666000000.0,-614527000000.0,2898139000000.0,110420000000.0,22089195000000.0,14723603000000.0,-1727313000000.0,0.0
BID,2025,1,0.0,35286235000000.0,5840373000000.0,0.0,,,,,,,,,,,-5906818000000.0,,,,,,7413125000000.0,-1457863000000.0,0.0,5955262000000.0,-114889000000.0,5840373000000.0,BID,income_statement,-4578467000000.0,35286235000000.0,-21340651000000.0,13945584000000.0,2849210000000.0,-1310322000000.0,1538888000000.0,863527000000.0,214025000000.0,-5008000000.0,1745835000000.0,-529558000000.0,1216277000000.0,125117000000.0,17898410000000.0,11991592000000.0,-1457863000000.0,0.0
BID,2024,4,0.0,36469243000000.0,7810117000000.0,0.0,,,,,,,,,,,-9558439000000.0,,,,,,9938144000000.0,-1989607000000.0,-2114000000.0,7946423000000.0,-136306000000.0,7810117000000.0,BID,income_statement,-6909598000000.0,36469243000000.0,-20830514000000.0,15638729000000.0,3372210000000.0,-1404671000000.0,1967539000000.0,1438799000000.0,102793000000.0,5164422000000.0,3964823000000.0,-2015616000000.0,1949207000000.0,144692000000.0,26406181000000.0,16847742000000.0,-1991721000000.0,3204.0
BID,2024,3,0.0,34326293000000.0,5151318000000.0,0.0,,,,,,,,,,,-6307180000000.0,,,,,,6498279000000.0,-1286319000000.0,1906000000.0,5213866000000.0,-62548000000.0,5151318000000.0,BID,income_statement,-4453129000000.0,34326293000000.0,-20336569000000.0,13989724000000.0,3013677000000.0,-1538699000000.0,1474978000000.0,732488000000.0,-63874000000.0,-485528000000.0,2032606000000.0,-527789000000.0,1504817000000.0,105983000000.0,17258588000000.0,10951408000000.0,-1284413000000.0,0.0
BID,2024,2,0.0,33896893000000.0,6365954000000.0,0.0,,,,,,,,,,,-6708592000000.0,,,,,,8158532000000.0,-1634617000000.0,4254000000.0,6528169000000.0,-162215000000.0,6365954000000.0,BID,income_statement,-5357739000000.0,33896893000000.0,-19059130000000.0,14837763000000.0,3781124000000.0,-1842209000000.0,1938915000000.0,1725068000000.0,78745000000.0,512528000000.0,2045849000000.0,-1013428000000.0,1032421000000.0,99423000000.0,20224863000000.0,13516271000000.0,-1630363000000.0,0.0
BID,2024,1,0.0,33595982000000.0,5812648000000.0,0.0,,,,,,,,,,,-5392606000000.0,,,,,,7389914000000.0,-1474084000000.0,-251000000.0,5915579000000.0,-102931000000.0,5812648000000.0,BID,income_statement,-4388714000000.0,33595982000000.0,-20054622000000.0,13541360000000.0,3298301000000.0,-1605288000000.0,1693013000000.0,1465144000000.0,166849000000.0,-291092000000.0,1148615000000.0,-648299000000.0,500316000000.0,95644000000.0,17171234000000.0,11778628000000.0,-1474335000000.0,0.0
BID,2023,4,0.0,37496112000000.0,6074285000000.0,0.0,,,,,,,,,,,-7829831000000.0,,,,,,7886764000000.0,-1698137000000.0,1998000000.0,6190625000000.0,-116340000000.0,6074285000000.0,BID,income_statement,-4885023000000.0,37496112000000.0,-22627024000000.0,14869088000000.0,3235666000000.0,-1618754000000.0,1616912000000.0,1567446000000.0,11683000000.0,3137818000000.0,2408324000000.0,-3084781000000.0,-676457000000.0,75128000000.0,20601618000000.0,12771787000000.0,-1696139000000.0,0.0
BID,2023,3,0.0,38104286000000.0,4582880000000.0,0.0,,,,,,,,,,,-6044456000000.0,,,,,,5892788000000.0,-1164722000000.0,-131000000.0,4727935000000.0,-145055000000.0,4582880000000.0,BID,income_statement,-5949617000000.0,38104286000000.0,-24321190000000.0,13783096000000.0,2894636000000.0,-1130384000000.0,1764252000000.0,1682640000000.0,114410000000.0,-294874000000.0,1478082000000.0,-737064000000.0,741018000000.0,96319000000.0,17886861000000.0,11842405000000.0,-1164853000000.0,0.0
BID,2023,2,0.0,39425710000000.0,5426134000000.0,0.0,,,,,,,,,,,-6373642000000.0,,,,,,6950633000000.0,-1403782000000.0,2986000000.0,5549837000000.0,-123703000000.0,5426134000000.0,BID,income_statement,-3932886000000.0,39425710000000.0,-25878522000000.0,13547188000000.0,3088401000000.0,-1414487000000.0,1673914000000.0,784558000000.0,113573000000.0,28924000000.0,1407098000000.0,-372014000000.0,1035084000000.0,73920000000.0,17257161000000.0,10883519000000.0,-1400796000000.0,0.0
BID,2023,1,0.0,37735207000000.0,5468480000000.0,1.0,,,,,,,,,,,-4831771000000.0,,,,,,6919579000000.0,-1360181000000.0,-357000000.0,5559041000000.0,-90561000000.0,5468480000000.0,BID,income_statement,-5527046000000.0,37735207000000.0,-23799014000000.0,13936193000000.0,2673226000000.0,-1155827000000.0,1517399000000.0,672727000000.0,65730000000.0,-165000000.0,1248911000000.0,-272307000000.0,976604000000.0,109908000000.0,17278396000000.0,12446625000000.0,-1360538000000.0,0.0
BID,2022,4,0.0,33993242000000.0,4078937000000.0,1.0,,,,,,,,,,,-7744782000000.0,,,,,,5245911000000.0,-1103093000000.0,14174000000.0,4156992000000.0,-78055000000.0,4078937000000.0,BID,income_statement,-4576116000000.0,33993242000000.0,-19565041000000.0,14428201000000.0,2889252000000.0,-1455874000000.0,1433378000000.0,1125578000000.0,30429000000.0,141302000000.0,1641539000000.0,-1277850000000.0,363689000000.0,44232000000.0,17566809000000.0,9822027000000.0,-1088919000000.0,0.0
BID,2022,3,0.0,30624151000000.0,5277956000000.0,2.0,,,,,,,,,,,-5452199000000.0,,,,,,6673383000000.0,-1319050000000.0,-101000000.0,5354232000000.0,-76276000000.0,5277956000000.0,BID,income_statement,-5428946000000.0,30624151000000.0,-16525726000000.0,14098425000000.0,2571483000000.0,-1130268000000.0,1441215000000.0,801464000000.0,5751000000.0,51446000000.0,1526207000000.0,-469647000000.0,1056560000000.0,99667000000.0,17554528000000.0,12102329000000.0,-1319151000000.0,0.0
BID,2022,2,0.0,29431951000000.0,5157859000000.0,0.0,,,,,,,,,,,-5195589000000.0,,,,,,6489854000000.0,-1290255000000.0,36000000.0,5199635000000.0,-41776000000.0,5157859000000.0,BID,income_statement,-6445999000000.0,29431951000000.0,-14824806000000.0,14607145000000.0,2688001000000.0,-1186262000000.0,1501739000000.0,625061000000.0,-65939000000.0,64127000000.0,1702707000000.0,-367014000000.0,1335693000000.0,63616000000.0,18131442000000.0,12935853000000.0,-1290219000000.0,0.0
BID,2022,1,0.0,26951389000000.0,3571160000000.0,0.0,,,,,,,,,,,-4322027000000.0,,,,,,4513501000000.0,-876776000000.0,940000000.0,3637665000000.0,-66505000000.0,3571160000000.0,BID,income_statement,-7391272000000.0,26951389000000.0,-14125462000000.0,12825927000000.0,2196838000000.0,-921744000000.0,1275094000000.0,584510000000.0,-1905000000.0,1592000000.0,1659699000000.0,-201554000000.0,1458145000000.0,83437000000.0,16226800000000.0,11904773000000.0,-875836000000.0,0.0
BID,2021,4,0.0,24788144000000.0,2217704000000.0,0.0,,,,,,,,,,,-6145777000000.0,,,,,,2868211000000.0,-573027000000.0,432000000.0,2295616000000.0,-77912000000.0,2217704000000.0,BID,income_statement,-6237747000000.0,24788144000000.0,-13934803000000.0,10853341000000.0,3000395000000.0,-1156141000000.0,1844254000000.0,654874000000.0,12748000000.0,578291000000.0,3199405000000.0,-1925725000000.0,1273680000000.0,34547000000.0,15251735000000.0,9105958000000.0,-572595000000.0,0.0
BID,2021,3,0.0,25989671000000.0,2048016000000.0,0.0,,,,,,,,,,,-5070807000000.0,,,,,,2673837000000.0,-546819000000.0,-4702000000.0,2122316000000.0,-74300000000.0,2048016000000.0,BID,income_statement,-7502132000000.0,25989671000000.0,-13785010000000.0,12204661000000.0,2446148000000.0,-851927000000.0,1594221000000.0,456922000000.0,-2421000000.0,151461000000.0,1202802000000.0,-408752000000.0,794050000000.0,47882000000.0,15246776000000.0,10175969000000.0,-551521000000.0,0.0
BID,2021,2,0.0,26171067000000.0,3658712000000.0,1.0,,,,,,,,,,,-4108256000000.0,,,,,,4663527000000.0,-924885000000.0,533000000.0,3739175000000.0,-80463000000.0,3658712000000.0,BID,income_statement,-8519881000000.0,26171067000000.0,-13241606000000.0,12929461000000.0,2702988000000.0,-961339000000.0,1741649000000.0,405421000000.0,121802000000.0,-162263000000.0,2406503000000.0,-218836000000.0,2187667000000.0,67927000000.0,17291664000000.0,13183408000000.0,-924352000000.0,0.0
BID,2021,1,0.0,24058240000000.0,2648137000000.0,1.0,,,,,,,,,,,-4036501000000.0,,,,,,3396023000000.0,-678749000000.0,4265000000.0,2721539000000.0,-73402000000.0,2648137000000.0,BID,income_statement,-7172520000000.0,24058240000000.0,-13228171000000.0,10830069000000.0,2217213000000.0,-782881000000.0,1434332000000.0,379157000000.0,450607000000.0,-330896000000.0,2125881000000.0,-321372000000.0,1804509000000.0,37266000000.0,14605044000000.0,10568543000000.0,-674484000000.0,0.0
BID,2020,4,0.0,25959761000000.0,1636656000000.0,0.0,,,,,,,,,,,-6322110000000.0,,,,,,2152009000000.0,-444533000000.0,-11634000000.0,1695842000000.0,-59186000000.0,1636656000000.0,BID,income_statement,-7005559000000.0,25959761000000.0,-15394359000000.0,10565402000000.0,2576222000000.0,-983690000000.0,1592532000000.0,486025000000.0,1051000000.0,506086000000.0,4394408000000.0,-2119028000000.0,2275380000000.0,53202000000.0,15479678000000.0,9157568000000.0,-456167000000.0,0.0
BID,2020,3,0.0,24735264000000.0,2108359000000.0,0.0,,,,,,,,,,,-3931394000000.0,,,,,,2703079000000.0,-534315000000.0,5301000000.0,2174065000000.0,-65706000000.0,2108359000000.0,BID,income_statement,-5758095000000.0,24735264000000.0,-15590975000000.0,9144289000000.0,2160529000000.0,-792731000000.0,1367798000000.0,437501000000.0,58223000000.0,339979000000.0,1288201000000.0,-286459000000.0,1001742000000.0,43036000000.0,12392568000000.0,8461174000000.0,-529014000000.0,0.0
BID,2020,2,0.0,23457586000000.0,1983042000000.0,0.0,,,,,,,,,,,-3958402000000.0,,,,,,2544599000000.0,-502288000000.0,5972000000.0,2048283000000.0,-65241000000.0,1983042000000.0,BID,income_statement,-4320486000000.0,23457586000000.0,-16518543000000.0,6939043000000.0,2055788000000.0,-842724000000.0,1213064000000.0,397673000000.0,240555000000.0,797443000000.0,1463454000000.0,-233011000000.0,1230443000000.0,5266000000.0,10823487000000.0,6865085000000.0,-496316000000.0,0.0
BID,2020,1,0.0,26535477000000.0,1409327000000.0,0.0,,,,,,,,,,,-3483949000000.0,,,,,,1814243000000.0,-368148000000.0,-1642000000.0,1444453000000.0,-35126000000.0,1409327000000.0,BID,income_statement,-6040664000000.0,26535477000000.0,-17386826000000.0,9148651000000.0,1822199000000.0,-736287000000.0,1085912000000.0,418676000000.0,180340000000.0,-128871000000.0,842453000000.0,-261068000000.0,581385000000.0,52763000000.0,11338856000000.0,7854907000000.0,-369790000000.0,0.0
BID,2019,4,0.0,26654366000000.0,2990245000000.0,1.0,,,,,,,,,,,-6551168000000.0,,,,,,3848195000000.0,-800921000000.0,-27528000000.0,3019746000000.0,-29501000000.0,2990245000000.0,BID,income_statement,-3507245000000.0,26654366000000.0,-17057425000000.0,9596941000000.0,2362350000000.0,-1097291000000.0,1265059000000.0,417570000000.0,62964000000.0,663811000000.0,2319536000000.0,-456800000000.0,1862736000000.0,37527000000.0,13906608000000.0,7355440000000.0,-828449000000.0,0.0
BID,2019,3,0.0,25517995000000.0,1813880000000.0,0.0,,,,,,,,,,,-3512899000000.0,,,,,,2319195000000.0,-447610000000.0,2588000000.0,1874173000000.0,-60293000000.0,1813880000000.0,BID,income_statement,-5755970000000.0,25517995000000.0,-16766310000000.0,8751685000000.0,1943319000000.0,-892993000000.0,1050326000000.0,342412000000.0,175004000000.0,-2309000000.0,1491564000000.0,-287886000000.0,1203678000000.0,67268000000.0,11588064000000.0,8075165000000.0,-445022000000.0,0.0
BID,2019,2,0.0,25099488000000.0,1713066000000.0,0.0,,,,,,,,,,,-4218138000000.0,,,,,,2188103000000.0,-442185000000.0,327000000.0,1746245000000.0,-33179000000.0,1713066000000.0,BID,income_statement,-5559282000000.0,25099488000000.0,-15998300000000.0,9101188000000.0,1958394000000.0,-866452000000.0,1091942000000.0,412152000000.0,48795000000.0,125164000000.0,1292748000000.0,-168753000000.0,1123995000000.0,62287000000.0,11965523000000.0,7747385000000.0,-441858000000.0,851.0
BID,2019,1,0.0,23492434000000.0,1969360000000.0,0.0,,,,,,,,,,,-2997973000000.0,,,,,,2520735000000.0,-497003000000.0,997000000.0,2024729000000.0,-55369000000.0,1969360000000.0,BID,income_statement,-5186551000000.0,23492434000000.0,-14947382000000.0,8545052000000.0,1627188000000.0,-750722000000.0,876466000000.0,322487000000.0,38741000000.0,-389069000000.0,1507435000000.0,-243256000000.0,1264179000000.0,47403000000.0,10705259000000.0,7707286000000.0,-496006000000.0,0.0
BID,2018,4,0.0,23563444000000.0,1714090000000.0,0.0,,,,,,,,,,,-4877679000000.0,,,,,,2218468000000.0,-477842000000.0,-15519000000.0,1725107000000.0,-11017000000.0,1714090000000.0,BID,income_statement,-4528170000000.0,23563444000000.0,-14223504000000.0,9339940000000.0,2046866000000.0,-1037559000000.0,1009307000000.0,242224000000.0,-36476000000.0,13110000000.0,1555794000000.0,-599203000000.0,956591000000.0,99621000000.0,11624317000000.0,6746638000000.0,-493361000000.0,0.0
BID,2018,3,0.0,22179909000000.0,1753040000000.0,0.0,,,,,,,,,,,-4242377000000.0,,,,,,2283790000000.0,-473056000000.0,-405000000.0,1810329000000.0,-57289000000.0,1753040000000.0,BID,income_statement,-4339726000000.0,22179909000000.0,-14028926000000.0,8150983000000.0,1632707000000.0,-812488000000.0,820219000000.0,360678000000.0,-3252000000.0,241847000000.0,1631999000000.0,-361607000000.0,1270392000000.0,25026000000.0,10865893000000.0,6623516000000.0,-473461000000.0,0.0
BID,2018,2,0.0,22167418000000.0,1912556000000.0,1.0,,,,,,,,,,,-4224777000000.0,,,,,,2484580000000.0,-495449000000.0,-3843000000.0,1985288000000.0,-72732000000.0,1912556000000.0,BID,income_statement,-4012697000000.0,22167418000000.0,-13868119000000.0,8299299000000.0,1706365000000.0,-730348000000.0,976017000000.0,222089000000.0,156443000000.0,-4209000000.0,1357162000000.0,-359411000000.0,997751000000.0,74664000000.0,10722054000000.0,6497277000000.0,-499292000000.0,0.0
BID,2018,1,0.0,22163247000000.0,1978183000000.0,0.0,,,,,,,,,,,-2779640000000.0,,,,,,2485665000000.0,-480281000000.0,15725000000.0,2021109000000.0,-42926000000.0,1978183000000.0,BID,income_statement,-6013042000000.0,22163247000000.0,-12997607000000.0,9165640000000.0,1415907000000.0,-670651000000.0,745256000000.0,214694000000.0,528741000000.0,-16671000000.0,799905000000.0,-201913000000.0,597992000000.0,42695000000.0,11278347000000.0,8498707000000.0,-464556000000.0,0.0
BID,2017,4,0.0,20868723000000.0,2681561000000.0,1.0,,,,,,,,,,,-5024993000000.0,,,,,,3245464000000.0,-519714000000.0,24377000000.0,2750127000000.0,-68566000000.0,2681561000000.0,BID,income_statement,-3028203000000.0,20868723000000.0,-12860160000000.0,8008563000000.0,1676964000000.0,-830538000000.0,846426000000.0,154078000000.0,165670000000.0,308548000000.0,2190636000000.0,-414634000000.0,1776002000000.0,39373000000.0,11298660000000.0,6273667000000.0,-495337000000.0,0.0
BID,2017,3,0.0,21151114000000.0,1505105000000.0,0.0,,,,,,,,,,,-3463598000000.0,,,,,,1861896000000.0,-379449000000.0,545000000.0,1482992000000.0,22113000000.0,1505105000000.0,BID,income_statement,-5555963000000.0,21151114000000.0,-12131137000000.0,9019977000000.0,1368615000000.0,-638840000000.0,729775000000.0,209600000000.0,165122000000.0,32184000000.0,911843000000.0,-350637000000.0,561206000000.0,163593000000.0,10881457000000.0,7417859000000.0,-378904000000.0,0.0
BID,2017,2,0.0,19014319000000.0,892009000000.0,0.0,,,,,,,,,,,-3618075000000.0,,,,,,1416271000000.0,-443012000000.0,4386000000.0,977645000000.0,-85636000000.0,892009000000.0,BID,income_statement,-3982774000000.0,19014319000000.0,-11826855000000.0,7187464000000.0,1444782000000.0,-608628000000.0,836154000000.0,181185000000.0,56252000000.0,50330000000.0,1017410000000.0,-286006000000.0,731404000000.0,-25669000000.0,9017120000000.0,5399045000000.0,-438626000000.0,0.0
BID,2017,1,0.0,17648275000000.0,1823679000000.0,0.0,,,,,,,,,,,-3261856000000.0,,,,,,2277065000000.0,-431780000000.0,3635000000.0,1848920000000.0,-25241000000.0,1823679000000.0,BID,income_statement,-2348196000000.0,17648275000000.0,-10842516000000.0,6805759000000.0,1142193000000.0,-567969000000.0,574224000000.0,122425000000.0,103821000000.0,-67018000000.0,475164000000.0,-264862000000.0,210302000000.0,137604000000.0,7887117000000.0,4625261000000.0,-428145000000.0,0.0
BID,2016,4,0.0,17765985000000.0,1538589000000.0,0.0,,,,,,,,,,,-4653962000000.0,,,,,,1976678000000.0,-415668000000.0,3283000000.0,1564293000000.0,-25704000000.0,1538589000000.0,BID,income_statement,-2301545000000.0,17765985000000.0,-10735383000000.0,7030602000000.0,1393910000000.0,-612094000000.0,781816000000.0,160096000000.0,56947000000.0,433645000000.0,1473494000000.0,-1013964000000.0,459530000000.0,9549000000.0,8932185000000.0,4278223000000.0,-412385000000.0,0.0
BID,2016,3,0.0,16643552000000.0,1965970000000.0,0.0,,,,,,,,,,,-3153871000000.0,,,,,,2430267000000.0,-447680000000.0,6818000000.0,1989405000000.0,-23435000000.0,1965970000000.0,BID,income_statement,-2478185000000.0,16643552000000.0,-10138025000000.0,6505527000000.0,1085398000000.0,-520711000000.0,564687000000.0,168823000000.0,164771000000.0,23030000000.0,899676000000.0,-410152000000.0,489524000000.0,145961000000.0,8062323000000.0,4908452000000.0,-440862000000.0,0.0
BID,2016,2,0.0,13930011000000.0,995235000000.0,1.0,,,,,,,,,,,-3076281000000.0,,,,,,1250201000000.0,-239368000000.0,912000000.0,1011745000000.0,-16510000000.0,995235000000.0,BID,income_statement,-2503233000000.0,13930011000000.0,-9367730000000.0,4562281000000.0,1059889000000.0,-403867000000.0,656022000000.0,115637000000.0,131111000000.0,-48868000000.0,755724000000.0,-290924000000.0,464800000000.0,948732000000.0,6829715000000.0,3753434000000.0,-238456000000.0,578.0
BID,2016,1,0.0,14617747000000.0,1659280000000.0,0.0,,,,,,,,,,,-2637765000000.0,,,,,,2077481000000.0,-394924000000.0,0.0,1682557000000.0,-23277000000.0,1659280000000.0,BID,income_statement,-1990741000000.0,14617747000000.0,-8978125000000.0,5639622000000.0,961503000000.0,-459639000000.0,501864000000.0,89890000000.0,80839000000.0,-43020000000.0,600901000000.0,-274355000000.0,326546000000.0,110246000000.0,6705987000000.0,4068222000000.0,-394924000000.0,0.0
BID,2015,4,0.0,13638691000000.0,1817310000000.0,0.0,,,,,,,,,,,-3600529000000.0,,,,,,2413474000000.0,-545035000000.0,-5403000000.0,1863036000000.0,-45726000000.0,1817310000000.0,BID,income_statement,-1716555000000.0,13638691000000.0,-8043078000000.0,5595613000000.0,1206533000000.0,-479379000000.0,727154000000.0,310346000000.0,65182000000.0,325519000000.0,1220119000000.0,-495526000000.0,724593000000.0,-17849000000.0,7730558000000.0,4130029000000.0,-550438000000.0,0.0
BID,2015,3,0.0,13161877000000.0,2009668000000.0,0.0,,,,,,,,,,,-3125230000000.0,,,,,,2417767000000.0,-398377000000.0,-2125000000.0,2017265000000.0,-7597000000.0,2009668000000.0,BID,income_statement,-499301000000.0,13161877000000.0,-7937165000000.0,5224712000000.0,1010011000000.0,-448682000000.0,561329000000.0,-68597000000.0,6377000000.0,-361221000000.0,760925000000.0,-329682000000.0,431243000000.0,248455000000.0,6042298000000.0,2917068000000.0,-400502000000.0,0.0
BID,2015,2,0.0,10812487000000.0,616456000000.0,1.0,,,,,,,,,,,-2334678000000.0,,,,,,844301000000.0,-215005000000.0,2125000000.0,631421000000.0,-14965000000.0,616456000000.0,BID,income_statement,-2481651000000.0,10812487000000.0,-6909310000000.0,3903177000000.0,959439000000.0,-367451000000.0,591988000000.0,30967000000.0,-97901000000.0,56612000000.0,1075226000000.0,-84163000000.0,991063000000.0,184724000000.0,5660630000000.0,3325952000000.0,-212880000000.0,0.0
BID,2015,1,0.0,11392173000000.0,1854649000000.0,0.0,,,,,,,,,,,-2026739000000.0,,,,,,2273116000000.0,-408080000000.0,0.0,1865036000000.0,-10387000000.0,1854649000000.0,BID,income_statement,-978825000000.0,11392173000000.0,-6800706000000.0,4591467000000.0,786371000000.0,-330311000000.0,456060000000.0,21255000000.0,-36644000000.0,-9615000000.0,481283000000.0,-258788000000.0,222495000000.0,33662000000.0,5278680000000.0,3251941000000.0,-408080000000.0,0.0
BID,2014,4,0.0,9537214590843.0,1449100655379.0,1.0,,,,,,,,,,,-2285786941554.0,,,,,,1860219036308.0,-403025284118.0,0.0,1457193752190.0,-8093096811.0,1449100655379.0,BID,income_statement,-3169923320332.0,9537214590843.0,-4858831336198.0,4678383254645.0,1250764234864.0,-381679471228.0,869084763636.0,-34786166722.0,32280418878.0,828841629055.0,1401447696393.0,-509725433639.0,891722262754.0,50403135948.0,7315929298194.0,5030142356640.0,-403025284118.0,0.0
BID,2014,3,0.0,11125977853972.0,1574004080370.0,0.0,,,,,,,,,,,-1883557201448.0,,,,,,1983242695104.0,-391966530663.0,-5411083347.0,1585865081094.0,-11861000724.0,1574004080370.0,BID,income_statement,-1046935463188.0,11125977853972.0,-7566685484203.0,3559292369769.0,963183689939.0,-318679551167.0,644504138772.0,78456834394.0,156016893654.0,21352147454.0,439784812601.0,-113645714084.0,326139098517.0,127973877180.0,4913735359740.0,3030178158292.0,-397377614010.0,0.0
BID,2014,2,0.0,11407430531549.0,395227776358.0,-1.0,,,,,,,,,,,-2667846011640.0,,,,,,514490796059.0,-115373301534.0,5205000000.0,404322494525.0,-9094718167.0,395227776358.0,BID,income_statement,-2172253201966.0,11407430531549.0,-7274471637861.0,4132958893688.0,1011809959976.0,-241957108639.0,769852851337.0,18602675641.0,-40843050122.0,-7282105757.0,519944916095.0,-138914670870.0,381030245225.0,100270499653.0,5354590009665.0,2686743998025.0,-110168301534.0,0.0
BID,2014,1,0.0,10937928468451.0,1536478223642.0,0.0,,,,,,,,,,,-1959430988360.0,,,,,,1948788203941.0,-404072698466.0,0.0,1544715505475.0,-8237281833.0,1536478223642.0,BID,income_statement,-694875798034.0,10937928468451.0,-7440004362139.0,3497924106312.0,842449040024.0,-237283891361.0,605165148663.0,202793324359.0,60787050122.0,-21580894243.0,249775083905.0,-84698329130.0,165076754775.0,92929500347.0,4603094990335.0,2643664001975.0,-404072698466.0,0.0
BID,2013,4,0.0,11799927610422.0,944897729216.0,0.0,,,,,,,,,,,-2743049129289.0,,,,,,1250427044451.0,-301028003514.0,0.0,949399040937.0,-4501311721.0,944897729216.0,BID,income_statement,-2513834782907.0,11799927610422.0,-7600587757450.0,4199339852972.0,966409755107.0,-301683480004.0,664726275103.0,77979640957.0,168328220044.0,909244434106.0,823690479424.0,-351050070080.0,472640409344.0,15052124121.0,6507310956647.0,3764261827358.0,-301028003514.0,0.0
BID,2013,3,0.0,10703489187756.0,1132409429194.0,0.0,,,,,,,,,,,-1406221445039.0,,,,,,1481384250324.0,-342870281964.0,0.0,1138513968360.0,-6104539166.0,1132409429194.0,BID,income_statement,-1403833904770.0,10703489187756.0,-7442007010801.0,3261482176955.0,796434250950.0,-228756791793.0,567677459157.0,29432658571.0,90098768607.0,41193504925.0,365164902699.0,-174483293634.0,190681609065.0,110873422853.0,4291439600133.0,2885218155094.0,-342870281964.0,0.0
BID,2013,2,0.0,11147558989213.0,827692276412.0,0.0,,,,,,,,,,,-1768043135052.0,,,,,,1064297251659.0,-232770748702.0,0.0,831526502957.0,-3834226545.0,827692276412.0,BID,income_statement,-1810859368229.0,11147558989213.0,-7663264906780.0,3484294082433.0,883007049266.0,-174536000535.0,708471048731.0,14792713204.0,67868618241.0,-29838893450.0,487584074003.0,-261881396230.0,225702677773.0,171909508008.0,4643199754940.0,2875156619888.0,-232770748702.0,0.0
BID,2013,1,0.0,10634491010787.0,1141531723588.0,0.0,,,,,,,,,,,-1602315864948.0,,,,,,1514554748341.0,-368917251298.0,0.0,1145637497043.0,-4105773455.0,1141531723588.0,BID,income_statement,-807370631771.0,10634491010787.0,-7510952093220.0,3123538917567.0,667497950734.0,-152555999465.0,514941951269.0,40598286796.0,136005381759.0,1082893450.0,247274925997.0,-177667603770.0,69607322227.0,38466491992.0,3924241245060.0,2321925380112.0,-368917251298.0,0.0
CTG,2025,4,0.0,38592005000000.0,11053113000000.0,0.0,,,,,,,,,,,-9162451000000.0,,,,,,13911214000000.0,-2818031000000.0,404000000.0,11093587000000.0,-40474000000.0,11053113000000.0,CTG,income_statement,-350917000000.0,38592005000000.0,-20632309000000.0,17959696000000.0,3219102000000.0,-1522160000000.0,1696942000000.0,555334000000.0,36349000000.0,16758000000.0,3696354000000.0,-608195000000.0,3088159000000.0,71344000000.0,23424582000000.0,14262131000000.0,-2817627000000.0,0.0
CTG,2025,3,0.0,36989708000000.0,8448784000000.0,1.0,,,,,,,,,,,-6021945000000.0,,,,,,10614390000000.0,-2101927000000.0,0.0,8512463000000.0,-63679000000.0,8448784000000.0,CTG,income_statement,-5863409000000.0,36989708000000.0,-19813990000000.0,17175718000000.0,3115601000000.0,-1528347000000.0,1587254000000.0,546197000000.0,216030000000.0,14261000000.0,3289637000000.0,-458157000000.0,2831480000000.0,128804000000.0,22499744000000.0,16477799000000.0,-2101927000000.0,0.0
CTG,2025,2,0.0,34876403000000.0,9669885000000.0,1.0,,,,,,,,,,,-5847160000000.0,,,,,,12097152000000.0,-2345147000000.0,0.0,9752005000000.0,-82120000000.0,9669885000000.0,CTG,income_statement,-2972768000000.0,34876403000000.0,-19033787000000.0,15842616000000.0,3141453000000.0,-1707237000000.0,1434216000000.0,1106104000000.0,213219000000.0,30591000000.0,2545568000000.0,-372166000000.0,2173402000000.0,116932000000.0,20917080000000.0,15069920000000.0,-2345147000000.0,0.0
CTG,2025,1,0.0,32684212000000.0,5418875000000.0,0.0,,,,,,,,,,,-5519223000000.0,,,,,,6823198000000.0,-1319472000000.0,-4339000000.0,5499387000000.0,-80512000000.0,5418875000000.0,CTG,income_statement,-8110962000000.0,32684212000000.0,-17208997000000.0,15475215000000.0,2874899000000.0,-1264360000000.0,1610539000000.0,912866000000.0,238195000000.0,90960000000.0,2241243000000.0,-238922000000.0,2002321000000.0,123287000000.0,20453383000000.0,14934160000000.0,-1323811000000.0,0.0
CTG,2024,4,0.0,32446079000000.0,9798251000000.0,1.0,,,,,,,,,,,-6569774000000.0,,,,,,12251018000000.0,-2377386000000.0,4540000000.0,9878172000000.0,-79921000000.0,9798251000000.0,CTG,income_statement,-2464267000000.0,32446079000000.0,-16133922000000.0,16312157000000.0,2837517000000.0,-1607967000000.0,1229550000000.0,1057550000000.0,12516000000.0,53378000000.0,2892475000000.0,-302011000000.0,2590464000000.0,29444000000.0,21285059000000.0,14715285000000.0,-2372846000000.0,0.0
CTG,2024,3,0.0,30924362000000.0,5225859000000.0,0.0,,,,,,,,,,,-6094955000000.0,,,,,,6552679000000.0,-1360167000000.0,0.0,5192512000000.0,33347000000.0,5225859000000.0,CTG,income_statement,-9268664000000.0,30924362000000.0,-15346848000000.0,15577514000000.0,3125194000000.0,-1323745000000.0,1801449000000.0,608810000000.0,16411000000.0,-201712000000.0,4377345000000.0,-414355000000.0,3962990000000.0,150836000000.0,21916298000000.0,15821343000000.0,-1360167000000.0,0.0
CTG,2024,2,0.0,30138279000000.0,5365295000000.0,0.0,,,,,,,,,,,-5073752000000.0,,,,,,6749946000000.0,-1340587000000.0,0.0,5409359000000.0,-44064000000.0,5365295000000.0,CTG,income_statement,-7816739000000.0,30138279000000.0,-14799392000000.0,15338887000000.0,3178353000000.0,-1292117000000.0,1886236000000.0,1186105000000.0,24649000000.0,-33548000000.0,2138199000000.0,-1050988000000.0,1087211000000.0,150897000000.0,19640437000000.0,14566685000000.0,-1340587000000.0,0.0
CTG,2024,1,0.0,30951965000000.0,4958810000000.0,0.0,,,,,,,,,,,-4807448000000.0,,,,,,6210282000000.0,-1207758000000.0,0.0,5002524000000.0,-43714000000.0,4958810000000.0,CTG,income_statement,-8049159000000.0,30951965000000.0,-15777729000000.0,15174236000000.0,3091737000000.0,-1312984000000.0,1778753000000.0,1344217000000.0,38253000000.0,-106162000000.0,1279714000000.0,-501593000000.0,778121000000.0,59471000000.0,19066889000000.0,14259441000000.0,-1207758000000.0,0.0
CTG,2023,4,0.0,32637238000000.0,6119475000000.0,0.0,,,,,,,,,,,-6304215000000.0,,,,,,7698581000000.0,-1555298000000.0,-59000000.0,6143224000000.0,-23749000000.0,6119475000000.0,CTG,income_statement,-4472642000000.0,32637238000000.0,-18065212000000.0,14572026000000.0,3310266000000.0,-1756457000000.0,1553809000000.0,763380000000.0,82990000000.0,-157990000000.0,2009290000000.0,-469349000000.0,1539941000000.0,121282000000.0,18475438000000.0,12171223000000.0,-1555357000000.0,0.0
CTG,2023,3,0.0,32837820000000.0,3863075000000.0,0.0,,,,,,,,,,,-5081879000000.0,,,,,,4870950000000.0,-975628000000.0,0.0,3895322000000.0,-32247000000.0,3863075000000.0,CTG,income_statement,-7440325000000.0,32837820000000.0,-19750383000000.0,13087437000000.0,2835950000000.0,-1020780000000.0,1815170000000.0,1135313000000.0,-19950000000.0,-12987000000.0,1735446000000.0,-325678000000.0,1409768000000.0,-21597000000.0,17393154000000.0,12311275000000.0,-975628000000.0,0.0
CTG,2023,2,0.0,34116537000000.0,5203306000000.0,0.0,,,,,,,,,,,-4743381000000.0,,,,,,6550196000000.0,-1286541000000.0,0.0,5263655000000.0,-60349000000.0,5203306000000.0,CTG,income_statement,-6478353000000.0,34116537000000.0,-21359067000000.0,12757470000000.0,2901827000000.0,-1117648000000.0,1784179000000.0,1176766000000.0,201509000000.0,1967000000.0,2076206000000.0,-298059000000.0,1778147000000.0,71892000000.0,17771930000000.0,13028549000000.0,-1286541000000.0,0.0
CTG,2023,1,0.0,32760300000000.0,4806377000000.0,0.0,,,,,,,,,,,-4313889000000.0,,,,,,5980335000000.0,-1149134000000.0,0.0,4831201000000.0,-24824000000.0,4806377000000.0,CTG,income_statement,-6723821000000.0,32760300000000.0,-20094129000000.0,12666171000000.0,3341451000000.0,-1340780000000.0,2000671000000.0,1172650000000.0,28015000000.0,14889000000.0,1205592000000.0,-185634000000.0,1019958000000.0,115691000000.0,17018045000000.0,12704156000000.0,-1149134000000.0,0.0
CTG,2022,4,0.0,30361859000000.0,4260411000000.0,0.0,,,,,,,,,,,-6363452000000.0,,,,,,5349296000000.0,-1075213000000.0,-451000000.0,4273632000000.0,-13221000000.0,4260411000000.0,CTG,income_statement,-5532595000000.0,30361859000000.0,-17514243000000.0,12847616000000.0,3652899000000.0,-1867318000000.0,1785581000000.0,1129622000000.0,-10320000000.0,70285000000.0,1403975000000.0,-26684000000.0,1377291000000.0,45268000000.0,17245343000000.0,10881891000000.0,-1075664000000.0,0.0
CTG,2022,3,0.0,27097979000000.0,3338328000000.0,0.0,,,,,,,,,,,-4846989000000.0,,,,,,4156564000000.0,-836900000000.0,0.0,3319664000000.0,18664000000.0,3338328000000.0,CTG,income_statement,-8320626000000.0,27097979000000.0,-14174343000000.0,12923636000000.0,2972432000000.0,-1506948000000.0,1465484000000.0,843139000000.0,-136104000000.0,-104601000000.0,2596210000000.0,-357757000000.0,2238453000000.0,94172000000.0,17324179000000.0,12477190000000.0,-836900000000.0,0.0
CTG,2022,2,0.0,25058970000000.0,4645413000000.0,1.0,,,,,,,,,,,-4272331000000.0,,,,,,5785062000000.0,-1104211000000.0,0.0,4680851000000.0,-35438000000.0,4645413000000.0,CTG,income_statement,-5883273000000.0,25058970000000.0,-13046045000000.0,12012925000000.0,2850055000000.0,-1289822000000.0,1560233000000.0,813635000000.0,64000000.0,231100000000.0,1440988000000.0,-329685000000.0,1111303000000.0,211406000000.0,15940666000000.0,11668335000000.0,-1104211000000.0,0.0
CTG,2022,1,0.0,22132345000000.0,4663907000000.0,0.0,,,,,,,,,,,-3821026000000.0,,,,,,5822496000000.0,-1124584000000.0,0.0,4697912000000.0,-34005000000.0,4663907000000.0,CTG,income_statement,-4426683000000.0,22132345000000.0,-11986480000000.0,10145865000000.0,2298808000000.0,-1020681000000.0,1278127000000.0,783664000000.0,56429000000.0,-232807000000.0,2147279000000.0,-269750000000.0,1877529000000.0,161398000000.0,14070205000000.0,10249179000000.0,-1124584000000.0,0.0
CTG,2021,4,0.0,21536919000000.0,2920816000000.0,0.0,,,,,,,,,,,-5831801000000.0,,,,,,3678083000000.0,-692882000000.0,504000000.0,2985705000000.0,-64889000000.0,2920816000000.0,CTG,income_statement,-4377224000000.0,21536919000000.0,-11140980000000.0,10395939000000.0,2720027000000.0,-1562183000000.0,1157844000000.0,457375000000.0,240507000000.0,70857000000.0,1689758000000.0,-220467000000.0,1469291000000.0,95295000000.0,13887108000000.0,8055307000000.0,-692378000000.0,0.0
CTG,2021,3,0.0,20679386000000.0,2459772000000.0,0.0,,,,,,,,,,,-3646918000000.0,,,,,,3060627000000.0,-594990000000.0,0.0,2465637000000.0,-5865000000.0,2459772000000.0,CTG,income_statement,-5547913000000.0,20679386000000.0,-10807580000000.0,9871806000000.0,2180213000000.0,-1025810000000.0,1154403000000.0,498694000000.0,5853000000.0,232655000000.0,690077000000.0,-325323000000.0,364754000000.0,127293000000.0,12255458000000.0,8608540000000.0,-594990000000.0,0.0
CTG,2021,2,0.0,21320045000000.0,2250195000000.0,0.0,,,,,,,,,,,-4187076000000.0,,,,,,2790066000000.0,-538687000000.0,45078000000.0,2296457000000.0,-46262000000.0,2250195000000.0,CTG,income_statement,-7106255000000.0,21320045000000.0,-10441461000000.0,10878584000000.0,2448201000000.0,-1091380000000.0,1356821000000.0,516014000000.0,72152000000.0,21994000000.0,1493133000000.0,-358859000000.0,1134274000000.0,103558000000.0,14083397000000.0,9896321000000.0,-493609000000.0,0.0
CTG,2021,1,0.0,21095542000000.0,6461533000000.0,2.0,,,,,,,,,,,-3512229000000.0,,,,,,8060191000000.0,-1581804000000.0,-7236000000.0,6471151000000.0,-9618000000.0,6461533000000.0,CTG,income_statement,-1350133000000.0,21095542000000.0,-10453406000000.0,10642136000000.0,2221818000000.0,-938646000000.0,1283172000000.0,340401000000.0,177352000000.0,-110284000000.0,652094000000.0,-213554000000.0,438540000000.0,151236000000.0,12922553000000.0,9410324000000.0,-1589040000000.0,0.0
CTG,2020,4,0.0,21019018000000.0,5397434000000.0,1.0,,,,,,,,,,,-5721358000000.0,,,,,,6755787000000.0,-1306807000000.0,-20381000000.0,5428599000000.0,-31165000000.0,5397434000000.0,CTG,income_statement,-709908000000.0,21019018000000.0,-10734007000000.0,10285011000000.0,2453218000000.0,-1308900000000.0,1144318000000.0,485610000000.0,203063000000.0,119153000000.0,891200000000.0,-114234000000.0,776966000000.0,172932000000.0,13187053000000.0,7465695000000.0,-1327188000000.0,0.0
CTG,2020,3,0.0,20793395000000.0,2336652000000.0,0.0,,,,,,,,,,,-3748792000000.0,,,,,,2904024000000.0,-564907000000.0,2532000000.0,2341649000000.0,-4997000000.0,2336652000000.0,CTG,income_statement,-4858146000000.0,20793395000000.0,-11715115000000.0,9078280000000.0,2032996000000.0,-976367000000.0,1056629000000.0,477474000000.0,9143000000.0,106327000000.0,919165000000.0,-237211000000.0,681954000000.0,101155000000.0,11510962000000.0,7762170000000.0,-562375000000.0,0.0
CTG,2020,2,0.0,20352594000000.0,3571650000000.0,1.0,,,,,,,,,,,-3281706000000.0,,,,,,4485578000000.0,-855021000000.0,-20314000000.0,3610243000000.0,-38593000000.0,3571650000000.0,CTG,income_statement,-2207393000000.0,20352594000000.0,-12554695000000.0,7797899000000.0,1947948000000.0,-845467000000.0,1102481000000.0,643551000000.0,125970000000.0,-29150000000.0,475473000000.0,-280380000000.0,195093000000.0,138833000000.0,9974677000000.0,6692971000000.0,-875335000000.0,0.0
CTG,2020,1,0.0,21511509000000.0,2414466000000.0,0.0,,,,,,,,,,,-3317572000000.0,,,,,,2974427000000.0,-595321000000.0,25611000000.0,2404717000000.0,9749000000.0,2414466000000.0,CTG,income_statement,-4392768000000.0,21511509000000.0,-13093071000000.0,8418438000000.0,1924473000000.0,-865447000000.0,1059026000000.0,393086000000.0,263099000000.0,164620000000.0,428781000000.0,-153401000000.0,275380000000.0,111118000000.0,10684767000000.0,7367195000000.0,-569710000000.0,0.0
CTG,2019,4,0.0,21914502000000.0,2655195000000.0,4.0,,,,,,,,,,,-5129759000000.0,,,,,,3324006000000.0,-658144000000.0,-12096000000.0,2653766000000.0,1429000000.0,2655195000000.0,CTG,income_statement,-2119681000000.0,21914502000000.0,-13222355000000.0,8692147000000.0,2384470000000.0,-1375712000000.0,1008758000000.0,375920000000.0,53507000000.0,-571774000000.0,994259000000.0,-96130000000.0,898129000000.0,116759000000.0,10573446000000.0,5443687000000.0,-670240000000.0,0.0
CTG,2019,3,0.0,20873022000000.0,2511143000000.0,0.0,,,,,,,,,,,-3752698000000.0,,,,,,3121422000000.0,-604741000000.0,465000000.0,2517146000000.0,-6003000000.0,2511143000000.0,CTG,income_statement,-3501760000000.0,20873022000000.0,-12543172000000.0,8329850000000.0,1861468000000.0,-769876000000.0,1091592000000.0,401667000000.0,176068000000.0,23423000000.0,517873000000.0,-260856000000.0,257017000000.0,96263000000.0,10375880000000.0,6623182000000.0,-604276000000.0,0.0
CTG,2019,2,0.0,20296571000000.0,1766664000000.0,0.0,,,,,,,,,,,-3619264000000.0,,,,,,2181963000000.0,-419272000000.0,5585000000.0,1768276000000.0,-1612000000.0,1766664000000.0,CTG,income_statement,-4138916000000.0,20296571000000.0,-12069366000000.0,8227205000000.0,1936032000000.0,-949985000000.0,986047000000.0,372703000000.0,4822000000.0,-159891000000.0,441966000000.0,-246361000000.0,195605000000.0,313652000000.0,9940143000000.0,6320879000000.0,-413687000000.0,0.0
CTG,2019,1,0.0,19658596000000.0,2528201000000.0,0.0,,,,,,,,,,,-3237794000000.0,,,,,,3152941000000.0,-602724000000.0,-11133000000.0,2539084000000.0,-10883000000.0,2528201000000.0,CTG,income_statement,-3241532000000.0,19658596000000.0,-11708960000000.0,7949636000000.0,1705592000000.0,-736267000000.0,969325000000.0,414492000000.0,131167000000.0,-82928000000.0,406494000000.0,-257074000000.0,149420000000.0,101155000000.0,9632267000000.0,6394473000000.0,-613857000000.0,0.0
CTG,2018,4,0.0,18539734000000.0,-833377000000.0,-2.0,,,,,,,,,,,-3384698000000.0,,,,,,-1037115000000.0,189022000000.0,-452000000.0,-848545000000.0,15168000000.0,-833377000000.0,CTG,income_statement,527477000000.0,18539734000000.0,-18275405000000.0,264329000000.0,1746696000000.0,-961808000000.0,784888000000.0,170213000000.0,-119773000000.0,116310000000.0,712644000000.0,-151999000000.0,560645000000.0,43494000000.0,1820106000000.0,-1564592000000.0,188570000000.0,0.0
CTG,2018,3,0.0,19206080000000.0,1871488000000.0,0.0,,,,,,,,,,,-3580668000000.0,,,,,,2330121000000.0,-449506000000.0,-7700000000.0,1872915000000.0,-1427000000.0,1871488000000.0,CTG,income_statement,-3378148000000.0,19206080000000.0,-11699011000000.0,7507069000000.0,1552612000000.0,-766020000000.0,786592000000.0,181997000000.0,177889000000.0,-28387000000.0,825970000000.0,-282597000000.0,543373000000.0,120404000000.0,9288937000000.0,5708269000000.0,-457206000000.0,0.0
CTG,2018,2,0.0,18513427000000.0,1808113000000.0,0.0,,,,,,,,,,,-3663247000000.0,,,,,,2237934000000.0,-431336000000.0,5741000000.0,1812339000000.0,-4226000000.0,1808113000000.0,CTG,income_statement,-2600786000000.0,18513427000000.0,-11306566000000.0,7206861000000.0,1419963000000.0,-813157000000.0,606806000000.0,123759000000.0,-25992000000.0,50774000000.0,712121000000.0,-283707000000.0,428414000000.0,111345000000.0,8501967000000.0,4838720000000.0,-425595000000.0,0.0
CTG,2018,1,0.0,17610625000000.0,2428579000000.0,0.0,,,,,,,,,,,-3455427000000.0,,,,,,3027693000000.0,-580758000000.0,-6398000000.0,2440537000000.0,-11958000000.0,2428579000000.0,CTG,income_statement,-2351397000000.0,17610625000000.0,-10377052000000.0,7233573000000.0,1244519000000.0,-652028000000.0,592491000000.0,233900000000.0,239351000000.0,79624000000.0,663578000000.0,-306995000000.0,356583000000.0,98995000000.0,8834517000000.0,5379090000000.0,-587156000000.0,0.0
CTG,2017,4,0.0,17504492000000.0,1577575000000.0,0.0,,,,,,,,,,,-5025981000000.0,,,,,,1973802000000.0,-387360000000.0,-240000000.0,1586202000000.0,-8627000000.0,1577575000000.0,CTG,income_statement,-1680984000000.0,17504492000000.0,-10348668000000.0,7155824000000.0,1390951000000.0,-818756000000.0,572195000000.0,192462000000.0,53774000000.0,-27859000000.0,1316514000000.0,-668084000000.0,648430000000.0,85941000000.0,8680767000000.0,3654786000000.0,-387600000000.0,0.0
CTG,2017,3,0.0,16218202000000.0,1950311000000.0,0.0,,,,,,,,,,,-3368615000000.0,,,,,,2418555000000.0,-466847000000.0,0.0,1951708000000.0,-1397000000.0,1950311000000.0,CTG,income_statement,-1819602000000.0,16218202000000.0,-9785960000000.0,6432242000000.0,1044872000000.0,-670834000000.0,374038000000.0,164109000000.0,137879000000.0,-151533000000.0,677729000000.0,-125903000000.0,551826000000.0,98211000000.0,7606772000000.0,4238157000000.0,-466847000000.0,0.0
CTG,2017,2,0.0,16681904000000.0,1872815000000.0,0.0,,,,,,,,,,,-3559871000000.0,,,,,,2269556000000.0,-387694000000.0,0.0,1881862000000.0,-9047000000.0,1872815000000.0,CTG,income_statement,-2778783000000.0,16681904000000.0,-9362507000000.0,7319397000000.0,918980000000.0,-522096000000.0,396884000000.0,85590000000.0,64825000000.0,71433000000.0,437617000000.0,-299299000000.0,138318000000.0,531763000000.0,8608210000000.0,5048339000000.0,-387694000000.0,0.0
CTG,2017,1,0.0,14872601000000.0,2031656000000.0,0.0,,,,,,,,,,,-3114304000000.0,,,,,,2544073000000.0,-504946000000.0,0.0,2039127000000.0,-7471000000.0,2031656000000.0,CTG,income_statement,-2064726000000.0,14872601000000.0,-8707077000000.0,6165524000000.0,947528000000.0,-435456000000.0,512072000000.0,267805000000.0,113039000000.0,-17759000000.0,802052000000.0,-146761000000.0,655291000000.0,27131000000.0,7723103000000.0,4608799000000.0,-504946000000.0,0.0
CTG,2016,4,0.0,13544748000000.0,1562463000000.0,0.0,,,,,,,,,,,-4144289000000.0,,,,,,1968507000000.0,-397580000000.0,289000000.0,1571216000000.0,-8753000000.0,1562463000000.0,CTG,income_statement,-81175000000.0,13544748000000.0,-8444130000000.0,5100618000000.0,924130000000.0,-425148000000.0,498982000000.0,210433000000.0,83575000000.0,16616000000.0,499447000000.0,-310000000000.0,189447000000.0,94300000000.0,6193971000000.0,2049682000000.0,-397291000000.0,0.0
CTG,2016,3,0.0,13940446000000.0,1774946000000.0,0.0,,,,,,,,,,,-3046766000000.0,,,,,,2212252000000.0,-432939000000.0,0.0,1779313000000.0,-4367000000.0,1774946000000.0,CTG,income_statement,-1968255000000.0,13940446000000.0,-8000955000000.0,5939491000000.0,836739000000.0,-442904000000.0,393835000000.0,130955000000.0,40873000000.0,-1393000000.0,911034000000.0,-228456000000.0,682578000000.0,40934000000.0,7227273000000.0,4180507000000.0,-432939000000.0,0.0
CTG,2016,2,0.0,13130104000000.0,1488343000000.0,0.0,,,,,,,,,,,-3011846000000.0,,,,,,1867981000000.0,-376930000000.0,0.0,1491051000000.0,-2708000000.0,1488343000000.0,CTG,income_statement,-1567992000000.0,13130104000000.0,-7243933000000.0,5886171000000.0,866718000000.0,-438303000000.0,428415000000.0,122273000000.0,-23094000000.0,-5830000000.0,341604000000.0,-315240000000.0,26364000000.0,13520000000.0,6447819000000.0,3435973000000.0,-376930000000.0,0.0
CTG,2016,1,0.0,12274287000000.0,1919475000000.0,1.0,,,,,,,,,,,-2645942000000.0,,,,,,2404963000000.0,-481332000000.0,0.0,1923631000000.0,-4156000000.0,1919475000000.0,CTG,income_statement,-1441187000000.0,12274287000000.0,-6896688000000.0,5377599000000.0,706910000000.0,-330117000000.0,376793000000.0,221478000000.0,82565000000.0,31562000000.0,794243000000.0,-393869000000.0,400374000000.0,1721000000.0,6492092000000.0,3846150000000.0,-481332000000.0,0.0
CTG,2015,4,0.0,10754435000000.0,1248248000000.0,0.0,,,,,,,,,,,-3353707000000.0,,,,,,1619961000000.0,-365054000000.0,0.0,1254907000000.0,-6659000000.0,1248248000000.0,CTG,income_statement,-858650000000.0,10754435000000.0,-6445040000000.0,4309395000000.0,759519000000.0,-363096000000.0,396423000000.0,-75630000000.0,-4448000000.0,234630000000.0,1656826000000.0,-672616000000.0,984210000000.0,-12262000000.0,5832318000000.0,2478611000000.0,-365054000000.0,0.0
CTG,2015,3,0.0,10975775000000.0,1423112000000.0,0.0,,,,,,,,,,,-2780890000000.0,,,,,,1846897000000.0,-420100000000.0,0.0,1426797000000.0,-3685000000.0,1423112000000.0,CTG,income_statement,-1284224000000.0,10975775000000.0,-6066734000000.0,4909041000000.0,672601000000.0,-286603000000.0,385998000000.0,30394000000.0,19186000000.0,-74160000000.0,1069615000000.0,-427917000000.0,641698000000.0,-146000000.0,5912011000000.0,3131121000000.0,-420100000000.0,0.0
CTG,2015,2,0.0,10449777000000.0,1781473000000.0,0.0,,,,,,,,,,,-2403077000000.0,,,,,,2314611000000.0,-527471000000.0,0.0,1787140000000.0,-5667000000.0,1781473000000.0,CTG,income_statement,-1025872000000.0,10449777000000.0,-5521654000000.0,4928123000000.0,782866000000.0,-376316000000.0,406550000000.0,27681000000.0,15062000000.0,-64430000000.0,776447000000.0,-384695000000.0,391752000000.0,38822000000.0,5743560000000.0,3340483000000.0,-527471000000.0,0.0
CTG,2015,1,0.0,10291744000000.0,1245088000000.0,0.0,,,,,,,,,,,-2181783000000.0,,,,,,1563972000000.0,-315938000000.0,0.0,1248034000000.0,-2946000000.0,1245088000000.0,CTG,income_statement,-1510240000000.0,10291744000000.0,-5599318000000.0,4692426000000.0,435877000000.0,-164946000000.0,270931000000.0,37322000000.0,99377000000.0,-43233000000.0,605236000000.0,-420610000000.0,184626000000.0,14546000000.0,5255995000000.0,3074212000000.0,-315938000000.0,0.0
CTG,2014,4,0.0,10194690620246.0,1446590246126.0,2.0,,,,,,,,,,,-2794581954959.0,,,,,,1822348980368.0,-370907247449.0,0.0,1451441732919.0,-4851486793.0,1446590246126.0,CTG,income_statement,-1409264405204.0,10194690620246.0,-5843164204419.0,4351526415827.0,711783246352.0,-312239354489.0,399543891863.0,77280008323.0,76422880757.0,-20275202643.0,2406927889304.0,-1287919500392.0,1119008388912.0,22688957492.0,6026195340531.0,3231613385572.0,-370907247449.0,0.0
CTG,2014,3,0.0,10285783175200.0,1247708628236.0,0.0,,,,,,,,,,,-2773068791685.0,,,,,,1607459252169.0,-356044271821.0,0.0,1251414980348.0,-3706352112.0,1247708628236.0,CTG,income_statement,-775245756517.0,10285783175200.0,-5776430395742.0,4509352779458.0,546846586069.0,-299670315293.0,247176270776.0,114809187473.0,55636768816.0,2196688686.0,328958749953.0,-151020437951.0,177938312002.0,48663793160.0,5155773800371.0,2382705008686.0,-356044271821.0,0.0
CTG,2014,2,0.0,10318160877039.0,1882187220158.0,0.0,,,,,,,,,,,-1753639410538.0,,,,,,2414964453066.0,-530571492979.0,0.0,1884392960087.0,-2205739929.0,1882187220158.0,CTG,income_statement,-692642065967.0,10318160877039.0,-5823083715487.0,4495077161552.0,595489330987.0,-167242508190.0,428246822797.0,71938339021.0,37039661687.0,-130281073822.0,447722736903.0,-542825998445.0,-95103261542.0,54328279878.0,4861245929571.0,3107606519033.0,-530571492979.0,810.0
CTG,2014,1,0.0,10276953122961.0,1135626779842.0,0.0,,,,,,,,,,,-2505395589462.0,,,,,,1457704546934.0,-317745507021.0,0.0,1139959039913.0,-4332260071.0,1135626779842.0,CTG,income_statement,-1024812934033.0,10276953122961.0,-6052723284513.0,4224229838448.0,550347669013.0,-157530491810.0,392817177203.0,122511660979.0,23324338313.0,-5314926178.0,559288263097.0,-369647001555.0,189641261542.0,40703720122.0,4987913070429.0,2482517480967.0,-317745507021.0,0.0
CTG,2013,4,0.0,10529815406900.0,498113130779.0,0.0,,,,,,,,,,,-3055692473079.0,,,,,,705755604780.0,-203362355441.0,0.0,502393249339.0,-4280118560.0,498113130779.0,CTG,income_statement,-1465121999959.0,10529815406900.0,-6196493739012.0,4333321667888.0,589006197946.0,-153886798254.0,435119399692.0,112553750843.0,1703737792.0,-66026059292.0,505226786923.0,-111304743556.0,393922043367.0,15975537528.0,5226570077818.0,2170877604739.0,-203362355441.0,0.0
CTG,2013,3,0.0,10791494846290.0,2186729304089.0,0.0,,,,,,,,,,,-2198744068498.0,,,,,,2910183518164.0,-720111165138.0,0.0,2190072353026.0,-3343048937.0,2186729304089.0,CTG,income_statement,-796825875834.0,10791494846290.0,-6161684977302.0,4629809868988.0,569524009611.0,-148087244642.0,421436764969.0,103339746331.0,7810358388.0,2421092378.0,793844456471.0,-102100226826.0,691744229645.0,49191401797.0,5905753462496.0,3707009393998.0,-720111165138.0,0.0
CTG,2013,2,0.0,11285481505661.0,2069842317292.0,3.0,,,,,,,,,,,-2084690538043.0,,,,,,2766741412682.0,-691897547925.0,0.0,2074843864757.0,-5001547465.0,2069842317292.0,CTG,income_statement,-514688879389.0,11285481505661.0,-6618170344964.0,4667311160697.0,503685650642.0,-137201713578.0,366483937064.0,-22721065375.0,4036203118.0,90709735282.0,365544819856.0,-163979851869.0,201564967987.0,58735891341.0,5366120830114.0,3281430292071.0,-691897547925.0,0.0
CTG,2013,1,0.0,11670995494339.0,1039551682708.0,0.0,,,,,,,,,,,-2567419461957.0,,,,,,1369818587318.0,-327362452075.0,0.0,1042456135243.0,-2904452535.0,1039551682708.0,CTG,income_statement,-1346409120611.0,11670995494339.0,-7025176655036.0,4645818839303.0,434485349358.0,-130451286422.0,304034062936.0,98278065375.0,5182796882.0,-3710735282.0,267061180144.0,-83087148131.0,183974032013.0,50070108659.0,5283647169886.0,2716227707929.0,-327362452075.0,0.0
CTG,2012,2,1.0,13061626444941.0,570616364646.0,0.0,,,,,,,,,,,-3213920973410.0,,,,,,774766627685.0,-199233319806.0,0.0,575533307879.0,-4916943233.0,570616364646.0,CTG,income_statement,-1490292184544.0,13061626444941.0,-8376667514932.0,4684958930009.0,457869868314.0,-138767820579.0,319102047735.0,78590864249.0,17023163497.0,40362951879.0,330982023413.0,-23168859164.0,307813164249.0,31128664021.0,5478979785639.0,2265058812229.0,-199233319806.0,0.0
CTG,2010,2,1.0,7601096578370.0,662484236724.0,1.0,,,,,,,,,,,-2119226558284.0,,,,,,1006277995966.0,-322947616800.0,-18704000000.0,664626379166.0,-2142142442.0,662484236724.0,CTG,income_statement,-424752924208.0,7601096578370.0,-4523688658106.0,3077407920264.0,440695554846.0,-68934595106.0,371760959740.0,-101484056621.0,-10480318060.0,9079440280.0,141149641284.0,2963599671.0,144113240955.0,59860291900.0,3550257478458.0,1431030920174.0,-341651616800.0,0.0
CTG,2009,2,0.0,4185637942942.0,384864230287.0,0.0,,,,,,,,,,,-1526781736486.0,,,,,,872592275657.0,-487854045370.0,0.0,384738230287.0,126000000.0,384864230287.0,CTG,income_statement,78575000000.0,4185637942942.0,-2354634788272.0,1831003154670.0,206118771396.0,-57527940301.0,148590831095.0,68579026629.0,54168000000.0,8698965215.0,-38240500300.0,233296027734.0,195055527434.0,14703507100.0,2320799012143.0,794017275657.0,-487854045370.0,0.0
PNJ,2025,4,0.0,9750682769282.0,1218909077096.0,1.0,57911834306.0,-33497968561.0,9750682769282.0,-127690260415.0,9622992508867.0,-7204336172931.0,2418656335936.0,-51025520609.0,0.0,-651012549569.0,-257948584104.0,1516581515960.0,10211754257.0,0.0,-5120207745.0,5091546512.0,1521673062472.0,-428884585857.0,126120600481.0,1218909077096.0,0.0,1218909077096.0,PNJ,income_statement,,,,,,,,,,,,,,,,,,
PNJ,2025,3,0.0,8235605818836.0,495704579157.0,1.0,28316452524.0,-24063535984.0,8235605818836.0,-100101386950.0,8135504431886.0,-6528295097135.0,1607209334751.0,-30542311945.0,0.0,-757519233823.0,-240445601201.0,607018640306.0,21994473824.0,0.0,-3259932669.0,18734541155.0,625753181461.0,-130405520743.0,356918439.0,495704579157.0,0.0,495704579157.0,PNJ,income_statement,,,,,,,,,,,,,,,,,,
PNJ,2025,2,0.0,7664650341452.0,436997250814.0,0.0,24247252211.0,-32672703171.0,7664650341452.0,-82200767315.0,7582449574137.0,-5953476887712.0,1628972686425.0,-46383324153.0,0.0,-855377092177.0,-203474925240.0,547984597066.0,3881275230.0,0.0,-4473052728.0,-591777498.0,547392819568.0,-114022880028.0,3627311274.0,436997250814.0,0.0,436997250814.0,PNJ,income_statement,,,,,,,,,,,,,,,,,,
PNJ,2025,1,0.0,9759650683046.0,677727918125.0,0.0,37651295970.0,-28848391611.0,9759650683046.0,-124554268544.0,9635096414502.0,-7586766309432.0,2048330105070.0,-37041222735.0,0.0,-1005693098938.0,-193730064073.0,849517015294.0,5101406769.0,0.0,-381163358.0,4720243411.0,854237258705.0,-176173197786.0,-336142794.0,677727918125.0,0.0,677727918125.0,PNJ,income_statement,,,,,,,,,,,,,,,,,,
PNJ,2024,4,0.0,8698354347717.0,730874615219.0,0.0,28464720237.0,-22299606340.0,8698354347717.0,-117666403375.0,8580687944342.0,-6788226293053.0,1792461651289.0,-42880802744.0,0.0,-706245531150.0,-208079390615.0,863720647017.0,1763875043.0,0.0,-1367830859.0,396044184.0,864116691201.0,-200193714714.0,66951638732.0,730874615219.0,0.0,730874615219.0,PNJ,income_statement,,,,,,,,,,,,,,,,,,
PNJ,2024,3,0.0,7225789054822.0,215835184688.0,0.0,24894603085.0,-6438807781.0,7225789054822.0,-96177851976.0,7129611202846.0,-5879029148365.0,1250582054481.0,-12977217232.0,0.0,-766263429454.0,-181399247814.0,314836763066.0,4025704624.0,0.0,-843217720.0,3182486904.0,318019249970.0,-102557681117.0,373615835.0,215835184688.0,0.0,215835184688.0,PNJ,income_statement,,,,,,,,,,,,,,,,,,
PNJ,2024,2,0.0,9605148405359.0,428399456272.0,0.0,7995610373.0,-3455400059.0,9605148405359.0,-86449270145.0,9518699135214.0,-8037576726745.0,1481122408469.0,-13817663903.0,0.0,-759168704925.0,-179166732604.0,536964917410.0,2304026464.0,0.0,-5991529873.0,-3687503409.0,533277414001.0,-114798729943.0,9920772214.0,428399456272.0,0.0,428399456272.0,PNJ,income_statement,,,,,,,,,,,,,,,,,,
PNJ,2024,1,0.0,12703109376152.0,737807026767.0,0.0,14212504829.0,-14581491649.0,12703109376152.0,-109270487169.0,12593838888983.0,-10444502363030.0,2149336525953.0,-23941097072.0,0.0,-975897025645.0,-227103984889.0,936606923176.0,1920174994.0,0.0,-2928004034.0,-1007829040.0,935599094136.0,-197926764862.0,134697493.0,737807026767.0,0.0,737807026767.0,PNJ,income_statement,,,,,,,,,,,,,,,,,,
PNJ,2023,4,0.0,9864419377152.0,631966388436.0,0.0,20255561971.0,-22665862084.0,9864419377152.0,-104037695705.0,9760381681447.0,-8008978267079.0,1751403414368.0,-29152250574.0,0.0,-762857681713.0,-187413955658.0,792235088394.0,5444094007.0,0.0,-1034009125.0,4410084882.0,796645173276.0,-165182370816.0,503585976.0,631966388436.0,0.0,631966388436.0,PNJ,income_statement,,,,,,,,,,,,,,,,,,
PNJ,2023,3,0.0,6991365461426.0,253335092696.0,0.0,26923762232.0,-28872005523.0,6991365461426.0,-73819543649.0,6917545917777.0,-5719911177800.0,1197634739977.0,-36011980249.0,0.0,-697134967387.0,-175225524113.0,316186030460.0,617662222.0,0.0,-3512242463.0,-2894580241.0,313291450219.0,-60233629635.0,277272112.0,253335092696.0,0.0,253335092696.0,PNJ,income_statement,,,,,,,,,,,,,,,,,,
PNJ,2023,2,0.0,6735502069493.0,337588916971.0,0.0,36075541696.0,-32980727532.0,6735502069493.0,-72186968721.0,6663315100772.0,-5453714405037.0,1209600695735.0,-38669323444.0,0.0,-615791482206.0,-156324780155.0,434890651626.0,2353786061.0,0.0,-1173629656.0,1180156405.0,436070808031.0,-97439239686.0,-1042651374.0,337588916971.0,0.0,337588916971.0,PNJ,income_statement,,,,,,,,,,,,,,,,,,
PNJ,2023,1,0.0,9890322046882.0,748593747032.0,0.0,14128237981.0,-34050208964.0,9890322046882.0,-94635550449.0,9795686496433.0,-7895734399319.0,1899952097114.0,-38304682715.0,0.0,-759985338496.0,-174553964792.0,941236349092.0,3447066092.0,0.0,-1514134336.0,1932931756.0,943169280848.0,-194769308023.0,193774207.0,748593747032.0,0.0,748593747032.0,PNJ,income_statement,,,,,,,,,,,,,,,,,,
PNJ,2022,4,0.0,8395977590240.0,466418918591.0,0.0,37001720651.0,-33105656391.0,8395977590240.0,-93995740578.0,8301981849662.0,-6833077187073.0,1468904662589.0,-57113684457.0,0.0,-706660621786.0,-150744178642.0,591387898355.0,2444721244.0,0.0,-2507725083.0,-63003839.0,591324894516.0,-137723904199.0,12817928274.0,466418918591.0,0.0,466418918591.0,PNJ,income_statement,,,,,,,,,,,,,,,,,,
PNJ,2022,3,7.0,7443393767391.0,252270411779.0,3.0,6432035915.0,-17219503105.0,7443393767391.0,-79413872253.0,7363979895138.0,-6116067808131.0,1247912087007.0,-32690598088.0,0.0,-725579722879.0,-167343706400.0,328730095555.0,2376687235.0,0.0,-1476171705.0,900515530.0,329630611085.0,-77698468462.0,338269156.0,252270411779.0,0.0,252270411779.0,PNJ,income_statement,,,,,,,,,,,,,,,,,,
PNJ,2022,2,1.0,8142746815789.0,367034289466.0,1.0,10439323933.0,-12947618655.0,8142746815789.0,-74971254021.0,8067775561768.0,-6618589759477.0,1449185802291.0,-22072990125.0,0.0,-753892387936.0,-180600090579.0,503059657584.0,3283747446.0,0.0,-29346032351.0,-26062284905.0,476997372679.0,-110129298238.0,166215025.0,367034289466.0,0.0,367034289466.0,PNJ,income_statement,,,,,,,,,,,,,,,,,,
PNJ,2022,1,0.0,10229010768820.0,721072652231.0,0.0,5106586566.0,-30870653257.0,10229010768820.0,-86293516235.0,10142717252585.0,-8381925540519.0,1760791712066.0,-34536623688.0,0.0,-642075911775.0,-176086421117.0,913199342052.0,809323251.0,0.0,-722689429.0,86633822.0,913285975874.0,-192534695294.0,321371651.0,721072652231.0,0.0,721072652231.0,PNJ,income_statement,,,,,,,,,,,,,,,,,,
PNJ,2021,4,0.0,7176172897335.0,457177492495.0,0.0,3084532848.0,-32839348932.0,7176172897335.0,-77268025826.0,7098904871509.0,-5842079070664.0,1256825800845.0,-41372137098.0,0.0,-519454214618.0,-120674471488.0,578409510489.0,2730958643.0,0.0,-21780987760.0,-19050029117.0,559359481372.0,-120259337045.0,18077348168.0,457177492495.0,0.0,457177492495.0,PNJ,income_statement,,,,,,,,,,,,,,,,,,
PNJ,2021,3,-1.0,890098972480.0,-159528391064.0,-2.0,3514070576.0,-27735712834.0,890098972480.0,-13131732462.0,876967240018.0,-721083564561.0,155883675457.0,-28519214071.0,0.0,-250770901767.0,-73547290316.0,-193439660121.0,244554611.0,0.0,-314270684.0,-69716073.0,-193509376194.0,33466703700.0,514281430.0,-159528391064.0,0.0,-159528391064.0,PNJ,income_statement,,,,,,,,,,,,,,,,,,
PNJ,2021,2,1.0,4513830098175.0,222657103800.0,6.0,4164887513.0,-21034959436.0,4513830098175.0,-58421596603.0,4455408501572.0,-3620339477995.0,835069023577.0,-22989179078.0,0.0,-420390087670.0,-125031681970.0,270822962372.0,4002783080.0,0.0,-1614314191.0,2388468889.0,273211431261.0,-41569299846.0,-8985027615.0,222657103800.0,0.0,222657103800.0,PNJ,income_statement,,,,,,,,,,,,,,,,,,
PNJ,2021,1,0.0,7234561357052.0,512612208810.0,0.0,5562623858.0,-22770252958.0,7234561357052.0,-52789893715.0,7181771463337.0,-5856651852958.0,1325119610379.0,-25372204148.0,0.0,-503024843329.0,-153160847424.0,649124339336.0,1786445968.0,0.0,-2622736045.0,-836290077.0,648288049259.0,-135554338054.0,-121502395.0,512612208810.0,0.0,512612208810.0,PNJ,income_statement,,,,,,,,,,,,,,,,,,
PNJ,2020,4,0.0,5903043165174.0,427301574221.0,0.0,1440390332.0,-29105868217.0,5903043165174.0,-60091419311.0,5842951745863.0,-4665569863768.0,1177381882095.0,-31794661440.0,0.0,-444760732572.0,-168113412171.0,534153466244.0,2572927223.0,0.0,-1233320158.0,1339607065.0,535493073309.0,-109938162272.0,1746663184.0,427301574221.0,0.0,427301574221.0,PNJ,income_statement,,,,,,,,,,,,,,,,,,
PNJ,2020,3,0.0,3962201288187.0,202085876099.0,0.0,746730937.0,-40680147467.0,3962201288187.0,-39827405773.0,3922373882414.0,-3188043827778.0,734330054636.0,-42998465686.0,0.0,-318785521610.0,-113040437997.0,260252360280.0,1865755937.0,0.0,-6022389105.0,-4156633168.0,256095727112.0,-54364135632.0,354284619.0,202085876099.0,0.0,202085876099.0,PNJ,income_statement,,,,,,,,,,,,,,,,,,
PNJ,2020,2,0.0,2769528845620.0,31660485158.0,-1.0,-3213345233.0,-44251598481.0,2769528845620.0,-24726646013.0,2744802199607.0,-2271304837096.0,473497362511.0,-41805650739.0,0.0,-289339969961.0,-96342283167.0,42796113411.0,614534228.0,0.0,-719774676.0,-105240448.0,42690872963.0,-10959902195.0,-70485610.0,31660485158.0,0.0,31660485158.0,PNJ,income_statement,,,,,,,,,,,,,,,,,,
PNJ,2020,1,0.0,5047369321706.0,408262169783.0,0.0,3999243952.0,-40379080111.0,5047369321706.0,-46478904081.0,5000890417625.0,-3951333995980.0,1049556421645.0,-45546371299.0,0.0,-368002269304.0,-128076661270.0,511930363724.0,432630762.0,0.0,-662199155.0,-229568393.0,511700795331.0,-104160277315.0,721651767.0,408262169783.0,0.0,408262169783.0,PNJ,income_statement,,,,,,,,,,,,,,,,,,
PNJ,2019,4,0.0,5374046800939.0,384803198848.0,0.0,687830958.0,-41002191152.0,5374046800939.0,-52704540031.0,5321342260908.0,-4298771153390.0,1022571107518.0,-41213578323.0,0.0,-367632953860.0,-133606551921.0,480805854372.0,1470924189.0,0.0,-935460083.0,535464106.0,481341318478.0,-99569513025.0,3031393395.0,384803198848.0,0.0,384803198848.0,PNJ,income_statement,,,,,,,,,,,,,,,,,,
PNJ,2019,3,0.0,3966255895350.0,207993358183.0,0.0,241691350.0,-28990878493.0,3966255895350.0,-32237245468.0,3934018649882.0,-3180963642552.0,753055007330.0,-31055088259.0,0.0,-340804458651.0,-113728530457.0,267708621313.0,704916122.0,0.0,-385648795.0,319267327.0,268027888640.0,-60034530457.0,0.0,207993358183.0,0.0,207993358183.0,PNJ,income_statement,,,,,,,,,,,,,,,,,,
PNJ,2019,2,0.0,2983350469961.0,169151564268.0,0.0,28063167.0,-21364384129.0,2983350469961.0,-21521889924.0,2961828580037.0,-2326094975065.0,635733604972.0,-22265531891.0,0.0,-286944355915.0,-116157993501.0,210393786832.0,254365224.0,0.0,-581168885.0,-326803661.0,210066983171.0,-40915418903.0,0.0,169151564268.0,0.0,169151564268.0,PNJ,income_statement,,,,,,,,,,,,,,,,,,
PNJ,2019,1,0.0,4820598280382.0,428746315280.0,0.0,1034702485.0,-24010156644.0,4820598280382.0,-37106690686.0,4783491589696.0,-3734137817255.0,1049353772441.0,-24316187250.0,0.0,-367183975911.0,-115618582051.0,543269729714.0,2330717554.0,0.0,-2362402836.0,-31685282.0,543238044432.0,-114491729152.0,0.0,428746315280.0,0.0,428746315280.0,PNJ,income_statement,,,,,,,,,,,,,,,,,,
PNJ,2018,4,0.0,4095665398691.0,265538938659.0,0.0,517262139.0,-21014783481.0,4095665398691.0,-32271741000.0,4063393657691.0,-3237254493017.0,826139164674.0,-21221091678.0,0.0,-351492758857.0,-118550695082.0,335391881196.0,1923401015.0,0.0,-1193348243.0,730052772.0,336121933968.0,-74441478043.0,3858482734.0,265538938659.0,0.0,265538938659.0,PNJ,income_statement,,,,,,,,,,,,,,,,,,
PNJ,2018,3,0.0,3178369955454.0,177687880949.0,0.0,145838562.0,-15315285497.0,3178369955454.0,-27520745080.0,3150849210374.0,-2550829399062.0,600019811312.0,-17407413734.0,0.0,-268067364057.0,-93015229413.0,221675642670.0,393502391.0,0.0,-929846746.0,-536344355.0,221139298315.0,-43451417366.0,0.0,177687880949.0,0.0,177687880949.0,PNJ,income_statement,,,,,,,,,,,,,,,,,,
PNJ,2018,2,0.0,3238175968274.0,180436267105.0,0.0,188751093.0,-11225839714.0,3238175968274.0,-20736205018.0,3217439763256.0,-2634537690306.0,582902072950.0,-13733866715.0,0.0,-268913495241.0,-73696045394.0,226747416693.0,1263333256.0,0.0,-476223461.0,787109795.0,227534526488.0,-47098259383.0,0.0,180436267105.0,0.0,180436267105.0,PNJ,income_statement,,,,,,,,,,,,,,,,,,
PNJ,2018,1,0.0,4166588283379.0,336260260434.0,0.0,5994175297.0,-13553130698.0,4166588283379.0,-27135169850.0,4139453113529.0,-3369430601006.0,770022512523.0,-13983492084.0,0.0,-281595451271.0,-60606184051.0,419831560414.0,1057572840.0,0.0,-134618904.0,922953936.0,420754514350.0,-84494253916.0,0.0,336260260434.0,0.0,336260260434.0,PNJ,income_statement,,,,,,,,,,,,,,,,,,
PNJ,2017,4,0.0,3246869473258.0,221845744364.0,1.0,3306166160.0,-95647282500.0,3246869473258.0,-25206209897.0,3221663263361.0,-2656414506248.0,565248757113.0,-9649841367.0,0.0,-222865961047.0,-58899810647.0,277139310212.0,902981364.0,0.0,-673311399.0,229669965.0,277368980177.0,-55039171263.0,-484064550.0,221845744364.0,0.0,221845744364.0,PNJ,income_statement,,,,,,,,,,,,,,,,,,
PNJ,2017,3,0.0,2295181057513.0,126078968097.0,0.0,1712811377.0,-10521848660.0,2295181057513.0,-15906987439.0,2279274070074.0,-1883097446086.0,396176623988.0,-10648400987.0,0.0,-182771095725.0,-46815990663.0,157653947990.0,654445430.0,0.0,-242976750.0,411468680.0,158065416670.0,-31986448573.0,0.0,126078968097.0,0.0,126078968097.0,PNJ,income_statement,,,,,,,,,,,,,,,,,,
PNJ,2017,2,0.0,2358426759396.0,128945315857.0,0.0,1831092887.0,-16609785190.0,2358426759396.0,-13387182832.0,2345039576564.0,-1944924302800.0,400115273764.0,-17177537114.0,0.0,-186083113659.0,-42586181645.0,156099534233.0,5606584116.0,0.0,-105485471.0,5501098645.0,161600632878.0,-32655317021.0,0.0,128945315857.0,0.0,128945315857.0,PNJ,income_statement,,,,,,,,,,,,,,,,,,
PNJ,2017,1,0.0,3148657892414.0,248739097079.0,1.0,1944801676.0,-18284670399.0,3148657892414.0,-17686834699.0,3130971057715.0,-2580113337664.0,550857720051.0,-18999850096.0,0.0,-183222217210.0,-39339789040.0,311240665381.0,230857025.0,0.0,-396316035.0,-165459010.0,311075206371.0,-62336109292.0,0.0,248739097079.0,0.0,248739097079.0,PNJ,income_statement,,,,,,,,,,,,,,,,,,
PNJ,2016,4,0.0,2659446896266.0,94329407210.0,692.0,2981548407.0,-18022426145.0,2659446896266.0,-15180517998.0,2644266378268.0,-2263053842816.0,381212535452.0,-39682953025.0,0.0,-159034218973.0,-40892481110.0,144584430751.0,2597426916.0,0.0,-2183087160.0,414339756.0,144998770507.0,-49889814338.0,-779548959.0,94329407210.0,0.0,94329407210.0,PNJ,income_statement,,,,,,,,,,,,,,,,,,
PNJ,2016,3,0.0,1994850551407.0,111248886825.0,1.0,1178347749.0,-16936446735.0,1994850551407.0,-12732847010.0,1982117704397.0,-1664620125428.0,317497578969.0,-17626632698.0,0.0,-131161444439.0,-30625222466.0,139262627115.0,230821717.0,0.0,-77609532.0,153212185.0,139415839300.0,-28166952475.0,0.0,111248886825.0,0.0,111248886825.0,PNJ,income_statement,,,,,,,,,,,,,,,,,,
PNJ,2016,2,0.0,1617595698152.0,120731255236.0,22.0,918983877.0,-16918018340.0,1617595698152.0,-9411725584.0,1608183972568.0,-1316951174780.0,291232797788.0,-17675761145.0,0.0,-130987302813.0,-34362045538.0,109126672169.0,43857764298.0,-396331316.0,-1505165755.0,42352598543.0,151082939396.0,-30351684160.0,0.0,120731255236.0,0.0,120731255236.0,PNJ,income_statement,,,,,,,,,,,,,,,,,,
PNJ,2016,1,0.0,2343470008618.0,123801600650.0,0.0,186913855.0,-21319390220.0,2343470008618.0,-13447573634.0,2330022434984.0,-1908672148295.0,421350286689.0,-106575125755.0,-517607994.0,-132440217059.0,-27402160425.0,154602089311.0,631447441.0,0.0,-103322375.0,528125066.0,155130214377.0,-31328613727.0,0.0,123801600650.0,0.0,123801600650.0,PNJ,income_statement,,,,,,,,,,,,,,,,,,
PNJ,2015,4,0.0,2022206758312.0,-136423668.0,-1.0,537960216.0,-21213907761.0,2022206758312.0,-10706431775.0,2011500326537.0,-1659343690507.0,352156636030.0,-180995271803.0,-273503564.0,-130832724897.0,-40694742440.0,-101646458.0,466492401.0,0.0,-157724678.0,308767723.0,207121265.0,-26779048.0,-316765885.0,-136423668.0,0.0,-136423668.0,PNJ,income_statement,,,,,,,,,,,,,,,,,,
PNJ,2015,3,0.0,1803840583617.0,44605629248.0,0.0,293547353.0,-23057316569.0,1803840583617.0,-8608425819.0,1795232157798.0,-1531899737153.0,263332420645.0,-77368792232.0,249162311.0,-102558348734.0,-26613440015.0,57334549328.0,349530194.0,0.0,-222646115.0,126884079.0,57461433407.0,-12855804159.0,0.0,44605629248.0,0.0,44605629248.0,PNJ,income_statement,,,,,,,,,,,,,,,,,,
PNJ,2015,2,0.0,1724976327720.0,-5863995687.0,-1.0,230263350.0,-19651275727.0,1724976327720.0,-7132897754.0,1717843429966.0,-1457326009354.0,260517420612.0,-154408362893.0,0.0,-88585144057.0,-25928382461.0,-8174205449.0,666980063.0,345514420.0,-154644508.0,512335555.0,-7316355474.0,977027745.0,475332042.0,-5863995687.0,0.0,-5863995687.0,PNJ,income_statement,,,,,,,,,,,,,,,,,,
PNJ,2015,1,0.0,2143708017008.0,114525068239.0,0.0,183295577.0,-17126229412.0,2143708017008.0,-6645160137.0,2137062856871.0,-1842341664470.0,294721192401.0,-18030576533.0,0.0,-101305983571.0,-24176076980.0,151391850894.0,143758120.0,196960634.0,-3700526267.0,-3556768147.0,148032043381.0,-33506975142.0,0.0,114525068239.0,0.0,114525068239.0,PNJ,income_statement,,,,,,,,,,,,,,,,,,
PNJ,2014,4,0.0,1957168933117.0,57819019078.0,0.0,188117300.0,-17415779417.0,1957168933117.0,-29705071651.0,1927463861466.0,-1695960414866.0,231503446600.0,-21705516816.0,0.0,-100065737413.0,-38718728997.0,71201580674.0,492665235.0,1319880644.0,-122845258.0,369819977.0,72891281295.0,-15291874745.0,219612528.0,57819019078.0,0.0,57819019078.0,PNJ,income_statement,,,,,,,,,,,,,,,,,,
PNJ,2014,3,0.0,2372586641418.0,46853538960.0,0.0,1708994268.0,-21508064728.0,2372586641418.0,-25411184241.0,2347175457177.0,-2132415030249.0,214760426928.0,-21893918070.0,0.0,-88387462575.0,-29161266822.0,77026773729.0,1113960126.0,248756408.0,-796641915.0,317318211.0,77592848348.0,-25810608950.0,-229029790.0,51553209608.0,4699670648.0,46853538960.0,PNJ,income_statement,,,,,,,,,,,,,,,,,,
PNJ,2014,2,0.0,2491429467464.0,59178322524.0,2.0,12258065666.0,-21016302113.0,2491429467464.0,-20521944134.0,2470907523330.0,-2270094421763.0,200813101567.0,-24745651377.0,0.0,-82854984793.0,-27445253842.0,78025277221.0,355565361.0,-616434028.0,-165743512.0,189821849.0,77598665042.0,-14154443121.0,315566457.0,63759788378.0,4581465854.0,59178322524.0,PNJ,income_statement,,,,,,,,,,,,,,,,,,
PNJ,2014,1,0.0,2476645830566.0,78589021005.0,0.0,2831407795.0,-19742051541.0,2476645830566.0,-22954574987.0,2453691255579.0,-2211532674760.0,242158580819.0,-20242246184.0,0.0,-83703611233.0,-34218165699.0,106825965498.0,706648070.0,-148590022.0,-501306848.0,205341222.0,106882716698.0,-24185492223.0,-12841251.0,82684383224.0,4095362219.0,78589021005.0,PNJ,income_statement,,,,,,,,,,,,,,,,,,
PNJ,2013,4,0.0,2560333450247.0,46282901100.0,0.0,5302351506.0,-21191689385.0,2560333450247.0,-19420668344.0,2540912781903.0,-2336782924164.0,204129857739.0,-21686494554.0,0.0,-76261521037.0,-40203415606.0,71280778048.0,1614510014.0,1183013942.0,-457193718.0,1157316296.0,73621108286.0,-24679961166.0,-58288872.0,48882858248.0,2599957148.0,46282901100.0,PNJ,income_statement,,,,,,,,,,,,,,,,,,
PNJ,2013,3,0.0,2566821024614.0,32567171237.0,0.0,8711719504.0,-20852843358.0,2566821024614.0,-15113464429.0,2551707560185.0,-2398607435268.0,153100124917.0,-21328145680.0,0.0,-65319087300.0,-28656920739.0,46507690702.0,859473069.0,383354388.0,-1054499576.0,-195026507.0,46696018583.0,-10106063737.0,-634977555.0,35954977291.0,3387806054.0,32567171237.0,PNJ,income_statement,,,,,,,,,,,,,,,,,,
PNJ,2013,2,0.0,2056043721263.0,23616414568.0,0.0,707447117.0,-21865255362.0,2056043721263.0,-6532420081.0,2049511301182.0,-1912855005089.0,136656296093.0,-22305008317.0,0.0,-64726554139.0,-22771436516.0,27560744238.0,546309709.0,2783688230.0,-361173487.0,185136222.0,30529568690.0,-7567561301.0,654407179.0,23616414568.0,0.0,23616414568.0,PNJ,income_statement,,,,,,,,,,,,,,,,,,
PNJ,2013,1,0.0,1788043319106.0,65940053237.0,0.0,9076341748.0,-19615939202.0,1788043319106.0,-18921304261.0,1769122014845.0,-1592763412426.0,176358602419.0,-19651032265.0,0.0,-56746078607.0,-21272243859.0,87765589436.0,161504868.0,146638059.0,-102845599.0,58659269.0,87970886764.0,-22030833527.0,0.0,65940053237.0,0.0,65940053237.0,PNJ,income_statement,,,,,,,,,,,,,,,,,,
REE,2025,4,0.0,2880569955215.0,619433160759.0,0.0,120305948399.0,-166393737468.0,2880569955215.0,-2992223422.0,2877577731793.0,-1838005260004.0,1039572471789.0,-166856895411.0,233553949997.0,-38245618981.0,-291665747812.0,896664107981.0,8952911733.0,0.0,-41477565461.0,-32524653728.0,864139454253.0,-140248614596.0,44770555579.0,768661395236.0,149228234477.0,619433160759.0,REE,income_statement,,,,,,,,,,,,,,,,,,
REE,2025,3,0.0,2555163684559.0,674227109814.0,0.0,101765887253.0,-179003224880.0,2555163684559.0,-3001351578.0,2552162332981.0,-1620172166882.0,931990166099.0,-184462283981.0,242594356684.0,-30156121131.0,-125170439843.0,936561565081.0,5190360966.0,0.0,-14781635744.0,-9591274778.0,926970290303.0,-102486518874.0,328466580.0,824812238009.0,150585128195.0,674227109814.0,REE,income_statement,,,,,,,,,,,,,,,,,,
REE,2025,2,0.0,2516317393386.0,622932505625.0,1.0,118973482160.0,-173864390335.0,2516317393386.0,-2809584763.0,2513507808623.0,-1660322958720.0,853184849903.0,-200499766233.0,222799708807.0,-30840656754.0,-135395368983.0,828222248900.0,7390114252.0,0.0,-6268890141.0,1121224111.0,829343473011.0,-96413417844.0,5754146899.0,738684202066.0,115751696441.0,622932505625.0,REE,income_statement,,,,,,,,,,,,,,,,,,
REE,2025,1,0.0,2073499861859.0,611403988759.0,0.0,110150181670.0,-166743807099.0,2073499861859.0,-5136610515.0,2068363251344.0,-1117906047949.0,950457203395.0,-190666721407.0,140119096870.0,-20461990371.0,-92701532459.0,896896237698.0,5037470677.0,0.0,-3881407057.0,1156063620.0,898052301318.0,-79868631741.0,-1391440744.0,816792228833.0,205388240074.0,611403988759.0,REE,income_statement,,,,,,,,,,,,,,,,,,
REE,2024,4,0.0,2338100698417.0,678294740904.0,0.0,95184137468.0,-181144345749.0,2338100698417.0,-2529102948.0,2335571595469.0,-1320438952712.0,1015132642757.0,-179638801166.0,276140969661.0,-35981220607.0,-197580186725.0,973257541388.0,21762774653.0,0.0,-13411935836.0,8350838817.0,981608380205.0,-112464422660.0,12857611538.0,882001569083.0,203706828179.0,678294740904.0,REE,income_statement,,,,,,,,,,,,,,,,,,
REE,2024,3,0.0,2031363520580.0,479845620624.0,0.0,62616197585.0,-180657147299.0,2031363520580.0,-1939532938.0,2029423987642.0,-1341809177613.0,687614810029.0,-185252307207.0,207066167835.0,-29114089397.0,-109606176398.0,633324602447.0,3606922699.0,0.0,-4160417127.0,-553494428.0,632771108019.0,-69202369563.0,-2053946464.0,561514791992.0,81669171368.0,479845620624.0,REE,income_statement,,,,,,,,,,,,,,,,,,
REE,2024,2,0.0,2182948643615.0,353864966006.0,0.0,88560678914.0,-184399489333.0,2182948643615.0,-1750999021.0,2181197644594.0,-1500980152101.0,680217492493.0,-201318860845.0,112673801689.0,-34371066146.0,-175369379912.0,470392666193.0,4637447271.0,0.0,-1313945128.0,3323502143.0,473716168336.0,-68867198611.0,-1960308711.0,402888661014.0,49023695008.0,353864966006.0,REE,income_statement,,,,,,,,,,,,,,,,,,
REE,2024,1,0.0,1842191313391.0,480481502873.0,0.0,70161494649.0,-191747493837.0,1842191313391.0,-4717939882.0,1837473373509.0,-1096123885981.0,741349487528.0,-223279127406.0,121159068285.0,-18733863540.0,-95958602242.0,594698457274.0,4334064401.0,0.0,-268898343.0,4065166058.0,598763623332.0,-47782996919.0,-2070504477.0,548910121936.0,68428619063.0,480481502873.0,REE,income_statement,,,,,,,,,,,,,,,,,,
REE,2023,4,0.0,2066479652230.0,504113990500.0,0.0,64622863401.0,-216040100374.0,2066479652230.0,-1270243346.0,2065209408884.0,-1142839529331.0,922369879553.0,-228348862409.0,266947539638.0,-29544975862.0,-314954286372.0,681092157949.0,7167887918.0,0.0,-6715692246.0,452195672.0,681544353621.0,-61649166024.0,23593522269.0,643488709866.0,139374719366.0,504113990500.0,REE,income_statement,,,,,,,,,,,,,,,,,,
REE,2023,3,0.0,1965035068054.0,449650172679.0,0.0,48567357504.0,-227973532169.0,1965035068054.0,-3340898512.0,1961694169542.0,-1308106091522.0,653588078020.0,-276436606919.0,217903078451.0,-21179072116.0,-97384773465.0,525058061475.0,2324192619.0,0.0,-973450254.0,1350742365.0,526408803840.0,-61140963910.0,-100237611.0,465167602319.0,15517429640.0,449650172679.0,REE,income_statement,,,,,,,,,,,,,,,,,,
REE,2023,2,0.0,2176210516859.0,488982300903.0,0.0,57908143430.0,-245549862742.0,2176210516859.0,-2042669196.0,2174167847663.0,-1293704746269.0,880463101394.0,-255025999889.0,179814323581.0,-22621017009.0,-148451030905.0,692087520602.0,6617593283.0,0.0,-2033429656.0,4584163627.0,696671684229.0,-72234579308.0,-1022024641.0,623415080280.0,134432779377.0,488982300903.0,REE,income_statement,,,,,,,,,,,,,,,,,,
REE,2023,1,0.0,2371561956920.0,745081716319.0,0.0,58567040015.0,-249191399087.0,2371561956920.0,-2727054608.0,2368834902312.0,-1114447520402.0,1254387381910.0,-256207210125.0,209033492323.0,-19177580205.0,-101935676111.0,1144667447807.0,9107728072.0,0.0,-1529472711.0,7578255361.0,1152245703168.0,-97054920458.0,-408929861.0,1054781852849.0,309700136530.0,745081716319.0,REE,income_statement,,,,,,,,,,,,,,,,,,
REE,2022,4,1.0,3071627212216.0,719192597490.0,0.0,59440157945.0,-230117916505.0,3071627212216.0,-1382926561.0,3070244285655.0,-1718642315683.0,1351601969972.0,-247035288492.0,312857471341.0,-27306263413.0,-304278910328.0,1145279137025.0,25969806702.0,0.0,-110801996135.0,-84832189433.0,1060446947592.0,-102584491169.0,10175290316.0,968037746739.0,248845149249.0,719192597490.0,REE,income_statement,,,,,,,,,,,,,,,,,,
REE,2022,3,1.0,2233394383618.0,680855250194.0,2.0,61443352886.0,-222197736312.0,2233394383618.0,-174057021.0,2233220326597.0,-1315625120220.0,917595206377.0,-253166359146.0,358282897270.0,-21919911461.0,-105656476303.0,956578709623.0,8448743107.0,0.0,-40804205540.0,-32355462433.0,924223247190.0,-86915479039.0,-2932913632.0,834374854519.0,153519604325.0,680855250194.0,REE,income_statement,,,,,,,,,,,,,,,,,,
REE,2022,2,0.0,2024387229052.0,596445626350.0,1.0,43467722857.0,-212648211818.0,2024387229052.0,-1447520153.0,2022939708899.0,-1127008141217.0,895931567682.0,-225454904498.0,228551905209.0,-19906313336.0,-86245011899.0,836344966015.0,9961005401.0,0.0,-1700340715.0,8260664686.0,844605630701.0,-91137132801.0,1592839179.0,755061337079.0,158615710729.0,596445626350.0,REE,income_statement,,,,,,,,,,,,,,,,,,
REE,2022,1,1.0,2045444213396.0,693336998049.0,1.0,38067160452.0,-213916376631.0,2045444213396.0,-31844727.0,2045412368669.0,-895050025249.0,1150362343420.0,-217565023137.0,177750072372.0,-19775841202.0,-83664130705.0,1045174581200.0,2459401862.0,0.0,-823566904.0,1635834958.0,1046810416158.0,-89390376406.0,-2059002510.0,955361037242.0,262024039193.0,693336998049.0,REE,income_statement,,,,,,,,,,,,,,,,,,
REE,2021,4,0.0,1900074959577.0,791798655170.0,0.0,240932397807.0,-195051206231.0,1900074959577.0,-2185623406.0,1897889336171.0,-1035267840950.0,862621495221.0,-200603044947.0,312324112714.0,-33835185602.0,-156915453315.0,1024524321878.0,15206870494.0,0.0,-7068045437.0,8138825057.0,1032663146935.0,-115429594235.0,6550403940.0,923783956640.0,131985301470.0,791798655170.0,REE,income_statement,,,,,,,,,,,,,,,,,,
REE,2021,3,0.0,1092941002394.0,263643419254.0,0.0,65900000910.0,-183859667778.0,1092941002394.0,-286428116.0,1092654574278.0,-743156815640.0,349497758638.0,-190709192683.0,161583371536.0,-15161128844.0,-73444865728.0,297665943829.0,2027668313.0,0.0,-766908633.0,1260759680.0,298926703509.0,-28666672580.0,-25867556.0,270234163373.0,6590744119.0,263643419254.0,REE,income_statement,,,,,,,,,,,,,,,,,,
REE,2021,2,0.0,1634506908135.0,383675380441.0,0.0,46389419845.0,-190880046079.0,1634506908135.0,1907714903.0,1636414623038.0,-972735035139.0,663679587899.0,-220247422987.0,134770365569.0,-20487528590.0,-75001035005.0,529103386731.0,5048739632.0,0.0,-2974157727.0,2074581905.0,531177968636.0,-62739391289.0,1884372090.0,470322949437.0,86647568996.0,383675380441.0,REE,income_statement,,,,,,,,,,,,,,,,,,
REE,2021,1,0.0,1185473542508.0,415811685438.0,1.0,111622276863.0,-92669117698.0,1185473542508.0,-2621147174.0,1182852395334.0,-746519129683.0,436333265651.0,-94654509669.0,165480941941.0,-15575898613.0,-66127285470.0,537078790703.0,2287229877.0,0.0,-874163583.0,1413066294.0,538491856997.0,-65221367144.0,-1480148916.0,471790340937.0,55978655499.0,415811685438.0,REE,income_statement,,,,,,,,,,,,,,,,,,
REE,2020,4,0.0,1666261171065.0,651249072379.0,0.0,73472168646.0,-98673631361.0,1666261171065.0,-413511136.0,1665847659929.0,-1208509788011.0,457337871918.0,-116733208900.0,457309635271.0,-29619176851.0,-126297912984.0,715469377100.0,12098671287.0,0.0,-3794595423.0,8304075864.0,723773452964.0,-63509758405.0,3973586964.0,664237281523.0,12988209144.0,651249072379.0,REE,income_statement,,,,,,,,,,,,,,,,,,
REE,2020,3,0.0,1504303153321.0,347012755150.0,0.0,40343386979.0,-103652538551.0,1504303153321.0,-715576123.0,1503587577198.0,-1078539108432.0,425048468766.0,-135889892947.0,164166085295.0,-18479454291.0,-63546623859.0,411641969943.0,10106915736.0,0.0,-814171291.0,9292744445.0,420934714388.0,-52275519735.0,-1059207474.0,367599987179.0,20587232029.0,347012755150.0,REE,income_statement,,,,,,,,,,,,,,,,,,
REE,2020,2,0.0,1289756572520.0,373736553504.0,0.0,42182372412.0,-108910161594.0,1289756572520.0,-199900118.0,1289556672402.0,-896134284888.0,393422387514.0,-93166190062.0,176002337892.0,-20164733289.0,-38946993327.0,459329181140.0,3203982433.0,0.0,-271967898.0,2932014535.0,462261195675.0,-53942798409.0,-4933066476.0,403385330790.0,29648777286.0,373736553504.0,REE,income_statement,,,,,,,,,,,,,,,,,,
REE,2020,1,0.0,1183767993544.0,255894367559.0,0.0,66089944207.0,-105417083323.0,1183767993544.0,-3007177106.0,1180760816438.0,-850703875846.0,330056940592.0,-127671240521.0,117278393807.0,-14488799968.0,-56455596602.0,314809641515.0,2202770642.0,0.0,-552698941.0,1650071701.0,316459713216.0,-38328274168.0,-35691186.0,278095747862.0,22201380303.0,255894367559.0,REE,income_statement,,,,,,,,,,,,,,,,,,
REE,2019,4,0.0,1328161733720.0,449244701342.0,0.0,124112942241.0,-107253479024.0,1328161733720.0,-3332834845.0,1324828898875.0,-1028301752204.0,296527146671.0,-110273742749.0,322746321159.0,-21981441120.0,-89908061815.0,521223164387.0,6212627517.0,0.0,-5564047969.0,648579548.0,521871743935.0,-60463415381.0,16026797070.0,477435125624.0,28190424282.0,449244701342.0,REE,income_statement,,,,,,,,,,,,,,,,,,
REE,2019,3,0.0,1227675986047.0,402981535367.0,0.0,94255391957.0,-102234461633.0,1227675986047.0,-555407599.0,1227120578448.0,-928687767951.0,298432810497.0,-82087982733.0,205086505357.0,-18326725563.0,-43843529534.0,453516469981.0,16580269511.0,0.0,-8807610800.0,7772658711.0,461289128692.0,-44713875361.0,-2850433912.0,413724819419.0,10743284052.0,402981535367.0,REE,income_statement,,,,,,,,,,,,,,,,,,
REE,2019,2,0.0,1259492400305.0,434301809743.0,0.0,65156444470.0,-102807548185.0,1259492400305.0,-844755140.0,1258647645165.0,-914387885504.0,344259759661.0,-32889524110.0,212122996515.0,-21764603075.0,-47951040163.0,518934033298.0,4150133620.0,0.0,-2344344486.0,1805789134.0,520739822432.0,-61898495879.0,-540127663.0,458301198890.0,23999389147.0,434301809743.0,REE,income_statement,,,,,,,,,,,,,,,,,,
REE,2019,1,0.0,1081370793461.0,352077479538.0,0.0,158457686431.0,-91584495605.0,1081370793461.0,-2136090573.0,1079234702888.0,-772241448748.0,306993254140.0,-160385421552.0,167149975635.0,-16207468653.0,-40585113173.0,415422912828.0,3808387550.0,0.0,-2919042126.0,889345424.0,416312258252.0,-45617025478.0,-519730875.0,370175501899.0,18098022361.0,352077479538.0,REE,income_statement,,,,,,,,,,,,,,,,,,
REE,2018,4,0.0,1635964771804.0,550918378318.0,1.0,46814176416.0,-62982567111.0,1635964771804.0,-686835407.0,1635277936397.0,-1250370347699.0,384907588698.0,2754089183.0,335064746667.0,-30887847512.0,-91852435630.0,646800317822.0,10573061044.0,0.0,-5712324623.0,4860736421.0,651661054243.0,-73020841154.0,4966558915.0,583606772004.0,32688393686.0,550918378318.0,REE,income_statement,,,,,,,,,,,,,,,,,,
REE,2018,3,0.0,1194508642256.0,293670696090.0,0.0,43845412751.0,-57548499955.0,1194508642256.0,-1172103609.0,1193336538647.0,-897891880509.0,295444658138.0,-126810033160.0,197597450374.0,-24502810353.0,-45487311451.0,340087366299.0,4086485203.0,0.0,-943945080.0,3142540123.0,343229906422.0,-24120128428.0,-6705775736.0,312404002258.0,18733306168.0,293670696090.0,REE,income_statement,,,,,,,,,,,,,,,,,,
REE,2018,2,0.0,1222911934648.0,557982446434.0,1.0,171248198096.0,-59242868594.0,1222911934648.0,-1194817365.0,1221717117283.0,-995101467032.0,226615650251.0,-7744672463.0,304075321481.0,-20983013931.0,-38981306880.0,634230176554.0,7021269432.0,0.0,-1344858840.0,5676410592.0,639906587146.0,-67128672836.0,-375199882.0,572402714428.0,14420267994.0,557982446434.0,REE,income_statement,,,,,,,,,,,,,,,,,,
REE,2018,1,0.0,1051217231971.0,381408391916.0,0.0,41617781891.0,-45153468963.0,1051217231971.0,-897100051.0,1050320131920.0,-728154257438.0,322165874482.0,20329368255.0,162086475302.0,-22213598000.0,-41371165799.0,482614736131.0,2661345201.0,0.0,-2060419711.0,600925490.0,483215661621.0,-62460368676.0,-4409904463.0,416345388482.0,34936996566.0,381408391916.0,REE,income_statement,,,,,,,,,,,,,,,,,,
REE,2017,4,0.0,1669430998306.0,338106510447.0,0.0,45840413840.0,-42910767572.0,1669430998306.0,-1751433697.0,1667679564609.0,-1125194843088.0,542484721521.0,-100138516881.0,148521313908.0,-36253398604.0,-106589181937.0,493865351847.0,8028699386.0,0.0,-4464648462.0,3564050924.0,497429402771.0,-78951860295.0,5313875263.0,423791417739.0,85684907292.0,338106510447.0,REE,income_statement,,,,,,,,,,,,,,,,,,
REE,2017,3,0.0,1083688960819.0,371386522877.0,1.0,44025174312.0,-21651640020.0,1083688960819.0,-581686220.0,1083107274599.0,-770915816115.0,312191458484.0,-34145200136.0,183917128134.0,-20343647924.0,-41261558380.0,444383354490.0,5182249434.0,0.0,-1817360207.0,3364889227.0,447748243717.0,-51330512657.0,1613585104.0,398031316164.0,26644793287.0,371386522877.0,REE,income_statement,,,,,,,,,,,,,,,,,,
REE,2017,2,0.0,1157161166804.0,336636163929.0,1.0,55231082724.0,-20531179587.0,1157161166804.0,-1090375393.0,1156070791411.0,-884136581727.0,271934209684.0,-115100659442.0,236173399998.0,-15804459508.0,-58975254263.0,373458319193.0,3087362006.0,0.0,-1390124424.0,1697237582.0,375155556775.0,-14359223066.0,-8748727925.0,352047605784.0,15411441855.0,336636163929.0,REE,income_statement,,,,,,,,,,,,,,,,,,
REE,2017,1,1.0,1088954310594.0,330770623577.0,2.0,29461291076.0,-19943980954.0,1088954310594.0,-638525280.0,1088315785314.0,-786370145861.0,301945639453.0,-25395710042.0,150319520875.0,-22123549650.0,-34143241884.0,400063949828.0,2126796541.0,0.0,-1277827727.0,848968814.0,400912918642.0,-51602049699.0,-508955032.0,348801913911.0,18031290334.0,330770623577.0,REE,income_statement,,,,,,,,,,,,,,,,,,
REE,2016,4,1.0,1302107707807.0,620497132860.0,1.0,174682558731.0,-18318692375.0,1302107707807.0,-545851071.0,1301561856736.0,-873186709017.0,428375147719.0,-21310476935.0,279766300204.0,-35782273466.0,-103018005292.0,722713250961.0,7010013796.0,0.0,-6548025792.0,461988004.0,723175238965.0,-80383497308.0,11623882898.0,654415624555.0,33918491695.0,620497132860.0,REE,income_statement,,,,,,,,,,,,,,,,,,
REE,2016,3,1.0,937663871621.0,245977785212.0,0.0,80768153153.0,-12328406278.0,937663871621.0,-18480000.0,937645391621.0,-663768606521.0,273876785100.0,-12880916074.0,35958519016.0,-24561170776.0,-42701774436.0,310459595983.0,3173545941.0,0.0,-692935292.0,2480610649.0,312940206632.0,-49355312189.0,599248971.0,264184143414.0,18206358202.0,245977785212.0,REE,income_statement,,,,,,,,,,,,,,,,,,
REE,2016,2,0.0,869048536910.0,144049806579.0,0.0,331554753297.0,-13064213705.0,869048536910.0,-1884230779.0,867164306131.0,-623420379524.0,243743926607.0,-14591211435.0,-306004658123.0,-14650541957.0,-35868529788.0,204183738601.0,2945251869.0,0.0,-361264743.0,2583987126.0,206767725727.0,-44880088821.0,-665509338.0,161222127568.0,17172320989.0,144049806579.0,REE,income_statement,,,,,,,,,,,,,,,,,,
REE,2016,1,0.0,554296577086.0,98750211382.0,0.0,98754424038.0,-16448179560.0,554296577086.0,-1382300933.0,552914276153.0,-322337817456.0,230576458697.0,-19593154168.0,-114808948882.0,-13997913663.0,-33593500701.0,147337365321.0,2148212481.0,0.0,-443549527.0,1704662954.0,149042028275.0,-39802742065.0,671175594.0,109910461804.0,11160250422.0,98750211382.0,REE,income_statement,,,,,,,,,,,,,,,,,,
REE,2015,4,0.0,662370560304.0,262258496764.0,0.0,118416694446.0,-18600400198.0,662370560304.0,-213643845.0,662156916459.0,-407864031097.0,254292885362.0,-21843907777.0,46401511327.0,-15409500754.0,-64687488850.0,317170193754.0,4825969062.0,0.0,-1639921107.0,3186047955.0,320356241709.0,-40302823726.0,-9423417900.0,270630000083.0,8371503319.0,262258496764.0,REE,income_statement,,,,,,,,,,,,,,,,,,
REE,2015,3,0.0,621421747688.0,208290684339.0,0.0,31489545225.0,-19860575399.0,621421747688.0,-332726430.0,621089021258.0,-420197929312.0,200891091946.0,-23326557230.0,85690657253.0,-12133209087.0,-38672866770.0,243938661337.0,1220751537.0,0.0,-608871352.0,611880185.0,244550541522.0,-32325703654.0,-629908537.0,211594929331.0,3304244992.0,208290684339.0,REE,income_statement,,,,,,,,,,,,,,,,,,
REE,2015,2,0.0,684090856661.0,237644571481.0,0.0,231315412349.0,-19975052008.0,684090856661.0,-328980526.0,683761876135.0,-429675350593.0,254086525542.0,-21082154687.0,-108930729193.0,-15043169544.0,-40633638041.0,299712246426.0,3243493827.0,0.0,-99134734.0,3144359093.0,302856605519.0,-44434371869.0,-601752392.0,257820481258.0,20175909777.0,237644571481.0,REE,income_statement,,,,,,,,,,,,,,,,,,
REE,2015,1,0.0,677311631513.0,144897888680.0,0.0,48101940752.0,-15530742621.0,677311631513.0,-935507717.0,676376123796.0,-494377736541.0,181998387255.0,-16646478230.0,0.0,-11917776622.0,-37753793848.0,163782279307.0,361307738.0,14179749462.0,-411711813.0,-50404075.0,177911624694.0,-29455862646.0,-392881845.0,148062880203.0,3164991523.0,144897888680.0,REE,income_statement,,,,,,,,,,,,,,,,,,
REE,2014,4,0.0,804372810254.0,381056799271.0,2.0,101542454032.0,-7152018855.0,804372810254.0,-208812913.0,804163997341.0,-535397879422.0,268766117919.0,-12101376195.0,0.0,-12651183442.0,-70733836047.0,274822176267.0,3189645344.0,176656881963.0,-2976587699.0,213057645.0,451692115875.0,-44894646065.0,34509049.0,406831978859.0,25775179588.0,381056799271.0,REE,income_statement,,,,,,,,,,,,,,,,,,
REE,2014,3,0.0,654379282486.0,243478291379.0,0.0,158285504325.0,-9098065488.0,654379282486.0,-199016364.0,654180266122.0,-455797092688.0,198383173434.0,-9408044453.0,0.0,-10128852969.0,-32436644138.0,304695136199.0,1780887319.0,-12114573326.0,-2612216746.0,-831329427.0,291749233446.0,-37951512650.0,1167341948.0,254965062744.0,11486771365.0,243478291379.0,REE,income_statement,,,,,,,,,,,,,,,,,,
REE,2014,2,0.0,619502421284.0,205797465142.0,0.0,169209625713.0,-12041430115.0,619502421284.0,-253967388.0,619248453896.0,-446976447874.0,172272006022.0,-14477172846.0,0.0,-12949612823.0,-4703839003.0,309351007063.0,1989679921.0,-69759671409.0,-498507501.0,1491172420.0,241082508074.0,-41467360779.0,6144469859.0,205759617154.0,-37847988.0,205797465142.0,REE,income_statement,,,,,,,,,,,,,,,,,,
REE,2014,1,0.0,552458987387.0,231729505377.0,0.0,29829429772.0,-9122359119.0,552458987387.0,-627112745.0,551831874642.0,-388794730126.0,163037144516.0,-5463451133.0,0.0,-9641405019.0,-23371524393.0,154390193743.0,53595472629.0,71716328352.0,-1776746076.0,51818726553.0,277925248648.0,-46590789089.0,-181134979.0,231153324580.0,-576180797.0,231729505377.0,REE,income_statement,,,,,,,,,,,,,,,,,,
REE,2013,4,0.0,729772196687.0,136330265720.0,0.0,87101818902.0,-15501103928.0,729772196687.0,-151823423.0,729620373264.0,-580804611270.0,148815761994.0,-32893639258.0,0.0,-15570262272.0,-75527269071.0,111926410295.0,2410578611.0,46217195919.0,-1560633399.0,849945212.0,158993551426.0,-28566240727.0,5829302303.0,136256613002.0,-73652718.0,136330265720.0,REE,income_statement,,,,,,,,,,,,,,,,,,
REE,2013,3,0.0,560846649542.0,199869152218.0,0.0,125727659030.0,-14297282431.0,560846649542.0,-109551364.0,560737098178.0,-405296565675.0,155440532503.0,-22329327279.0,0.0,-10334261984.0,-20233102730.0,228271499540.0,1911792135.0,417081443.0,-175389894.0,1736402241.0,230424983224.0,-29209688672.0,-1343772575.0,199871521977.0,2369759.0,199869152218.0,REE,income_statement,,,,,,,,,,,,,,,,,,
REE,2013,2,0.0,611010337709.0,254853417630.0,0.0,106335866495.0,-12750720825.0,611010337709.0,-732243455.0,610278094254.0,-452705268980.0,157572825274.0,-29116708662.0,0.0,-14943744316.0,-48590773317.0,171257465474.0,1807674731.0,107481717871.0,-341183904.0,1466490827.0,280205674172.0,-31529161838.0,6180444829.0,254856957163.0,3539533.0,254853417630.0,REE,income_statement,,,,,,,,,,,,,,,,,,
REE,2013,1,0.0,512929940102.0,384740078376.0,0.0,47197779786.0,-14597006052.0,512929940102.0,-168919339.0,512761020763.0,-371492201278.0,141268819485.0,-15637073206.0,0.0,-8754331719.0,-21823337471.0,142251856875.0,1545437553.0,274559944093.0,-477373619.0,1068063934.0,417879864902.0,-32741268551.0,-395849587.0,384742746764.0,2668388.0,384740078376.0,REE,income_statement,,,,,,,,,,,,,,,,,,
HDB,2025,4,0.0,18877563000000.0,5107218000000.0,1.0,,,,,,,,,,,-3819923000000.0,,,,,,6519277000000.0,-1311429000000.0,12308000000.0,5220156000000.0,-112938000000.0,5107218000000.0,HDB,income_statement,-1991086000000.0,18877563000000.0,-9121953000000.0,9755610000000.0,1155554000000.0,-281196000000.0,874358000000.0,316501000000.0,4428000000.0,848331000000.0,446885000000.0,-74968000000.0,371917000000.0,159141000000.0,12330286000000.0,8510363000000.0,-1299121000000.0,0.0
HDB,2025,3,0.0,16133428000000.0,3646638000000.0,0.0,,,,,,,,,,,-2487980000000.0,,,,,,4734500000000.0,-912792000000.0,-22891000000.0,3798817000000.0,-152179000000.0,3646638000000.0,HDB,income_statement,-2294002000000.0,16133428000000.0,-8370106000000.0,7763322000000.0,1490967000000.0,-303799000000.0,1187168000000.0,343463000000.0,4397000000.0,4797000000.0,230738000000.0,-72517000000.0,158221000000.0,55114000000.0,9516482000000.0,7028502000000.0,-935683000000.0,0.0
HDB,2025,2,0.0,17989705000000.0,3514860000000.0,0.0,,,,,,,,,,,-2782029000000.0,,,,,,4712786000000.0,-1015345000000.0,-21382000000.0,3676059000000.0,-161199000000.0,3514860000000.0,HDB,income_statement,-4141072000000.0,17989705000000.0,-8170547000000.0,9819158000000.0,1874020000000.0,-542460000000.0,1331560000000.0,423977000000.0,241355000000.0,19526000000.0,-211628000000.0,-60710000000.0,-272338000000.0,72649000000.0,11635887000000.0,8853858000000.0,-1036727000000.0,1005.0
HDB,2025,1,0.0,14991720000000.0,4234754000000.0,0.0,,,,,,,,,,,-2524523000000.0,,,,,,5355235000000.0,-946338000000.0,-51225000000.0,4357672000000.0,-122918000000.0,4234754000000.0,HDB,income_statement,-1324795000000.0,14991720000000.0,-7583620000000.0,7408100000000.0,1177239000000.0,-443949000000.0,733290000000.0,188241000000.0,389280000000.0,-16744000000.0,560161000000.0,-81344000000.0,478817000000.0,23569000000.0,9204553000000.0,6680030000000.0,-997563000000.0,1212.0
HDB,2024,4,0.0,15149456000000.0,3114414000000.0,0.0,,,,,,,,,,,-3545259000000.0,,,,,,4075008000000.0,-916084000000.0,78064000000.0,3236988000000.0,-122574000000.0,3114414000000.0,HDB,income_statement,-1831864000000.0,15149456000000.0,-6946053000000.0,8203403000000.0,960726000000.0,-537589000000.0,423137000000.0,234621000000.0,6162000000.0,141619000000.0,458422000000.0,-64873000000.0,393549000000.0,49640000000.0,9452131000000.0,5906872000000.0,-838020000000.0,0.0
HDB,2024,3,0.0,14221978000000.0,3423876000000.0,0.0,,,,,,,,,,,-2951077000000.0,,,,,,4490407000000.0,-957868000000.0,13097000000.0,3545636000000.0,-121760000000.0,3423876000000.0,HDB,income_statement,-1093488000000.0,14221978000000.0,-6448533000000.0,7773445000000.0,946414000000.0,-534304000000.0,412110000000.0,123899000000.0,141710000000.0,-88800000000.0,163363000000.0,-12779000000.0,150584000000.0,22024000000.0,8534972000000.0,5583895000000.0,-944771000000.0,0.0
HDB,2024,2,0.0,14245165000000.0,3114891000000.0,0.0,,,,,,,,,,,-3029780000000.0,,,,,,4137005000000.0,-879466000000.0,-5687000000.0,3251852000000.0,-136961000000.0,3114891000000.0,HDB,income_statement,-1126231000000.0,14245165000000.0,-6525287000000.0,7719878000000.0,876036000000.0,-651467000000.0,224569000000.0,310407000000.0,-279000000.0,-49917000000.0,140389000000.0,-52031000000.0,88358000000.0,0.0,8293016000000.0,5263236000000.0,-885153000000.0,1077.0
HDB,2024,1,0.0,14378929000000.0,3109772000000.0,0.0,,,,,,,,,,,-2454639000000.0,,,,,,4027575000000.0,-808137000000.0,-6266000000.0,3213172000000.0,-103400000000.0,3109772000000.0,HDB,income_statement,-1269851000000.0,14378929000000.0,-7218579000000.0,7160350000000.0,512447000000.0,-155685000000.0,356762000000.0,174886000000.0,-78664000000.0,65351000000.0,107688000000.0,-34308000000.0,73380000000.0,0.0,7752065000000.0,5297426000000.0,-814403000000.0,1075.0
HDB,2023,4,1.0,15559459000000.0,3343895000000.0,1.0,,,,,,,,,,,-2630124000000.0,,,,,,4385130000000.0,-981425000000.0,43910000000.0,3447615000000.0,-103720000000.0,3343895000000.0,HDB,income_statement,-1242405000000.0,15559459000000.0,-8086956000000.0,7472503000000.0,825654000000.0,-233870000000.0,591784000000.0,283333000000.0,-92086000000.0,111106000000.0,149716000000.0,-258697000000.0,-108981000000.0,0.0,8257659000000.0,5627535000000.0,-937515000000.0,0.0
HDB,2023,3,1.0,13390888000000.0,2480440000000.0,0.0,,,,,,,,,,,-2301873000000.0,,,,,,3147266000000.0,-632108000000.0,0.0,2515158000000.0,-34718000000.0,2480440000000.0,HDB,income_statement,-636089000000.0,13390888000000.0,-8474740000000.0,4916148000000.0,444169000000.0,-126210000000.0,317959000000.0,185863000000.0,29936000000.0,516324000000.0,118848000000.0,-3951000000.0,114897000000.0,4101000000.0,6085228000000.0,3783355000000.0,-632108000000.0,0.0
HDB,2023,2,1.0,12671355000000.0,2158553000000.0,0.0,,,,,,,,,,,-2238587000000.0,,,,,,2741637000000.0,-562109000000.0,0.0,2179528000000.0,-20975000000.0,2158553000000.0,HDB,income_statement,-1433167000000.0,12671355000000.0,-7716840000000.0,4954515000000.0,790742000000.0,-189878000000.0,600864000000.0,145057000000.0,75910000000.0,515414000000.0,129369000000.0,-7738000000.0,121631000000.0,0.0,6413391000000.0,4174804000000.0,-562109000000.0,638.0
HDB,2023,1,1.0,11018875000000.0,2088010000000.0,0.0,,,,,,,,,,,-1958618000000.0,,,,,,2742699000000.0,-548987000000.0,0.0,2193712000000.0,-105702000000.0,2088010000000.0,HDB,income_statement,-956090000000.0,11018875000000.0,-6178067000000.0,4840808000000.0,769603000000.0,-92408000000.0,677195000000.0,-49550000000.0,27963000000.0,24161000000.0,143711000000.0,-12105000000.0,131606000000.0,5224000000.0,5657407000000.0,3698789000000.0,-548987000000.0,830.0
HDB,2022,4,0.0,9775550000000.0,1736284000000.0,0.0,,,,,,,,,,,-2671102000000.0,,,,,,2251952000000.0,-485901000000.0,33400000000.0,1799451000000.0,-63167000000.0,1736284000000.0,HDB,income_statement,-945792000000.0,9775550000000.0,-4843448000000.0,4932102000000.0,936071000000.0,-116054000000.0,820017000000.0,-65593000000.0,351000000.0,-3876000000.0,163947000000.0,21898000000.0,185845000000.0,0.0,5868846000000.0,3197744000000.0,-452501000000.0,0.0
HDB,2022,3,0.0,8287175000000.0,2015985000000.0,0.0,,,,,,,,,,,-2000925000000.0,,,,,,2712421000000.0,-542934000000.0,0.0,2169487000000.0,-153502000000.0,2015985000000.0,HDB,income_statement,-680925000000.0,8287175000000.0,-3802325000000.0,4484850000000.0,790195000000.0,-96922000000.0,693273000000.0,96502000000.0,-8813000000.0,-11513000000.0,160239000000.0,-20267000000.0,139972000000.0,0.0,5394271000000.0,3393346000000.0,-542934000000.0,0.0
HDB,2022,2,0.0,8079518000000.0,2079127000000.0,0.0,,,,,,,,,,,-2033070000000.0,,,,,,2776168000000.0,-556075000000.0,0.0,2220093000000.0,-140966000000.0,2079127000000.0,HDB,income_statement,-772314000000.0,8079518000000.0,-3528293000000.0,4551225000000.0,916555000000.0,-81312000000.0,835243000000.0,80329000000.0,-12837000000.0,19346000000.0,144321000000.0,-40608000000.0,103713000000.0,4533000000.0,5581552000000.0,3548482000000.0,-556075000000.0,1043.0
HDB,2022,1,0.0,7181161000000.0,1918399000000.0,0.0,,,,,,,,,,,-1925612000000.0,,,,,,2527515000000.0,-507076000000.0,0.0,2020439000000.0,-102040000000.0,1918399000000.0,HDB,income_statement,-669308000000.0,7181161000000.0,-3137770000000.0,4043391000000.0,665634000000.0,-57349000000.0,608285000000.0,22999000000.0,38285000000.0,308663000000.0,119619000000.0,-21059000000.0,98560000000.0,2252000000.0,5122435000000.0,3196823000000.0,-507076000000.0,963.0
HDB,2021,4,0.0,6774049000000.0,1507188000000.0,0.0,,,,,,,,,,,-1656610000000.0,,,,,,1985158000000.0,-400350000000.0,4062000000.0,1588870000000.0,-81682000000.0,1507188000000.0,HDB,income_statement,-988067000000.0,6774049000000.0,-3021053000000.0,3752996000000.0,810794000000.0,-69663000000.0,741131000000.0,91897000000.0,-9494000000.0,36982000000.0,208925000000.0,-192602000000.0,16323000000.0,0.0,4629835000000.0,2973225000000.0,-396288000000.0,2058.0
HDB,2021,3,0.0,6468666000000.0,1431065000000.0,0.0,,,,,,,,,,,-1411602000000.0,,,,,,1891024000000.0,-377985000000.0,0.0,1513039000000.0,-81974000000.0,1431065000000.0,HDB,income_statement,-403307000000.0,6468666000000.0,-3162384000000.0,3306282000000.0,376740000000.0,-47826000000.0,328914000000.0,20574000000.0,35667000000.0,-11835000000.0,85251000000.0,-58920000000.0,26331000000.0,0.0,3705933000000.0,2294331000000.0,-377985000000.0,0.0
HDB,2021,2,0.0,6593587000000.0,1551879000000.0,0.0,,,,,,,,,,,-1682984000000.0,,,,,,2093253000000.0,-421778000000.0,0.0,1671475000000.0,-119596000000.0,1551879000000.0,HDB,income_statement,-477774000000.0,6593587000000.0,-3124886000000.0,3468701000000.0,593670000000.0,-49698000000.0,543972000000.0,42453000000.0,54977000000.0,55665000000.0,121968000000.0,-33725000000.0,88243000000.0,0.0,4254011000000.0,2571027000000.0,-421778000000.0,0.0
HDB,2021,1,0.0,6339908000000.0,1563388000000.0,1.0,,,,,,,,,,,-1631572000000.0,,,,,,2100182000000.0,-420067000000.0,0.0,1680115000000.0,-116727000000.0,1563388000000.0,HDB,income_statement,-436712000000.0,6339908000000.0,-2977110000000.0,3362798000000.0,346529000000.0,-33108000000.0,313421000000.0,24324000000.0,19782000000.0,396401000000.0,80131000000.0,-28391000000.0,51740000000.0,0.0,4168466000000.0,2536894000000.0,-420067000000.0,981.0
HDB,2020,4,0.0,6212739000000.0,1058236000000.0,0.0,,,,,,,,,,,-1872114000000.0,,,,,,1436806000000.0,-282644000000.0,-7677000000.0,1146485000000.0,-88249000000.0,1058236000000.0,HDB,income_statement,-655763000000.0,6212739000000.0,-3000578000000.0,3212161000000.0,363957000000.0,-42978000000.0,320979000000.0,93324000000.0,54445000000.0,24922000000.0,302934000000.0,-44082000000.0,258852000000.0,0.0,3964683000000.0,2092569000000.0,-290321000000.0,0.0
HDB,2020,3,0.0,6034635000000.0,1091310000000.0,0.0,,,,,,,,,,,-1562467000000.0,,,,,,1473835000000.0,-295149000000.0,0.0,1178686000000.0,-87376000000.0,1091310000000.0,HDB,income_statement,-432226000000.0,6034635000000.0,-3013052000000.0,3021583000000.0,292532000000.0,36320000000.0,328852000000.0,30484000000.0,-17173000000.0,28065000000.0,124512000000.0,-47795000000.0,76717000000.0,0.0,3468528000000.0,1906061000000.0,-295149000000.0,1130.0
HDB,2020,2,0.0,5437647000000.0,1210550000000.0,1.0,,,,,,,,,,,-1130488000000.0,,,,,,1656932000000.0,-337135000000.0,600000000.0,1320397000000.0,-109847000000.0,1210550000000.0,HDB,income_statement,-407959000000.0,5437647000000.0,-2728107000000.0,2709540000000.0,218143000000.0,-5277000000.0,212866000000.0,18928000000.0,-17485000000.0,140737000000.0,143637000000.0,-13104000000.0,130533000000.0,260000000.0,3195379000000.0,2064891000000.0,-336535000000.0,1254.0
HDB,2020,1,0.0,5452225000000.0,888629000000.0,0.0,,,,,,,,,,,-1607759000000.0,,,,,,1250648000000.0,-249343000000.0,0.0,1001305000000.0,-112676000000.0,888629000000.0,HDB,income_statement,-292438000000.0,5452225000000.0,-2568628000000.0,2883597000000.0,213642000000.0,-55532000000.0,158110000000.0,24920000000.0,63695000000.0,-32218000000.0,59010000000.0,-6269000000.0,52741000000.0,0.0,3150845000000.0,1543086000000.0,-249343000000.0,922.0
HDB,2019,4,0.0,5419297000000.0,1121038000000.0,0.0,,,,,,,,,,,-1366195000000.0,,,,,,1570239000000.0,-317162000000.0,3264000000.0,1256341000000.0,-135303000000.0,1121038000000.0,HDB,income_statement,-407220000000.0,5419297000000.0,-2531263000000.0,2888034000000.0,231492000000.0,-70754000000.0,160738000000.0,54814000000.0,39223000000.0,2847000000.0,196880000000.0,1118000000.0,197998000000.0,0.0,3343654000000.0,1977459000000.0,-313898000000.0,0.0
HDB,2019,3,0.0,4972939000000.0,898682000000.0,1.0,,,,,,,,,,,-1284028000000.0,,,,,,1237524000000.0,-248484000000.0,0.0,989040000000.0,-90358000000.0,898682000000.0,HDB,income_statement,-349486000000.0,4972939000000.0,-2468069000000.0,2504870000000.0,193122000000.0,-44005000000.0,149117000000.0,-296000000.0,14105000000.0,75491000000.0,118900000000.0,8851000000.0,127751000000.0,0.0,2871038000000.0,1587010000000.0,-248484000000.0,916.0
HDB,2019,2,0.0,4784781000000.0,786226000000.0,0.0,,,,,,,,,,,-1292905000000.0,,,,,,1108932000000.0,-213437000000.0,734000000.0,896229000000.0,-110003000000.0,786226000000.0,HDB,income_statement,-305733000000.0,4784781000000.0,-2461040000000.0,2323741000000.0,192044000000.0,-47871000000.0,144173000000.0,80905000000.0,-2674000000.0,33535000000.0,137438000000.0,-36617000000.0,100821000000.0,27069000000.0,2707570000000.0,1414665000000.0,-212703000000.0,802.0
HDB,2019,1,0.0,4441050000000.0,798822000000.0,0.0,,,,,,,,,,,-1137368000000.0,,,,,,1101720000000.0,-222994000000.0,0.0,878726000000.0,-79904000000.0,798822000000.0,HDB,income_statement,-226644000000.0,4441050000000.0,-2411140000000.0,2029910000000.0,174771000000.0,-32923000000.0,141848000000.0,94380000000.0,29805000000.0,128076000000.0,51686000000.0,-9973000000.0,41713000000.0,0.0,2465732000000.0,1328364000000.0,-222994000000.0,814.0
HDB,2018,4,0.0,4742202000000.0,779657000000.0,1.0,,,,,,,,,,,-1184272000000.0,,,,,,1120704000000.0,-205816000000.0,-22823000000.0,892065000000.0,-112408000000.0,779657000000.0,HDB,income_statement,-352401000000.0,4742202000000.0,-2581037000000.0,2161165000000.0,132926000000.0,-35649000000.0,97277000000.0,169545000000.0,-1885000000.0,6348000000.0,229745000000.0,-4818000000.0,224927000000.0,0.0,2657377000000.0,1473105000000.0,-228639000000.0,0.0
HDB,2018,3,0.0,4189507000000.0,567135000000.0,0.0,,,,,,,,,,,-1148111000000.0,,,,,,821370000000.0,-165739000000.0,0.0,655631000000.0,-88496000000.0,567135000000.0,HDB,income_statement,-146552000000.0,4189507000000.0,-2420801000000.0,1768706000000.0,142382000000.0,-26941000000.0,115441000000.0,51052000000.0,16069000000.0,8126000000.0,133582000000.0,-30561000000.0,103021000000.0,53618000000.0,2116033000000.0,967922000000.0,-165739000000.0,0.0
HDB,2018,2,0.0,4082051000000.0,738028000000.0,1.0,,,,,,,,,,,-1099993000000.0,,,,,,1015792000000.0,-195895000000.0,0.0,819897000000.0,-81869000000.0,738028000000.0,HDB,income_statement,-248139000000.0,4082051000000.0,-2197669000000.0,1884382000000.0,135663000000.0,-21086000000.0,114577000000.0,55020000000.0,21093000000.0,172670000000.0,95610000000.0,-5539000000.0,90071000000.0,26111000000.0,2363924000000.0,1263931000000.0,-195895000000.0,752.0
HDB,2018,1,0.0,3934542000000.0,757260000000.0,2.0,,,,,,,,,,,-1009080000000.0,,,,,,1046758000000.0,-212844000000.0,0.0,833914000000.0,-76654000000.0,757260000000.0,HDB,income_statement,-247179000000.0,3934542000000.0,-2103102000000.0,1831440000000.0,130078000000.0,-19199000000.0,110879000000.0,22698000000.0,83317000000.0,160114000000.0,87853000000.0,-15715000000.0,72138000000.0,22431000000.0,2303017000000.0,1293937000000.0,-212844000000.0,772.0
HDB,2017,4,0.0,3937743000000.0,348693000000.0,0.0,,,,,,,,,,,-1158046000000.0,,,,,,504505000000.0,-91592000000.0,3927000000.0,416840000000.0,-68147000000.0,348693000000.0,HDB,income_statement,-264160000000.0,3937743000000.0,-2192925000000.0,1744818000000.0,98893000000.0,-25622000000.0,73271000000.0,7481000000.0,-1972000000.0,-18323000000.0,147223000000.0,-26037000000.0,121186000000.0,250000000.0,1926711000000.0,768665000000.0,-87665000000.0,0.0
HDB,2017,3,0.0,3998059000000.0,778973000000.0,11.0,,,,,,,,,,,-1051472000000.0,,,,,,1031193000000.0,-206660000000.0,0.0,824533000000.0,-45560000000.0,778973000000.0,HDB,income_statement,-318952000000.0,3998059000000.0,-2134173000000.0,1863886000000.0,53125000000.0,-18015000000.0,35110000000.0,32138000000.0,5234000000.0,342925000000.0,128246000000.0,-5959000000.0,122287000000.0,37000000.0,2401617000000.0,1350145000000.0,-206660000000.0,0.0
HDB,2017,2,0.0,3570885000000.0,351649000000.0,1.0,,,,,,,,,,,-990126000000.0,,,,,,493721000000.0,-90297000000.0,0.0,403424000000.0,-51775000000.0,351649000000.0,HDB,income_statement,-228391000000.0,3570885000000.0,-2194452000000.0,1376433000000.0,36736000000.0,1368000000.0,38104000000.0,56288000000.0,5921000000.0,115165000000.0,88299000000.0,-11071000000.0,77228000000.0,43099000000.0,1712238000000.0,722112000000.0,-90297000000.0,0.0
HDB,2017,1,0.0,3418804000000.0,267158000000.0,0.0,,,,,,,,,,,-893980000000.0,,,,,,387347000000.0,-77751000000.0,0.0,309596000000.0,-42438000000.0,267158000000.0,HDB,income_statement,-205256000000.0,3418804000000.0,-2062707000000.0,1356097000000.0,56903000000.0,-24638000000.0,32265000000.0,34006000000.0,-1452000000.0,43105000000.0,27145000000.0,-5078000000.0,22067000000.0,495000000.0,1486583000000.0,592603000000.0,-77751000000.0,0.0
HDB,2016,4,0.0,3280553000000.0,352855000000.0,0.0,,,,,,,,,,,-992130000000.0,,,,,,502816000000.0,-95590000000.0,-6325000000.0,400901000000.0,-48046000000.0,352855000000.0,HDB,income_statement,-210353000000.0,3280553000000.0,-1903018000000.0,1377535000000.0,48750000000.0,-19572000000.0,29178000000.0,56907000000.0,45120000000.0,117868000000.0,127761000000.0,-49070000000.0,78691000000.0,0.0,1705299000000.0,713169000000.0,-101915000000.0,0.0
HDB,2016,3,1.0,2931153000000.0,65922000000.0,10.0,,,,,,,,,,,-831101000000.0,,,,,,142327000000.0,-26981000000.0,0.0,115346000000.0,-49424000000.0,65922000000.0,HDB,income_statement,-353320000000.0,2931153000000.0,-1754746000000.0,1176407000000.0,55442000000.0,-13896000000.0,41546000000.0,44123000000.0,33356000000.0,5341000000.0,25035000000.0,-7870000000.0,17165000000.0,8810000000.0,1326748000000.0,495647000000.0,-26981000000.0,0.0
HDB,2016,2,1.0,2765885000000.0,204296000000.0,2.0,,,,,,,,,,,-769132000000.0,,,,,,112461000000.0,-22822000000.0,0.0,89639000000.0,114657000000.0,204296000000.0,HDB,income_statement,-286389000000.0,2765885000000.0,-1578184000000.0,1187701000000.0,40371000000.0,-13030000000.0,27341000000.0,55872000000.0,-20596000000.0,-95964000000.0,-6102000000.0,16709000000.0,10607000000.0,3021000000.0,1167982000000.0,398850000000.0,-22822000000.0,57.0
HDB,2016,1,0.0,2426913000000.0,194897000000.0,0.0,,,,,,,,,,,-700006000000.0,,,,,,289724000000.0,-59065000000.0,0.0,230659000000.0,-35762000000.0,194897000000.0,HDB,income_statement,-143543000000.0,2426913000000.0,-1405988000000.0,1020925000000.0,39051000000.0,-11735000000.0,27316000000.0,46400000000.0,20596000000.0,7885000000.0,40102000000.0,-30405000000.0,9697000000.0,454000000.0,1133273000000.0,433267000000.0,-59065000000.0,241.0
HDB,2015,4,1.0,2382982000000.0,251118000000.0,2.0,,,,,,,,,,,-757775000000.0,,,,,,403464000000.0,-75753000000.0,2005000000.0,329716000000.0,-78598000000.0,251118000000.0,HDB,income_statement,-451279000000.0,2382982000000.0,-1312971000000.0,1070011000000.0,-115450000000.0,-10394000000.0,-125844000000.0,7851000000.0,-6922000000.0,75583000000.0,50474000000.0,-36168000000.0,14306000000.0,577533000000.0,1612518000000.0,854743000000.0,-73748000000.0,0.0
HDB,2015,1,0.0,1811195972514.0,131239226412.0,5.0,,,,,,,,,,,-474915823093.0,,,,,,166282527443.0,-35043301031.0,0.0,131239226412.0,0.0,131239226412.0,HDB,income_statement,-104288220189.0,1811195972514.0,-1129902410436.0,681293562078.0,44858616270.0,-10902289068.0,33956327202.0,277315794.0,0.0,28324491203.0,10770727372.0,-11427631724.0,-656904352.0,2291778800.0,745486570725.0,270570747632.0,-35043301031.0,0.0
HDB,2014,1,0.0,1518506893241.0,23302653872.0,-1.0,,,,,,,,,,,-408874392182.0,,,,,,31150167498.0,-7847513626.0,0.0,23302653872.0,0.0,23302653872.0,HDB,income_statement,-5074165268.0,1518506893241.0,-1199785974375.0,318720918866.0,52548552389.0,-11256668725.0,41291883664.0,11767715805.0,0.0,62471022157.0,14036084659.0,-3308900203.0,10727184456.0,120000000.0,445098724948.0,36224332766.0,-7847513626.0,0.0
HDB,2013,4,0.0,1099005642755.0,78245875711.0,0.0,,,,,,,,,,,-427095896268.0,,,,,,93981843787.0,-17388182996.0,1652214920.0,78245875711.0,0.0,78245875711.0,HDB,income_statement,-88379540173.0,1099005642755.0,-1140954109646.0,-41948466891.0,38844926598.0,-10728092295.0,28116834303.0,-19503078335.0,46258888889.0,532132058307.0,70442818536.0,-4636044081.0,65806774455.0,-1405730500.0,609457280228.0,182361383960.0,-15735968076.0,0.0
HDB,2013,3,0.0,1334909158980.0,6237416555.0,0.0,,,,,,,,,,,-236793212534.0,,,,,,7752612661.0,-1515196106.0,0.0,6237416555.0,0.0,6237416555.0,HDB,income_statement,-19610290404.0,1334909158980.0,-1108730442639.0,226178716341.0,22066839794.0,-6777394178.0,15289445616.0,-24633158579.0,0.0,9724225448.0,12675806043.0,-1194654047.0,11481151996.0,26115734777.0,264156115599.0,27362903065.0,-1515196106.0,0.0
HDB,2013,2,0.0,1206097065531.0,76806681267.0,0.0,,,,,,,,,,,-134157885247.0,,,,,,63901049634.0,12905631633.0,0.0,76806681267.0,0.0,76806681267.0,HDB,income_statement,-36538586453.0,1206097065531.0,-1211362761590.0,-5265696059.0,16063776530.0,-6190483554.0,9873292976.0,-5972299997.0,15670641975.0,111596139560.0,-21534151.0,-7064943519.0,-7086477670.0,115781920549.0,234597521334.0,100439636087.0,12905631633.0,0.0
HDB,2013,1,0.0,1244199493368.0,56306099364.0,0.0,,,,,,,,,,,-212386252601.0,,,,,,74817845557.0,-18511746193.0,0.0,56306099364.0,0.0,56306099364.0,HDB,income_statement,-47312985867.0,1244199493368.0,-1113791055022.0,130408438346.0,11671484742.0,-4891367681.0,6780117061.0,-3906474729.0,0.0,28788264966.0,171846495486.0,-219450705.0,171627044781.0,819693600.0,334517084025.0,122130831424.0,-18511746193.0,0.0
VRE,2025,4,0.0,2312326000000.0,2658835000000.0,1.0,2647070000000.0,-185381000000.0,2312326000000.0,,2312326000000.0,-1101841000000.0,1210485000000.0,-202920000000.0,0.0,-115245000000.0,-248052000000.0,3291338000000.0,74509000000.0,,-25135000000.0,49374000000.0,3340712000000.0,-327942000000.0,-353935000000.0,2658835000000.0,0.0,2658835000000.0,VRE,income_statement,,,,,,,,,,,,,,,,,,
VRE,2025,3,0.0,2251000000000.0,1376430000000.0,1.0,802498000000.0,-171677000000.0,2251000000000.0,,2251000000000.0,-1113974000000.0,1137026000000.0,-350332000000.0,0.0,-47042000000.0,-93927000000.0,1448223000000.0,278128000000.0,,-4903000000.0,273225000000.0,1721448000000.0,-344960000000.0,-58000000.0,1376430000000.0,0.0,1376430000000.0,VRE,income_statement,,,,,,,,,,,,,,,,,,
VRE,2025,2,0.0,2142630000000.0,1233260000000.0,0.0,676725000000.0,-122851000000.0,2142630000000.0,,2142630000000.0,-960319000000.0,1182311000000.0,-268677000000.0,0.0,-41315000000.0,-120715000000.0,1428329000000.0,120572000000.0,,-3882000000.0,116690000000.0,1545019000000.0,-327053000000.0,15294000000.0,1233260000000.0,0.0,1233260000000.0,VRE,income_statement,,,,,,,,,,,,,,,,,,
VRE,2025,1,0.0,2131424000000.0,1177398000000.0,0.0,625043000000.0,-148520000000.0,2131424000000.0,,2131424000000.0,-929204000000.0,1202220000000.0,-242622000000.0,0.0,-67388000000.0,-105291000000.0,1411962000000.0,92924000000.0,,-28887000000.0,64037000000.0,1475999000000.0,-683247000000.0,384646000000.0,1177398000000.0,0.0,1177398000000.0,VRE,income_statement,,,,,,,,,,,,,,,,,,
VRE,2024,4,0.0,2128159000000.0,1085332000000.0,0.0,547263000000.0,-147490000000.0,2128159000000.0,,2128159000000.0,-926701000000.0,1201458000000.0,-275020000000.0,0.0,-143861000000.0,-168549000000.0,1161291000000.0,202958000000.0,,6077000000.0,209035000000.0,1370326000000.0,-278856000000.0,-6138000000.0,1085332000000.0,0.0,1085332000000.0,VRE,income_statement,,,,,,,,,,,,,,,,,,
VRE,2024,3,0.0,2077717000000.0,906400000000.0,0.0,383179000000.0,-139906000000.0,2077717000000.0,,2077717000000.0,-988433000000.0,1089284000000.0,-243840000000.0,0.0,-77171000000.0,-170379000000.0,981073000000.0,139796000000.0,,-2123000000.0,137673000000.0,1118746000000.0,-239107000000.0,26761000000.0,906400000000.0,0.0,906400000000.0,VRE,income_statement,,,,,,,,,,,,,,,,,,
VRE,2024,2,0.0,2478598000000.0,1021470000000.0,0.0,420173000000.0,-138247000000.0,2478598000000.0,,2478598000000.0,-1269172000000.0,1209426000000.0,-178771000000.0,0.0,-55957000000.0,-159606000000.0,1235265000000.0,63901000000.0,,-22342000000.0,41559000000.0,1276824000000.0,-262684000000.0,7330000000.0,1021470000000.0,0.0,1021470000000.0,VRE,income_statement,,,,,,,,,,,,,,,,,,
VRE,2024,1,0.0,2254643000000.0,1082577000000.0,0.0,435156000000.0,-140458000000.0,2254643000000.0,,2254643000000.0,-999419000000.0,1255224000000.0,-140458000000.0,0.0,-64030000000.0,-143241000000.0,1342651000000.0,58094000000.0,,-33313000000.0,24781000000.0,1367432000000.0,-299915000000.0,15060000000.0,1082577000000.0,0.0,1082577000000.0,VRE,income_statement,,,,,,,,,,,,,,,,,,
VRE,2023,4,0.0,2342673000000.0,1067495000000.0,0.0,342962000000.0,-74129000000.0,2342673000000.0,,2342673000000.0,-1074591000000.0,1268082000000.0,-74129000000.0,0.0,-83782000000.0,-179163000000.0,1273970000000.0,92766000000.0,,-13596000000.0,79170000000.0,1353140000000.0,-270368000000.0,-15263000000.0,1067509000000.0,14000000.0,1067495000000.0,VRE,income_statement,,,,,,,,,,,,,,,,,,
VRE,2023,3,1.0,3332560000000.0,1316671000000.0,1.0,301408000000.0,-75889000000.0,3332560000000.0,,3332560000000.0,-1632491000000.0,1700069000000.0,-75889000000.0,0.0,-184769000000.0,-106645000000.0,1634174000000.0,34740000000.0,,-13142000000.0,21598000000.0,1655772000000.0,-330143000000.0,-8944000000.0,1316685000000.0,14000000.0,1316671000000.0,VRE,income_statement,,,,,,,,,,,,,,,,,,
VRE,2023,2,0.0,2172827000000.0,1000589000000.0,0.0,278153000000.0,-80000000000.0,2172827000000.0,,2172827000000.0,-983445000000.0,1189382000000.0,-80000000000.0,0.0,-44039000000.0,-73795000000.0,1269701000000.0,24237000000.0,,-25546000000.0,-1309000000.0,1268392000000.0,-251763000000.0,-16026000000.0,1000603000000.0,14000000.0,1000589000000.0,VRE,income_statement,,,,,,,,,,,,,,,,,,
VRE,2023,1,0.0,1943276000000.0,1023846000000.0,2.0,223816000000.0,-100408000000.0,1943276000000.0,,1943276000000.0,-754924000000.0,1188352000000.0,-100408000000.0,0.0,-28678000000.0,-79047000000.0,1204035000000.0,60690000000.0,,-15943000000.0,44747000000.0,1248782000000.0,-258877000000.0,34106000000.0,1024011000000.0,165000000.0,1023846000000.0,VRE,income_statement,,,,,,,,,,,,,,,,,,
VRE,2022,4,1.0,2084406000000.0,790984000000.0,5.0,200940000000.0,-92124000000.0,2084406000000.0,,2084406000000.0,-1032199000000.0,1052207000000.0,-92124000000.0,0.0,-56855000000.0,-110128000000.0,994040000000.0,31436000000.0,,-2989000000.0,28447000000.0,1022487000000.0,-266614000000.0,35598000000.0,791471000000.0,487000000.0,790984000000.0,VRE,income_statement,,,,,,,,,,,,,,,,,,
VRE,2022,3,2.0,2005196000000.0,793401000000.0,32.0,130391000000.0,-89433000000.0,2005196000000.0,,2005196000000.0,-966218000000.0,1038978000000.0,-89433000000.0,0.0,-26930000000.0,-68644000000.0,984362000000.0,18167000000.0,,-12539000000.0,5628000000.0,989990000000.0,-230615000000.0,34250000000.0,793625000000.0,224000000.0,793401000000.0,VRE,income_statement,,,,,,,,,,,,,,,,,,
VRE,2022,2,0.0,1849531000000.0,772973000000.0,1.0,104388000000.0,-88086000000.0,1849531000000.0,,1849531000000.0,-788394000000.0,1061137000000.0,-88086000000.0,0.0,-33602000000.0,-104695000000.0,939142000000.0,21266000000.0,,-943000000.0,20323000000.0,959465000000.0,-186867000000.0,538000000.0,773136000000.0,163000000.0,772973000000.0,VRE,income_statement,,,,,,,,,,,,,,,,,,
VRE,2022,1,0.0,1369460000000.0,377435000000.0,-1.0,102854000000.0,-89512000000.0,1369460000000.0,,1369460000000.0,-758105000000.0,611355000000.0,-89512000000.0,0.0,-54586000000.0,-87799000000.0,482312000000.0,18425000000.0,,-57000000.0,18368000000.0,500680000000.0,-123519000000.0,436000000.0,377597000000.0,162000000.0,377435000000.0,VRE,income_statement,,,,,,,,,,,,,,,,,,
VRE,2021,4,-1.0,1367010000000.0,121813000000.0,-1.0,87389000000.0,-90874000000.0,1367010000000.0,,1367010000000.0,-903051000000.0,463959000000.0,-90968000000.0,0.0,-80311000000.0,-182380000000.0,197689000000.0,25886000000.0,,-42860000000.0,-16974000000.0,180715000000.0,-59327000000.0,487000000.0,121875000000.0,62000000.0,121813000000.0,VRE,income_statement,,,,,,,,,,,,,,,,,,
VRE,2021,3,-1.0,787355000000.0,24253000000.0,-1.0,78360000000.0,-88352000000.0,787355000000.0,,787355000000.0,-657006000000.0,130349000000.0,-89236000000.0,0.0,22077000000.0,-106050000000.0,35500000000.0,16980000000.0,,-4125000000.0,12855000000.0,48355000000.0,-24466000000.0,487000000.0,24376000000.0,123000000.0,24253000000.0,VRE,income_statement,,,,,,,,,,,,,,,,,,
VRE,2021,2,0.0,1510390000000.0,387513000000.0,0.0,119680000000.0,-151082000000.0,1510390000000.0,,1510390000000.0,-880963000000.0,629427000000.0,-151938000000.0,0.0,-51914000000.0,-80259000000.0,464996000000.0,20097000000.0,,-1694000000.0,18403000000.0,483399000000.0,-96264000000.0,493000000.0,387628000000.0,115000000.0,387513000000.0,VRE,income_statement,,,,,,,,,,,,,,,,,,
VRE,2021,1,0.0,2226386000000.0,780935000000.0,1.0,101589000000.0,-153298000000.0,2226386000000.0,,2226386000000.0,-1058016000000.0,1168370000000.0,-154138000000.0,0.0,-91615000000.0,-64478000000.0,959728000000.0,21131000000.0,,-1048000000.0,20083000000.0,979811000000.0,-199180000000.0,506000000.0,781137000000.0,202000000.0,780935000000.0,VRE,income_statement,,,,,,,,,,,,,,,,,,
VRE,2020,4,0.0,3252725000000.0,974399000000.0,0.0,94442000000.0,-161340000000.0,3252725000000.0,,3252725000000.0,-1680924000000.0,1571801000000.0,-162420000000.0,0.0,-184772000000.0,-133144000000.0,1185907000000.0,48767000000.0,,-23622000000.0,25145000000.0,1211052000000.0,-243802000000.0,7301000000.0,974551000000.0,152000000.0,974399000000.0,VRE,income_statement,,,,,,,,,,,,,,,,,,
VRE,2020,3,0.0,1760351000000.0,572264000000.0,0.0,76850000000.0,-124676000000.0,1760351000000.0,,1760351000000.0,-915567000000.0,844784000000.0,-125539000000.0,0.0,-39904000000.0,-83514000000.0,672677000000.0,47314000000.0,,-3566000000.0,43748000000.0,716425000000.0,-144546000000.0,512000000.0,572391000000.0,127000000.0,572264000000.0,VRE,income_statement,,,,,,,,,,,,,,,,,,
VRE,2020,2,0.0,1630176000000.0,343107000000.0,0.0,57553000000.0,-98889000000.0,1630176000000.0,,1630176000000.0,-984383000000.0,645793000000.0,-99664000000.0,0.0,-44580000000.0,-91634000000.0,467468000000.0,-18047000000.0,,-3654000000.0,-21701000000.0,445767000000.0,-102650000000.0,52000000.0,343169000000.0,62000000.0,343107000000.0,VRE,income_statement,,,,,,,,,,,,,,,,,,
VRE,2020,1,0.0,1685666000000.0,492085000000.0,0.0,47014000000.0,-78682000000.0,1685666000000.0,,1685666000000.0,-926756000000.0,758910000000.0,-79470000000.0,0.0,-60784000000.0,-90276000000.0,575394000000.0,45492000000.0,,-1410000000.0,44082000000.0,619476000000.0,-128243000000.0,965000000.0,492198000000.0,113000000.0,492085000000.0,VRE,income_statement,,,,,,,,,,,,,,,,,,
VRE,2019,4,0.0,2784403000000.0,880005000000.0,0.0,47314000000.0,-79192000000.0,2784403000000.0,,2784403000000.0,-1388356000000.0,1396047000000.0,-80077000000.0,0.0,-162431000000.0,-102731000000.0,1098122000000.0,32734000000.0,,-19664000000.0,13070000000.0,1111192000000.0,-231602000000.0,641000000.0,880231000000.0,226000000.0,880005000000.0,VRE,income_statement,,,,,,,,,,,,,,,,,,
VRE,2019,3,0.0,2208068689860.0,716573172347.0,0.0,60443203423.0,-74460048430.0,2208068689860.0,,2208068689860.0,-1130138546834.0,1077930143026.0,-76415668219.0,0.0,-68464368691.0,-103387973161.0,890105336378.0,16400746130.0,,-5381178756.0,11019567374.0,901124903752.0,-183733279681.0,-589422120.0,716802201951.0,229029604.0,716573172347.0,VRE,income_statement,,,,,,,,,,,,,,,,,,
VRE,2019,2,0.0,1982714013892.0,639376103652.0,0.0,77757975613.0,-72880845064.0,1982714013892.0,,1982714013892.0,-1023636079451.0,959077934441.0,-73292968201.0,0.0,-48279810957.0,-126848544963.0,788414585933.0,12295501418.0,,-12912577094.0,-617075676.0,787797510257.0,-147664510903.0,164032989.0,640297032343.0,920928691.0,639376103652.0,VRE,income_statement,,,,,,,,,,,,,,,,,,
VRE,2019,1,0.0,2284071541827.0,612103817167.0,0.0,79567782207.0,-72474264224.0,2284071541827.0,,2284071541827.0,-1312024783307.0,972046758520.0,-72714600022.0,0.0,-92256790463.0,-115690293164.0,770952857078.0,9298331867.0,,-2412401244.0,6885930623.0,777838787701.0,-167035433116.0,378236735.0,611181591320.0,-922225847.0,612103817167.0,VRE,income_statement,,,,,,,,,,,,,,,,,,
VRE,2018,4,1.0,2968779642790.0,690093042921.0,0.0,90124816165.0,-71759481179.0,2968779642790.0,,2968779642790.0,-1835558173275.0,1133221469515.0,-73881279236.0,0.0,-123963168089.0,-132972351853.0,892529486502.0,15810699931.0,,-5113274753.0,10697425178.0,903226911680.0,-193134914538.0,-12626765063.0,697465232079.0,7372189158.0,690093042921.0,VRE,income_statement,,,,,,,,,,,,,,,,,,
VRE,2018,3,1.0,2949144450302.0,554493695803.0,0.0,95642533439.0,-71763802795.0,2949144450302.0,,2949144450302.0,-1995018649457.0,954125800845.0,-111511926015.0,0.0,-190746027091.0,-78912245702.0,668598135476.0,11525664413.0,,-4641534783.0,6884129630.0,675482265106.0,-111382980296.0,-8378889548.0,555720395262.0,1226699459.0,554493695803.0,VRE,income_statement,,,,,,,,,,,,,,,,,,
VRE,2018,2,0.0,1515912177676.0,620018715772.0,1.0,146649921784.0,-100426744267.0,1515912177676.0,,1515912177676.0,-762869394151.0,753042783525.0,-100486576285.0,0.0,-33564616686.0,-34718933068.0,730922579270.0,42525039274.0,,-1423323928.0,41101715346.0,772024294616.0,-152332275565.0,448435426.0,620140454477.0,121738705.0,620018715772.0,VRE,income_statement,,,,,,,,,,,,,,,,,,
VRE,2018,1,0.0,1617892522192.0,541366298792.0,0.0,186806258320.0,-131320985678.0,1617892522192.0,,1617892522192.0,-816985834237.0,800906687955.0,-131520227820.0,0.0,-60401057823.0,-95511209024.0,700280451608.0,8190095196.0,,-6418676580.0,1771418616.0,702051870224.0,-158237611220.0,-2314937638.0,541499321366.0,133022574.0,541366298792.0,VRE,income_statement,,,,,,,,,,,,,,,,,,
VRE,2017,4,0.0,1522813316697.0,528143983666.0,0.0,136863023050.0,-128434159902.0,1522813316697.0,,1522813316697.0,-737164081382.0,785649235315.0,-128442842206.0,0.0,-92114702942.0,-45816468866.0,656138244351.0,12969479411.0,,-9368151710.0,3601327701.0,659739572052.0,-135983841288.0,4529530200.0,528285260964.0,141277298.0,528143983666.0,VRE,income_statement,,,,,,,,,,,,,,,,,,
VRE,2017,3,0.0,1234730873358.0,373682064857.0,0.0,143087410258.0,-138733929485.0,1234730873358.0,,1234730873358.0,-642406152726.0,592324720632.0,-138767486441.0,0.0,-39123322853.0,-119933917673.0,437587403923.0,7191931871.0,,-9734303153.0,-2542371282.0,435045032641.0,-84092697831.0,22729730047.0,373682064857.0,0.0,373682064857.0,VRE,income_statement,,,,,,,,,,,,,,,,,,
VRE,2017,2,0.0,1340315292744.0,401255841437.0,0.0,158667729415.0,-132234118817.0,1340315292744.0,,1340315292744.0,-698267069610.0,642048223134.0,-766007199528.0,394745894589.0,-51764106655.0,-81681059793.0,296009481162.0,8898739805.0,,-32443891739.0,-23545151934.0,272464329228.0,-88076311549.0,216893122376.0,401281140055.0,25298618.0,401255841437.0,VRE,income_statement,,,,,,,,,,,,,,,,,,
PLX,2025,4,0.0,81921339081231.0,585651218513.0,0.0,419975539236.0,-208273192889.0,81921339081231.0,-28526122040.0,81892812959191.0,-77082243329860.0,4810569629331.0,-258715487859.0,161395238426.0,-3939589116712.0,-309616257164.0,884019545258.0,38534961999.0,0.0,-36463608095.0,2071353904.0,886090899162.0,-138896589171.0,-50266424366.0,696927885625.0,111276667112.0,585651218513.0,PLX,income_statement,,,,,,,,,,,,,,,,,,
PLX,2025,3,0.0,83655313290115.0,610701186200.0,8.0,537372268780.0,-243608783459.0,83655313290115.0,-23905961027.0,83631407329088.0,-79132251130925.0,4499156198163.0,-382612529914.0,131928020970.0,-3694461635407.0,-321973660276.0,769408662316.0,67573144956.0,0.0,-29854497148.0,37718647808.0,807127310124.0,-191427536438.0,90270464748.0,705970238434.0,95269052234.0,610701186200.0,PLX,income_statement,,,,,,,,,,,,,,,,,,
PLX,2025,2,0.0,76568084039970.0,1366405037475.0,0.0,441123331368.0,-180785086150.0,76568084039970.0,-29104065392.0,76538979974578.0,-71390871963554.0,5148108011024.0,-338296689689.0,150267587738.0,-3462501087318.0,-301177952047.0,1637523201076.0,23228053831.0,0.0,-14026103754.0,9201950077.0,1646725151153.0,-338677276338.0,116363202647.0,1424411077462.0,58006039987.0,1366405037475.0,PLX,income_statement,,,,,,,,,,,,,,,,,,
PLX,2025,1,0.0,67890171339647.0,133414809920.0,-1.0,421762522293.0,-165571705006.0,67890171339647.0,-29140851991.0,67861030487656.0,-64149128072879.0,3711902414777.0,-293602592566.0,114290656351.0,-3353223304063.0,-263607670164.0,337522026628.0,30163478827.0,0.0,-9301853896.0,20861624931.0,358383651559.0,-101717149134.0,-45897701886.0,210768800539.0,77353990619.0,133414809920.0,PLX,income_statement,,,,,,,,,,,,,,,,,,
PLX,2024,4,0.0,71055339774054.0,545272943919.0,0.0,294548639619.0,-60571390579.0,71055339774054.0,-27921227222.0,71027418546832.0,-66387623732363.0,4639794814469.0,-254304223346.0,142520174307.0,-3880675591660.0,-285584161214.0,656299652175.0,164929226500.0,0.0,-49016605939.0,115912620561.0,772212272736.0,-159885802834.0,-2312701888.0,610013768014.0,64740824095.0,545272943919.0,PLX,income_statement,,,,,,,,,,,,,,,,,,
PLX,2024,3,0.0,64352149009035.0,65874458258.0,-1.0,495756246975.0,-174618679639.0,64352149009035.0,-27759775244.0,64324389233791.0,-60887953877442.0,3436435356349.0,-231690804893.0,108984884024.0,-3318400967579.0,-268478694668.0,222606020208.0,34140384799.0,0.0,-15534724395.0,18605660404.0,241211680612.0,-85772393306.0,-24954092788.0,130485194518.0,64610736260.0,65874458258.0,PLX,income_statement,,,,,,,,,,,,,,,,,,
PLX,2024,2,0.0,73584636922071.0,1205682247740.0,0.0,395015815499.0,-139075931881.0,73584636922071.0,-25217547762.0,73559419374309.0,-68953777954794.0,4605641419515.0,-335147614948.0,165725475694.0,-3120606148129.0,-248532081519.0,1462096866112.0,67992206143.0,0.0,-12468472232.0,55523733911.0,1517620600023.0,-242619955127.0,12819476286.0,1287820121182.0,82137873442.0,1205682247740.0,PLX,income_statement,,,,,,,,,,,,,,,,,,
PLX,2024,1,0.0,75131889185159.0,1072974052623.0,1.0,449958172299.0,-193924117257.0,75131889185159.0,-25691800931.0,75106197384228.0,-70436759049100.0,4669438335128.0,-374932475618.0,110774850310.0,-3198008518779.0,-238100394385.0,1419129968955.0,28402612760.0,0.0,-6396855631.0,22005757129.0,1441135726084.0,-311329262671.0,3026393388.0,1132832856801.0,59858804178.0,1072974052623.0,PLX,income_statement,,,,,,,,,,,,,,,,,,
PLX,2023,4,0.0,68682490185414.0,641044757502.0,0.0,606117935428.0,-214657189461.0,68682490185414.0,-26072876010.0,68656417309404.0,-64674449288849.0,3981968020555.0,-357215102934.0,119359038558.0,-3252121872283.0,-299029481658.0,799078537666.0,84176039414.0,0.0,-33380060946.0,50795978468.0,849874516134.0,-75716558198.0,-9977012392.0,764180945544.0,123136188042.0,641044757502.0,PLX,income_statement,,,,,,,,,,,,,,,,,,
PLX,2023,3,0.0,72439143197969.0,738170430100.0,6.0,1188962825096.0,-226222043873.0,72439143197969.0,-25011321855.0,72414131876114.0,-68634570758197.0,3779561117917.0,-627228865990.0,136940949591.0,-3109932691275.0,-215506376154.0,1152796959185.0,38549241950.0,0.0,-11535884104.0,27013357846.0,1179810317031.0,-437853710025.0,-12577818493.0,729378788513.0,-8791641587.0,738170430100.0,PLX,income_statement,,,,,,,,,,,,,,,,,,
PLX,2023,2,0.0,65775305884813.0,813088782891.0,31.0,431952637224.0,-230136836631.0,65775305884813.0,-25496274690.0,65749809610123.0,-61818706800641.0,3931102809482.0,-355123483889.0,193400625815.0,-2958171192640.0,-219485091387.0,1023676304605.0,50406109778.0,0.0,-10238519135.0,40167590643.0,1063843895248.0,-185941690020.0,13698782485.0,891600987713.0,78512204822.0,813088782891.0,PLX,income_statement,,,,,,,,,,,,,,,,,,
PLX,2023,1,0.0,67458916217033.0,619675594993.0,2.0,513732112835.0,-232824020411.0,67458916217033.0,-26602596894.0,67432313620139.0,-63873148693345.0,3559164926794.0,-382292307601.0,149866513971.0,-2807666334205.0,-206598594439.0,826206317355.0,25534423454.0,0.0,-13371080163.0,12163343291.0,838369660646.0,-95110575813.0,-76286691303.0,666972393530.0,47296798537.0,619675594993.0,PLX,income_statement,,,,,,,,,,,,,,,,,,
PLX,2022,4,1.0,78410995368121.0,1168036535723.0,1.0,920095636266.0,-167633825006.0,78410995368121.0,-27924271547.0,78383071096574.0,-74097247834698.0,4285823261876.0,-560174516915.0,144835453390.0,-3191439741349.0,-241162550578.0,1357977542690.0,305149314440.0,0.0,-16754590717.0,288394723723.0,1646372266413.0,-187453561378.0,-44711248551.0,1414207456484.0,246170920761.0,1168036535723.0,PLX,income_statement,,,,,,,,,,,,,,,,,,
PLX,2022,3,1.0,73720523439184.0,98945850041.0,0.0,278559048666.0,-154089337128.0,73720523439184.0,-25753864653.0,73694769574531.0,-70891978809638.0,2802790764893.0,-318534573086.0,142645738126.0,-2406858281086.0,-196123514999.0,302479182514.0,25863731867.0,0.0,-15498072106.0,10365659761.0,312844842275.0,16315792082.0,-139348146135.0,189812488222.0,90866638181.0,98945850041.0,PLX,income_statement,,,,,,,,,,,,,,,,,,
PLX,2022,2,1.0,85012883396815.0,-27036343148.0,-1.0,411616926497.0,-169953256207.0,85012883396815.0,-30344617700.0,84982538779115.0,-82526276023104.0,2456262756011.0,-511121441307.0,178572437674.0,-2616981256561.0,-205397253945.0,-287047831631.0,39029055570.0,0.0,-21961162277.0,17067893293.0,-269979938338.0,-117384033526.0,253439612501.0,-133924359363.0,-106888016215.0,-27036343148.0,PLX,income_statement,,,,,,,,,,,,,,,,,,
PLX,2022,1,1.0,67043692067753.0,243336952610.0,-1.0,321393319365.0,-154908870719.0,67043692067753.0,-23772428549.0,67019919639204.0,-64242452421305.0,2777467217899.0,-300187223884.0,234133267738.0,-2297811567544.0,-181676977976.0,553318035598.0,25562043942.0,0.0,-7735613246.0,17826430696.0,571144466294.0,-131473049020.0,2760538504.0,442431955778.0,199095003168.0,243336952610.0,PLX,income_statement,,,,,,,,,,,,,,,,,,
PLX,2021,4,1.0,49398266930399.0,594935546689.0,0.0,289715169535.0,-144433842570.0,49398266930399.0,-26402565321.0,49371864365078.0,-46322476323450.0,3049388041628.0,-259847354167.0,152990540858.0,-2385376671150.0,-245014945158.0,601854781546.0,260922833595.0,0.0,-33890263038.0,227032570557.0,828887352103.0,-128591864635.0,1143455698.0,701438943166.0,106503396477.0,594935546689.0,PLX,income_statement,,,,,,,,,,,,,,,,,,
PLX,2021,3,0.0,34645306357738.0,76177108237.0,-1.0,263173135946.0,-164021379785.0,34645306357738.0,-20010673093.0,34625295684645.0,-32589628746140.0,2035666938505.0,-214406408438.0,72581275315.0,-1924847512879.0,-149102004364.0,83065424085.0,29130359583.0,0.0,-223008957.0,28907350626.0,111972774711.0,-33220213230.0,793978832.0,79546540313.0,3369432076.0,76177108237.0,PLX,income_statement,,,,,,,,,,,,,,,,,,
PLX,2021,2,1.0,46897897250519.0,1497658679289.0,0.0,235689061250.0,-149661767994.0,46897897250519.0,-28984859151.0,46868912391368.0,-42641539164127.0,4227373227241.0,-174304937916.0,171999322898.0,-2424928135876.0,-206388588911.0,1829439948686.0,73360792827.0,0.0,-75133910921.0,-1773118094.0,1827666830592.0,-248200437071.0,14876006536.0,1594342400057.0,96683720768.0,1497658679289.0,PLX,income_statement,,,,,,,,,,,,,,,,,,
PLX,2021,1,0.0,38268759070462.0,661253532400.0,1.0,209861827778.0,-144357826906.0,38268759070462.0,-21698316560.0,38247060753902.0,-34853306068986.0,3393754684916.0,-186484170462.0,170032917496.0,-2422112221108.0,-181233973234.0,983819065386.0,35507468477.0,0.0,-6485176023.0,29022292454.0,1012841357840.0,-216225804432.0,-60400679793.0,736214873615.0,74961341215.0,661253532400.0,PLX,income_statement,,,,,,,,,,,,,,,,,,
PLX,2020,4,0.0,31303530844633.0,933328903356.0,0.0,208223320022.0,-145957061095.0,31303530844633.0,-26759169148.0,31276771675485.0,-27560242500530.0,3716529174955.0,-164306087631.0,186196572169.0,-2507083484124.0,-265186664481.0,1174372830910.0,49242303418.0,0.0,-18659385732.0,30582917686.0,1204955748596.0,39620329214.0,-237810599331.0,1006765478479.0,73436575123.0,933328903356.0,PLX,income_statement,,,,,,,,,,,,,,,,,,
PLX,2020,3,0.0,27481271945854.0,853125915234.0,0.0,198112463923.0,-192868291250.0,27481271945854.0,-19298472920.0,27461973472934.0,-24325671675782.0,3136301797152.0,-231361335147.0,152394405007.0,-2010775640952.0,-217074476310.0,1027597213673.0,97241896488.0,0.0,-11321015751.0,85920880737.0,1113518094410.0,-67641168279.0,-124734300997.0,921142625134.0,68016709900.0,853125915234.0,PLX,income_statement,,,,,,,,,,,,,,,,,,
PLX,2020,2,0.0,26728568274900.0,1077026009067.0,0.0,280527587628.0,-168538494918.0,26728568274900.0,-20886958356.0,26707681316544.0,-23975844618797.0,2731836697747.0,-204108651912.0,124953493182.0,-2062414081575.0,-188819689619.0,681975355451.0,94711829209.0,0.0,5156436158.0,99868265367.0,781843620818.0,-62214346148.0,400983887945.0,1120613162615.0,43587153548.0,1077026009067.0,PLX,income_statement,,,,,,,,,,,,,,,,,,
PLX,2020,1,0.0,38494616268484.0,-1893094744478.0,-3.0,230307397506.0,-201387460219.0,38494616268484.0,-16878236658.0,38477738031826.0,-38027942431755.0,449795600071.0,-352315504704.0,133652144605.0,-2015983692969.0,-148745460243.0,-1703289515734.0,26219525836.0,0.0,-25218257501.0,1001268335.0,-1702288247399.0,-111083172664.0,215331136.0,-1813156088927.0,79938655551.0,-1893094744478.0,PLX,income_statement,,,,,,,,,,,,,,,,,,
PLX,2019,4,0.0,49358798428036.0,975215291020.0,0.0,332236186817.0,-198822521889.0,49358798428036.0,-19274355499.0,49339524072537.0,-45782434192678.0,3557089879859.0,-206843278379.0,164869000666.0,-2275515166074.0,-198422646663.0,1373413976226.0,68898710867.0,0.0,-37533857827.0,31364853040.0,1404778829266.0,-313270827213.0,40645859502.0,1132153861555.0,156938570535.0,975215291020.0,PLX,income_statement,,,,,,,,,,,,,,,,,,
PLX,2019,3,0.0,48651686655025.0,959586522704.0,0.0,259115072418.0,-173445663605.0,48651686655025.0,-11585466582.0,48640101188443.0,-45262961731982.0,3377139456461.0,-211992209238.0,173832455793.0,-2150141615718.0,-150710803616.0,1297242356100.0,29119678099.0,0.0,-15787863386.0,13331814713.0,1310574170813.0,-196604553487.0,-1755748617.0,1112213868709.0,152627346005.0,959586522704.0,PLX,income_statement,,,,,,,,,,,,,,,,,,
PLX,2019,2,0.0,49712729024644.0,1180748480159.0,0.0,245753416290.0,-239242964636.0,49712729024644.0,-11470525383.0,49701258499261.0,-46023259506706.0,3677998992555.0,-333174651112.0,161335188718.0,-2014427906030.0,-148757183757.0,1588727856664.0,44052539605.0,0.0,-9673781062.0,34378758543.0,1623106615207.0,-282858126867.0,1151336932.0,1341399825272.0,160651345113.0,1180748480159.0,PLX,income_statement,,,,,,,,,,,,,,,,,,
PLX,2019,1,0.0,41971830232313.0,1200971148040.0,0.0,166831334065.0,-184613614576.0,41971830232313.0,-10995453778.0,41960834778535.0,-38182580119663.0,3778254658872.0,-206229489350.0,166296201383.0,-2253727959298.0,-134677077998.0,1516747667674.0,59792068539.0,0.0,-8170590687.0,51621477852.0,1568369145526.0,-259520699544.0,-14360717185.0,1294487728797.0,93516580757.0,1200971148040.0,PLX,income_statement,,,,,,,,,,,,,,,,,,
PLX,2018,4,0.0,49101313569039.0,827940538575.0,0.0,260051672271.0,-225969787833.0,49101313569039.0,-11452439890.0,49089861129149.0,-45790701204887.0,3299159924262.0,-254160991200.0,174974912938.0,-2295983752981.0,-153390558503.0,1030651206787.0,141985461186.0,0.0,-47280470864.0,94704990322.0,1125356197109.0,-189338498236.0,-9663882130.0,926353816743.0,98413278168.0,827940538575.0,PLX,income_statement,,,,,,,,,,,,,,,,,,
PLX,2018,3,0.0,46183418228556.0,805404783785.0,0.0,350327515322.0,-228614622386.0,46183418228556.0,-8282754917.0,46175135473639.0,-42848885866274.0,3326249607365.0,-596419166931.0,138426336166.0,-2057007212246.0,-107386494246.0,1054190585430.0,52737793894.0,0.0,35639685366.0,88377479260.0,1142568064690.0,-251483640390.0,-538166774.0,890546257526.0,85141473741.0,805404783785.0,PLX,income_statement,,,,,,,,,,,,,,,,,,
PLX,2018,2,0.0,51214125678230.0,1178289570523.0,1.0,232493579115.0,-205072419044.0,51214125678230.0,-13810600330.0,51200315077900.0,-47167368548501.0,4032946529399.0,-388229896553.0,151793611412.0,-2205357872544.0,-164767731604.0,1658878219225.0,33998506026.0,0.0,-76721176458.0,-42722670432.0,1616155548793.0,-324833219631.0,-714313878.0,1290608015284.0,112318444761.0,1178289570523.0,PLX,income_statement,,,,,,,,,,,,,,,,,,
PLX,2018,1,0.0,45441593010321.0,898406766122.0,0.0,162808906106.0,-205858998091.0,45441593010321.0,-11304810914.0,45430288199407.0,-42219668157921.0,3210620041486.0,-267886045031.0,183723919079.0,-1956922884951.0,-149818338894.0,1182525597795.0,31827689377.0,0.0,-8049831756.0,23777857621.0,1206303455416.0,-201636125988.0,-1462257039.0,1003205072389.0,104798306267.0,898406766122.0,PLX,income_statement,,,,,,,,,,,,,,,,,,
PLX,2017,4,0.0,43233709934507.0,920903051038.0,0.0,182425682182.0,-172058428150.0,43233709934507.0,-9709772369.0,43224000162138.0,-40160975797104.0,3063024365034.0,-187745849254.0,86379454604.0,-1612607592368.0,-302611249410.0,1228864810788.0,193638229950.0,0.0,-91300490212.0,102337739738.0,1331202550526.0,-275508065978.0,22599500554.0,1078293985102.0,157390934064.0,920903051038.0,PLX,income_statement,,,,,,,,,,,,,,,,,,
PLX,2017,3,0.0,38300911508017.0,773161805449.0,0.0,178438559861.0,-125101299959.0,38300911508017.0,-7983677952.0,38292927830065.0,-35105834899807.0,3187092930258.0,-164625473030.0,61756458644.0,-2010441578932.0,-198028157638.0,1054192739163.0,77800708360.0,0.0,-25896533835.0,51904174525.0,1106096913688.0,-211715341890.0,-248352070.0,894133219728.0,120971414279.0,773161805449.0,PLX,income_statement,,,,,,,,,,,,,,,,,,
PLX,2017,2,0.0,38344371893148.0,783760603805.0,0.0,218076055465.0,-144573012730.0,38344371893148.0,-11100355416.0,38333271537732.0,-35259604338349.0,3073667199383.0,-207781402958.0,112778146363.0,-1978441844979.0,-269032177101.0,949265976173.0,178146843370.0,0.0,-37451723663.0,140695119707.0,1089961095880.0,-184823828952.0,137484347.0,905274751275.0,121514147470.0,783760603805.0,PLX,income_statement,,,,,,,,,,,,,,,,,,
PLX,2017,1,0.0,35810668022657.0,988689891449.0,0.0,253688785857.0,-141715666594.0,35810668022657.0,-9435840842.0,35801232181815.0,-32618732537220.0,3182499644595.0,-232691793284.0,172114199364.0,-1800310173119.0,-239143686718.0,1336156976695.0,32972933369.0,0.0,-19263736536.0,13709196833.0,1349866173528.0,-243011019287.0,-740988104.0,1106114166137.0,117424274688.0,988689891449.0,PLX,income_statement,,,,,,,,,,,,,,,,,,
PLX,2016,4,0.0,35077088755441.0,1708378653219.0,1.0,273829273133.0,-104730836976.0,35077088755441.0,-7768068142.0,35069320687299.0,-30655295551724.0,4414025135575.0,-221123009812.0,155742390004.0,-2219415947184.0,-298036244233.0,2105021597483.0,188959597133.0,0.0,-57669668196.0,131289928937.0,2236311526420.0,-407063084585.0,5931715668.0,1835180157503.0,126801504284.0,1708378653219.0,PLX,income_statement,,,,,,,,,,,,,,,,,,
PLX,2016,3,0.0,29283900337008.0,942882582651.0,1.0,149200848902.0,-140091669772.0,29283900337008.0,-11274087234.0,29272626249774.0,-25917647316634.0,3354978933140.0,-276380443826.0,153937581386.0,-1905044745789.0,-229149354044.0,1247542819769.0,62370109542.0,0.0,-42425232532.0,19944877010.0,1267487696779.0,-211276671984.0,3612788800.0,1059823813595.0,116941230944.0,942882582651.0,PLX,income_statement,,,,,,,,,,,,,,,,,,
PLX,2016,2,0.0,31222255422423.0,984766963707.0,0.0,331791667989.0,-146387167151.0,31222255422423.0,-7036249694.0,31215219172729.0,-27805710023614.0,3409509149115.0,-191743484982.0,133372732043.0,-1824579231773.0,-270702540377.0,1587648292015.0,-116089332336.0,0.0,-46194491426.0,-162283823762.0,1425364468253.0,-284207745781.0,-4702993827.0,1136453728645.0,151686764938.0,984766963707.0,PLX,income_statement,,,,,,,,,,,,,,,,,,
PLX,2016,1,0.0,27552798715065.0,1029258539183.0,2.0,180441168973.0,-155536812568.0,27552798715065.0,-11973554684.0,27540825160381.0,-24588422249707.0,2952402910674.0,-185745171979.0,154902347903.0,-1702719336111.0,-232525843928.0,1166756075532.0,235244206420.0,0.0,-30807576230.0,204436630190.0,1371192705722.0,-234457328363.0,-2467967774.0,1134267409585.0,105008870402.0,1029258539183.0,PLX,income_statement,,,,,,,,,,,,,,,,,,
PLX,2015,4,0.0,33663997147546.0,903147013317.0,0.0,263687469257.0,-175092050271.0,33663997147546.0,-9210521365.0,33654786626181.0,-30826934954588.0,2827851671593.0,-369285417130.0,114027582815.0,-1467483584692.0,-269624065367.0,1099173656476.0,133899706657.0,0.0,-102816064324.0,31083642333.0,1130257298809.0,-135073028091.0,7819714599.0,1003003985317.0,99856972000.0,903147013317.0,PLX,income_statement,,,,,,,,,,,,,,,,,,
PLX,2015,3,0.0,37030698084896.0,489469669641.0,0.0,231377491958.0,-123976185750.0,37030698084896.0,-4148642225393.0,32882055859503.0,-29759478217526.0,3122577641977.0,-722125183685.0,0.0,-1802749337964.0,-247612485545.0,581468126741.0,120133160666.0,130252137593.0,-83912903175.0,36220257491.0,747940521825.0,-188043136941.0,-3218417812.0,556678967072.0,67209297431.0,489469669641.0,PLX,income_statement,,,,,,,,,,,,,,,,,,
PLX,2015,2,0.0,45399643649138.0,1021473907616.0,2.0,172242985487.0,-144316316713.0,45399643649138.0,-3323166358923.0,42076477290215.0,-38372948079300.0,3703529210915.0,-808292909462.0,0.0,-1641451939062.0,-242314253150.0,1183713094728.0,145763680350.0,119808527561.0,-137120090883.0,8643589467.0,1312165211756.0,-194923260393.0,572644299.0,1117814595662.0,96340688046.0,1021473907616.0,PLX,income_statement,,,,,,,,,,,,,,,,,,
PLX,2015,1,0.0,39396618506465.0,387846482081.0,1.0,133039252789.0,-155338976058.0,39396618506465.0,-1460042518119.0,37936575988346.0,-35155007607702.0,2781568380644.0,-705027718748.0,0.0,-1575502028738.0,-218748948645.0,415328937302.0,81944023389.0,140017180622.0,-61248154351.0,20695869038.0,576041986962.0,-114489593995.0,-548949042.0,461003443925.0,73156961844.0,387846482081.0,PLX,income_statement,,,,,,,,,,,,,,,,,,
PLX,2014,2,0.0,57024051440970.0,352004579103.0,0.0,205158238158.0,-163430837411.0,57024051440970.0,-1370733309145.0,55653318131825.0,-53199173556875.0,2454144574950.0,-534995005737.0,0.0,-1591718908952.0,-226581814962.0,306007083457.0,166406402847.0,94139457729.0,-47827581629.0,118578821218.0,518725362404.0,-102025889088.0,-420882876.0,416278590440.0,64274011337.0,352004579103.0,PLX,income_statement,,,,,,,,,,,,,,,,,,
PLX,2014,1,0.0,51818022056819.0,220100943446.0,0.0,144784205049.0,-182079694006.0,51818022056819.0,-1328258845106.0,50489763211713.0,-48692209610499.0,1797553601214.0,-221798112762.0,0.0,-1324237256996.0,-194948921262.0,201353515243.0,55290156051.0,114593750228.0,-33798801101.0,21491354950.0,337438620421.0,-81419852844.0,-299255576.0,255719512001.0,35618568555.0,220100943446.0,PLX,income_statement,,,,,,,,,,,,,,,,,,
PLX,2013,3,0.0,47754155890704.0,592500222546.0,0.0,202665732226.0,-128870892379.0,47754155890704.0,-1372076881538.0,46382079009166.0,-44294586302172.0,2087492706994.0,-154764865328.0,0.0,-1330042268955.0,-235994815638.0,569356489299.0,58644693294.0,98513527000.0,-44912787308.0,13731905986.0,681601922285.0,-45079478222.0,1011856417.0,637534300480.0,45034077934.0,592500222546.0,PLX,income_statement,,,,,,,,,,,,,,,,,,
PLX,2013,2,0.0,49581926701889.0,372005295056.0,0.0,225923266572.0,-201199319529.0,49581926701889.0,-1430478601120.0,48151448100769.0,-45612750376610.0,2538697724159.0,-638852784854.0,0.0,-1449320556419.0,-231793481088.0,444654168370.0,116509420154.0,38737020299.0,-36088092617.0,80421327537.0,563812516206.0,-127592236581.0,839625161.0,437059904786.0,65054609730.0,372005295056.0,PLX,income_statement,,,,,,,,,,,,,,,,,,
PLX,2013,1,0.0,52452445034049.0,216805268674.0,0.0,171613681575.0,-159280581750.0,52452445034049.0,-1372079702395.0,51080365331654.0,-49419296227557.0,1661069104097.0,-322661363426.0,0.0,-1265143938430.0,-206999288209.0,37878195607.0,292047932754.0,129812175868.0,-126008549976.0,166039382778.0,333729754253.0,-87569904947.0,-1372696984.0,244787152322.0,27981883648.0,216805268674.0,PLX,income_statement,,,,,,,,,,,,,,,,,,
POW,2025,4,0.0,8746965663294.0,484213206196.0,10.0,402955050487.0,-245939185369.0,8746965663294.0,0.0,8746965663294.0,-7694482249281.0,1052483414013.0,-172857710864.0,0.0,-951315419.0,-529687078002.0,751942360215.0,10685416911.0,,-14879216749.0,-4193799838.0,747748560377.0,-60225783585.0,0.0,687522776792.0,203309570596.0,484213206196.0,POW,income_statement,,,,,,,,,,,,,,,,,,
POW,2025,3,0.0,7855188738891.0,809300749571.0,1.0,222852092391.0,-152456160451.0,7855188738891.0,0.0,7855188738891.0,-6564435636945.0,1290753101946.0,-295127875537.0,0.0,-549114673.0,-211833570897.0,1006094633230.0,7389713592.0,,-1658183394.0,5731530198.0,1011826163428.0,-63448641579.0,0.0,948377521849.0,139076772278.0,809300749571.0,POW,income_statement,,,,,,,,,,,,,,,,,,
POW,2025,2,0.0,9398770212474.0,602417078579.0,1.0,206378587637.0,-137817303342.0,9398770212474.0,0.0,9398770212474.0,-8230982771383.0,1167787441091.0,-398689493045.0,42814597.0,0.0,-166322714034.0,809196636246.0,2060865133.0,,-1420046497.0,640818636.0,809837454882.0,-52872924106.0,4385813849.0,761350344625.0,158933266046.0,602417078579.0,POW,income_statement,,,,,,,,,,,,,,,,,,
POW,2025,1,0.0,8150308985784.0,445090173461.0,1.0,208100324335.0,-119464898488.0,8150308985784.0,0.0,8150308985784.0,-7334309845541.0,815999140243.0,-175504879735.0,526191185.0,0.0,-337713585028.0,511407191000.0,2446765811.0,,-3400396381.0,-953630570.0,510453560430.0,-38207573814.0,0.0,472245986616.0,27155813155.0,445090173461.0,POW,income_statement,,,,,,,,,,,,,,,,,,
POW,2024,4,0.0,8619178824356.0,45839083230.0,-1.0,-50599556513.0,-117537490672.0,8619178824356.0,0.0,8619178824356.0,-8029468233671.0,589710590685.0,-488550060202.0,41498442748.0,0.0,-397327549083.0,-305268132365.0,1113064506791.0,,-691823157716.0,421241349075.0,115973216710.0,-18319183223.0,2670372007.0,100324405494.0,54485322264.0,45839083230.0,POW,income_statement,,,,,,,,,,,,,,,,,,
POW,2024,3,0.0,6061159998320.0,396350233997.0,4.0,411264584940.0,-95632403499.0,6061159998320.0,0.0,6061159998320.0,-5764905515076.0,296254483244.0,3286864578.0,0.0,0.0,-168864458435.0,541941474327.0,7030849557.0,,-1886040593.0,5144808964.0,547086283291.0,-93826036355.0,0.0,453260246936.0,56910012939.0,396350233997.0,POW,income_statement,,,,,,,,,,,,,,,,,,
POW,2024,2,0.0,9382192018258.0,391762880270.0,2.0,104198817970.0,-87908652669.0,9382192018258.0,0.0,9382192018258.0,-8647208045255.0,734983973003.0,-205679294785.0,701547270.0,0.0,-195274182077.0,438930861381.0,4324056228.0,,-1137799604.0,3186256624.0,442117118005.0,3294856120.0,-3951507290.0,441460466835.0,49697586565.0,391762880270.0,POW,income_statement,,,,,,,,,,,,,,,,,,
POW,2024,1,0.0,6243103427715.0,277633318581.0,0.0,101231459522.0,-80568089339.0,6243103427715.0,0.0,6243103427715.0,-5866382797488.0,376720630227.0,-154488495287.0,0.0,0.0,-116324556180.0,207139038282.0,73769243906.0,,-2843733567.0,70925510339.0,278064548621.0,-61767712720.0,0.0,216296835901.0,-61336482680.0,277633318581.0,POW,income_statement,,,,,,,,,,,,,,,,,,
POW,2023,4,0.0,6411526702329.0,332453671363.0,-1.0,164283973828.0,-106946497287.0,6411526702329.0,0.0,6411526702329.0,-5683440436386.0,728086265943.0,-191124855723.0,24982241870.0,0.0,-296729649453.0,429497976465.0,23544778880.0,,-5309453096.0,18235325784.0,447733302249.0,-2005343359.0,0.0,445727958890.0,113274287527.0,332453671363.0,POW,income_statement,,,,,,,,,,,,,,,,,,
POW,2023,3,0.0,5679490829052.0,82658538558.0,0.0,138935874946.0,-133502990648.0,5679490829052.0,0.0,5679490829052.0,-5372558544762.0,306932284290.0,-213396986212.0,0.0,0.0,-148741888742.0,83729284282.0,4401884264.0,,-6230825681.0,-1828941417.0,81900342865.0,-29518155287.0,0.0,52382187578.0,-30276350980.0,82658538558.0,POW,income_statement,,,,,,,,,,,,,,,,,,
POW,2023,2,0.0,8429298807051.0,125933297003.0,-1.0,121707738155.0,-125479208488.0,8429298807051.0,0.0,8429298807051.0,-7959932152981.0,469366654070.0,-135620410927.0,13316419118.0,0.0,-207371084396.0,261399316020.0,-20724887155.0,,-1520155502.0,-22245042657.0,239154273363.0,-57891874067.0,0.0,181262399296.0,55329102293.0,125933297003.0,POW,income_statement,,,,,,,,,,,,,,,,,,
POW,2023,1,0.0,7424374923419.0,534002405727.0,0.0,124616001191.0,-132064681571.0,7424374923419.0,0.0,7424374923419.0,-6745448480992.0,678926442427.0,-140063549091.0,0.0,0.0,-126483398145.0,536995496382.0,154299829254.0,,-1257927036.0,153041902218.0,690037398600.0,-40059194074.0,0.0,649978204526.0,115975798799.0,534002405727.0,POW,income_statement,,,,,,,,,,,,,,,,,,
POW,2022,4,1.0,7669213819872.0,683864669483.0,12.0,210512096481.0,-122723912997.0,7669213819872.0,0.0,7669213819872.0,-6561462202507.0,1107751617365.0,-95170740994.0,37433061307.0,0.0,-419752491937.0,840773542222.0,32644007346.0,,-2212537310.0,30431470036.0,871205012258.0,-146033942155.0,6652368200.0,731823438303.0,47958768820.0,683864669483.0,POW,income_statement,,,,,,,,,,,,,,,,,,
POW,2022,3,0.0,6041683995718.0,66853607115.0,-1.0,95553005970.0,-118168254762.0,6041683995718.0,0.0,6041683995718.0,-5339011046901.0,702672948817.0,-206594908538.0,0.0,0.0,-386643819018.0,204987227231.0,20346149686.0,,-1425882836.0,18920266850.0,223907494081.0,-8034783978.0,-14592198454.0,201280511649.0,134426904534.0,66853607115.0,POW,income_statement,,,,,,,,,,,,,,,,,,
POW,2022,2,0.0,7462747719747.0,421668269176.0,-1.0,63156976962.0,-142667385775.0,7462747719747.0,0.0,7462747719747.0,-6533452909107.0,929294810640.0,-226998722990.0,25219048734.0,0.0,-202263865020.0,588408248326.0,2828622342.0,,-1913057608.0,915564734.0,589323813060.0,-2845534878.0,0.0,586478278182.0,164810009006.0,421668269176.0,POW,income_statement,,,,,,,,,,,,,,,,,,
POW,2022,1,0.0,7061387615173.0,721339949342.0,0.0,65701972549.0,-53915704054.0,7061387615173.0,0.0,7061387615173.0,-6034216450099.0,1027171165074.0,-107659599083.0,0.0,0.0,-115716210049.0,869497328491.0,11496265763.0,,-1115075529.0,10381190234.0,879878518725.0,-76396930317.0,0.0,803481588408.0,82141639066.0,721339949342.0,POW,income_statement,,,,,,,,,,,,,,,,,,
POW,2021,4,-1.0,3598433387315.0,-62704426020.0,-1.0,106923521509.0,-109769646425.0,3598433387315.0,0.0,3598433387315.0,-3924719976825.0,-326286589510.0,-165895002939.0,0.0,0.0,396985289538.0,11727218598.0,4140708696.0,,-4449210222.0,-308501526.0,11418717072.0,76673050229.0,-89223031381.0,-1131264080.0,61573161940.0,-62704426020.0,POW,income_statement,,,,,,,,,,,,,,,,,,
POW,2021,3,0.0,5342484577946.0,483309118656.0,4.0,119378557822.0,-130735607538.0,5342484577946.0,0.0,5342484577946.0,-4499699904302.0,842784673644.0,-136971129567.0,7080138972.0,0.0,-154315415759.0,677956825112.0,2205466058.0,,-1266829109.0,938636949.0,678895462061.0,-75572636059.0,0.0,603322826002.0,120013707346.0,483309118656.0,POW,income_statement,,,,,,,,,,,,,,,,,,
POW,2021,2,0.0,7963484313846.0,849941804259.0,0.0,373851852317.0,-133893599523.0,7963484313846.0,0.0,7963484313846.0,-6813046682758.0,1150437631088.0,-209958505689.0,1543044557.0,0.0,-239176031070.0,1076697991203.0,7978091145.0,,-133006460621.0,-125028369476.0,951669621727.0,-56046080546.0,-31807402981.0,863816138200.0,13874333941.0,849941804259.0,POW,income_statement,,,,,,,,,,,,,,,,,,
POW,2021,1,0.0,7661011132024.0,508296388596.0,0.0,96994991595.0,-135245537879.0,7661011132024.0,0.0,7661011132024.0,-6785177211885.0,875833920139.0,-158190004678.0,0.0,-9426420660.0,-132487094260.0,672725392136.0,5536697263.0,,-977849333.0,4558847930.0,677284240066.0,-110939137897.0,0.0,566345102169.0,58048713573.0,508296388596.0,POW,income_statement,,,,,,,,,,,,,,,,,,
POW,2020,4,0.0,7914243059029.0,892023812775.0,2.0,90603548571.0,-160704337660.0,7914243059029.0,0.0,7914243059029.0,-6188263085801.0,1725979973228.0,-216139152315.0,0.0,-14502830935.0,-477084903121.0,1108856635428.0,10164744363.0,,-956156825.0,9208587538.0,1118065222966.0,-112281677664.0,507948669.0,1006291493971.0,114267681196.0,892023812775.0,POW,income_statement,,,,,,,,,,,,,,,,,,
POW,2020,3,0.0,6112182265883.0,105268135620.0,-1.0,145947193023.0,-191792039694.0,6112182265883.0,0.0,6112182265883.0,-5564783920381.0,547398345502.0,-235394953320.0,0.0,-6806022911.0,-264039543174.0,187105019120.0,5247820605.0,,-2603259481.0,2644561124.0,189749580244.0,-64703994412.0,-550508460.0,124495077372.0,19226941752.0,105268135620.0,POW,income_statement,,,,,,,,,,,,,,,,,,
POW,2020,2,0.0,7707696840615.0,753351659289.0,0.0,203637868252.0,-212868070274.0,7707696840615.0,0.0,7707696840615.0,-6381801219923.0,1325895620692.0,-171941823037.0,6737215969.0,-8097660461.0,-427006533395.0,929224688020.0,10308816987.0,,-1493943147.0,8814873840.0,938039561860.0,-80513908855.0,0.0,857525653005.0,104173993716.0,753351659289.0,POW,income_statement,,,,,,,,,,,,,,,,,,
POW,2020,1,0.0,7975357085644.0,444092785919.0,0.0,86695784927.0,-243868319488.0,7975357085644.0,0.0,7975357085644.0,-6955464478284.0,1019892607360.0,-410576900499.0,0.0,-5752659989.0,-76550780881.0,613708050918.0,5898820523.0,,-5464577905.0,434242618.0,614142293536.0,-109122397791.0,0.0,505019895745.0,60927109826.0,444092785919.0,POW,income_statement,,,,,,,,,,,,,,,,,,
POW,2019,4,0.0,9182050212097.0,267849346644.0,0.0,87321912177.0,-271512376708.0,9182050212097.0,0.0,9182050212097.0,-7929530195089.0,1252520017008.0,-324944731883.0,55931036774.0,-8097547246.0,-669798275906.0,392932410924.0,12374147513.0,,-5411225318.0,6962922195.0,399895333119.0,-54013438081.0,0.0,345881895038.0,78032548394.0,267849346644.0,POW,income_statement,,,,,,,,,,,,,,,,,,
POW,2019,3,0.0,7923656463479.0,700103833946.0,4.0,137583508040.0,-283644084403.0,7923656463479.0,-94002229.0,7923562461250.0,-6730963141044.0,1192599320206.0,-284149487283.0,0.0,-5438579535.0,-171711937050.0,868882824378.0,6721247468.0,,-863654076.0,5857593392.0,874740417770.0,-81424059624.0,0.0,793316358146.0,93212524200.0,700103833946.0,POW,income_statement,,,,,,,,,,,,,,,,,,
POW,2019,2,0.0,9879513523830.0,643905219540.0,0.0,120946076940.0,-306919627948.0,9879513523830.0,0.0,9879513523830.0,-8514418608646.0,1365094915184.0,-392435735189.0,1135699167.0,-8206295720.0,-220971331192.0,865563329190.0,7459604328.0,,-10220217718.0,-2760613390.0,862802715800.0,-80671310868.0,0.0,782131404932.0,138226185392.0,643905219540.0,POW,income_statement,,,,,,,,,,,,,,,,,,
POW,2019,1,0.0,8435585047709.0,878829853756.0,0.0,101177311065.0,-289707114675.0,8435585047709.0,0.0,8435585047709.0,-7123094790471.0,1312490257238.0,-322347397216.0,0.0,-5012650213.0,-116867339718.0,969440181156.0,40195603420.0,,-2548315243.0,37647288177.0,1007087469333.0,-91305368471.0,0.0,915782100862.0,36952247106.0,878829853756.0,POW,income_statement,,,,,,,,,,,,,,,,,,
POW,2018,4,0.0,7873814150389.0,281877133729.0,0.0,110603685654.0,-318471644515.0,7873814150389.0,0.0,7873814150389.0,-7111082858191.0,762731292198.0,-275617496406.0,38362630239.0,-6968478294.0,-226018141316.0,403093492075.0,36048459727.0,,-2915343296.0,33133116431.0,436226608506.0,-36192258178.0,-1563401592.0,398470948736.0,116593815007.0,281877133729.0,POW,income_statement,,,,,,,,,,,,,,,,,,
POW,2018,3,0.0,6961303573152.0,147230855428.0,-1.0,132816454825.0,-341467622585.0,6961303573152.0,0.0,6961303573152.0,-5978032133321.0,983271439831.0,-795508859969.0,8525751153.0,-3871088703.0,-136887429714.0,188346267423.0,5887865620.0,,-2593633967.0,3294231653.0,191640499076.0,-7605929108.0,148532566.0,184183102534.0,36952247106.0,147230855428.0,POW,income_statement,,,,,,,,,,,,,,,,,,
POW,2018,2,0.0,9472279664078.0,571120992681.0,1.0,204387220048.0,-340135866380.0,9472279664078.0,0.0,9472279664078.0,-8344947604247.0,1127332059831.0,-279993150078.0,-9039530994.0,-5333949819.0,-305027278467.0,732325370521.0,10683043241.0,,-2306352711.0,8376690530.0,740702061051.0,-56010908510.0,3502670662.0,688193823203.0,117072830522.0,571120992681.0,POW,income_statement,,,,,,,,,,,,,,,,,,
POW,2018,1,0.0,8355616147645.0,675269319374.0,0.0,68132287223.0,-307021709262.0,8355616147645.0,0.0,8355616147645.0,-7010528595450.0,1345087552195.0,-469050714116.0,17974979215.0,-4142088932.0,-110413687282.0,847588328303.0,6703215715.0,,-2679559147.0,4023656568.0,851611984871.0,-75133817202.0,3681230708.0,780159398377.0,104890079003.0,675269319374.0,POW,income_statement,,,,,,,,,,,,,,,,,,
POW,2017,4,0.0,7296935372217.0,443216375589.0,0.0,84668036329.0,-327811903830.0,7296935372217.0,0.0,7296935372217.0,-6123560070410.0,1173375301807.0,-402590054427.0,57431470086.0,-4176997091.0,-330770008047.0,577937748657.0,2539406769.0,,-19665438023.0,-17126031254.0,560811717403.0,12383829214.0,19829907212.0,593025453829.0,149809078240.0,443216375589.0,POW,income_statement,,,,,,,,,,,,,,,,,,
POW,2017,3,0.0,6918399110549.0,919459246492.0,0.0,88724722513.0,-331972347478.0,6918399110549.0,0.0,6918399110549.0,-5405618392343.0,1512780718206.0,-443901065966.0,0.0,-3748257823.0,-151501800346.0,1002354316584.0,10338155972.0,,-1248440211.0,9089715761.0,1011444032345.0,-57994530295.0,-441400686.0,953008101364.0,33548854872.0,919459246492.0,POW,income_statement,,,,,,,,,,,,,,,,,,
POW,2017,2,0.0,8036911395592.0,379263767812.0,0.0,162579639006.0,-340335755583.0,8036911395592.0,0.0,8036911395592.0,-6902206783256.0,1134704612336.0,-527112286847.0,-55589761156.0,-4772303945.0,-204429390378.0,505380509016.0,4275819104.0,,-2440356765.0,1835462339.0,507215971355.0,-35493060328.0,-13521240044.0,458201670983.0,78937903171.0,379263767812.0,POW,income_statement,,,,,,,,,,,,,,,,,,
POW,2017,1,0.0,7457806158244.0,491317661098.0,0.0,77953775949.0,-351238396535.0,7457806158244.0,0.0,7457806158244.0,-6356003207141.0,1101802951103.0,-432416235657.0,20471361443.0,-3520855193.0,-112514905229.0,651776092416.0,2686298880.0,,-464733480.0,2221565400.0,653997657816.0,-56673145754.0,128862686.0,597453374748.0,106135713650.0,491317661098.0,POW,income_statement,,,,,,,,,,,,,,,,,,
BVH,2025,4,0.0,11244569816949.0,858520297870.0,1.0,3791413368866.0,,,,10549601874802.0,,216697686154.0,-872092216325.0,,-243606949923.0,-1842206060052.0,-1869115323821.0,6214745757.0,32241733864.0,-1405224445.0,4809521312.0,1061819070583.0,-189298149569.0,1586539836.0,874107460850.0,15587162980.0,858520297870.0,BVH,income_statement,,,,,,,,,,,,,,,,,,
BVH,2025,3,0.0,10448267257725.0,759331539447.0,0.0,3585078998859.0,,,,9749591088065.0,,244838162662.0,-680720920700.0,,-356079374892.0,-1858906018853.0,-1970147231083.0,5544998697.0,29284526436.0,-414152182.0,5130846515.0,951533710460.0,-164517835966.0,-694714016.0,786321160478.0,26989621031.0,759331539447.0,BVH,income_statement,,,,,,,,,,,,,,,,,,
BVH,2025,2,0.0,11364907796139.0,664546941530.0,1.0,3406655634725.0,,,,10660794116853.0,,592598316073.0,-698468039390.0,,-542517984753.0,-1962485175332.0,-1912404844012.0,5019780649.0,25782529285.0,-1988878010.0,3030902639.0,829522737469.0,-146354562400.0,854022119.0,684022197188.0,19475255658.0,664546941530.0,BVH,income_statement,,,,,,,,,,,,,,,,,,
BVH,2025,1,0.0,10675751900634.0,671880906669.0,0.0,3231774542958.0,,,,9974027964437.0,,577222965394.0,-669175521896.0,,-510804669416.0,-1817227824086.0,-1750809528108.0,6150128113.0,22420822912.0,-492873561.0,5657254552.0,847199226845.0,-161053294361.0,608541096.0,686754473580.0,14873566911.0,671880906669.0,BVH,income_statement,,,,,,,,,,,,,,,,,,
BVH,2024,4,0.0,11165344381246.0,560335389500.0,1.0,3209303332534.0,,,,10467379625209.0,,67149647564.0,-629539261479.0,,-409320319252.0,-1560836151613.0,-1903006823301.0,13474172215.0,35957841680.0,-1551166740.0,11923005475.0,698671288788.0,-118793503363.0,-4866266789.0,575011518636.0,14676129136.0,560335389500.0,BVH,income_statement,,,,,,,,,,,,,,,,,,
BVH,2024,3,0.0,10473575370025.0,535587776514.0,0.0,3105166130634.0,,,,9746436905802.0,,-145033082073.0,-526399663630.0,,-367319670841.0,-1428780746812.0,-1941133499726.0,3801746225.0,25099443985.0,-475626036.0,3326120189.0,687154006506.0,-129847526777.0,2348448706.0,559654928435.0,24067151921.0,535587776514.0,BVH,income_statement,,,,,,,,,,,,,,,,,,
BVH,2024,2,0.0,10708089813599.0,427834300121.0,0.0,3116372526598.0,,,,9990729929129.0,,-402441677273.0,-562542548882.0,,-251903847099.0,-1388900736660.0,-2043246261032.0,7660743552.0,12317732918.0,-1438264648.0,6222478904.0,534481375377.0,-92139062753.0,-740338681.0,441601973943.0,13767673822.0,427834300121.0,BVH,income_statement,,,,,,,,,,,,,,,,,,
BVH,2024,1,0.0,10322671994713.0,585771525996.0,0.0,3258485105958.0,,,,9618629223508.0,,-488787756073.0,-397249915948.0,,-318254974293.0,-1346082764030.0,-2153125494396.0,4900030732.0,20710028395.0,-360717497.0,4539313235.0,741864806625.0,-123747118226.0,-1217506083.0,616900182316.0,31128656320.0,585771525996.0,BVH,income_statement,,,,,,,,,,,,,,,,,,
BVH,2023,4,0.0,11114691927996.0,358606041112.0,0.0,3295561442982.0,,,,10570319237437.0,,-789668186060.0,-663716222100.0,,-145656508986.0,-1250500755505.0,-2185825450551.0,12180351333.0,36843129133.0,-775389682.0,11404961651.0,447565861396.0,-76999864640.0,-853107257.0,369712889499.0,11106848387.0,358606041112.0,BVH,income_statement,,,,,,,,,,,,,,,,,,
BVH,2023,3,0.0,10391709658069.0,433673950815.0,0.0,3513790934942.0,,,,9726325368170.0,,-794528699883.0,-664919220777.0,,-483613455743.0,-1063597979571.0,-2341740135197.0,2805110773.0,20513516304.0,-603777606.0,2201333167.0,547809167968.0,-86376081981.0,-1087869587.0,460345216400.0,26671265585.0,433673950815.0,BVH,income_statement,,,,,,,,,,,,,,,,,,
BVH,2023,2,0.0,10538407611787.0,402257919584.0,0.0,3612279381928.0,,,,9891173891235.0,,-794597534646.0,-877391778137.0,,-456801637809.0,-1010301046680.0,-2261700219135.0,5931754563.0,24980814042.0,-1747246705.0,4184507858.0,507100069960.0,-85485020442.0,-104108146.0,421510941372.0,19253021788.0,402257919584.0,BVH,income_statement,,,,,,,,,,,,,,,,,,
BVH,2023,1,0.0,10498304763879.0,528218575806.0,0.0,3124947998167.0,,,,9846490606416.0,,-111381766638.0,-630740688975.0,,-596018525734.0,-1162973178524.0,-1870373470896.0,2832341575.0,20957973108.0,-521847045.0,2310494530.0,657200063290.0,-111996868181.0,997640169.0,546200835278.0,17982259472.0,528218575806.0,BVH,income_statement,,,,,,,,,,,,,,,,,,
BVH,2022,4,0.0,11260676329723.0,341515625774.0,0.0,2661697661117.0,,,,10588349313659.0,,-409685829086.0,-521175730685.0,,-490313416481.0,-810291839266.0,-1710291084833.0,14353219641.0,10638337904.0,-1710664115.0,12642555526.0,434868536186.0,-83894642500.0,1227486083.0,352201379769.0,10685753995.0,341515625774.0,BVH,income_statement,,,,,,,,,,,,,,,,,,
BVH,2022,3,0.0,10660575464381.0,386040111230.0,0.0,2473697567053.0,,,,10048728091754.0,,38595319064.0,-432433022412.0,,-602701340794.0,-1010246268112.0,-1574352289842.0,3917643074.0,21451458694.0,-198956797.0,3718686277.0,505671854280.0,-93401938495.0,-2042016997.0,410227898788.0,24187787558.0,386040111230.0,BVH,income_statement,,,,,,,,,,,,,,,,,,
BVH,2022,2,0.0,10804435834439.0,332126287758.0,0.0,2435901803816.0,,,,10333271387504.0,,134372055571.0,-563893051225.0,,-631013614758.0,-947029471915.0,-1443671031102.0,2067079751.0,30887015071.0,-534558053.0,1532521698.0,422714028519.0,-80807465094.0,-1303411614.0,340603151811.0,8476864053.0,332126287758.0,BVH,income_statement,,,,,,,,,,,,,,,,,,
BVH,2022,1,0.0,10014442837642.0,470686659056.0,0.0,2351503416186.0,,,,9728218641025.0,,339346766069.0,-324595759020.0,,-586595577174.0,-1225391000167.0,-1472639811272.0,7963516786.0,5195911384.0,-429021119.0,7534495667.0,625185203966.0,-125297305290.0,669523224.0,500557421900.0,29870762844.0,470686659056.0,BVH,income_statement,,,,,,,,,,,,,,,,,,
BVH,2021,4,0.0,10763617237573.0,524538859697.0,0.0,2308649729771.0,,,,10043536319497.0,,-4890691339.0,-328765894443.0,,-534089020968.0,-835928136222.0,-1374907848529.0,10751908961.0,14495050307.0,-706501100.0,10045407861.0,662670473201.0,-109537638804.0,-1204211600.0,551928622797.0,27389763100.0,524538859697.0,BVH,income_statement,,,,,,,,,,,,,,,,,,
BVH,2021,3,0.0,9625017779148.0,448045969399.0,0.0,2036662846475.0,,,,8984566971427.0,,281730829054.0,-189458746536.0,,-538338010467.0,-1066874143825.0,-1323481325238.0,6298625432.0,27938072517.0,-246414273.0,6052211159.0,579427611517.0,-106633285576.0,671198061.0,473465524002.0,25419554603.0,448045969399.0,BVH,income_statement,,,,,,,,,,,,,,,,,,
BVH,2021,2,0.0,10248923053367.0,440413282409.0,0.0,2360452787017.0,,,,9564204526229.0,,-87175484934.0,-261786478174.0,,-613857036591.0,-965201980556.0,-1666234502081.0,11993435427.0,24500488398.0,-176858990.0,11816576437.0,532183627311.0,-68184103893.0,457688928.0,464457212346.0,24043929937.0,440413282409.0,BVH,income_statement,,,,,,,,,,,,,,,,,,
BVH,2021,1,0.0,9359074163685.0,469132412435.0,3.0,2203837906712.0,,,,8709019976810.0,,-168967467157.0,-278049086652.0,,0.0,-1149006141053.0,-1317973608210.0,-4984240285.0,3692266177.0,-933947061.0,-5918187346.0,592916377788.0,-95296108864.0,1259195119.0,498879464043.0,29747051608.0,469132412435.0,BVH,income_statement,,,,,,,,,,,,,,,,,,
BVH,2020,4,0.0,10629404234602.0,456571292446.0,4.0,2299064465083.0,,,,9655435580671.0,,-598597224540.0,-332862108656.0,,0.0,-863756524132.0,-1462353748672.0,12154537820.0,7959780674.0,-410650776.0,11743887044.0,549635705345.0,-72721017020.0,-2364101185.0,474550587140.0,17979294694.0,456571292446.0,BVH,income_statement,,,,,,,,,,,,,,,,,,
BVH,2020,3,0.0,9593682959802.0,460552972700.0,0.0,2291491559094.0,,,,8736258311416.0,,-545277232334.0,-372369855511.0,,0.0,-848443961226.0,-1393721193560.0,3210095184.0,14692167267.0,-264556085.0,2945539099.0,554539245009.0,-69734012075.0,-11497152575.0,473308080359.0,12755107659.0,460552972700.0,BVH,income_statement,,,,,,,,,,,,,,,,,,
BVH,2020,2,0.0,9209339297905.0,508078719032.0,1.0,2817598398733.0,,,,8214740095757.0,,-1101882160673.0,-239683650408.0,,0.0,-869724047313.0,-1971606207986.0,4601294863.0,-994938302.0,-617921527.0,3983373336.0,616922536783.0,-68443025895.0,-6669776771.0,541809734117.0,33731015085.0,508078719032.0,BVH,income_statement,,,,,,,,,,,,,,,,,,
BVH,2020,1,0.0,8755389665503.0,126436427045.0,-1.0,2087563964106.0,,,,7878804427156.0,,-163142123120.0,-808767667451.0,,0.0,-978340615350.0,-1141482738470.0,8325507431.0,21313398902.0,-616003031.0,7709504400.0,186950208411.0,-57009404742.0,-15302563276.0,114638240393.0,-11798186652.0,126436427045.0,BVH,income_statement,,,,,,,,,,,,,,,,,,
BVH,2019,4,0.0,9944007430056.0,89806961419.0,-1.0,2127739745191.0,,,,9320992704646.0,,-503471242059.0,-633255368660.0,,0.0,-893845154284.0,-1397316396343.0,19647283844.0,15359561121.0,-4635317072.0,15011966772.0,127683224768.0,-26964854931.0,5378134883.0,106096504720.0,16289543301.0,89806961419.0,BVH,income_statement,,,,,,,,,,,,,,,,,,
BVH,2019,3,0.0,9032023294750.0,344569656628.0,3.0,1988533501064.0,,,,8451135841780.0,,-249811852639.0,-535614182139.0,,0.0,-799444745224.0,-1049256597863.0,11903699354.0,12026466264.0,-6893165907.0,5010533447.0,423682329193.0,-64149317994.0,-2816514512.0,356716496687.0,12146840059.0,344569656628.0,BVH,income_statement,,,,,,,,,,,,,,,,,,
BVH,2019,2,0.0,8814506703449.0,243206881082.0,0.0,1966624235976.0,,,,8137221531914.0,,-168876053576.0,-587035305063.0,,0.0,-931764718013.0,-1100640771589.0,1047570090.0,17764664121.0,-274127258.0,773442832.0,310467034973.0,-53679774575.0,965773149.0,257753033547.0,14546152465.0,243206881082.0,BVH,income_statement,,,,,,,,,,,,,,,,,,
BVH,2019,1,0.0,8048298572471.0,401903315858.0,0.0,1790337351874.0,,,,7396296094198.0,,74431208174.0,-445488110736.0,,0.0,-934942556127.0,-860511347953.0,7300363834.0,19674273154.0,-342861138.0,6957502696.0,521200773067.0,-105654682627.0,-2495601870.0,413050488570.0,11147172712.0,401903315858.0,BVH,income_statement,,,,,,,,,,,,,,,,,,
BVH,2018,4,0.0,8568666590276.0,231058465646.0,0.0,1781607480695.0,,,,8163300177468.0,,-198241394772.0,-495673376679.0,,0.0,-825007200359.0,-1023248595131.0,13892821593.0,34280609235.0,-6520910359.0,7371911234.0,295940732812.0,-63283769955.0,4543787404.0,237200750261.0,6142284615.0,231058465646.0,BVH,income_statement,,,,,,,,,,,,,,,,,,
BVH,2018,3,0.0,7825388955529.0,79693380222.0,-1.0,1731458217486.0,,,,7225109481932.0,,-406104421051.0,-323004870478.0,,0.0,-871590925014.0,-1277695346065.0,-1017759635.0,-20113182981.0,23560379308.0,22542619673.0,134651664182.0,-32714831458.0,-4883508705.0,97053324019.0,17359943797.0,79693380222.0,BVH,income_statement,,,,,,,,,,,,,,,,,,
BVH,2018,2,0.0,7668951270267.0,329301728954.0,-1.0,2671147481360.0,,,,7236076623354.0,,-874013592716.0,-470849806143.0,,0.0,-967445541831.0,-1841459134547.0,18792048507.0,18894129976.0,-29642346321.0,-10850297814.0,388908658696.0,-63183937925.0,9640966285.0,335365687056.0,6063958102.0,329301728954.0,BVH,income_statement,,,,,,,,,,,,,,,,,,
BVH,2018,1,0.0,6801800573563.0,430118043651.0,0.0,2850457413635.0,,,,6438998284840.0,,-1139439173779.0,-407269812994.0,,0.0,-794731910574.0,-1934171084353.0,3991343097.0,16117981945.0,-355904675.0,3635438422.0,540480264726.0,-77186660185.0,-18547118465.0,444746486076.0,14628442425.0,430118043651.0,BVH,income_statement,,,,,,,,,,,,,,,,,,
BVH,2017,4,0.0,7356537373953.0,307136940476.0,0.0,1485447195338.0,,,,7132125529539.0,,19241717775.0,-351037521412.0,,0.0,-843484212235.0,-824242494460.0,2442442012.0,57965924396.0,1816149626.0,4258591638.0,378332524023.0,-65485096113.0,3168382241.0,316015810151.0,8878869675.0,307136940476.0,BVH,income_statement,,,,,,,,,,,,,,,,,,
BVH,2017,3,0.0,6184101391390.0,179014116355.0,0.0,1377290040297.0,,,,5977589684287.0,,-72173348140.0,-376926723635.0,,0.0,-737740868886.0,-809914217026.0,3447519408.0,18706368865.0,-4237719534.0,-790200126.0,227113543999.0,-28493156967.0,-6405247335.0,192215139697.0,13201023342.0,179014116355.0,BVH,income_statement,,,,,,,,,,,,,,,,,,
BVH,2017,2,0.0,6129542381023.0,696325905466.0,1.0,1509973026409.0,,,,5863389679836.0,,494211302738.0,-356118103321.0,,0.0,-849135945274.0,-212212762663.0,6869116429.0,26572229598.0,-579187341.0,6289929088.0,852954938655.0,-150686036953.0,6468052768.0,708736954470.0,12411049004.0,696325905466.0,BVH,income_statement,,,,,,,,,,,,,,,,,,
BVH,2017,1,0.0,5339034915931.0,380484637912.0,0.0,1385981556979.0,,,,5070056108087.0,,105650452997.0,-336714801230.0,,0.0,-717387220634.0,-500934706475.0,11047767330.0,17676167942.0,-1893144597.0,9154622733.0,486332087791.0,-4463168189.0,0.0,393636522592.0,13151884680.0,380484637912.0,BVH,income_statement,,,,,,,,,,,,,,,,,,
BVH,2016,4,0.0,5645663502598.0,262999392841.0,0.0,1188425030031.0,,,,5387948756184.0,,239677263923.0,-293927707821.0,,0.0,-876752308328.0,-493451951595.0,2932399074.0,53317098809.0,-1300902590.0,1631496484.0,326052406737.0,-56526489067.0,4941115762.0,274467033432.0,11467640591.0,262999392841.0,BVH,income_statement,,,,,,,,,,,,,,,,,,
BVH,2016,3,0.0,5055088869872.0,316798068805.0,0.0,1211470966735.0,,,,4882743643315.0,,79984700939.0,-302285138627.0,,0.0,-621509859700.0,-457799402655.0,354886009.0,17582464234.0,-1411079803.0,-1056193794.0,396800701936.0,6458597983.0,0.0,325430835223.0,8632766418.0,316798068805.0,BVH,income_statement,,,,,,,,,,,,,,,,,,
BVH,2016,2,0.0,4896434388958.0,383343591709.0,0.0,1166467697975.0,,,,4679369805499.0,,99500861362.0,-267986578098.0,,0.0,-560049891148.0,-353549943364.0,3823942770.0,23833199118.0,-452492871.0,3371449899.0,476103473237.0,-80935319519.0,2261269290.0,397429423008.0,14085831299.0,383343591709.0,BVH,income_statement,,,,,,,,,,,,,,,,,,
BVH,2016,1,0.0,4278819267710.0,383402861680.0,0.0,1061804200182.0,,,,4027887729180.0,,179856564376.0,-273060077891.0,,0.0,-510351156727.0,-242504860380.0,3223360957.0,5183279762.0,-820071797.0,2403289160.0,480154707154.0,3958571135.0,0.0,392600835527.0,9197973847.0,383402861680.0,BVH,income_statement,,,,,,,,,,,,,,,,,,
BVH,2015,4,0.0,4425942142693.0,203387889241.0,0.0,1034237631176.0,,,,4203231313134.0,,-192224795956.0,-40554455411.0,,0.0,-609953307240.0,-658522092845.0,2217902361.0,41677611104.0,-804840812.0,1413061549.0,251883815146.0,-52949816459.0,14068595672.0,211516918814.0,8129029573.0,203387889241.0,BVH,income_statement,,,,,,,,,,,,,,,,,,
BVH,2015,3,0.0,4130133115268.0,217781976492.0,0.0,895790975951.0,,,,3905193640615.0,,95492854400.0,-263456858909.0,,0.0,-489148325082.0,-302433204479.0,1451398088.0,24430555683.0,-518523248.0,932874840.0,292837181896.0,-61362007319.0,-1163662975.0,228350681291.0,10568704799.0,217781976492.0,BVH,income_statement,,,,,,,,,,,,,,,,,,
BVH,2015,2,0.0,4040686804432.0,348631910365.0,0.0,863378684534.0,,,,3820493236871.0,,271392690979.0,-250664668979.0,,0.0,-458605000463.0,-109209169095.0,2742176412.0,5781728287.0,-4212247745.0,-1470071333.0,452773142819.0,-88593310495.0,-921102794.0,360719523817.0,12087613452.0,348631910365.0,BVH,income_statement,,,,,,,,,,,,,,,,,,
BVH,2015,1,1.0,3607270627679.0,354388167502.0,0.0,1004059173968.0,,,,3393190028818.0,,395569258659.0,-343423557767.0,,0.0,-621052540655.0,-150847203332.0,2608634883.0,4959847627.0,-417705215.0,2190929668.0,457243867706.0,-82634323757.0,-1779487887.0,370670738807.0,16282571305.0,354388167502.0,BVH,income_statement,,,,,,,,,,,,,,,,,,
BVH,2014,4,0.0,3847278904847.0,338828445504.0,0.0,866206918376.0,,,,3533803070261.0,,352754322559.0,65646634640.0,,-183040968862.0,-793432341505.0,-561382635229.0,7771812370.0,90722212849.0,-3528514015.0,4243298355.0,427115496184.0,-70632370363.0,1324723101.0,355864387212.0,17035941708.0,338828445504.0,BVH,income_statement,,,,,,,,,,,,,,,,,,
BVH,2014,3,0.0,3548556490520.0,315563511508.0,0.0,1101383485045.0,,,,3302026808271.0,,345329672352.0,-358800746696.0,,-133029817148.0,-618360257340.0,-337728768542.0,3121297016.0,38209747512.0,-1118135292.0,2003161724.0,395355135048.0,-63269058952.0,-2975400767.0,327339051925.0,11775540417.0,315563511508.0,BVH,income_statement,,,,,,,,,,,,,,,,,,
BVH,2014,2,0.0,3392212607711.0,233331225534.0,0.0,852131843703.0,,,,3174938643073.0,,489104439146.0,-353707273250.0,,-112094241463.0,-678204775348.0,-150385053383.0,2930282251.0,5187068709.0,-634217804.0,2296064447.0,289369074357.0,-56849509989.0,7196473949.0,237836110371.0,4504884837.0,233331225534.0,BVH,income_statement,,,,,,,,,,,,,,,,,,
BVH,2014,1,0.0,2367341546060.0,402631684093.0,0.0,874004223655.0,,,,2022283871202.0,,432955970207.0,-170507891647.0,,-84590042764.0,-664095902554.0,-184469735305.0,1515353152.0,9515180022.0,-192340432.0,1323012720.0,539429957620.0,-101601857618.0,8517791683.0,444390306373.0,41758622280.0,402631684093.0,BVH,income_statement,,,,,,,,,,,,,,,,,,
BVH,2013,4,0.0,3458028417006.0,305473650620.0,0.0,1212857593921.0,,,,2040434732441.0,,304752852249.0,15718829812.0,,-133720305738.0,-755482927633.0,-490994135191.0,10021302822.0,0.0,-841446743.0,9179856079.0,479635597098.0,-122781485317.0,-3350432502.0,351944777811.0,46471127191.0,305473650620.0,BVH,income_statement,,,,,,,,,,,,,,,,,,
BVH,2013,3,0.0,3228274380320.0,280512536732.0,0.0,813919915534.0,,,,2131064876177.0,,446089243865.0,-284485897794.0,,-86542989130.0,-627471126233.0,-122920902385.0,2460572506.0,7523571627.0,-2589603426.0,-129030920.0,421169353855.0,-94900650469.0,-9553517190.0,315086412089.0,34573875357.0,280512536732.0,BVH,income_statement,,,,,,,,,,,,,,,,,,
BVH,2013,2,0.0,2924003367348.0,243552840662.0,0.0,756008634695.0,,,,2194994060685.0,,489903818651.0,-267165290068.0,,-76034958172.0,-661903376929.0,-107070791405.0,1754588423.0,8474732583.0,-197952164.0,1556636259.0,314635109116.0,-67144372164.0,-839783496.0,244731125074.0,1178284412.0,243552840662.0,BVH,income_statement,,,,,,,,,,,,,,,,,,
BVH,2013,1,0.0,2705908316854.0,280681154161.0,0.0,751389991552.0,,,,2011181526200.0,,518813017450.0,-248953662122.0,,-79929502095.0,-657988329221.0,-46276928547.0,853710283.0,8168315877.0,-315849836.0,537860447.0,420128624671.0,-109373727595.0,-802768627.0,308082120200.0,27400966039.0,280681154161.0,BVH,income_statement,,,,,,,,,,,,,,,,,,
GVR,2025,4,0.0,8518896849465.0,1001028183272.0,0.0,335817594429.0,-48454223186.0,8518896849465.0,-13241920079.0,8505654929386.0,-6023205186173.0,2482449743213.0,-81319192888.0,59578598024.0,-154066538052.0,-1228583068557.0,1413877136169.0,396424998433.0,,-403026047294.0,-6601048861.0,1407276087308.0,-289805984220.0,18504603211.0,1135974706299.0,134946523027.0,1001028183272.0,GVR,income_statement,,,,,,,,,,,,,,,,,,
GVR,2025,3,0.0,9296201037269.0,1897263225431.0,1.0,265241346301.0,-58280913113.0,9296201037269.0,-1798359824.0,9294402677445.0,-6646110991457.0,2648291685988.0,-66915806181.0,25746385557.0,-133345231029.0,-579168852287.0,2159849528349.0,574156007738.0,,-115072842086.0,459083165652.0,2618932694001.0,-393619776213.0,-38031532550.0,2187281385238.0,290018159807.0,1897263225431.0,GVR,income_statement,,,,,,,,,,,,,,,,,,
GVR,2025,2,0.0,5891195424631.0,1446811095857.0,1.0,235607202052.0,-66679727043.0,5891195424631.0,-1187814894.0,5890007609737.0,-4081936434211.0,1808071175526.0,-79644829333.0,93669667652.0,-103810893590.0,-530980716891.0,1422911605416.0,591116987699.0,,-61188980242.0,529928007457.0,1952839612873.0,-302772293904.0,-71240501134.0,1578826817835.0,132015721978.0,1446811095857.0,GVR,income_statement,,,,,,,,,,,,,,,,,,
GVR,2025,1,0.0,5681992269243.0,1184647986486.0,1.0,236898888858.0,-69400548964.0,5681992269243.0,-5030532730.0,5676961736513.0,-4039982227934.0,1636979508579.0,-84194141544.0,10698257498.0,-93937970474.0,-420642417847.0,1285802125070.0,363061987228.0,,-84624664789.0,278437322439.0,1564239447509.0,-235276891787.0,26816755324.0,1355779311046.0,171131324560.0,1184647986486.0,GVR,income_statement,,,,,,,,,,,,,,,,,,
GVR,2024,4,0.0,9305951454547.0,1748529121666.0,1.0,269448617904.0,-87067268582.0,9305951454547.0,-17751012015.0,9288200442532.0,-6155538225416.0,3132662217116.0,-128176245825.0,104255138843.0,-189539361387.0,-1018582774495.0,2170067592156.0,515374385110.0,,-288149340142.0,227225044968.0,2397292637124.0,-386958194150.0,110930842596.0,2121265285570.0,372736163904.0,1748529121666.0,GVR,income_statement,,,,,,,,,,,,,,,,,,
GVR,2024,3,0.0,7717064516661.0,943784293874.0,2.0,226341384691.0,-81287573713.0,7717064516661.0,-1290963428.0,7715773553233.0,-6120216246593.0,1595557306640.0,-90611538741.0,4625687111.0,-149742398163.0,-511327965650.0,1074842475888.0,323619551153.0,,-92055256751.0,231564294402.0,1306406770290.0,-240800187573.0,55113764819.0,1120720347536.0,176936053662.0,943784293874.0,GVR,income_statement,,,,,,,,,,,,,,,,,,
GVR,2024,2,0.0,4653667942946.0,820840325114.0,0.0,234405066325.0,-90526866806.0,4653667942946.0,-1063029505.0,4652604913441.0,-3491737411504.0,1160867501937.0,-134915657596.0,59414053400.0,-101739540249.0,-431769766424.0,786261657393.0,416544681170.0,,-78607413080.0,337937268090.0,1124198925483.0,-181480600404.0,-8069543277.0,934648781802.0,113808456688.0,820840325114.0,GVR,income_statement,,,,,,,,,,,,,,,,,,
GVR,2024,1,0.0,4590332818742.0,475562877828.0,0.0,227012695063.0,-94023493348.0,4590332818742.0,-4967613103.0,4585365205639.0,-3509404184202.0,1075961021437.0,-111295000759.0,-6409732518.0,-113258877553.0,-363421903579.0,708588202091.0,122678725833.0,,-52773821657.0,69904904176.0,778493106267.0,-133961665064.0,5500170840.0,650031612043.0,174468734215.0,475562877828.0,GVR,income_statement,,,,,,,,,,,,,,,,,,
GVR,2023,4,0.0,7606796775985.0,1164396441326.0,0.0,351474636629.0,-114630440966.0,7606796775985.0,-15619726151.0,7591177049834.0,-5988029282265.0,1603147767569.0,-131307660080.0,85074962616.0,-217989967254.0,-667488455333.0,1022911284147.0,753365609689.0,,-104451969413.0,648913640276.0,1671824924423.0,-285778100229.0,30139670720.0,1416186494914.0,251790053588.0,1164396441326.0,GVR,income_statement,,,,,,,,,,,,,,,,,,
GVR,2023,3,0.0,6199494449985.0,312834952228.0,-1.0,284534445967.0,-93463305967.0,6199494449985.0,-4170346730.0,6195324103255.0,-4960823962572.0,1234500140683.0,-117057555695.0,-268869885910.0,-158520644698.0,-452076047623.0,522510452724.0,184328233063.0,,-84652323324.0,99675909739.0,622186362463.0,-129484297157.0,907463482.0,493609528788.0,180774576560.0,312834952228.0,GVR,income_statement,,,,,,,,,,,,,,,,,,
GVR,2023,2,0.0,4161201110960.0,558183613131.0,0.0,319053663908.0,-113444877018.0,4161201110960.0,-2981908324.0,4158219202636.0,-3252382538692.0,905836663944.0,-139233847550.0,-6521379034.0,-104714440628.0,-387665267276.0,586755393364.0,345538833117.0,,-50376801577.0,295162031540.0,881917424904.0,-139646722768.0,-37801592813.0,704469109323.0,146285496192.0,558183613131.0,GVR,income_statement,,,,,,,,,,,,,,,,,,
GVR,2023,1,0.0,4142023748446.0,549814288419.0,0.0,231072827584.0,-121115173422.0,4142023748446.0,-6854580947.0,4135169167499.0,-3129291450388.0,1005877717111.0,-142846700070.0,-11140062495.0,-109152371012.0,-362073524376.0,611737886742.0,378139278109.0,,-41997613302.0,336141664807.0,947879551549.0,-145629176857.0,-46567135545.0,755683239147.0,205868950728.0,549814288419.0,GVR,income_statement,,,,,,,,,,,,,,,,,,
GVR,2022,4,0.0,9036882413863.0,911627228169.0,0.0,267533421785.0,-135190692016.0,9036882413863.0,-24102713725.0,9012779700138.0,-7324787264121.0,1687992436017.0,-230959874440.0,128604218270.0,-219507914427.0,-555652948896.0,1078009338309.0,833842761419.0,,-252373844986.0,581468916433.0,1659478254742.0,-370688742166.0,22094675906.0,1310884188482.0,399256960313.0,911627228169.0,GVR,income_statement,,,,,,,,,,,,,,,,,,
GVR,2022,3,0.0,5853642946833.0,835095017470.0,0.0,231814732990.0,-125792619081.0,5853642946833.0,-6465603794.0,5847177343039.0,-4266681857870.0,1580495485169.0,-153519352788.0,47458614237.0,-131585763036.0,-445507383006.0,1129156333566.0,123080055083.0,,-71585147054.0,51494908029.0,1180651241595.0,-159557439210.0,-27237607207.0,993856195178.0,158761177708.0,835095017470.0,GVR,income_statement,,,,,,,,,,,,,,,,,,
GVR,2022,2,0.0,5577098387609.0,1017118249950.0,0.0,238723156130.0,-114189185275.0,5577098387609.0,-15352689966.0,5561745697643.0,-4090895607642.0,1470850090001.0,-169129656932.0,69804078439.0,-128243760539.0,-400251485039.0,1081752422060.0,371360995101.0,,-55314825690.0,316046169411.0,1397798591471.0,-229888750576.0,9642040593.0,1177551881488.0,160433631538.0,1017118249950.0,GVR,income_statement,,,,,,,,,,,,,,,,,,
GVR,2022,1,0.0,4904892296352.0,1055094302936.0,0.0,178205420457.0,-126126544553.0,4904892296352.0,-11396181001.0,4893496115351.0,-3423294894497.0,1470201220854.0,-145263525945.0,52812359809.0,-113335568582.0,-345319078963.0,1097300827630.0,450733668271.0,,-48759314329.0,401974353942.0,1499275181572.0,-194988025568.0,11309783383.0,1315596939387.0,260502636451.0,1055094302936.0,GVR,income_statement,,,,,,,,,,,,,,,,,,
GVR,2021,4,0.0,9678063314211.0,1437516575306.0,0.0,264161298537.0,-149982084060.0,9678063314211.0,-22203725728.0,9655859588483.0,-7091410915286.0,2564448673197.0,-225410616240.0,51309348929.0,-192881557496.0,-462476619558.0,1999150527369.0,590452602219.0,,-491497271396.0,98955330823.0,2098105858192.0,-368409127784.0,56952330419.0,1786649060827.0,349132485521.0,1437516575306.0,GVR,income_statement,,,,,,,,,,,,,,,,,,
GVR,2021,3,0.0,6160837535669.0,1240537299054.0,0.0,175462631625.0,-147071860353.0,6160837535669.0,-9793316372.0,6151044219297.0,-4061708499728.0,2089335719569.0,-176023070976.0,30166426046.0,-116240605132.0,-421390700946.0,1581310400186.0,130995783566.0,,-42343368457.0,88652415109.0,1669962815295.0,-175465028038.0,38985586667.0,1533483373924.0,292946074870.0,1240537299054.0,GVR,income_statement,,,,,,,,,,,,,,,,,,
GVR,2021,2,1.0,5696229756147.0,759864697255.0,1.0,186296914396.0,-137984451533.0,5696229756147.0,-2373108647.0,5693856647500.0,-4046675631316.0,1647181016184.0,-251534117243.0,85581012187.0,-106698177164.0,-572688169111.0,988138479249.0,314620177715.0,,-38287471832.0,276332705883.0,1264471185132.0,-186537345864.0,-11941462469.0,1065992376799.0,306127679544.0,759864697255.0,GVR,income_statement,,,,,,,,,,,,,,,,,,
GVR,2021,1,1.0,4854675960019.0,817931255109.0,3.0,186493312156.0,-147115291428.0,4854675960019.0,-5029040743.0,4849646919276.0,-3453444417865.0,1396202501411.0,-46942365300.0,114774094991.0,-94345889159.0,-309551664395.0,1246629989704.0,117222504860.0,,-59875392562.0,57347112298.0,1303977102002.0,-137326346889.0,49589316085.0,1216240071198.0,398308816089.0,817931255109.0,GVR,income_statement,,,,,,,,,,,,,,,,,,
GVR,2020,4,0.0,9063293635676.0,2667672106086.0,1.0,1634637418240.0,-262816256119.0,9063293635676.0,-8882673546.0,9054410962130.0,-6684033305103.0,2370377657027.0,-482673836108.0,98498056935.0,-180388607498.0,-680506993991.0,2759943694605.0,1150401650629.0,,-257752426003.0,892649224626.0,3652592919231.0,-520576313220.0,65256609066.0,3197273215077.0,529601108991.0,2667672106086.0,GVR,income_statement,,,,,,,,,,,,,,,,,,
GVR,2020,3,0.0,6168018253375.0,982616408910.0,0.0,924322145643.0,-191494522550.0,6168018253375.0,-3835912583.0,6164182340792.0,-4913699876937.0,1250482463855.0,-340319825941.0,42799648545.0,-135753963067.0,-363331677019.0,1378198792016.0,115865302122.0,,-30991173610.0,84874128512.0,1463072920528.0,-293033128841.0,21304014732.0,1191343806419.0,208727397509.0,982616408910.0,GVR,income_statement,,,,,,,,,,,,,,,,,,
GVR,2020,2,0.0,3212212463678.0,402350356706.0,0.0,207924103705.0,-142470146433.0,3212212463678.0,-4305928433.0,3207906535245.0,-2535209976028.0,672696559217.0,-194999418146.0,110397560915.0,-63022644634.0,-281887216653.0,451108944404.0,158855432752.0,,-42026813449.0,116828619303.0,567937563707.0,-172445947218.0,109571035309.0,505062651798.0,102712295092.0,402350356706.0,GVR,income_statement,,,,,,,,,,,,,,,,,,
GVR,2020,1,0.0,2752481844194.0,226189777980.0,0.0,239897945433.0,-154519031067.0,2752481844194.0,-7886416626.0,2744595427568.0,-2231783161685.0,512812265883.0,-152128522572.0,69622223355.0,-62657282630.0,-257539485349.0,350007144120.0,70861949465.0,,-18650769165.0,52211180300.0,402218324420.0,-125537872582.0,59854977711.0,336535429549.0,110345651569.0,226189777980.0,GVR,income_statement,,,,,,,,,,,,,,,,,,
GVR,2019,4,0.0,7131788790943.0,1462732685638.0,0.0,261322422859.0,-193818998376.0,7131788790943.0,-6710899719.0,7125077891224.0,-5266669335986.0,1858408555238.0,-230754215135.0,75694887137.0,-137773992086.0,-580544719011.0,1246352939002.0,905904865886.0,,-167361839525.0,738543026361.0,1984895965363.0,-339928925254.0,36960361175.0,1681927401284.0,219194715646.0,1462732685638.0,GVR,income_statement,,,,,,,,,,,,,,,,,,
GVR,2019,3,0.0,5336614600534.0,980399375748.0,1.0,147059657977.0,-147316452051.0,5336614600534.0,-2600605962.0,5334013994572.0,-3941851574727.0,1392162419845.0,-186865575737.0,102873701969.0,-117534180865.0,-391357922899.0,946338100290.0,523513325167.0,,-53104420018.0,470408905149.0,1416747005439.0,-242717637416.0,45447194237.0,1219476562260.0,239077186512.0,980399375748.0,GVR,income_statement,,,,,,,,,,,,,,,,,,
GVR,2019,2,0.0,4202230400107.0,664906696812.0,0.0,220482455065.0,-159279385124.0,4202230400107.0,-2139719262.0,4200090680845.0,-3411447780052.0,788642900793.0,-181059691564.0,134659210008.0,-92726807558.0,-352669428552.0,517328638192.0,405674843373.0,,-26616570246.0,379058273127.0,896386911319.0,-169787520895.0,48077435995.0,774676826419.0,109770129607.0,664906696812.0,GVR,income_statement,,,,,,,,,,,,,,,,,,
GVR,2019,1,0.0,3416222217281.0,209004912384.0,0.0,101589792578.0,-130116801415.0,3416222217281.0,-2190811789.0,3414031405492.0,-2781237828788.0,632793576704.0,-135482264546.0,44893729602.0,-80234869457.0,-283463951900.0,280096012981.0,143710778190.0,,-14614012144.0,129096766046.0,409192779027.0,-108732128581.0,14373727689.0,314834378135.0,105829465751.0,209004912384.0,GVR,income_statement,,,,,,,,,,,,,,,,,,
GVR,2018,4,0.0,7812961364518.0,1464310626142.0,0.0,334252610523.0,-232463549322.0,7812961364518.0,-7456375476.0,7805504989042.0,-6008254130527.0,1797250858515.0,-417680411531.0,67356480193.0,-180235133604.0,-561519025085.0,1039425379011.0,1402607815512.0,,-82796084463.0,1319811731049.0,2359237110060.0,-514297023953.0,18549515573.0,1863489601680.0,399178975538.0,1464310626142.0,GVR,income_statement,,,,,,,,,,,,,,,,,,
GVR,2018,3,0.0,4850815747566.0,456057090941.0,0.0,170978115909.0,-138939933017.0,4850815747566.0,-3541846177.0,4847273901389.0,-3879465727083.0,967808174306.0,-186338530770.0,62093508468.0,-115392946229.0,-317469585940.0,581678735744.0,56833944891.0,,-22595708097.0,34238236794.0,615916972538.0,-114971114604.0,-12452827406.0,488493030528.0,32435939587.0,456057090941.0,GVR,income_statement,,,,,,,,,,,,,,,,,,
KDH,2025,4,0.0,1817431551000.0,495954642000.0,0.0,11666709000.0,0.0,1817431551000.0,-1095395000.0,1816336156000.0,-526743646000.0,1289592510000.0,-75431345000.0,0.0,-211935272000.0,-56271929000.0,957620673000.0,30563772000.0,0.0,-4929140000.0,25634632000.0,983255305000.0,-136458822000.0,-53778080000.0,793018403000.0,297063761000.0,495954642000.0,KDH,income_statement,,,,,,,,,,,,,,,,,,
KDH,2025,3,3.0,1098456779000.0,235764953000.0,2.0,4923399000.0,0.0,1098456779000.0,-212585000.0,1098244194000.0,-322522722000.0,775721472000.0,-2689879000.0,0.0,-71469875000.0,-47714856000.0,658770261000.0,8711150000.0,0.0,-13946275000.0,-5235125000.0,653535136000.0,-79778417000.0,-47853194000.0,525903525000.0,290138572000.0,235764953000.0,KDH,income_statement,,,,,,,,,,,,,,,,,,
KDH,2025,2,1.0,1054368668000.0,199034675000.0,0.0,4186428000.0,0.0,1054368668000.0,-5042135000.0,1049326533000.0,-645575829000.0,403750704000.0,-53925261000.0,0.0,-54885320000.0,-56529944000.0,242596607000.0,17507002000.0,0.0,-14708371000.0,2798631000.0,245395238000.0,-58305117000.0,9186236000.0,196276357000.0,-2758318000.0,199034675000.0,KDH,income_statement,,,,,,,,,,,,,,,,,,
KDH,2025,1,1.0,716284342000.0,121945223000.0,1.0,19643193000.0,0.0,716284342000.0,-6398880000.0,709885462000.0,-403198348000.0,306687114000.0,-47827900000.0,0.0,-62529336000.0,-54417825000.0,161555246000.0,8737639000.0,0.0,-13732013000.0,-4994374000.0,156560872000.0,-37606782000.0,-285952000.0,118668138000.0,-3277085000.0,121945223000.0,KDH,income_statement,,,,,,,,,,,,,,,,,,
KDH,2024,4,3.0,2063207318000.0,398166974000.0,5.0,8252009000.0,0.0,2063207318000.0,-15677790000.0,2047529528000.0,-1139869658000.0,907659870000.0,-170816878000.0,0.0,-162938662000.0,-68189403000.0,513966936000.0,6771225000.0,0.0,-15954999000.0,-9183774000.0,504783162000.0,-111318779000.0,-300445000.0,393163938000.0,-5003036000.0,398166974000.0,KDH,income_statement,,,,,,,,,,,,,,,,,,
KDH,2024,3,-1.0,252802130000.0,70356430000.0,-1.0,7405238000.0,0.0,252802130000.0,-246351000.0,252555779000.0,-94741409000.0,157814370000.0,-12604801000.0,0.0,-17696964000.0,-49446259000.0,85471584000.0,10658532000.0,0.0,-22126048000.0,-11467516000.0,74004068000.0,-40188907000.0,32542750000.0,66357911000.0,-3998519000.0,70356430000.0,KDH,income_statement,,,,,,,,,,,,,,,,,,
KDH,2024,2,0.0,645159733000.0,278529283000.0,0.0,10499310000.0,0.0,645159733000.0,-621512000.0,644538221000.0,-144641514000.0,499896707000.0,-11442199000.0,0.0,-31013647000.0,-46124277000.0,421815894000.0,14710480000.0,0.0,-65924237000.0,-51213757000.0,370602137000.0,-90055812000.0,-385409000.0,280160916000.0,1631633000.0,278529283000.0,KDH,income_statement,,,,,,,,,,,,,,,,,,
KDH,2024,1,0.0,333960678000.0,63360867000.0,-1.0,12032643000.0,0.0,333960678000.0,0.0,333960678000.0,-159784308000.0,174176370000.0,-21157850000.0,0.0,-11034897000.0,-45423897000.0,108592369000.0,9375688000.0,0.0,-16308708000.0,-6933020000.0,101659349000.0,-31532441000.0,-6170616000.0,63956292000.0,595425000.0,63360867000.0,KDH,income_statement,,,,,,,,,,,,,,,,,,
KDH,2023,4,-1.0,470107034000.0,62177537000.0,0.0,16199856000.0,0.0,470107034000.0,-624862000.0,469482172000.0,-177854947000.0,291627225000.0,-55957801000.0,0.0,-58839853000.0,-52978903000.0,140050524000.0,32523665000.0,0.0,-56726873000.0,-24203208000.0,115847316000.0,-45512656000.0,-6949099000.0,63385561000.0,1208024000.0,62177537000.0,KDH,income_statement,,,,,,,,,,,,,,,,,,
KDH,2023,3,0.0,616403014000.0,207524988000.0,0.0,13041338000.0,0.0,616403014000.0,0.0,616403014000.0,-183710162000.0,432692852000.0,-67938329000.0,0.0,-72742993000.0,-47658955000.0,257393913000.0,12594875000.0,0.0,-14416367000.0,-1821492000.0,255572421000.0,-68309382000.0,22831832000.0,210094871000.0,2569883000.0,207524988000.0,KDH,income_statement,,,,,,,,,,,,,,,,,,
KDH,2023,2,0.0,589115500000.0,246939804000.0,0.0,7673361000.0,-767304000.0,589115500000.0,-6812774000.0,582302726000.0,-65923401000.0,516379325000.0,-18080063000.0,0.0,-19366912000.0,-48838022000.0,437767689000.0,9107101000.0,0.0,-33912127000.0,-24805026000.0,412962663000.0,-633866743000.0,476892613000.0,255988533000.0,9048729000.0,246939804000.0,KDH,income_statement,,,,,,,,,,,,,,,,,,
KDH,2023,1,2.0,425869365000.0,200251815000.0,0.0,12752903000.0,-687860000.0,425869365000.0,-563366000.0,425305999000.0,-93424241000.0,331881758000.0,-1372716000.0,0.0,-12148705000.0,-56468175000.0,274645065000.0,19385036000.0,0.0,-7035973000.0,12349063000.0,286994128000.0,-75969982000.0,-9958439000.0,201065707000.0,813892000.0,200251815000.0,KDH,income_statement,,,,,,,,,,,,,,,,,,
KDH,2022,4,1.0,1292869192000.0,118864183000.0,-1.0,9257193000.0,0.0,1292869192000.0,-58790426000.0,1234078766000.0,-935897868000.0,298180898000.0,-29246779000.0,0.0,-42125697000.0,-57545180000.0,178520435000.0,12865947000.0,0.0,-11451899000.0,1414048000.0,179934483000.0,-96129749000.0,26898462000.0,110703196000.0,-8160987000.0,118864183000.0,KDH,income_statement,,,,,,,,,,,,,,,,,,
KDH,2022,3,0.0,805489958000.0,351622731000.0,0.0,414121000.0,0.0,805489958000.0,-2831393000.0,802658565000.0,-293168212000.0,509490353000.0,-49255303000.0,0.0,-42792669000.0,-51112527000.0,366743975000.0,147331354000.0,0.0,-31116282000.0,116215072000.0,482959047000.0,-122441001000.0,-15722711000.0,344795335000.0,-6827396000.0,351622731000.0,KDH,income_statement,,,,,,,,,,,,,,,,,,
KDH,2022,2,0.0,732500131000.0,332180616000.0,0.0,5557576000.0,1186027000.0,732500131000.0,0.0,732500131000.0,-234593047000.0,497907084000.0,-123982000.0,0.0,-4752904000.0,-52439763000.0,446148011000.0,-13564785000.0,0.0,3039468000.0,-10525317000.0,435622694000.0,-115214707000.0,5544466000.0,325952453000.0,-6228163000.0,332180616000.0,KDH,income_statement,,,,,,,,,,,,,,,,,,
KDH,2022,1,-1.0,142725740000.0,299494471000.0,0.0,2485108000.0,-1186027000.0,142725740000.0,0.0,142725740000.0,-65302197000.0,77423543000.0,-2956585000.0,0.0,-13742759000.0,-58490208000.0,4719099000.0,343902252000.0,0.0,-38790554000.0,305111698000.0,309830797000.0,-12345144000.0,2319320000.0,299804973000.0,310502000.0,299494471000.0,KDH,income_statement,,,,,,,,,,,,,,,,,,
KDH,2021,4,-1.0,597836861000.0,414293275000.0,0.0,7255459000.0,-285372000.0,597836861000.0,-7823833000.0,590013028000.0,-105255696000.0,484757332000.0,-5437718000.0,0.0,-112110197000.0,-48646256000.0,325818620000.0,227932945000.0,0.0,-20923081000.0,207009864000.0,532828484000.0,-63200010000.0,-55105168000.0,414523306000.0,230031000.0,414293275000.0,KDH,income_statement,,,,,,,,,,,,,,,,,,
KDH,2021,3,0.0,1199264054000.0,316574003000.0,0.0,1407551000.0,0.0,1199264054000.0,0.0,1199264054000.0,-722057891000.0,477206163000.0,-26918920000.0,0.0,-7762176000.0,-37623496000.0,406309122000.0,3807827000.0,0.0,-9603817000.0,-5795990000.0,400513132000.0,-84369822000.0,537244000.0,316680554000.0,106551000.0,316574003000.0,KDH,income_statement,,,,,,,,,,,,,,,,,,
KDH,2021,2,0.0,1094995671000.0,266415424000.0,0.0,6131643000.0,-13875243000.0,1094995671000.0,16997968000.0,1111993639000.0,-639867696000.0,472125943000.0,-23194633000.0,0.0,-60726208000.0,-45780361000.0,348556384000.0,19831771000.0,0.0,-30142972000.0,-10311201000.0,338245183000.0,-77628239000.0,5883866000.0,266500810000.0,85386000.0,266415424000.0,KDH,income_statement,,,,,,,,,,,,,,,,,,
KDH,2021,1,0.0,873772240000.0,205148685000.0,0.0,5179023000.0,-1704492000.0,873772240000.0,-37293347000.0,836478893000.0,-478240883000.0,358238010000.0,-16812225000.0,0.0,-20468504000.0,-50892578000.0,275243726000.0,12158867000.0,0.0,-19147949000.0,-6989082000.0,268254644000.0,-68072086000.0,6513447000.0,206696005000.0,1547320000.0,205148685000.0,KDH,income_statement,,,,,,,,,,,,,,,,,,
KDH,2020,4,0.0,1310133627000.0,382576223000.0,0.0,9814296000.0,0.0,1310133627000.0,-19101125000.0,1291032502000.0,-623176763000.0,667855739000.0,-17602845000.0,0.0,-136029810000.0,-47070892000.0,476966488000.0,12769364000.0,0.0,-29524788000.0,-16755424000.0,460211064000.0,-89086117000.0,11974786000.0,383099733000.0,523510000.0,382576223000.0,KDH,income_statement,,,,,,,,,,,,,,,,,,
KDH,2020,3,2.0,1759848681000.0,361557790000.0,0.0,14814242000.0,0.0,1759848681000.0,-4730420000.0,1755118261000.0,-1211037414000.0,544080847000.0,-21940108000.0,0.0,-26871147000.0,-33442577000.0,476641257000.0,8751262000.0,0.0,-15756202000.0,-7004940000.0,469636317000.0,-110702479000.0,3185175000.0,362119013000.0,561223000.0,361557790000.0,KDH,income_statement,,,,,,,,,,,,,,,,,,
KDH,2020,2,1.0,821716552000.0,253796459000.0,1.0,5552809000.0,0.0,821716552000.0,-36874662000.0,784841890000.0,-368233599000.0,416608291000.0,-18619224000.0,0.0,-34680984000.0,-40547430000.0,328313462000.0,7931295000.0,0.0,-13066936000.0,-5135641000.0,323177821000.0,-68241447000.0,-782693000.0,254153681000.0,357222000.0,253796459000.0,KDH,income_statement,,,,,,,,,,,,,,,,,,
KDH,2020,1,0.0,710492672000.0,154483044000.0,1.0,4790893000.0,0.0,710492672000.0,-9416806000.0,701075866000.0,-365948815000.0,335127051000.0,-26515987000.0,0.0,-49413271000.0,-48314057000.0,215674629000.0,3306542000.0,0.0,-14234084000.0,-10927542000.0,204747087000.0,-53882668000.0,3887123000.0,154751542000.0,268498000.0,154483044000.0,KDH,income_statement,,,,,,,,,,,,,,,,,,
KDH,2019,4,0.0,953705640000.0,404859313000.0,0.0,6790005000.0,0.0,953705640000.0,-1316573000.0,952389067000.0,-367321847000.0,585067220000.0,-241382000.0,0.0,-36209974000.0,-37015199000.0,518390670000.0,4780263000.0,0.0,0.0,4780263000.0,523170933000.0,-120278949000.0,2564576000.0,405456560000.0,597247000.0,404859313000.0,KDH,income_statement,,,,,,,,,,,,,,,,,,
KDH,2019,3,0.0,611570585000.0,295743348000.0,1.0,13673273000.0,-3077002000.0,611570585000.0,-351326000.0,611219259000.0,-193609369000.0,417609890000.0,-7934718000.0,0.0,-8310805000.0,-36664173000.0,378373467000.0,12551925000.0,0.0,-20040810000.0,-7488885000.0,370884582000.0,-79252958000.0,4785213000.0,296416837000.0,673489000.0,295743348000.0,KDH,income_statement,,,,,,,,,,,,,,,,,,
KDH,2019,2,0.0,408618689000.0,112477452000.0,0.0,12431322000.0,-105985000.0,408618689000.0,-255354000.0,408363335000.0,-173326843000.0,235036492000.0,-15658223000.0,0.0,-25883053000.0,-40917052000.0,165009486000.0,7839787000.0,0.0,-23524933000.0,-15685146000.0,149324340000.0,-38171528000.0,1546731000.0,112699543000.0,222091000.0,112477452000.0,KDH,income_statement,,,,,,,,,,,,,,,,,,
KDH,2019,1,1.0,841381767000.0,102240351000.0,0.0,8698865000.0,-7511718000.0,841381767000.0,0.0,841381767000.0,-577727490000.0,263654277000.0,-18187017000.0,0.0,-44235725000.0,-49197732000.0,160732668000.0,7863648000.0,0.0,-21345620000.0,-13481972000.0,147250696000.0,-43050809000.0,-1820424000.0,102379463000.0,139112000.0,102240351000.0,KDH,income_statement,,,,,,,,,,,,,,,,,,
KDH,2018,4,1.0,1581292108000.0,404980888000.0,2.0,5815278000.0,-14434311000.0,1581292108000.0,-1392066000.0,1579900042000.0,-897309925000.0,682590117000.0,-47240750000.0,0.0,-45182129000.0,-40682321000.0,555300195000.0,20548157000.0,0.0,-31204692000.0,-10656535000.0,544643660000.0,-123707941000.0,-15654903000.0,405280816000.0,299928000.0,404980888000.0,KDH,income_statement,,,,,,,,,,,,,,,,,,
KDH,2018,3,0.0,408206691000.0,167978966000.0,0.0,43473810000.0,-8670459000.0,408206691000.0,-102696000.0,408103995000.0,-168874315000.0,239229680000.0,-10965742000.0,0.0,-7438180000.0,-33216272000.0,231083296000.0,6650297000.0,0.0,-13001931000.0,-6351634000.0,224731662000.0,-55169128000.0,-961004000.0,168601530000.0,622564000.0,167978966000.0,KDH,income_statement,,,,,,,,,,,,,,,,,,
KDH,2018,2,-1.0,517237231000.0,130222400000.0,0.0,147889321000.0,-6239815000.0,517237231000.0,555571000.0,517792802000.0,-377520378000.0,140272424000.0,-34702651000.0,0.0,-28234492000.0,-43044413000.0,182180189000.0,5952413000.0,0.0,-7080603000.0,-1128190000.0,181051999000.0,-63379965000.0,12299669000.0,129971703000.0,-250697000.0,130222400000.0,KDH,income_statement,,,,,,,,,,,,,,,,,,
KDH,2018,1,0.0,413290505000.0,105756655000.0,0.0,20891800000.0,-10183927000.0,413290505000.0,-2491921000.0,410798584000.0,-227742971000.0,183055613000.0,-15578212000.0,3999719000.0,-17779531000.0,-40261852000.0,134327537000.0,3788099000.0,0.0,-7109875000.0,-3321776000.0,131005761000.0,-22501787000.0,-1985652000.0,106518322000.0,761667000.0,105756655000.0,KDH,income_statement,,,,,,,,,,,,,,,,,,
KDH,2017,4,-1.0,860146827000.0,133460196000.0,0.0,21910331000.0,-925397000.0,860146827000.0,-389861000.0,859756966000.0,-588771863000.0,270985103000.0,-29773435000.0,3423595000.0,-3272261000.0,-26061343000.0,237211990000.0,7980901000.0,0.0,-9666658000.0,-1685757000.0,235526233000.0,-89034401000.0,2786043000.0,149277875000.0,15817679000.0,133460196000.0,KDH,income_statement,,,,,,,,,,,,,,,,,,
KDH,2017,3,0.0,469482949000.0,140014914000.0,1.0,9538217000.0,-4972206000.0,469482949000.0,-568582000.0,468914367000.0,-256294707000.0,212619660000.0,-13452988000.0,4324278000.0,-6636394000.0,-27527460000.0,178865313000.0,3909821000.0,0.0,-7709580000.0,-3799759000.0,175065554000.0,-8580832000.0,-3347340000.0,163137382000.0,23122468000.0,140014914000.0,KDH,income_statement,,,,,,,,,,,,,,,,,,
KDH,2017,2,1.0,1316287439000.0,123525096000.0,0.0,4253453000.0,-12430378000.0,1316287439000.0,-2122046000.0,1314165393000.0,-972757829000.0,341407564000.0,-37794415000.0,-225035000.0,-63644428000.0,-28987735000.0,215009404000.0,4389230000.0,0.0,-13741924000.0,-9352694000.0,205656710000.0,-79582581000.0,6679176000.0,132753305000.0,9228209000.0,123525096000.0,KDH,income_statement,,,,,,,,,,,,,,,,,,
KDH,2017,1,0.0,643513972000.0,110104146000.0,0.0,37865785000.0,-1718743000.0,643513972000.0,-2322002000.0,641191970000.0,-402500538000.0,238691432000.0,-42419231000.0,791216000.0,-45506249000.0,-38347071000.0,151075882000.0,3283475000.0,0.0,-4671813000.0,-1388338000.0,149687544000.0,-31332210000.0,525177000.0,118880511000.0,8776365000.0,110104146000.0,KDH,income_statement,,,,,,,,,,,,,,,,,,
KDH,2016,4,6.0,2189271531000.0,107052906000.0,0.0,11929109000.0,-30259666000.0,2189271531000.0,0.0,2189271531000.0,-1867790788000.0,321480743000.0,-51575504000.0,3474085000.0,-71764015000.0,-34072120000.0,179472298000.0,5486155000.0,0.0,-20108869000.0,-14622714000.0,164849584000.0,-39255827000.0,-496510000.0,125097247000.0,18044341000.0,107052906000.0,KDH,income_statement,,,,,,,,,,,,,,,,,,
KDH,2016,3,1.0,417816769000.0,70397877000.0,0.0,1500472000.0,-7365068000.0,417816769000.0,-7179852000.0,410636917000.0,-230099436000.0,180537481000.0,-23011111000.0,-1137352000.0,-41082371000.0,-27445928000.0,89361191000.0,3332494000.0,0.0,-3531223000.0,-198729000.0,89162462000.0,-31483102000.0,-1469698000.0,56209662000.0,-14188215000.0,70397877000.0,KDH,income_statement,,,,,,,,,,,,,,,,,,
KDH,2016,2,1.0,682046487000.0,106959088000.0,1.0,1120569000.0,-3891104000.0,682046487000.0,382290000.0,682428777000.0,-434378113000.0,248050664000.0,-34988454000.0,1297175000.0,-33339665000.0,-26244704000.0,155895585000.0,2829735000.0,0.0,-4717500000.0,-1887765000.0,154007820000.0,-68621757000.0,28401275000.0,113787338000.0,6828250000.0,106959088000.0,KDH,income_statement,,,,,,,,,,,,,,,,,,
KDH,2016,1,2.0,569556107000.0,93600149000.0,1.0,5570241000.0,-5097734000.0,569556107000.0,-467251000.0,569088856000.0,-346076792000.0,223012064000.0,-36885786000.0,7090726000.0,-26730575000.0,-30267216000.0,141789454000.0,2146770000.0,0.0,-8012508000.0,-5865738000.0,135923716000.0,-14285924000.0,-24148153000.0,97489639000.0,3889490000.0,93600149000.0,KDH,income_statement,,,,,,,,,,,,,,,,,,
KDH,2015,4,0.0,334590491000.0,89474184000.0,2.0,31612320000.0,-125490000.0,334590491000.0,0.0,334590491000.0,-199464765000.0,135125726000.0,-32126136000.0,17268995000.0,-39437273000.0,-42069720000.0,70373912000.0,53730581000.0,0.0,-14457772000.0,39272809000.0,109646721000.0,-1302233000.0,-216992000.0,108127496000.0,18653312000.0,89474184000.0,KDH,income_statement,,,,,,,,,,,,,,,,,,
KDH,2015,3,1.0,255192142000.0,70490699000.0,1.0,2711516000.0,-1457035000.0,255192142000.0,0.0,255192142000.0,-198259310000.0,56932832000.0,-3839707000.0,0.0,-1320948000.0,-12619794000.0,41863899000.0,46673815000.0,0.0,-5982500000.0,40691315000.0,82555214000.0,-12438997000.0,-168669000.0,69947548000.0,-543151000.0,70490699000.0,KDH,income_statement,,,,,,,,,,,,,,,,,,
KDH,2015,2,45.0,302522878000.0,49230262000.0,1.0,4873412000.0,-1230089000.0,302522878000.0,-1979159000.0,300543719000.0,-206126075000.0,94417644000.0,-11386801000.0,0.0,-11639613000.0,-10736127000.0,65528515000.0,452784000.0,0.0,-743457000.0,-290673000.0,65237842000.0,-15166721000.0,-2744766000.0,47326355000.0,-1903907000.0,49230262000.0,KDH,income_statement,,,,,,,,,,,,,,,,,,
KDH,2015,1,1.0,179436082000.0,52310004000.0,4.0,35191504000.0,-2563456000.0,179436082000.0,0.0,179436082000.0,-123246331000.0,56189751000.0,-8266765000.0,0.0,-9584307000.0,-11661191000.0,61868992000.0,596193000.0,0.0,-72600000.0,523593000.0,62392585000.0,-11531340000.0,280538000.0,51141783000.0,-1168221000.0,52310004000.0,KDH,income_statement,,,,,,,,,,,,,,,,,,
KDH,2014,4,8.0,422786978000.0,31030394000.0,4.0,1136240000.0,-19869404000.0,422786978000.0,-5461309000.0,417325669000.0,-353121843000.0,64203826000.0,-24592584000.0,0.0,-22016540000.0,-9840061000.0,8890881000.0,529486000.0,-9538000.0,-64306000.0,465180000.0,9346523000.0,-389812000.0,-7233658000.0,1723053000.0,-29307341000.0,31030394000.0,KDH,income_statement,,,,,,,,,,,,,,,,,,
KDH,2014,3,2.0,112660036000.0,30497562000.0,1.0,49166166000.0,-5659958000.0,112660036000.0,0.0,112660036000.0,-108674635000.0,3985401000.0,-5659958000.0,0.0,-2451570000.0,-9247243000.0,35792796000.0,105332000.0,-894000.0,-49962000.0,55370000.0,35847272000.0,-15068809000.0,-265793000.0,20512670000.0,-9984892000.0,30497562000.0,KDH,income_statement,,,,,,,,,,,,,,,,,,
KDH,2014,2,-1.0,6538909000.0,30292391000.0,2.0,79468248000.0,-5650563000.0,6538909000.0,-4289823000.0,2249086000.0,-8939215000.0,-6690129000.0,-13381782000.0,0.0,-2417875000.0,-9019544000.0,47958918000.0,159741000.0,-5065401000.0,-196480000.0,-36739000.0,42856778000.0,-3891095000.0,-8644575000.0,30321108000.0,28717000.0,30292391000.0,KDH,income_statement,,,,,,,,,,,,,,,,,,
KDH,2014,1,-1.0,79555324000.0,10288767000.0,0.0,858524000.0,-6019827000.0,79555324000.0,0.0,79555324000.0,-50300406000.0,29254918000.0,-6019827000.0,0.0,-732883000.0,-7109209000.0,16251523000.0,0.0,583550000.0,0.0,0.0,16835073000.0,0.0,-6580374000.0,10254699000.0,-34068000.0,10288767000.0,KDH,income_statement,,,,,,,,,,,,,,,,,,
KDH,2013,4,0.0,46022209000.0,-12123273000.0,0.0,7120579000.0,-3788671000.0,46022209000.0,-30322137000.0,15700072000.0,-17988232000.0,-2288160000.0,9367854000.0,0.0,391219000.0,-17746522000.0,-3155030000.0,-704533000.0,-2631544000.0,710905000.0,6372000.0,-5780202000.0,663332000.0,4461966000.0,-654904000.0,11468369000.0,-12123273000.0,KDH,income_statement,,,,,,,,,,,,,,,,,,
KDH,2013,3,0.0,36372220000.0,-91064584000.0,0.0,1937970000.0,-24435009000.0,36372220000.0,-8209869000.0,28162351000.0,-32474979000.0,-4312628000.0,-110668416000.0,0.0,-876207000.0,1656954000.0,-112262327000.0,907919000.0,-1370244000.0,-960977000.0,-53058000.0,-113685629000.0,0.0,21498108000.0,-92187521000.0,-1122937000.0,-91064584000.0,KDH,income_statement,,,,,,,,,,,,,,,,,,
KDH,2013,2,0.0,16179513000.0,-56556573000.0,0.0,2421795000.0,-1018143000.0,16179513000.0,-68363412000.0,-52183899000.0,-4760007000.0,-56943906000.0,-13391605000.0,0.0,562408000.0,-7130955000.0,-74482263000.0,5312518000.0,-3805048000.0,-83777000.0,5228741000.0,-73058570000.0,568417000.0,13374163000.0,-59115990000.0,-2559417000.0,-56556573000.0,KDH,income_statement,,,,,,,,,,,,,,,,,,
KDH,2013,1,0.0,209571435000.0,8541758000.0,0.0,1349145000.0,-13436687000.0,209571435000.0,-88756752000.0,120814683000.0,-78992470000.0,41822213000.0,-13436687000.0,0.0,-3131979000.0,-23489851000.0,3112841000.0,308256000.0,-894000.0,-432886000.0,-124630000.0,2987317000.0,-1231749000.0,-1135407000.0,620161000.0,-7921597000.0,8541758000.0,KDH,income_statement,,,,,,,,,,,,,,,,,,
NVL,2025,4,-1.0,1567447287826.0,3182393017501.0,2.0,1704467835211.0,-42414734009.0,1567447287826.0,-9514138.0,1567437773688.0,1015177327509.0,2582615101197.0,-562255533573.0,12239568682.0,-239071608573.0,-354890167766.0,3143105195178.0,1626954262209.0,,-736404254396.0,890550007813.0,4033655202991.0,197067417394.0,-592513736684.0,3638208883701.0,455815866200.0,3182393017501.0,NVL,income_statement,,,,,,,,,,,,,,,,,,
NVL,2025,3,0.0,1683601162966.0,-878216892727.0,-1.0,455978704466.0,-31627274551.0,1683601162966.0,-470738091.0,1683130424875.0,-1097077819166.0,586052605709.0,-1448617053052.0,3466010936.0,-126239113969.0,-309978774154.0,-839337620064.0,192567436458.0,,-135424797252.0,57142639206.0,-782194980858.0,-151305463537.0,-219738519704.0,-1153238964099.0,-275022071372.0,-878216892727.0,NVL,income_statement,,,,,,,,,,,,,,,,,,
NVL,2025,2,0.0,1936653018314.0,-160571473936.0,1.0,511835140270.0,-33142528652.0,1936653018314.0,-54787729.0,1936598230585.0,-1263111509621.0,673486720964.0,-1135523079602.0,1162846629.0,-154651400992.0,-314099936582.0,-417789709313.0,348304485022.0,,-68989093034.0,279315391988.0,-138474317325.0,126290480065.0,-177684541655.0,-189868378915.0,-29296904979.0,-160571473936.0,NVL,income_statement,,,,,,,,,,,,,,,,,,
NVL,2025,1,2.0,1778253472047.0,-443346194185.0,0.0,516073103799.0,-40034933347.0,1778253472047.0,-72485130.0,1778180986917.0,-1132466282412.0,645714704505.0,-633059915441.0,5295553050.0,-91032508939.0,-303463010345.0,139527926629.0,6470076257.0,,-268263492772.0,-261793416515.0,-122265489886.0,-138711341189.0,-215453613274.0,-476430444349.0,-33084250164.0,-443346194185.0,NVL,income_statement,,,,,,,,,,,,,,,,,,
NVL,2024,4,1.0,4781019530967.0,-2350334217814.0,-2.0,598175417798.0,-58981908355.0,4781019530967.0,-2437289453.0,4778582241514.0,-2837112144745.0,1941470096769.0,-1254827735992.0,-9311093786.0,-287684653422.0,-394876761784.0,592945269583.0,52175501293.0,,-96947188637.0,-44771687344.0,548173582239.0,-370069089292.0,-195762656881.0,-17658163934.0,2332676053880.0,-2350334217814.0,NVL,income_statement,,,,,,,,,,,,,,,,,,
NVL,2024,3,1.0,2012305441459.0,3119843436728.0,17.0,3897994119538.0,-82961668059.0,2012305441459.0,-2057619033.0,2010247822426.0,-1464848703763.0,545399118663.0,-319124195699.0,1052378664.0,-104456624876.0,-354801995770.0,3666062800520.0,164764233310.0,,-252866540897.0,-88102307587.0,3577960492933.0,-348677918589.0,-278965409267.0,2950317165077.0,-169526271651.0,3119843436728.0,NVL,income_statement,,,,,,,,,,,,,,,,,,
NVL,2024,2,0.0,1588452726003.0,-6657250193992.0,-9.0,804637428739.0,-73986194029.0,1588452726003.0,-1128144633.0,1587324581370.0,-4180315763883.0,-2592991182513.0,-2363784624433.0,1102382935.0,-87851889855.0,-375389333924.0,-4614277219051.0,-142161798420.0,,-1711593105766.0,-1853754904186.0,-6468032123237.0,-9372032588.0,-249014735999.0,-6726418891824.0,-69168697832.0,-6657250193992.0,NVL,income_statement,,,,,,,,,,,,,,,,,,
NVL,2024,1,0.0,697841903787.0,-567038929692.0,-1.0,640076972457.0,-75467036000.0,697841903787.0,-621075136.0,697220828651.0,-507524805760.0,189696022891.0,-773131680839.0,1001091950.0,-53978555966.0,-324869642558.0,-321205792065.0,331151418722.0,,-223711852941.0,107439565781.0,-213766226284.0,-133701050195.0,-253415036543.0,-600882313022.0,-33843383330.0,-567038929692.0,NVL,income_statement,,,,,,,,,,,,,,,,,,
NVL,2023,4,0.0,2031844063176.0,1646480003153.0,11.0,1825381746803.0,-142635261188.0,2031844063176.0,-4101386443.0,2027742676733.0,-1473300062861.0,554442613872.0,-250513733980.0,-1367167374.0,-149306956729.0,-495678415694.0,1482958086898.0,798536444219.0,,-226674146227.0,571862297992.0,2054820384890.0,-196980949645.0,-215477222159.0,1642362213086.0,-4117790067.0,1646480003153.0,NVL,income_statement,,,,,,,,,,,,,,,,,,
NVL,2023,3,-1.0,1073873659979.0,170505519957.0,0.0,2229856807798.0,-170254553522.0,1073873659979.0,-789630018.0,1073084029961.0,-731352157310.0,341731872651.0,-1900331425587.0,1995026451.0,-62721635807.0,-284169096971.0,326361548535.0,251868612803.0,,-93801429391.0,158067183412.0,484428731947.0,-78189466128.0,-269483830388.0,136755435431.0,-33750084526.0,170505519957.0,NVL,income_statement,,,,,,,,,,,,,,,,,,
NVL,2023,2,-1.0,1062129832815.0,-634774114774.0,-2.0,765889064469.0,-200029450633.0,1062129832815.0,-8157100000.0,1053972732815.0,-726068033730.0,327904699085.0,-882114810530.0,3142791025.0,-43370267976.0,-448100578240.0,-276649102167.0,15063535205.0,,-28167941461.0,-13104406256.0,-289753508423.0,-100611944418.0,-293692623784.0,-684058076625.0,-49283961851.0,-634774114774.0,NVL,income_statement,,,,,,,,,,,,,,,,,,
NVL,2023,1,-1.0,604102333272.0,-377221180946.0,-1.0,920013458049.0,-158270818220.0,604102333272.0,0.0,604102333272.0,-455105324592.0,148997008680.0,-823069956271.0,847261872.0,-37356873821.0,-303532089225.0,-94101190716.0,11649678335.0,,-4568750001.0,7080928334.0,-87020262382.0,-40432728861.0,-282815242225.0,-410268233468.0,-33047052522.0,-377221180946.0,NVL,income_statement,,,,,,,,,,,,,,,,,,
NVL,2022,4,0.0,3242666199226.0,137192579331.0,-1.0,899973312992.0,-204042733178.0,3242666199226.0,-2342718541.0,3240323480685.0,-2246395800596.0,993927680089.0,-670175469105.0,5287087088.0,-267397869877.0,-355977313081.0,605637428106.0,95747399981.0,,-96868126681.0,-1120726700.0,604516701406.0,-195802477751.0,-281195779207.0,127518444448.0,-9674134883.0,137192579331.0,NVL,income_statement,,,,,,,,,,,,,,,,,,
NVL,2022,3,0.0,3279599120676.0,196849574876.0,-1.0,1573129662475.0,-207948106070.0,3279599120676.0,-281277183.0,3279317843493.0,-1868961441298.0,1410356402195.0,-1414859614150.0,-526232387.0,-307534706099.0,-423585114674.0,836980397360.0,11619493861.0,,-111948313274.0,-100328819413.0,736651577947.0,-231305765639.0,-269216531579.0,236129280729.0,39279705853.0,196849574876.0,NVL,income_statement,,,,,,,,,,,,,,,,,,
NVL,2022,2,0.0,2662976851864.0,749009084165.0,0.0,1650947713313.0,-218275520285.0,2662976851864.0,-4817726391.0,2658159125473.0,-1530501361990.0,1127657763483.0,-1152387239340.0,-526010764.0,-182715294290.0,-394229727031.0,1048747205371.0,275794578421.0,,-35042315514.0,240752262907.0,1289499468278.0,-247763351240.0,-269410211813.0,772325905225.0,23316821060.0,749009084165.0,NVL,income_statement,,,,,,,,,,,,,,,,,,
NVL,2022,1,-1.0,1965486714930.0,1079019984336.0,1.0,880744593103.0,-214043512504.0,1965486714930.0,-9056686856.0,1956430028074.0,-1236882919459.0,719547108615.0,-911099904000.0,-612315080.0,-202483408690.0,-362418240889.0,123677833059.0,1285622542229.0,,-57901774887.0,1227720767342.0,1351398600401.0,-103837571572.0,-202004448635.0,1045556580194.0,-33463404142.0,1079019984336.0,NVL,income_statement,,,,,,,,,,,,,,,,,,
NVL,2021,4,3.0,4605609157132.0,817210383792.0,0.0,679444076445.0,-210785926179.0,4605609157132.0,-15006691079.0,4590602466053.0,-2532750998958.0,2057851467095.0,-766178702472.0,6467628856.0,-532996373315.0,-398027932539.0,1046560164070.0,612251420313.0,,-218558802283.0,393692618030.0,1440252782100.0,-426764714496.0,-103027375297.0,910460692307.0,93250308515.0,817210383792.0,NVL,income_statement,,,,,,,,,,,,,,,,,,
NVL,2021,3,1.0,3264844561774.0,555634319964.0,-1.0,1059230998737.0,-155013501331.0,3264844561774.0,-2949873013.0,3261894688761.0,-1760528824836.0,1501365863925.0,-799668751905.0,-4109497029.0,-434366403720.0,-418488203624.0,903964006384.0,60721919135.0,,-69221589485.0,-8499670350.0,895464336034.0,-208689062361.0,-151071421254.0,535703852419.0,-19930467545.0,555634319964.0,NVL,income_statement,,,,,,,,,,,,,,,,,,
NVL,2021,2,2.0,2555017027925.0,1320536576524.0,0.0,1333606795581.0,-117946562121.0,2555017027925.0,-11371084509.0,2543645943416.0,-1685449745386.0,858196198030.0,-1829133018135.0,-1136308952.0,-183260207620.0,-291962171644.0,-113688712740.0,1691456401521.0,,-81155425805.0,1610300975716.0,1496612262976.0,-226816261833.0,43132546287.0,1312928547430.0,-7608029094.0,1320536576524.0,NVL,income_statement,,,,,,,,,,,,,,,,,,
NVL,2021,1,3.0,4541864522959.0,536826506237.0,1.0,572360705599.0,-30569377519.0,4541864522959.0,-35247735476.0,4506616787483.0,-2789464202494.0,1717152584989.0,-454286766798.0,-937604049.0,-138891794212.0,-319528269149.0,1375868856380.0,17117073703.0,,-131963042916.0,-114845969213.0,1261022887167.0,-462260225337.0,-97537691091.0,701224970739.0,164398464502.0,536826506237.0,NVL,income_statement,,,,,,,,,,,,,,,,,,
NVL,2020,4,0.0,1233503916051.0,552092588585.0,-1.0,1154296041040.0,-338753898.0,1233503916051.0,-10534970289.0,1222968945762.0,-794538481587.0,428430464175.0,-242766571729.0,2539092029.0,-69397542454.0,-411205932134.0,861895550927.0,59478521669.0,,-144764309803.0,-85285788134.0,776609762793.0,-108078887819.0,-82360283678.0,586170591296.0,34078002711.0,552092588585.0,NVL,income_statement,,,,,,,,,,,,,,,,,,
NVL,2020,3,0.0,2148169244901.0,2131427408827.0,6.0,2391099212416.0,-262769521207.0,2148169244901.0,-8623905582.0,2139545339319.0,-1342965170790.0,796580168529.0,-542168794833.0,-3484405491.0,-68087803692.0,-264077872154.0,2309860504775.0,252474886911.0,,-199782136062.0,52692750849.0,2362553255624.0,-104343973215.0,-137676841079.0,2120532441330.0,-10894967497.0,2131427408827.0,NVL,income_statement,,,,,,,,,,,,,,,,,,
NVL,2020,2,-1.0,792451606691.0,890813961956.0,1.0,1807101946465.0,-168683445214.0,792451606691.0,-82825095932.0,709626510759.0,-492499813877.0,217126696882.0,-364880767717.0,-544973874.0,-15906456329.0,-350272134242.0,1292624311185.0,8572671903.0,,-303677269184.0,-295104597281.0,997519713904.0,-27559264969.0,-95410391536.0,874550057399.0,-16263904557.0,890813961956.0,NVL,income_statement,,,,,,,,,,,,,,,,,,
NVL,2020,1,-1.0,1067607277621.0,321910478960.0,0.0,857700413794.0,-133734673587.0,1067607277621.0,-113389664023.0,954217613598.0,-588621360751.0,365596252847.0,-386560715933.0,-1015384826.0,-9817764441.0,-264139357473.0,561763443968.0,4990593665.0,,-77462937843.0,-72472344178.0,489291099790.0,-40517625031.0,-146216744673.0,302556730086.0,-19353748874.0,321910478960.0,NVL,income_statement,,,,,,,,,,,,,,,,,,
NVL,2019,4,-1.0,1387024374380.0,2308315872954.0,0.0,440103405621.0,-397474385034.0,1387024374380.0,-6564824644.0,1380459549736.0,-912877200170.0,467582349566.0,-625501745194.0,-226226606.0,-86353859292.0,-339961869656.0,-144357945561.0,2582616557840.0,,-63983607201.0,2518632950639.0,2374275005078.0,-100689912225.0,23650721206.0,2297235814059.0,-11080058895.0,2308315872954.0,NVL,income_statement,,,,,,,,,,,,,,,,,,
NVL,2019,3,0.0,1524634149618.0,300610545832.0,-1.0,359693103198.0,-141373644505.0,1524634149618.0,-18492107248.0,1506142042370.0,-984330461983.0,521811580387.0,-256267271666.0,-10223974166.0,-57955501342.0,-286579272607.0,270478663804.0,300997852235.0,,-14556141351.0,286441710884.0,556920374688.0,-127683866155.0,-142683956370.0,286552552163.0,-14057993669.0,300610545832.0,NVL,income_statement,,,,,,,,,,,,,,,,,,
NVL,2019,2,0.0,3165647146493.0,519582619267.0,0.0,95500116736.0,-234422202386.0,3165647146493.0,-31135353543.0,3134511792950.0,-2252707932975.0,881803859975.0,-743088810589.0,998692167.0,-79595188118.0,-311800118042.0,-156181447871.0,955231231645.0,,-50098468936.0,905132762709.0,748951314838.0,-182606588694.0,-57196115547.0,509148610597.0,-10434008670.0,519582619267.0,NVL,income_statement,,,,,,,,,,,,,,,,,,
NVL,2019,1,2.0,4948927327062.0,293982782796.0,1.0,133796573356.0,-379735662065.0,4948927327062.0,-39057700055.0,4909869627007.0,-3628655585693.0,1281214041314.0,-469115184621.0,-70872840.0,-70964583835.0,-262738201381.0,612121771993.0,8289103478.0,,-38631669805.0,-30342566327.0,581779205666.0,-281508602651.0,-14713646629.0,285556956386.0,-8425826410.0,293982782796.0,NVL,income_statement,,,,,,,,,,,,,,,,,,
NVL,2018,4,0.0,8848554588936.0,1847108050562.0,2.0,307123692696.0,-359705869054.0,8848554588936.0,-291491854700.0,8557062734236.0,-5469998099544.0,3087064634692.0,-532142616352.0,264063573953.0,-198835761247.0,-242356255619.0,2684917268123.0,48080196098.0,,-28882788720.0,19197407378.0,2704114675501.0,-520927072231.0,-328425662006.0,1854761941264.0,7653890702.0,1847108050562.0,NVL,income_statement,,,,,,,,,,,,,,,,,,
NVL,2018,3,0.0,2457894591192.0,657259561851.0,0.0,85853754076.0,-310284104503.0,2457894591192.0,-14481152845.0,2443413438347.0,-1782335243929.0,661078194418.0,-471627580596.0,814508774570.0,-89104529492.0,-173208477599.0,827500135377.0,9713757158.0,,-34112712504.0,-24398955346.0,803101180031.0,-119071601718.0,-16879385756.0,667150192557.0,9890630706.0,657259561851.0,NVL,income_statement,,,,,,,,,,,,,,,,,,
NVL,2018,2,1.0,2404525216743.0,596922458913.0,0.0,777391517087.0,-325206062421.0,2404525216743.0,-21838009254.0,2382687207489.0,-1523576910685.0,859110296804.0,-450696264025.0,4851953775.0,-74731322044.0,-185455324523.0,930470857074.0,9232244677.0,,-3095915911.0,6136328766.0,936607185840.0,-212658748433.0,-107034577160.0,616913860247.0,19991401334.0,596922458913.0,NVL,income_statement,,,,,,,,,,,,,,,,,,
NVL,2018,1,0.0,1924263322822.0,125869663324.0,-1.0,126312762436.0,-388141861952.0,1924263322822.0,-17216363501.0,1907046959321.0,-1356333538150.0,550713421171.0,-477969598589.0,235579368967.0,-61545696343.0,-138752220180.0,234338037462.0,4048989304.0,,-8390122815.0,-4341133511.0,229996903951.0,-133514104837.0,31920585393.0,128403384507.0,2533721183.0,125869663324.0,NVL,income_statement,,,,,,,,,,,,,,,,,,
NVL,2017,4,31.0,5945889664123.0,711171386719.0,6.0,254745613557.0,-438359407275.0,5945889664123.0,-50262781827.0,5895626882296.0,-4299323073955.0,1596303808341.0,-575306566060.0,16761825195.0,-131912579053.0,-176223813880.0,984368288100.0,47510950988.0,,-19155638971.0,28355312017.0,1012723600117.0,-356753819197.0,61729235269.0,717699016189.0,6527629470.0,711171386719.0,NVL,income_statement,,,,,,,,,,,,,,,,,,
NVL,2017,3,0.0,2439659513036.0,488003508161.0,41.0,222982117060.0,-309507252110.0,2439659513036.0,-36221248957.0,2403438264079.0,-1552519555488.0,850918708591.0,-348440193898.0,-6153210096.0,-41859397768.0,-120440209193.0,557007814696.0,4565006018.0,,-3482943795.0,1082062223.0,558089876919.0,-218767987404.0,163453057973.0,502774947488.0,14771439327.0,488003508161.0,NVL,income_statement,,,,,,,,,,,,,,,,,,
NVL,2017,2,0.0,1442512369283.0,430955767494.0,-1.0,754283093312.0,-255696497513.0,1442512369283.0,-19127924034.0,1423384445249.0,-1072309926637.0,351074518612.0,-299051715361.0,1335176898.0,-48687995005.0,-295599781441.0,463353297015.0,4627974369.0,,-2665220291.0,1962754078.0,465316051093.0,-100847524141.0,68199534018.0,432668060970.0,1712293476.0,430955767494.0,NVL,income_statement,,,,,,,,,,,,,,,,,,
NVL,2017,1,0.0,1931332409706.0,403351147948.0,0.0,464513301660.0,-201824840222.0,1931332409706.0,-21445972157.0,1909886437549.0,-1451352518821.0,458533918728.0,-240511026776.0,135634596.0,-35832425204.0,-83929949244.0,562909453760.0,5718684643.0,,-16258642413.0,-10539957770.0,552369495990.0,-134278200777.0,-9590087604.0,408501207609.0,5150059661.0,403351147948.0,NVL,income_statement,,,,,,,,,,,,,,,,,,
NVL,2016,4,-1.0,183938445190.0,96361096108.0,-1.0,630325329977.0,-275542998454.0,183938445190.0,-887416113.0,183051029077.0,-4687482179.0,178363546898.0,-435774197157.0,9867102479.0,-26443270867.0,-169293398930.0,187045112400.0,10255151933.0,,-5778759116.0,4476392817.0,191521505217.0,-44539036128.0,-52603991209.0,94378477880.0,-1982618228.0,96361096108.0,NVL,income_statement,,,,,,,,,,,,,,,,,,
NVL,2016,3,0.0,2218562775248.0,11720072216.0,0.0,461702482824.0,-268180013076.0,2218562775248.0,-8586360388.0,2209976414860.0,-2038106739040.0,171869675820.0,-362232270124.0,1849073328.0,-26767167526.0,-228033376610.0,18388417712.0,14716058744.0,,-16254942127.0,-1538883383.0,16849534329.0,-41980774404.0,46949378578.0,21818138503.0,10098066287.0,11720072216.0,NVL,income_statement,,,,,,,,,,,,,,,,,,
NVL,2016,2,0.0,2771820889685.0,1396394545300.0,0.0,1355318546072.0,-132880597750.0,2771820889685.0,0.0,2771820889685.0,-1971710622747.0,800110266938.0,-142855708278.0,521333251.0,-73078136841.0,-165811506185.0,1774204794957.0,21332033898.0,,-18876753723.0,2455280175.0,1776660075132.0,-177596135513.0,-214987697563.0,1384076242056.0,-12318303244.0,1396394545300.0,NVL,income_statement,,,,,,,,,,,,,,,,,,
NVL,2015,4,0.0,4368696237591.0,472073240288.0,0.0,57163690709.0,0.0,4368696237591.0,-19192626026.0,4349503611565.0,-3342618740091.0,1006884871474.0,-122454923890.0,992746135.0,-91416631466.0,-176325210071.0,674844542891.0,10265035508.0,,-21165576290.0,-10900540782.0,663944002109.0,-170562251165.0,37879802792.0,531261553736.0,59188313448.0,472073240288.0,NVL,income_statement,,,,,,,,,,,,,,,,,,
PDR,2025,4,0.0,360578573688.0,313742576463.0,205.0,408428427827.0,-143680691830.0,360578573688.0,0.0,360578573688.0,-70498026992.0,290080546696.0,-143805691830.0,-15197357.0,-9368684398.0,-111078831186.0,434240569752.0,116380159.0,,-65783304282.0,-65666924123.0,368573645629.0,-53270434849.0,-1976074153.0,313327136627.0,-415439836.0,313742576463.0,PDR,income_statement,,,,,,,,,,,,,,,,,,
PDR,2025,3,192.0,506525735876.0,85797734011.0,1.0,1759855950.0,-74242425883.0,506525735876.0,0.0,506525735876.0,-256367712711.0,250158023165.0,-74267425883.0,-9910229.0,-7311135295.0,-46703350944.0,123626056764.0,190909118.0,,-6541486740.0,-6350577622.0,117275479142.0,-33399289877.0,1972068978.0,85848258243.0,50524232.0,85797734011.0,PDR,income_statement,,,,,,,,,,,,,,,,,,
PDR,2025,2,1.0,19926802911.0,64922871675.0,0.0,225927985565.0,-62016885629.0,19926802911.0,0.0,19926802911.0,-14973704752.0,4953098159.0,-63942007317.0,-12970949585.0,-1275123499.0,-40083214540.0,112609788783.0,247674698.0,,-11877498827.0,-11629824129.0,100979964654.0,-133648424723.0,97563088136.0,64894628067.0,-28243608.0,64922871675.0,PDR,income_statement,,,,,,,,,,,,,,,,,,
PDR,2025,1,2.0,437943634657.0,50606725470.0,0.0,1880043903.0,-66840290197.0,437943634657.0,0.0,437943634657.0,-262948486216.0,174995148441.0,-67026330904.0,-17322610.0,-6594788132.0,-38651144553.0,64585606145.0,411440806.0,,-789962687.0,-378521881.0,64207084264.0,83324531782.0,-96913289820.0,50618326226.0,11600756.0,50606725470.0,PDR,income_statement,,,,,,,,,,,,,,,,,,
PDR,2024,4,9.0,648610433949.0,1525854504.0,-1.0,3731510135.0,-71957091362.0,648610433949.0,0.0,648610433949.0,-414002247959.0,234608185990.0,-106861248412.0,-15827712712.0,-26677435817.0,-64079703213.0,24893595971.0,-725270727.0,,-4672999906.0,-5398270633.0,19495325338.0,-111601484114.0,93665677333.0,1559518557.0,33664053.0,1525854504.0,PDR,income_statement,,,,,,,,,,,,,,,,,,
PDR,2024,3,-1.0,2627815972.0,51236420069.0,0.0,194042970872.0,-74414830270.0,2627815972.0,0.0,2627815972.0,-1284088411.0,1343727561.0,-74514830270.0,-17161687311.0,-4332611707.0,-44035903540.0,55341665605.0,24164095575.0,,-763451011.0,23400644564.0,78742310169.0,-27938387028.0,405021956.0,51208945097.0,-27474972.0,51236420069.0,PDR,income_statement,,,,,,,,,,,,,,,,,,
PDR,2024,2,2.0,8255352321.0,49741104614.0,-1.0,202542206791.0,-72976161887.0,8255352321.0,0.0,8255352321.0,-6562531270.0,1692821051.0,-72976161887.0,-9152689534.0,-2743083280.0,-43671949903.0,75691143238.0,23985885754.0,,-12497964561.0,11487921193.0,87179064431.0,-37093258300.0,-307759649.0,49778046482.0,36941868.0,49741104614.0,PDR,income_statement,,,,,,,,,,,,,,,,,,
PDR,2024,1,0.0,162196936449.0,52584306624.0,1.0,1140879929.0,-65512916886.0,162196936449.0,0.0,162196936449.0,-943816913.0,161253119536.0,-65512916886.0,-7688059076.0,-3112978211.0,-43424231984.0,42655813308.0,33764103314.0,,-130003583.0,33634099731.0,76289913039.0,-23652702448.0,0.0,52637210591.0,52903967.0,52584306624.0,PDR,income_statement,,,,,,,,,,,,,,,,,,
PDR,2023,4,4.0,68075861149.0,282557753733.0,2.0,421464426936.0,-78777059477.0,68075861149.0,0.0,68075861149.0,-9193173031.0,58882688118.0,-87774382232.0,-10549994577.0,-3754829581.0,-71128688174.0,307139220490.0,70179774927.0,,-25548084396.0,44631690531.0,351770911021.0,-69208180473.0,0.0,282562730548.0,4976815.0,282557753733.0,PDR,income_statement,,,,,,,,,,,,,,,,,,
PDR,2023,3,31.0,354821292801.0,101684269659.0,-1.0,550568961.0,-86137270717.0,354821292801.0,0.0,354821292801.0,-43638448894.0,311182843907.0,-113120297485.0,-6793992676.0,-3473973034.0,-44828275262.0,143516874411.0,15300000.0,,-2646049265.0,-2630749265.0,140886125146.0,-39208368165.0,0.0,101677756981.0,-6512678.0,101684269659.0,PDR,income_statement,,,,,,,,,,,,,,,,,,
PDR,2023,2,-1.0,2449054145.0,275654500275.0,0.0,529842595820.0,-93273334596.0,2449054145.0,0.0,2449054145.0,-715780453.0,1733273692.0,-104548866046.0,-5369252847.0,-3546057616.0,-40978845361.0,377132847642.0,110662000.0,,-11547422470.0,-11436760470.0,365696087172.0,-89957780264.0,-27370508.0,275710936400.0,56436125.0,275654500275.0,PDR,income_statement,,,,,,,,,,,,,,,,,,
PDR,2023,1,-1.0,192274233970.0,24050577841.0,-1.0,2499127641.0,-88146246077.0,192274233970.0,0.0,192274233970.0,-20374104018.0,171900129952.0,-96182621084.0,-492833297.0,-3698916646.0,-42502689755.0,31522196811.0,39393665.0,,-554073246.0,-514679581.0,31007517230.0,-8568571638.0,0.0,22438945592.0,-1611632249.0,24050577841.0,PDR,income_statement,,,,,,,,,,,,,,,,,,
PDR,2022,4,-1.0,14634556042.0,-266857334688.0,-1.0,16391286161.0,-140467790818.0,14634556042.0,0.0,14634556042.0,-28625743434.0,-13991187392.0,-221137622401.0,-12554507.0,-4504003708.0,-72403111688.0,-295657193535.0,2739042117.0,,-3659075392.0,-920033275.0,-296577226810.0,64779030064.0,2316380898.0,-229481815848.0,37375518840.0,-266857334688.0,PDR,income_statement,,,,,,,,,,,,,,,,,,
PDR,2022,3,-1.0,11114896003.0,717749736759.0,0.0,1249028315242.0,-132220048686.0,11114896003.0,0.0,11114896003.0,-4948067546.0,6166828457.0,-157385090349.0,-12625171.0,-8136697194.0,-66064049863.0,1023596681122.0,101814022.0,,-102904008038.0,-102802194016.0,920794487106.0,-209589866831.0,0.0,711204620275.0,-6545116484.0,717749736759.0,PDR,income_statement,,,,,,,,,,,,,,,,,,
PDR,2022,2,1.0,853376979457.0,412586517564.0,1.0,829096503.0,-130813620153.0,853376979457.0,0.0,853376979457.0,-95225567040.0,758151412417.0,-153822745150.0,-16049533.0,-6557236167.0,-82040835769.0,516543642301.0,81281295.0,,-865836035.0,-784554740.0,515759087561.0,-114424932353.0,7200000000.0,408534155208.0,-4052362356.0,412586517564.0,PDR,income_statement,,,,,,,,,,,,,,,,,,
PDR,2022,1,0.0,625448317469.0,282053514160.0,0.0,536649587.0,-100851976436.0,625448317469.0,0.0,625448317469.0,-99330115222.0,526118202247.0,-106098478101.0,-15081909.0,-5349309941.0,-60117286067.0,355074695816.0,286290.0,,-1438988258.0,-1438701968.0,353635993848.0,-74246253353.0,0.0,279389740495.0,-2663773665.0,282053514160.0,PDR,income_statement,,,,,,,,,,,,,,,,,,
PDR,2021,4,0.0,1228828666056.0,753803214922.0,1.0,2546816867.0,-70850720543.0,1228828666056.0,0.0,1228828666056.0,-111997442079.0,1116831223977.0,-73176762212.0,-113322405.0,-4763005525.0,-77409560849.0,963915389853.0,148046504.0,,-16858366560.0,-16710320056.0,947205069797.0,-195736619012.0,0.0,751468450785.0,-2334764137.0,753803214922.0,PDR,income_statement,,,,,,,,,,,,,,,,,,
PDR,2021,3,0.0,1267564641777.0,607909796563.0,0.0,460107965.0,-37919088420.0,1267564641777.0,0.0,1267564641777.0,-411580871802.0,855983769975.0,-39354793975.0,0.0,-4531309731.0,-56079480298.0,756478293936.0,6698597410.0,,-3160015710.0,3538581700.0,760016875636.0,-153545316040.0,612874665.0,607084434261.0,-825362302.0,607909796563.0,PDR,income_statement,,,,,,,,,,,,,,,,,,
PDR,2021,2,0.0,537718943994.0,251550326875.0,1.0,3258982039.0,-28235629217.0,537718943994.0,0.0,537718943994.0,-132046254142.0,405672689852.0,-29311074903.0,0.0,-4503456732.0,-44306767417.0,330810372839.0,318418832.0,,-8927083008.0,-8608664176.0,322201708663.0,-71219982939.0,0.0,250981725724.0,-568601151.0,251550326875.0,PDR,income_statement,,,,,,,,,,,,,,,,,,
PDR,2021,1,0.0,586111954007.0,251740525907.0,1.0,472900642.0,-19991373471.0,586111954007.0,0.0,586111954007.0,-201143044114.0,384968909893.0,-21499030188.0,0.0,-4210194082.0,-43129895425.0,316602690840.0,27500635.0,,-1702039519.0,-1674538884.0,314928151956.0,-63855976847.0,0.0,251072175109.0,-668350798.0,251740525907.0,PDR,income_statement,,,,,,,,,,,,,,,,,,
PDR,2020,4,0.0,1412107832074.0,501516868141.0,0.0,3863052310.0,-13320308836.0,1412107832074.0,0.0,1412107832074.0,-692445183170.0,719662648904.0,-13984035862.0,0.0,-27889437382.0,-45184328157.0,636467899813.0,24228682.0,,-313052771.0,-288824089.0,636179075724.0,-134718956088.0,29156563.0,501489276199.0,-27591942.0,501516868141.0,PDR,income_statement,,,,,,,,,,,,,,,,,,
PDR,2020,3,2.0,1315902373342.0,439112477370.0,2.0,999081825.0,-9723369863.0,1315902373342.0,0.0,1315902373342.0,-677615277537.0,638287095805.0,-10387703196.0,0.0,-36609861028.0,-31706818977.0,560581794429.0,2025000.0,,-7312156064.0,-7310131064.0,553271663365.0,-114507022862.0,160894545.0,438925535048.0,-186942322.0,439112477370.0,PDR,income_statement,,,,,,,,,,,,,,,,,,
PDR,2020,2,1.0,552357061937.0,120910822475.0,0.0,843424285.0,0.0,552357061937.0,0.0,552357061937.0,-339112942603.0,213244119334.0,-6692430098.0,0.0,-26210960292.0,-28811241959.0,152372911270.0,32218483.0,,-679470106.0,-647251623.0,151725659647.0,-30976181739.0,119811783.0,120869289691.0,-41532784.0,120910822475.0,PDR,income_statement,,,,,,,,,,,,,,,,,,
PDR,2020,1,-1.0,629456243885.0,158065619593.0,0.0,416775930.0,0.0,629456243885.0,0.0,629456243885.0,-380167894530.0,249288349355.0,0.0,0.0,-27974175362.0,-23409944638.0,198321005285.0,18985370.0,,-414770873.0,-395785503.0,197925219782.0,-39843139102.0,0.0,158082080680.0,16461087.0,158065619593.0,PDR,income_statement,,,,,,,,,,,,,,,,,,
PDR,2019,4,0.0,1036163026535.0,470514091729.0,1.0,3315393129.0,0.0,1036163026535.0,0.0,1036163026535.0,-358722273964.0,677440752571.0,-4923963657.0,0.0,-55387976332.0,-27741269177.0,592702936534.0,4113000925.0,,-3431895425.0,681105500.0,593384042034.0,-122864413633.0,0.0,470519628401.0,5536672.0,470514091729.0,PDR,income_statement,,,,,,,,,,,,,,,,,,
PDR,2019,3,81.0,395788911282.0,160543690570.0,1.0,137102226.0,0.0,395788911282.0,0.0,395788911282.0,-144588702999.0,251200208283.0,0.0,0.0,-28678258422.0,-22882173318.0,199776878769.0,1795079450.0,,-104758303.0,1690321147.0,201467199916.0,-40924488587.0,0.0,160542711329.0,-979241.0,160543690570.0,PDR,income_statement,,,,,,,,,,,,,,,,,,
PDR,2019,2,3.0,273625899386.0,88238115402.0,0.0,2347323031.0,0.0,273625899386.0,-10281555066.0,263344344320.0,-102708659675.0,160635684645.0,0.0,0.0,-24245043193.0,-21765480081.0,116972484402.0,492596149.0,,-611897276.0,-119301127.0,116853183275.0,-28615416780.0,0.0,88237766495.0,-348907.0,88238115402.0,PDR,income_statement,,,,,,,,,,,,,,,,,,
PDR,2019,1,3.0,1704889731818.0,153103029900.0,0.0,893214772.0,0.0,1704889731818.0,0.0,1704889731818.0,-1476277369335.0,228612362483.0,-413595.0,0.0,-15722750192.0,-20720305681.0,193062107787.0,137099541.0,,-1768146452.0,-1631046911.0,191431060876.0,-37883827080.0,-444203896.0,153103029900.0,0.0,153103029900.0,PDR,income_statement,,,,,,,,,,,,,,,,,,
PDR,2018,4,6.0,1699436335486.0,298344164749.0,0.0,2233539681.0,0.0,1699436335486.0,0.0,1699436335486.0,-1299785505649.0,399650829837.0,0.0,0.0,-10622925295.0,-24948204759.0,366313239464.0,5384569873.0,,-2035346132.0,3349223741.0,369662463205.0,-71351194001.0,32895545.0,298344164749.0,0.0,298344164749.0,PDR,income_statement,,,,,,,,,,,,,,,,,,
PDR,2018,3,-1.0,4845710453.0,104832827121.0,0.0,23604852.0,0.0,4845710453.0,0.0,4845710453.0,-2406146535.0,2439563918.0,0.0,0.0,-4338445976.0,-18932844404.0,-20808121610.0,127356176832.0,,-1715228101.0,125640948731.0,104832827121.0,0.0,0.0,104832827121.0,0.0,104832827121.0,PDR,income_statement,,,,,,,,,,,,,,,,,,
PDR,2018,2,-1.0,71352017625.0,88178211909.0,0.0,2269264621.0,0.0,71352017625.0,-9680150513.0,61671867112.0,-12280415873.0,49391451239.0,227062000.0,0.0,-3473061307.0,-17859218934.0,30555497619.0,63790297214.0,,-759795073.0,63030502141.0,93585999760.0,-5407787851.0,0.0,88178211909.0,0.0,88178211909.0,PDR,income_statement,,,,,,,,,,,,,,,,,,
PDR,2018,1,1.0,381755429090.0,152552304029.0,2.0,26741197.0,-227062000.0,381755429090.0,0.0,381755429090.0,-152086280961.0,229669148129.0,-227062000.0,0.0,-22873608016.0,-17834237592.0,188760981718.0,1923143023.0,,-1020558.0,1922122465.0,190683104183.0,-38061558877.0,-69241277.0,152552304029.0,0.0,152552304029.0,PDR,income_statement,,,,,,,,,,,,,,,,,,
PDR,2017,4,-1.0,232893781487.0,208091080085.0,0.0,3298393197.0,0.0,232893781487.0,0.0,232893781487.0,-127999137707.0,104894643780.0,0.0,8388217755.0,-20586248156.0,-19933924192.0,76061082384.0,183605637058.0,,-1660483508.0,181945153550.0,258006235934.0,-49864393081.0,-50762768.0,208091080085.0,0.0,208091080085.0,PDR,income_statement,,,,,,,,,,,,,,,,,,
PDR,2017,3,162.0,505141661685.0,114328689015.0,10.0,71038603.0,0.0,505141661685.0,0.0,505141661685.0,-317483147610.0,187658514075.0,0.0,0.0,-33634527827.0,-13622396705.0,140472628146.0,3827421307.0,,-655758377.0,3171662930.0,143644291076.0,-28722404619.0,-593197442.0,114328689015.0,0.0,114328689015.0,PDR,income_statement,,,,,,,,,,,,,,,,,,
PDR,2017,2,3.0,463889686767.0,80945313662.0,1.0,244191656.0,106575999.0,463889686767.0,-80037238870.0,383852447897.0,-238010300738.0,145842147159.0,-133424001.0,-1684731322.0,-30603660057.0,-12897661598.0,100766861837.0,4356970068.0,,-3308441061.0,1048529007.0,101815390844.0,-20796962645.0,-73114537.0,80945313662.0,0.0,80945313662.0,PDR,income_statement,,,,,,,,,,,,,,,,,,
PDR,2017,1,1.0,204738266104.0,44758979232.0,1.0,81800269.0,-731686000.0,204738266104.0,0.0,204738266104.0,-124087577021.0,80650689083.0,-731686000.0,0.0,-16329673024.0,-9978924901.0,53692205427.0,2347506690.0,,-14695103.0,2332811587.0,56025017014.0,-11266037782.0,0.0,44758979232.0,0.0,44758979232.0,PDR,income_statement,,,,,,,,,,,,,,,,,,
PDR,2016,4,24.0,1270833086225.0,174020846107.0,1.0,-31198752669.0,-496253666.0,1270833086225.0,0.0,1270833086225.0,-966044778055.0,304788308170.0,-623562931.0,-1929712232.0,-40760220623.0,-11478524773.0,218797534942.0,377014520.0,,-1638000.0,375376520.0,219172911462.0,-45152065355.0,0.0,174020846107.0,0.0,174020846107.0,PDR,income_statement,,,,,,,,,,,,,,,,,,
PDR,2016,3,-1.0,3105537656.0,10541820126.0,-1.0,31282355560.0,-435006666.0,3105537656.0,0.0,3105537656.0,-818181819.0,2287355837.0,-435006666.0,0.0,-9301563647.0,-10693510117.0,13139630967.0,37959190.0,,-314999.0,37644191.0,13177275158.0,-2635455032.0,0.0,10541820126.0,0.0,10541820126.0,PDR,income_statement,,,,,,,,,,,,,,,,,,
PDR,2016,2,0.0,123688652190.0,32392438495.0,0.0,855934901.0,-669986334.0,123688652190.0,0.0,123688652190.0,-71442323913.0,52246328277.0,-925398684.0,0.0,-2243033020.0,-9257785321.0,40676046153.0,59361531.0,,-177961870.0,-118600339.0,40557445814.0,-8163805551.0,0.0,32393640263.0,1201768.0,32392438495.0,PDR,income_statement,,,,,,,,,,,,,,,,,,
PDR,2016,1,0.0,99038307773.0,25219653680.0,0.0,46554717.0,-394419667.0,99038307773.0,0.0,99038307773.0,-55035410773.0,44002897000.0,-394419667.0,0.0,-2715043469.0,-9305360687.0,31634627894.0,171857273.0,,-86710272.0,85147001.0,31719774895.0,-6501322983.0,0.0,25218451912.0,-1201768.0,25219653680.0,PDR,income_statement,,,,,,,,,,,,,,,,,,
PDR,2015,4,-1.0,51239897816.0,79161051456.0,1.0,220063379854.0,-383333333.0,51239897816.0,0.0,51239897816.0,-38069693062.0,13170204754.0,-120859481311.0,0.0,-3276787979.0,-8106052963.0,100991262355.0,1110727275.0,,-544285603.0,566441672.0,101557704027.0,-22396656196.0,0.0,79161047831.0,-3625.0,79161051456.0,PDR,income_statement,,,,,,,,,,,,,,,,,,
PDR,2015,3,1.0,117570148975.0,23390091787.0,2.0,142178450.0,-383333333.0,117570148975.0,0.0,117570148975.0,-74382666171.0,43187482804.0,-383333333.0,0.0,-4671801132.0,-8340953741.0,29933573048.0,136720269.0,,-19151493.0,117568776.0,30051141824.0,-6661050037.0,0.0,23390091787.0,0.0,23390091787.0,PDR,income_statement,,,,,,,,,,,,,,,,,,
PDR,2015,2,5.0,129933291511.0,30647826074.0,86.0,83923084.0,-379166667.0,129933291511.0,0.0,129933291511.0,-78366561952.0,51566729559.0,-379166667.0,0.0,-4139055587.0,-7865941116.0,39266489273.0,51457190.0,,-25861752.0,25595438.0,39292084711.0,-8644258637.0,0.0,30647826074.0,0.0,30647826074.0,PDR,income_statement,,,,,,,,,,,,,,,,,,
PDR,2015,1,4.0,103770578812.0,24774774990.0,104.0,72201874.0,-375000000.0,103770578812.0,0.0,103770578812.0,-65403205237.0,38367373575.0,-375000000.0,0.0,-654860128.0,-6148292949.0,31261422372.0,501109667.0,,0.0,501109667.0,31762532039.0,-6987757049.0,0.0,24774774990.0,0.0,24774774990.0,PDR,income_statement,,,,,,,,,,,,,,,,,,
PDR,2014,4,24.0,320264677912.0,33560647259.0,22.0,21275241.0,-383333334.0,320264677912.0,0.0,320264677912.0,-270079769300.0,50184908612.0,-383333334.0,0.0,-450131276.0,-6347696398.0,43025022845.0,1448000.0,,0.0,1448000.0,43026470845.0,-8782196237.0,-683627349.0,33560647259.0,0.0,33560647259.0,PDR,income_statement,,,,,,,,,,,,,,,,,,
PDR,2014,3,4.0,52150968708.0,7769272999.0,10.0,14011350.0,-383333333.0,52150968708.0,0.0,52150968708.0,-36321490672.0,15829478036.0,-383333333.0,0.0,-321077278.0,-5620122766.0,9518956009.0,441650400.0,,0.0,441650400.0,9960606409.0,-2191333410.0,0.0,7769272999.0,0.0,7769272999.0,PDR,income_statement,,,,,,,,,,,,,,,,,,
PDR,2014,2,2.0,23533920000.0,350698830.0,0.0,4728907.0,-379166667.0,23533920000.0,0.0,23533920000.0,-16880722627.0,6653197373.0,-379166667.0,0.0,-891145779.0,-5416716360.0,-29102526.0,490216411.0,,-11500000.0,478716411.0,449613885.0,0.0,-98915055.0,350698830.0,0.0,350698830.0,PDR,income_statement,,,,,,,,,,,,,,,,,,
PDR,2014,1,2.0,19332078182.0,235565874.0,0.0,12159998.0,-375000000.0,19332078182.0,0.0,19332078182.0,-13558992733.0,5773085449.0,-375000000.0,0.0,-1146089332.0,-4556934794.0,-292778679.0,594786212.0,,-2.0,594786210.0,302007531.0,0.0,-66441657.0,235565874.0,0.0,235565874.0,PDR,income_statement,,,,,,,,,,,,,,,,,,
PDR,2013,4,0.0,12867786929.0,1464458041.0,0.0,28447041.0,0.0,12867786929.0,0.0,12867786929.0,-5137530004.0,7730256925.0,-413333333.0,0.0,-1642703444.0,-6191994943.0,-489327754.0,2649952854.0,,-208014378.0,2441938476.0,1952610722.0,-488152681.0,0.0,1464458041.0,0.0,1464458041.0,PDR,income_statement,,,,,,,,,,,,,,,,,,
PDR,2013,3,0.0,11231585455.0,688089697.0,0.0,10444259.0,-383333333.0,11231585455.0,0.0,11231585455.0,-3999634479.0,7231950976.0,-383333333.0,0.0,-475858360.0,-5900879962.0,482323580.0,435129349.0,,0.0,435129349.0,917452929.0,-229363232.0,0.0,688089697.0,0.0,688089697.0,PDR,income_statement,,,,,,,,,,,,,,,,,,
PDR,2013,2,0.0,8666405736.0,568793396.0,0.0,13468577.0,-379166667.0,8666405736.0,0.0,8666405736.0,-1508193193.0,7158212543.0,-379166667.0,0.0,-611322684.0,-5749718304.0,431473465.0,326917730.0,,0.0,326917730.0,758391195.0,-189597799.0,0.0,568793396.0,0.0,568793396.0,PDR,income_statement,,,,,,,,,,,,,,,,,,
PDR,2013,1,0.0,6852558183.0,177368023.0,0.0,17060637.0,-375000001.0,6852558183.0,0.0,6852558183.0,-1388136516.0,5464421667.0,-375000001.0,0.0,-632149695.0,-6434737591.0,-1960404983.0,2196895681.0,,0.0,2196895681.0,236490698.0,-59122675.0,0.0,177368023.0,0.0,177368023.0,PDR,income_statement,,,,,,,,,,,,,,,,,,
STB,2025,4,0.0,14027127000000.0,-2752462000000.0,-2.0,,,,,,,,,,,-1822333000000.0,,,,,,-3360145000000.0,595471000000.0,12212000000.0,-2752462000000.0,0.0,-2752462000000.0,STB,income_statement,-9232152000000.0,14027127000000.0,-8669125000000.0,5358002000000.0,1659170000000.0,-900822000000.0,758348000000.0,294529000000.0,0.0,-11643000000.0,1366728000000.0,-78599000000.0,1288129000000.0,6975000000.0,7694340000000.0,5872007000000.0,607683000000.0,0.0
STB,2025,3,0.0,15946883000000.0,2901283000000.0,0.0,,,,,,,,,,,-4095582000000.0,,,,,,3656898000000.0,-755615000000.0,0.0,2901283000000.0,0.0,2901283000000.0,STB,income_statement,-1044039000000.0,15946883000000.0,-8072517000000.0,7874366000000.0,1521827000000.0,-848609000000.0,673218000000.0,193535000000.0,0.0,-155000000.0,119269000000.0,-67538000000.0,51731000000.0,3824000000.0,8796519000000.0,4700937000000.0,-755615000000.0,3448.0
STB,2025,2,0.0,13857982000000.0,2893598000000.0,0.0,,,,,,,,,,,-3199817000000.0,,,,,,3657242000000.0,-763644000000.0,0.0,2893598000000.0,0.0,2893598000000.0,STB,income_statement,-912321000000.0,13857982000000.0,-7272905000000.0,6585077000000.0,1717223000000.0,-798074000000.0,919149000000.0,226741000000.0,0.0,1747000000.0,120973000000.0,-93722000000.0,27251000000.0,9415000000.0,7769380000000.0,4569563000000.0,-763644000000.0,3071.0
STB,2025,1,0.0,13648861000000.0,2896692000000.0,0.0,,,,,,,,,,,-3927147000000.0,,,,,,3674030000000.0,-777338000000.0,0.0,2896692000000.0,0.0,2896692000000.0,STB,income_statement,-195263000000.0,13648861000000.0,-6785688000000.0,6863173000000.0,1433275000000.0,-705460000000.0,727815000000.0,307644000000.0,0.0,1359000000.0,137634000000.0,-241185000000.0,-103551000000.0,0.0,7796440000000.0,3869293000000.0,-777338000000.0,0.0
STB,2024,4,0.0,12600526000000.0,3598078000000.0,1.0,,,,,,,,,,,-3150938000000.0,,,,,,4626364000000.0,-1183139000000.0,154853000000.0,3598078000000.0,0.0,3598078000000.0,STB,income_statement,367259000000.0,12600526000000.0,-6501342000000.0,6099184000000.0,1725193000000.0,-761542000000.0,963651000000.0,275051000000.0,0.0,10136000000.0,169981000000.0,-108853000000.0,61128000000.0,893000000.0,7410043000000.0,4259105000000.0,-1028286000000.0,0.0
STB,2024,3,0.0,12521371000000.0,2201173000000.0,0.0,,,,,,,,,,,-3287498000000.0,,,,,,2751738000000.0,-550565000000.0,0.0,2201173000000.0,0.0,2201173000000.0,STB,income_statement,-1198661000000.0,12521371000000.0,-6156263000000.0,6365108000000.0,1534864000000.0,-778896000000.0,755968000000.0,217524000000.0,0.0,6232000000.0,58737000000.0,-169420000000.0,-110683000000.0,3748000000.0,7237897000000.0,3950399000000.0,-550565000000.0,0.0
STB,2024,2,0.0,12381798000000.0,2176839000000.0,0.0,,,,,,,,,,,-4001037000000.0,,,,,,2688040000000.0,-511201000000.0,0.0,2176839000000.0,0.0,2176839000000.0,STB,income_statement,-465307000000.0,12381798000000.0,-6265232000000.0,6116566000000.0,1503882000000.0,-823361000000.0,680521000000.0,305548000000.0,0.0,17409000000.0,70693000000.0,-36353000000.0,34340000000.0,0.0,7154384000000.0,3153347000000.0,-511201000000.0,2275.0
STB,2024,1,0.0,12485026000000.0,2111405000000.0,0.0,,,,,,,,,,,-3542916000000.0,,,,,,2654223000000.0,-542818000000.0,0.0,2111405000000.0,0.0,2111405000000.0,STB,income_statement,-677655000000.0,12485026000000.0,-6534186000000.0,5950840000000.0,1357298000000.0,-779013000000.0,578285000000.0,307605000000.0,0.0,21770000000.0,69605000000.0,-53311000000.0,16294000000.0,0.0,6874794000000.0,3331878000000.0,-542818000000.0,0.0
STB,2023,4,0.0,13694367000000.0,2258942000000.0,0.0,,,,,,,,,,,-3409696000000.0,,,,,,2754641000000.0,-635469000000.0,139770000000.0,2258942000000.0,0.0,2258942000000.0,STB,income_statement,-544058000000.0,13694367000000.0,-8061279000000.0,5633088000000.0,1432118000000.0,-845875000000.0,586243000000.0,296504000000.0,0.0,-9579000000.0,265296000000.0,-63963000000.0,201333000000.0,806000000.0,6708395000000.0,3298699000000.0,-495699000000.0,0.0
STB,2023,3,0.0,13651131000000.0,1634592000000.0,0.0,,,,,,,,,,,-3014859000000.0,,,,,,2085293000000.0,-450701000000.0,0.0,1634592000000.0,0.0,1634592000000.0,STB,income_statement,-826697000000.0,13651131000000.0,-8800023000000.0,4851108000000.0,1562211000000.0,-842696000000.0,719515000000.0,299692000000.0,0.0,16071000000.0,45599000000.0,-15573000000.0,30026000000.0,10437000000.0,5926849000000.0,2911990000000.0,-450701000000.0,0.0
STB,2023,2,1.0,14673964000000.0,1925126000000.0,1.0,,,,,,,,,,,-3049214000000.0,,,,,,2372538000000.0,-447412000000.0,0.0,1925126000000.0,0.0,1925126000000.0,STB,income_statement,-1315656000000.0,14673964000000.0,-8922528000000.0,5751436000000.0,1613206000000.0,-959444000000.0,653762000000.0,245060000000.0,0.0,21196000000.0,84141000000.0,-18186000000.0,65955000000.0,-1000000.0,6737408000000.0,3688194000000.0,-447412000000.0,2029.0
STB,2023,1,1.0,13907868000000.0,1899957000000.0,0.0,,,,,,,,,,,-3416137000000.0,,,,,,2382528000000.0,-482571000000.0,0.0,1899957000000.0,0.0,1899957000000.0,STB,income_statement,-1001695000000.0,13907868000000.0,-8071166000000.0,5836702000000.0,1529175000000.0,-870792000000.0,658383000000.0,258292000000.0,0.0,6129000000.0,50411000000.0,-21152000000.0,29259000000.0,11595000000.0,6800360000000.0,3384223000000.0,-482571000000.0,0.0
STB,2022,4,1.0,12036905000000.0,1751123000000.0,1.0,,,,,,,,,,,-2645824000000.0,,,,,,1899038000000.0,-18105000000.0,-129810000000.0,1751123000000.0,0.0,1751123000000.0,STB,income_statement,-3287772000000.0,12036905000000.0,-5993507000000.0,6043398000000.0,1950534000000.0,-1064108000000.0,886426000000.0,303193000000.0,0.0,-19574000000.0,683761000000.0,-64576000000.0,619185000000.0,6000000.0,7832634000000.0,5186810000000.0,-147915000000.0,0.0
STB,2022,3,0.0,10633692000000.0,1211607000000.0,1.0,,,,,,,,,,,-3097107000000.0,,,,,,1532027000000.0,-320420000000.0,0.0,1211607000000.0,0.0,1211607000000.0,STB,income_statement,-2425071000000.0,10633692000000.0,-4871714000000.0,5761978000000.0,1869613000000.0,-838154000000.0,1031459000000.0,219545000000.0,0.0,-2221000000.0,66966000000.0,-26071000000.0,40895000000.0,2549000000.0,7054205000000.0,3957098000000.0,-320420000000.0,0.0
STB,2022,2,0.0,7225005000000.0,803889000000.0,0.0,,,,,,,,,,,-2389672000000.0,,,,,,1319061000000.0,-515172000000.0,0.0,803889000000.0,0.0,803889000000.0,STB,income_statement,-2420457000000.0,7225005000000.0,-4622706000000.0,2602299000000.0,2399372000000.0,-658794000000.0,1740578000000.0,241574000000.0,0.0,4304000000.0,1559504000000.0,-19814000000.0,1539690000000.0,745000000.0,6129190000000.0,3739518000000.0,-515172000000.0,1104.0
STB,2022,1,0.0,7495246000000.0,1274076000000.0,1.0,,,,,,,,,,,-2831806000000.0,,,,,,1588946000000.0,-314870000000.0,0.0,1274076000000.0,0.0,1274076000000.0,STB,income_statement,-704509000000.0,7495246000000.0,-4755787000000.0,2739459000000.0,2110416000000.0,-574799000000.0,1535617000000.0,297932000000.0,0.0,-2492000000.0,563972000000.0,-18393000000.0,545579000000.0,9166000000.0,5125261000000.0,2293455000000.0,-314870000000.0,0.0
STB,2021,4,0.0,6597908000000.0,857867000000.0,0.0,,,,,,,,,,,-2399883000000.0,,,,,,1150763000000.0,-245392000000.0,-47504000000.0,857867000000.0,0.0,857867000000.0,STB,income_statement,-1063759000000.0,6597908000000.0,-4103022000000.0,2494886000000.0,2554417000000.0,-575458000000.0,1978959000000.0,212160000000.0,0.0,43521000000.0,132862000000.0,-247981000000.0,-115119000000.0,-2000000.0,4614405000000.0,2214522000000.0,-292896000000.0,0.0
STB,2021,3,0.0,7740806000000.0,639728000000.0,0.0,,,,,,,,,,,-2423811000000.0,,,,,,824771000000.0,-185043000000.0,0.0,639728000000.0,0.0,639728000000.0,STB,income_statement,-949878000000.0,7740806000000.0,-4427778000000.0,3313028000000.0,1062325000000.0,-472492000000.0,589833000000.0,150086000000.0,0.0,68621000000.0,148566000000.0,-109440000000.0,39126000000.0,37766000000.0,4198460000000.0,1774649000000.0,-185043000000.0,0.0
STB,2021,2,0.0,7697174000000.0,1112839000000.0,2.0,,,,,,,,,,,-2336056000000.0,,,,,,1424248000000.0,-311409000000.0,0.0,1112839000000.0,0.0,1112839000000.0,STB,income_statement,-985809000000.0,7697174000000.0,-4548965000000.0,3148209000000.0,1478293000000.0,-541975000000.0,936318000000.0,167745000000.0,0.0,17168000000.0,499444000000.0,-24362000000.0,475082000000.0,1591000000.0,4746113000000.0,2410057000000.0,-311409000000.0,0.0
STB,2021,1,0.0,7654848000000.0,801062000000.0,0.0,,,,,,,,,,,-2669373000000.0,,,,,,1000244000000.0,-199182000000.0,0.0,801062000000.0,0.0,801062000000.0,STB,income_statement,-475722000000.0,7654848000000.0,-4646484000000.0,3008364000000.0,1335613000000.0,-498204000000.0,837409000000.0,207102000000.0,0.0,34354000000.0,84326000000.0,-26309000000.0,58017000000.0,93000000.0,4145339000000.0,1475966000000.0,-199182000000.0,0.0
STB,2020,4,0.0,8120099000000.0,836610000000.0,1.0,,,,,,,,,,,-3939271000000.0,,,,,,1013587000000.0,-458238000000.0,281261000000.0,836610000000.0,0.0,836610000000.0,STB,income_statement,-63590000000.0,8120099000000.0,-5106479000000.0,3013620000000.0,1546863000000.0,-470531000000.0,1076332000000.0,252048000000.0,0.0,120579000000.0,601190000000.0,-16968000000.0,584222000000.0,-30353000000.0,5016448000000.0,1077177000000.0,-176977000000.0,0.0
STB,2020,3,0.0,8611597000000.0,716260000000.0,0.0,,,,,,,,,,,-2625228000000.0,,,,,,897259000000.0,-180999000000.0,0.0,716260000000.0,0.0,716260000000.0,STB,income_statement,-1287560000000.0,8611597000000.0,-5575739000000.0,3035858000000.0,1712219000000.0,-463336000000.0,1248883000000.0,159386000000.0,0.0,5986000000.0,366072000000.0,-7872000000.0,358200000000.0,1734000000.0,4810047000000.0,2184819000000.0,-180999000000.0,692.0
STB,2020,2,0.0,8369258000000.0,343370000000.0,0.0,,,,,,,,,,,-1973154000000.0,,,,,,440551000000.0,-97181000000.0,0.0,343370000000.0,0.0,343370000000.0,STB,income_statement,-1147557000000.0,8369258000000.0,-5732059000000.0,2637199000000.0,1091313000000.0,-393809000000.0,697504000000.0,165622000000.0,0.0,-50526000000.0,131546000000.0,-21260000000.0,110286000000.0,1177000000.0,3561262000000.0,1588108000000.0,-97181000000.0,0.0
STB,2020,1,0.0,8486713000000.0,785741000000.0,0.0,,,,,,,,,,,-2477566000000.0,,,,,,987883000000.0,-202142000000.0,0.0,785741000000.0,0.0,785741000000.0,STB,income_statement,-417663000000.0,8486713000000.0,-5646836000000.0,2839877000000.0,1126417000000.0,-405121000000.0,721296000000.0,232683000000.0,0.0,18004000000.0,82415000000.0,-11391000000.0,71024000000.0,228000000.0,3883112000000.0,1405546000000.0,-202142000000.0,0.0
STB,2019,4,0.0,7373683000000.0,531568000000.0,0.0,,,,,,,,,,,-2579237000000.0,,,,,,725683000000.0,-223775000000.0,29660000000.0,531568000000.0,0.0,531568000000.0,STB,income_statement,-469298000000.0,7373683000000.0,-5598159000000.0,1775524000000.0,1628215000000.0,-436194000000.0,1192021000000.0,186381000000.0,0.0,19645000000.0,582035000000.0,-5652000000.0,576383000000.0,24264000000.0,3774218000000.0,1194981000000.0,-194115000000.0,0.0
STB,2019,3,0.0,8451686000000.0,771869000000.0,4.0,,,,,,,,,,,-2351354000000.0,,,,,,1029837000000.0,-257968000000.0,0.0,771869000000.0,0.0,771869000000.0,STB,income_statement,-637428000000.0,8451686000000.0,-5526860000000.0,2924826000000.0,1122973000000.0,-375719000000.0,747254000000.0,202193000000.0,0.0,28185000000.0,166836000000.0,-52266000000.0,114570000000.0,1591000000.0,4018619000000.0,1667265000000.0,-257968000000.0,0.0
STB,2019,2,0.0,7300322000000.0,307185000000.0,0.0,,,,,,,,,,,-2284831000000.0,,,,,,399782000000.0,-92597000000.0,0.0,307185000000.0,0.0,307185000000.0,STB,income_statement,-616179000000.0,7300322000000.0,-5277842000000.0,2022480000000.0,1082505000000.0,-340913000000.0,741592000000.0,107408000000.0,0.0,2135000000.0,431599000000.0,-5152000000.0,426447000000.0,730000000.0,3300792000000.0,1015961000000.0,-92597000000.0,638.0
STB,2019,1,0.0,7351280000000.0,844242000000.0,1.0,,,,,,,,,,,-2050281000000.0,,,,,,1061444000000.0,-217202000000.0,0.0,844242000000.0,0.0,844242000000.0,STB,income_statement,-429984000000.0,7351280000000.0,-4893422000000.0,2457858000000.0,969750000000.0,-327627000000.0,642123000000.0,112766000000.0,0.0,22799000000.0,305004000000.0,-1217000000.0,303787000000.0,2376000000.0,3541709000000.0,1491428000000.0,-217202000000.0,0.0
STB,2018,4,0.0,6953847000000.0,858971000000.0,1.0,,,,,,,,,,,-2371780000000.0,,,,,,932490000000.0,-62974000000.0,-10545000000.0,858971000000.0,0.0,858971000000.0,STB,income_statement,-413718000000.0,6953847000000.0,-4843809000000.0,2110038000000.0,1289120000000.0,-367239000000.0,921881000000.0,88395000000.0,0.0,-29335000000.0,627528000000.0,-1103000000.0,626425000000.0,584000000.0,3717988000000.0,1346208000000.0,-73519000000.0,0.0
STB,2018,3,0.0,6910294000000.0,163180000000.0,0.0,,,,,,,,,,,-1963458000000.0,,,,,,318431000000.0,-155251000000.0,0.0,163180000000.0,0.0,163180000000.0,STB,income_statement,-664122000000.0,6910294000000.0,-4840089000000.0,2070205000000.0,899361000000.0,-272878000000.0,626483000000.0,153702000000.0,3304000000.0,-770000000.0,93405000000.0,-1543000000.0,91862000000.0,1225000000.0,2946011000000.0,982553000000.0,-155251000000.0,0.0
STB,2018,2,0.0,6385204000000.0,371279000000.0,0.0,,,,,,,,,,,-1743875000000.0,,,,,,492303000000.0,-120445000000.0,-579000000.0,371279000000.0,0.0,371279000000.0,STB,income_statement,-433271000000.0,6385204000000.0,-4603508000000.0,1781696000000.0,831423000000.0,-241955000000.0,589468000000.0,105117000000.0,1705000000.0,31738000000.0,173091000000.0,-14366000000.0,158725000000.0,1000000000.0,2669449000000.0,925574000000.0,-121024000000.0,0.0
STB,2018,1,0.0,6046226000000.0,396726000000.0,1.0,,,,,,,,,,,-1758717000000.0,,,,,,503767000000.0,-107041000000.0,0.0,396726000000.0,0.0,396726000000.0,STB,income_statement,-81003000000.0,6046226000000.0,-4374371000000.0,1671855000000.0,752134000000.0,-207822000000.0,544312000000.0,54064000000.0,-1705000000.0,19590000000.0,57006000000.0,-1635000000.0,55371000000.0,0.0,2343487000000.0,584770000000.0,-107041000000.0,0.0
STB,2017,4,0.0,6029956000000.0,401529000000.0,7.0,,,,,,,,,,,-1964538000000.0,,,,,,462985000000.0,-73107000000.0,11651000000.0,401529000000.0,0.0,401529000000.0,STB,income_statement,-621198000000.0,6029956000000.0,-4510379000000.0,1519577000000.0,1564375000000.0,-234637000000.0,1329738000000.0,21765000000.0,0.0,28087000000.0,152289000000.0,-2243000000.0,150046000000.0,-492000000.0,3048721000000.0,1084183000000.0,-61456000000.0,0.0
STB,2017,3,0.0,5852032000000.0,307282000000.0,1.0,,,,,,,,,,,-1648012000000.0,,,,,,449877000000.0,-142595000000.0,0.0,307282000000.0,0.0,307282000000.0,STB,income_statement,-138862000000.0,5852032000000.0,-4155568000000.0,1696464000000.0,663757000000.0,-208042000000.0,455715000000.0,92928000000.0,5638000000.0,1891000000.0,86153000000.0,-2557000000.0,83596000000.0,-99481000000.0,2236751000000.0,588739000000.0,-142595000000.0,0.0
STB,2017,2,0.0,5031979000000.0,253440000000.0,3.0,,,,,,,,,,,-1322565000000.0,,,,,,266412000000.0,-11717000000.0,-1255000000.0,253440000000.0,0.0,253440000000.0,STB,income_statement,-86698000000.0,5031979000000.0,-4020793000000.0,1011186000000.0,635162000000.0,-178164000000.0,456998000000.0,82049000000.0,2203000000.0,98936000000.0,14596000000.0,-2000000000.0,12596000000.0,11707000000.0,1675675000000.0,353110000000.0,-12972000000.0,0.0
STB,2017,1,0.0,4874971000000.0,210538000000.0,0.0,,,,,,,,,,,-1377789000000.0,,,,,,309456000000.0,-52479000000.0,-46439000000.0,210538000000.0,0.0,210538000000.0,STB,income_statement,970000000.0,4874971000000.0,-3823427000000.0,1051544000000.0,577526000000.0,-194702000000.0,382824000000.0,147226000000.0,6124000000.0,28610000000.0,70070000000.0,-1233000000.0,68837000000.0,1110000000.0,1686275000000.0,308486000000.0,-98918000000.0,0.0
STB,2016,4,0.0,4962454000000.0,-64068000000.0,1.0,,,,,,,,,,,-1382539000000.0,,,,,,-52919000000.0,-15176000000.0,4027000000.0,-64068000000.0,0.0,-64068000000.0,STB,income_statement,-707845000000.0,4962454000000.0,-3652681000000.0,1309773000000.0,596150000000.0,-186652000000.0,409498000000.0,-276576000000.0,-2629000000.0,-672000000.0,544632000000.0,50866000000.0,595498000000.0,2573000000.0,2037465000000.0,654926000000.0,-11149000000.0,0.0
STB,2016,3,0.0,4433545000000.0,150171000000.0,-1.0,,,,,,,,,,,-1514820000000.0,,,,,,187028000000.0,-36857000000.0,0.0,150171000000.0,0.0,150171000000.0,STB,income_statement,54178000000.0,4433545000000.0,-3477033000000.0,956512000000.0,523181000000.0,-175778000000.0,347403000000.0,279286000000.0,1176000000.0,27081000000.0,89043000000.0,-56008000000.0,33035000000.0,3177000000.0,1647670000000.0,132850000000.0,-36857000000.0,0.0
STB,2016,2,0.0,3950253000000.0,-159442000000.0,-1.0,,,,,,,,,,,-1316414000000.0,,,,,,-177519000000.0,13555000000.0,4522000000.0,-159442000000.0,0.0,-159442000000.0,STB,income_statement,7035000000.0,3950253000000.0,-3434560000000.0,515693000000.0,520662000000.0,-160446000000.0,360216000000.0,199066000000.0,2289000000.0,13674000000.0,20649000000.0,-2753000000.0,17896000000.0,23026000000.0,1131860000000.0,-184554000000.0,18077000000.0,0.0
STB,2016,1,0.0,4522150000000.0,161948000000.0,-1.0,,,,,,,,,,,-1464550000000.0,,,,,,199001000000.0,-37053000000.0,0.0,161948000000.0,0.0,161948000000.0,STB,income_statement,-49611000000.0,4522150000000.0,-3283431000000.0,1238719000000.0,472840000000.0,-159913000000.0,312927000000.0,63252000000.0,-1589000000.0,5752000000.0,93292000000.0,-2757000000.0,90535000000.0,3566000000.0,1713162000000.0,248612000000.0,-37053000000.0,0.0
STB,2015,4,0.0,4165593091031.0,-521442206073.0,-3.0,,,,,,,,,,,-1224527423130.0,,,,,,-671189280663.0,150778151102.0,-1031076512.0,-521442206073.0,0.0,-521442206073.0,STB,income_statement,-1128632400917.0,4165593091031.0,-3252074711363.0,913518379668.0,491198748994.0,-139948118241.0,351250630753.0,-29445069143.0,16176867981.0,-56794071795.0,504929009480.0,-15011297837.0,489917711643.0,-2653905723.0,1681970543384.0,457443120254.0,149747074590.0,-65.0
STB,2015,3,0.0,3963645367541.0,487909894205.0,0.0,,,,,,,,,,,-1372636465283.0,,,,,,615377310566.0,-127467558255.0,0.0,487909752311.0,141894.0,487909894205.0,STB,income_statement,-305897947658.0,3963645367541.0,-2056046739653.0,1907598627888.0,454648689514.0,-156062152420.0,298586537094.0,70274122972.0,-979914324.0,-7826044248.0,9638827605.0,14513768272.0,24152595877.0,2105798248.0,2293911723507.0,921275258224.0,-127467558255.0,0.0
STB,2015,2,0.0,3865368159540.0,543246929618.0,0.0,,,,,,,,,,,-1162852155420.0,,,,,,713403951810.0,-170156912012.0,0.0,543247039798.0,-110180.0,543246929618.0,STB,income_statement,-366147604406.0,3865368159540.0,-2011588301632.0,1853779857908.0,428114697402.0,-145784823756.0,282329873646.0,74815247008.0,-171563100.0,-2136925121.0,24735818322.0,-9687597027.0,15048221295.0,18739000000.0,2242403711636.0,1079551556216.0,-170156912012.0,1033.0
STB,2015,1,0.0,3950204840460.0,636543070382.0,0.0,,,,,,,,,,,-1102003844580.0,,,,,,811907048190.0,-175364087988.0,0.0,636542960202.0,110180.0,636543070382.0,STB,income_statement,-331630395594.0,3950204840460.0,-2010158698368.0,1940046142092.0,374466302598.0,-127380176244.0,247086126354.0,43380752992.0,-3569436900.0,5737925121.0,29924181678.0,-20674402973.0,9249778705.0,3610000000.0,2245541288364.0,1143537443784.0,-175364087988.0,0.0
STB,2014,4,0.0,3335849000000.0,334242000000.0,0.0,,,,,,,,,,,-1279091000000.0,,,,,,423834000000.0,-45392000000.0,-44200000000.0,334242000000.0,0.0,334242000000.0,STB,income_statement,-191270000000.0,3335849000000.0,-2081862000000.0,1253987000000.0,381833000000.0,-130469000000.0,251364000000.0,42082000000.0,64015000000.0,233614000000.0,50840000000.0,-17569000000.0,33271000000.0,15862000000.0,1894195000000.0,615104000000.0,-89592000000.0,0.0
STB,2014,3,0.0,4018016000000.0,607623000000.0,0.0,,,,,,,,,,,-1061043000000.0,,,,,,778164000000.0,-170538000000.0,0.0,607626000000.0,-3000000.0,607623000000.0,STB,income_statement,-466436000000.0,4018016000000.0,-2160138000000.0,1857878000000.0,363295000000.0,-135943000000.0,227352000000.0,23349000000.0,103726000000.0,48961000000.0,28578000000.0,-11953000000.0,16625000000.0,27752000000.0,2305643000000.0,1244600000000.0,-170538000000.0,0.0
STB,2014,2,0.0,4024706000000.0,649412420000.0,0.0,,,,,,,,,,,-1124741000000.0,,,,,,830476000000.0,-181628000000.0,561000000.0,649409000000.0,3420000.0,649412420000.0,STB,income_statement,-209528000000.0,4024706000000.0,-2133913000000.0,1890793000000.0,326755000000.0,-134388000000.0,192367000000.0,50935000000.0,-85073000000.0,8278000000.0,117275000000.0,-23925000000.0,93350000000.0,14095000000.0,2164745000000.0,1040004000000.0,-181067000000.0,560.0
STB,2014,1,0.0,3817395000000.0,620835580000.0,0.0,,,,,,,,,,,-995740000000.0,,,,,,793802000000.0,-172966000000.0,0.0,620836000000.0,-420000.0,620835580000.0,STB,income_statement,-95354000000.0,3817395000000.0,-2255398000000.0,1561997000000.0,352377000000.0,-94581000000.0,257796000000.0,77883000000.0,100418000000.0,-121828000000.0,15517000000.0,-5599000000.0,9918000000.0,-1288000000.0,1884896000000.0,889156000000.0,-172966000000.0,552.0
STB,2013,4,0.0,3906903000000.0,571356000000.0,0.0,,,,,,,,,,,-974639000000.0,,,,,,742901000000.0,33122000000.0,-204669000000.0,571354000000.0,2000000.0,571356000000.0,STB,income_statement,-21815000000.0,3906903000000.0,-2328133000000.0,1578770000000.0,256149000000.0,-82392000000.0,173757000000.0,-287000000.0,-45029000000.0,-70612000000.0,10665000000.0,-26126000000.0,-15461000000.0,118217000000.0,1739355000000.0,764716000000.0,-171547000000.0,0.0
STB,2013,3,0.0,4031789000000.0,508720000000.0,0.0,,,,,,,,,,,-1183155000000.0,,,,,,699617000000.0,-190897000000.0,0.0,508720000000.0,0.0,508720000000.0,STB,income_statement,-163587000000.0,4031789000000.0,-2424870000000.0,1606919000000.0,485578000000.0,-184501000000.0,301077000000.0,73083000000.0,-44389000000.0,-1346000000.0,108971000000.0,-7016000000.0,101955000000.0,9060000000.0,2046359000000.0,863204000000.0,-190897000000.0,0.0
STB,2013,2,0.0,4111535000000.0,473404440000.0,0.0,,,,,,,,,,,-950502000000.0,,,,,,624528000000.0,-151124000000.0,0.0,473404000000.0,440000.0,473404440000.0,STB,income_statement,-41742000000.0,4111535000000.0,-2480608000000.0,1630927000000.0,273068000000.0,-33873000000.0,239195000000.0,-358854000000.0,2143000000.0,84263000000.0,6080000000.0,-1409000000.0,4671000000.0,14427000000.0,1616772000000.0,666270000000.0,-151124000000.0,486.0
STB,2013,1,0.0,4244105000000.0,675741560000.0,0.0,,,,,,,,,,,-1097635000000.0,,,,,,893011000000.0,-217269000000.0,0.0,675742000000.0,-440000.0,675741560000.0,STB,income_statement,-207487000000.0,4244105000000.0,-2433294000000.0,1810811000000.0,406772000000.0,-172889000000.0,233883000000.0,82725000000.0,19515000000.0,15368000000.0,6597000000.0,-1388000000.0,5209000000.0,30622000000.0,2198133000000.0,1100498000000.0,-217269000000.0,694.0
MSN,2025,4,0.0,23300560000000.0,1473959000000.0,1.0,320932000000.0,-1231475000000.0,23300560000000.0,-54735000000.0,23245825000000.0,-15990388000000.0,7255437000000.0,-1604397000000.0,1384279000000.0,-3807505000000.0,-906060000000.0,2642686000000.0,123921000000.0,0.0,-99230000000.0,24691000000.0,2667377000000.0,-324815000000.0,-47219000000.0,2295343000000.0,821384000000.0,1473959000000.0,MSN,income_statement,,,,,,,,,,,,,,,,,,
MSN,2025,3,0.0,21255663000000.0,1208655000000.0,1.0,829131000000.0,-1682274000000.0,21255663000000.0,-91837000000.0,21163826000000.0,-14722324000000.0,6441502000000.0,-2041610000000.0,1264615000000.0,-3356425000000.0,-1001710000000.0,2135503000000.0,72986000000.0,0.0,-56418000000.0,16568000000.0,2152071000000.0,-310787000000.0,24468000000.0,1865752000000.0,657097000000.0,1208655000000.0,MSN,income_statement,,,,,,,,,,,,,,,,,,
MSN,2025,2,0.0,18425059000000.0,1032192000000.0,1.0,367427000000.0,-1111787000000.0,18425059000000.0,-109919000000.0,18315140000000.0,-12625712000000.0,5689428000000.0,-1387959000000.0,1241070000000.0,-3328768000000.0,-956663000000.0,1624535000000.0,238346000000.0,0.0,-16608000000.0,221738000000.0,1846273000000.0,-183243000000.0,-43654000000.0,1619376000000.0,587184000000.0,1032192000000.0,MSN,income_statement,,,,,,,,,,,,,,,,,,
MSN,2025,1,0.0,18946395000000.0,393500000000.0,3.0,576758000000.0,-1392622000000.0,18946395000000.0,-49857000000.0,18896538000000.0,-12702295000000.0,6194243000000.0,-1882532000000.0,1190093000000.0,-3709832000000.0,-849360000000.0,1519370000000.0,11235000000.0,0.0,-308236000000.0,-297001000000.0,1222369000000.0,-217864000000.0,-21465000000.0,983040000000.0,589540000000.0,393500000000.0,MSN,income_statement,,,,,,,,,,,,,,,,,,
MSN,2024,4,0.0,22735941000000.0,691055000000.0,13.0,1967701000000.0,-1526425000000.0,22735941000000.0,-34410000000.0,22701531000000.0,-15638991000000.0,7062540000000.0,-1917003000000.0,763709000000.0,-3604582000000.0,-905824000000.0,3366541000000.0,68022000000.0,0.0,-777933000000.0,-709911000000.0,2656630000000.0,-605522000000.0,-504550000000.0,1546558000000.0,855503000000.0,691055000000.0,MSN,income_statement,,,,,,,,,,,,,,,,,,
MSN,2024,3,0.0,21574637000000.0,701071000000.0,13.0,854509000000.0,-1707361000000.0,21574637000000.0,-87742000000.0,21486895000000.0,-15066285000000.0,6420610000000.0,-2032036000000.0,1158157000000.0,-3678318000000.0,-1129210000000.0,1593712000000.0,35316000000.0,0.0,-63278000000.0,-27962000000.0,1565750000000.0,-371275000000.0,106538000000.0,1301013000000.0,599942000000.0,701071000000.0,MSN,income_statement,,,,,,,,,,,,,,,,,,
MSN,2024,2,0.0,20203516000000.0,502577000000.0,4.0,647309000000.0,-1549022000000.0,20203516000000.0,-69120000000.0,20134396000000.0,-14216646000000.0,5917750000000.0,-2051759000000.0,1273366000000.0,-3702498000000.0,-910503000000.0,1173665000000.0,58136000000.0,0.0,-63041000000.0,-4905000000.0,1168760000000.0,-239401000000.0,16603000000.0,945962000000.0,443385000000.0,502577000000.0,MSN,income_statement,,,,,,,,,,,,,,,,,,
MSN,2024,1,0.0,18942352000000.0,104356000000.0,-1.0,574011000000.0,-1621898000000.0,18942352000000.0,-87454000000.0,18854898000000.0,-13600060000000.0,5254838000000.0,-1899341000000.0,1248537000000.0,-3579977000000.0,-971437000000.0,626631000000.0,18552000000.0,0.0,-11520000000.0,7032000000.0,633663000000.0,-294738000000.0,139926000000.0,478851000000.0,374495000000.0,104356000000.0,MSN,income_statement,,,,,,,,,,,,,,,,,,
MSN,2023,4,0.0,20860307000000.0,50110000000.0,-1.0,644411000000.0,-1669014000000.0,20860307000000.0,-78387000000.0,20781920000000.0,-15014087000000.0,5767833000000.0,-1614622000000.0,945882000000.0,-3820368000000.0,-1030071000000.0,893065000000.0,84343000000.0,0.0,-29575000000.0,54768000000.0,947833000000.0,-495321000000.0,64264000000.0,516776000000.0,466666000000.0,50110000000.0,MSN,income_statement,,,,,,,,,,,,,,,,,,
MSN,2023,3,0.0,20244809000000.0,48376000000.0,-1.0,420977000000.0,-1744521000000.0,20244809000000.0,-89898000000.0,20154911000000.0,-14215276000000.0,5939635000000.0,-2386183000000.0,1048977000000.0,-3623606000000.0,-956812000000.0,442988000000.0,163235000000.0,0.0,-23318000000.0,139917000000.0,582905000000.0,-318800000000.0,220408000000.0,484513000000.0,436137000000.0,48376000000.0,MSN,income_statement,,,,,,,,,,,,,,,,,,
MSN,2023,2,0.0,18696931000000.0,105294000000.0,-1.0,689805000000.0,-1785953000000.0,18696931000000.0,-88370000000.0,18608561000000.0,-13281084000000.0,5327477000000.0,-2139281000000.0,923588000000.0,-3432137000000.0,-902880000000.0,466572000000.0,18075000000.0,0.0,-33756000000.0,-15681000000.0,450891000000.0,-256119000000.0,234415000000.0,429187000000.0,323893000000.0,105294000000.0,MSN,income_statement,,,,,,,,,,,,,,,,,,
MSN,2023,1,0.0,18714952000000.0,214915000000.0,-1.0,650012000000.0,-1746572000000.0,18714952000000.0,-8725000000.0,18706227000000.0,-13620060000000.0,5086167000000.0,-1989427000000.0,977535000000.0,-3316244000000.0,-860239000000.0,547804000000.0,44323000000.0,0.0,-10782000000.0,33541000000.0,581345000000.0,-218546000000.0,76652000000.0,439451000000.0,224536000000.0,214915000000.0,MSN,income_statement,,,,,,,,,,,,,,,,,,
MSN,2022,4,0.0,20722018000000.0,447050000000.0,-1.0,654309000000.0,-1486306000000.0,20722018000000.0,-79237000000.0,20642781000000.0,-15088612000000.0,5554169000000.0,-1822737000000.0,749326000000.0,-3250042000000.0,-922716000000.0,962309000000.0,103036000000.0,0.0,-162040000000.0,-59004000000.0,903305000000.0,-199110000000.0,99359000000.0,803554000000.0,356504000000.0,447050000000.0,MSN,income_statement,,,,,,,,,,,,,,,,,,
MSN,2022,3,0.0,19577827000000.0,543155000000.0,-1.0,330194000000.0,-1126241000000.0,19577827000000.0,-54772000000.0,19523055000000.0,-14098747000000.0,5424308000000.0,-1666642000000.0,1144826000000.0,-3284082000000.0,-985235000000.0,963369000000.0,35374000000.0,0.0,-89851000000.0,-54477000000.0,908892000000.0,-230839000000.0,162931000000.0,840984000000.0,297829000000.0,543155000000.0,MSN,income_statement,,,,,,,,,,,,,,,,,,
MSN,2022,2,0.0,17862146000000.0,980911000000.0,0.0,585014000000.0,-1073800000000.0,17862146000000.0,-28093000000.0,17834053000000.0,-12866613000000.0,4967440000000.0,-1576125000000.0,1251638000000.0,-2933387000000.0,-1025072000000.0,1269508000000.0,61066000000.0,0.0,-69387000000.0,-8321000000.0,1261187000000.0,-68216000000.0,21902000000.0,1214873000000.0,233962000000.0,980911000000.0,MSN,income_statement,,,,,,,,,,,,,,,,,,
MSN,2022,1,0.0,18218759000000.0,1595880000000.0,8.0,1006046000000.0,-1161355000000.0,18218759000000.0,-29423000000.0,18189336000000.0,-13100229000000.0,5089107000000.0,-1296138000000.0,1193860000000.0,-3044028000000.0,-921291000000.0,2027556000000.0,80231000000.0,0.0,-34021000000.0,46210000000.0,2073766000000.0,-128585000000.0,-50208000000.0,1894973000000.0,299093000000.0,1595880000000.0,MSN,income_statement,,,,,,,,,,,,,,,,,,
MSN,2021,4,0.0,23989594000000.0,6436813000000.0,23.0,6011282000000.0,-1137928000000.0,23989594000000.0,-161791000000.0,23827803000000.0,-16950557000000.0,6877246000000.0,-1560899000000.0,991807000000.0,-3306185000000.0,-1083981000000.0,7929270000000.0,162178000000.0,0.0,-94646000000.0,67532000000.0,7996802000000.0,-691143000000.0,-186803000000.0,7118856000000.0,682043000000.0,6436813000000.0,MSN,income_statement,,,,,,,,,,,,,,,,,,
MSN,2021,3,0.0,23903900000000.0,1147456000000.0,0.0,326610000000.0,-1157486000000.0,23903900000000.0,-299091000000.0,23604809000000.0,-17508621000000.0,6096188000000.0,-1366192000000.0,933881000000.0,-3083017000000.0,-1170650000000.0,1736820000000.0,146681000000.0,0.0,-20435000000.0,126246000000.0,1863066000000.0,-405005000000.0,128271000000.0,1586332000000.0,438876000000.0,1147456000000.0,MSN,income_statement,,,,,,,,,,,,,,,,,,
MSN,2021,2,0.0,21577402000000.0,791243000000.0,3.0,245419000000.0,-1179868000000.0,21577402000000.0,-358108000000.0,21219294000000.0,-16372047000000.0,4847247000000.0,-1396712000000.0,1024394000000.0,-2668793000000.0,-907764000000.0,1143791000000.0,140481000000.0,0.0,-142409000000.0,-1928000000.0,1141863000000.0,-216415000000.0,128014000000.0,1053462000000.0,262219000000.0,791243000000.0,MSN,income_statement,,,,,,,,,,,,,,,,,,
MSN,2021,1,0.0,20320723000000.0,187370000000.0,3.0,216267000000.0,-1194144000000.0,20320723000000.0,-343862000000.0,19976861000000.0,-15662741000000.0,4314120000000.0,-1382728000000.0,946559000000.0,-2728343000000.0,-902574000000.0,463301000000.0,51810000000.0,0.0,-28058000000.0,23752000000.0,487053000000.0,-186686000000.0,42364000000.0,342731000000.0,155361000000.0,187370000000.0,MSN,income_statement,,,,,,,,,,,,,,,,,,
MSN,2020,4,1.0,22100147000000.0,265226000000.0,-1.0,177224000000.0,-1138157000000.0,22100147000000.0,-500616000000.0,21599531000000.0,-16384772000000.0,5214759000000.0,-1420426000000.0,831300000000.0,-3537186000000.0,-519668000000.0,746003000000.0,548516000000.0,0.0,-321222000000.0,227294000000.0,973297000000.0,-377266000000.0,-11638000000.0,584393000000.0,319167000000.0,265226000000.0,MSN,income_statement,,,,,,,,,,,,,,,,,,
MSN,2020,3,1.0,20614349000000.0,851502000000.0,-1.0,158539000000.0,-1090959000000.0,20614349000000.0,-400041000000.0,20214308000000.0,-15396469000000.0,4817839000000.0,-1277077000000.0,676550000000.0,-3315413000000.0,-850418000000.0,210020000000.0,977685000000.0,0.0,-87303000000.0,890382000000.0,1100402000000.0,-238340000000.0,110503000000.0,972565000000.0,121063000000.0,851502000000.0,MSN,income_statement,,,,,,,,,,,,,,,,,,
MSN,2020,2,1.0,18149931000000.0,195362000000.0,-1.0,977810000000.0,-862707000000.0,18149931000000.0,-383549000000.0,17766382000000.0,-13871798000000.0,3894584000000.0,-1076091000000.0,604480000000.0,-3206947000000.0,-869247000000.0,324589000000.0,43580000000.0,0.0,-56774000000.0,-13194000000.0,311395000000.0,-303064000000.0,46077000000.0,54408000000.0,-140954000000.0,195362000000.0,MSN,income_statement,,,,,,,,,,,,,,,,,,
MSN,2020,1,1.0,18003892000000.0,-78108000000.0,-1.0,117090000000.0,-678460000000.0,18003892000000.0,-366305000000.0,17637587000000.0,-13676072000000.0,3961515000000.0,-783077000000.0,527738000000.0,-3106541000000.0,-801563000000.0,-84838000000.0,43481000000.0,0.0,-18898000000.0,24583000000.0,-60255000000.0,-167523000000.0,11425000000.0,-216353000000.0,-138245000000.0,-78108000000.0,MSN,income_statement,,,,,,,,,,,,,,,,,,
MSN,2019,4,0.0,11395953000000.0,1447983000000.0,0.0,237953000000.0,-468817000000.0,11395953000000.0,-420266000000.0,10975687000000.0,-7596401000000.0,3379286000000.0,-519873000000.0,650228000000.0,-1163085000000.0,-654919000000.0,1929590000000.0,103175000000.0,0.0,-11562000000.0,91613000000.0,2021203000000.0,-247905000000.0,-25132000000.0,1748166000000.0,300183000000.0,1447983000000.0,MSN,income_statement,,,,,,,,,,,,,,,,,,
MSN,2019,3,0.0,9323735000000.0,2227890000000.0,2.0,791269000000.0,-492426000000.0,9323735000000.0,-355860000000.0,8967875000000.0,-6536281000000.0,2431594000000.0,-594563000000.0,552159000000.0,-1063296000000.0,-472296000000.0,1644867000000.0,1219577000000.0,0.0,-197156000000.0,1022421000000.0,2667288000000.0,-276054000000.0,33626000000.0,2424860000000.0,196970000000.0,2227890000000.0,MSN,income_statement,,,,,,,,,,,,,,,,,,
MSN,2019,2,0.0,9622617000000.0,1016304000000.0,-1.0,86589000000.0,-451152000000.0,9622617000000.0,-372214000000.0,9250403000000.0,-6583116000000.0,2667287000000.0,-556823000000.0,533246000000.0,-956005000000.0,-485740000000.0,1288554000000.0,1003000000.0,0.0,-14199000000.0,-13196000000.0,1275358000000.0,-114516000000.0,30909000000.0,1191751000000.0,175447000000.0,1016304000000.0,MSN,income_statement,,,,,,,,,,,,,,,,,,
MSN,2019,1,0.0,8476442000000.0,865394000000.0,0.0,72372000000.0,-453620000000.0,8476442000000.0,-316320000000.0,8160122000000.0,-5697141000000.0,2462981000000.0,-529303000000.0,446777000000.0,-812509000000.0,-490453000000.0,1149865000000.0,1595000000.0,0.0,-10219000000.0,-8624000000.0,1141241000000.0,-152108000000.0,10705000000.0,999838000000.0,134444000000.0,865394000000.0,MSN,income_statement,,,,,,,,,,,,,,,,,,
MSN,2018,4,0.0,11889236000000.0,1137506000000.0,0.0,142897000000.0,-539222000000.0,11889236000000.0,-331354000000.0,11557882000000.0,-8019375000000.0,3538507000000.0,-678083000000.0,484483000000.0,-1404730000000.0,-632290000000.0,1450784000000.0,0.0,0.0,-11315000000.0,-11315000000.0,1439469000000.0,-232863000000.0,78784000000.0,1285390000000.0,147884000000.0,1137506000000.0,MSN,income_statement,,,,,,,,,,,,,,,,,,
MSN,2018,3,0.0,9450824000000.0,748010000000.0,0.0,125365000000.0,-757024000000.0,9450824000000.0,-279470000000.0,9171354000000.0,-6397520000000.0,2773834000000.0,-840287000000.0,442416000000.0,-934405000000.0,-451403000000.0,1115520000000.0,2671000000.0,0.0,-20935000000.0,-18264000000.0,1097256000000.0,-173030000000.0,-6159000000.0,918067000000.0,170057000000.0,748010000000.0,MSN,income_statement,,,,,,,,,,,,,,,,,,
MSN,2018,2,0.0,9407602000000.0,2214913000000.0,9.0,1547263000000.0,-743283000000.0,9407602000000.0,-223214000000.0,9184388000000.0,-6376830000000.0,2807558000000.0,-791154000000.0,470369000000.0,-1018219000000.0,-479370000000.0,2536447000000.0,6079000000.0,0.0,-7457000000.0,-1378000000.0,2535069000000.0,-180778000000.0,41280000000.0,2395571000000.0,180658000000.0,2214913000000.0,MSN,income_statement,,,,,,,,,,,,,,,,,,
MSN,2018,1,0.0,8631085000000.0,816068000000.0,2.0,86268000000.0,-757229000000.0,8631085000000.0,-357092000000.0,8273993000000.0,-5512483000000.0,2761510000000.0,-781390000000.0,517072000000.0,-956899000000.0,-452325000000.0,1174236000000.0,7664000000.0,0.0,-9870000000.0,-2206000000.0,1172030000000.0,-140021000000.0,-9532000000.0,1022477000000.0,206409000000.0,816068000000.0,MSN,income_statement,,,,,,,,,,,,,,,,,,
MSN,2017,4,0.0,10537884000000.0,1889920000000.0,1.0,1045093000000.0,-913171000000.0,10537884000000.0,-368544000000.0,10169340000000.0,-6776191000000.0,3393149000000.0,-1070217000000.0,811963000000.0,-1267135000000.0,-550099000000.0,2362754000000.0,5872000000.0,0.0,-26816000000.0,-20944000000.0,2341810000000.0,-237905000000.0,37582000000.0,2141487000000.0,251567000000.0,1889920000000.0,MSN,income_statement,,,,,,,,,,,,,,,,,,
MSN,2017,3,0.0,9691656000000.0,757638000000.0,0.0,89181000000.0,-735123000000.0,9691656000000.0,-259058000000.0,9432598000000.0,-6526489000000.0,2906109000000.0,-776747000000.0,553684000000.0,-1207412000000.0,-462358000000.0,1102457000000.0,4380000000.0,0.0,-14660000000.0,-10280000000.0,1092177000000.0,-151806000000.0,8094000000.0,948465000000.0,190827000000.0,757638000000.0,MSN,income_statement,,,,,,,,,,,,,,,,,,
MSN,2017,2,0.0,9913448000000.0,218063000000.0,-1.0,136226000000.0,-895085000000.0,9913448000000.0,-434605000000.0,9478843000000.0,-6615913000000.0,2862930000000.0,-926011000000.0,353446000000.0,-1601934000000.0,-462706000000.0,361951000000.0,4050000000.0,0.0,-12736000000.0,-8686000000.0,353265000000.0,-117698000000.0,19342000000.0,254909000000.0,36846000000.0,218063000000.0,MSN,income_statement,,,,,,,,,,,,,,,,,,
MSN,2017,1,0.0,8837248000000.0,237043000000.0,0.0,134160000000.0,-891943000000.0,8837248000000.0,-297383000000.0,8539865000000.0,-6070243000000.0,2469622000000.0,-922609000000.0,325137000000.0,-1214391000000.0,-437194000000.0,354725000000.0,3255000000.0,0.0,-6595000000.0,-3340000000.0,351385000000.0,-123552000000.0,34996000000.0,262829000000.0,25786000000.0,237043000000.0,MSN,income_statement,,,,,,,,,,,,,,,,,,
MSN,2016,4,0.0,13628488000000.0,943886000000.0,0.0,218699000000.0,-872343000000.0,13628488000000.0,-479502000000.0,13148986000000.0,-9075263000000.0,4073723000000.0,-968824000000.0,275240000000.0,-1604875000000.0,-562560000000.0,1431403000000.0,6656000000.0,0.0,-11009000000.0,-4353000000.0,1427050000000.0,-310725000000.0,122449000000.0,1238774000000.0,294888000000.0,943886000000.0,MSN,income_statement,,,,,,,,,,,,,,,,,,
MSN,2016,3,0.0,11443435000000.0,813228000000.0,3.0,168708000000.0,-842244000000.0,11443435000000.0,-436703000000.0,11006732000000.0,-7724908000000.0,3281824000000.0,-860218000000.0,314673000000.0,-1194561000000.0,-476922000000.0,1233504000000.0,358000000.0,0.0,-6616000000.0,-6258000000.0,1227246000000.0,-198402000000.0,24690000000.0,1053534000000.0,240306000000.0,813228000000.0,MSN,income_statement,,,,,,,,,,,,,,,,,,
MSN,2016,2,1.0,10808050000000.0,780988000000.0,1.0,163764000000.0,-709454000000.0,10808050000000.0,-435330000000.0,10372720000000.0,-7210329000000.0,3162391000000.0,-729138000000.0,246933000000.0,-1173528000000.0,-377210000000.0,1293212000000.0,5762000000.0,0.0,-22145000000.0,-16383000000.0,1276829000000.0,-211419000000.0,21285000000.0,1086695000000.0,305707000000.0,780988000000.0,MSN,income_statement,,,,,,,,,,,,,,,,,,
MSN,2016,1,2.0,9220203000000.0,253342000000.0,57.0,218023000000.0,-688439000000.0,9220203000000.0,-451577000000.0,8768626000000.0,-6356479000000.0,2412147000000.0,-733046000000.0,143092000000.0,-997539000000.0,-519689000000.0,522988000000.0,1896000000.0,0.0,-9606000000.0,-7710000000.0,515278000000.0,-171775000000.0,49991000000.0,393494000000.0,140152000000.0,253342000000.0,MSN,income_statement,,,,,,,,,,,,,,,,,,
MSN,2015,4,1.0,11772187000000.0,893925000000.0,0.0,482448000000.0,-725717000000.0,11772187000000.0,-272416000000.0,11499771000000.0,-7811393000000.0,3688378000000.0,-726773000000.0,120258000000.0,-1406512000000.0,-512093000000.0,1645706000000.0,2407000000.0,0.0,-13513000000.0,-11106000000.0,1634600000000.0,-316410000000.0,42977000000.0,1361167000000.0,467242000000.0,893925000000.0,MSN,income_statement,,,,,,,,,,,,,,,,,,
MSN,2015,3,1.0,8928167000000.0,220542000000.0,7.0,348478000000.0,0.0,8928167000000.0,-213356000000.0,8714811000000.0,-6118824000000.0,2595987000000.0,-818888000000.0,126979000000.0,-1096706000000.0,-445715000000.0,710135000000.0,8787000000.0,0.0,-36074000000.0,-27287000000.0,682848000000.0,-204128000000.0,14526000000.0,493246000000.0,272704000000.0,220542000000.0,MSN,income_statement,,,,,,,,,,,,,,,,,,
MSN,2015,2,1.0,6998342000000.0,359472000000.0,3.0,408464000000.0,-970889000000.0,6998342000000.0,-168892000000.0,6829450000000.0,-4488102000000.0,2341348000000.0,-649731000000.0,148525000000.0,-1109468000000.0,-387102000000.0,752036000000.0,11010000000.0,0.0,-11399000000.0,-389000000.0,751647000000.0,-168332000000.0,32133000000.0,615448000000.0,255976000000.0,359472000000.0,MSN,income_statement,,,,,,,,,,,,,,,,,,
MSN,2015,1,0.0,3626175000000.0,4354000000.0,1.0,142913000000.0,-399634000000.0,3626175000000.0,-41797000000.0,3584378000000.0,-2401467000000.0,1182911000000.0,-519309000000.0,0.0,-431671000000.0,-319607000000.0,55237000000.0,12309000000.0,103256000000.0,-13167000000.0,-858000000.0,157635000000.0,-128664000000.0,28419000000.0,57390000000.0,53036000000.0,4354000000.0,MSN,income_statement,,,,,,,,,,,,,,,,,,
MSN,2014,4,0.0,5347123000000.0,1385475000000.0,7.0,1218176000000.0,0.0,5347123000000.0,-91361000000.0,5255762000000.0,-2914991000000.0,2340771000000.0,-424546000000.0,0.0,-883144000000.0,-284200000000.0,1967057000000.0,276076000000.0,-46003000000.0,-39576000000.0,236500000000.0,2157554000000.0,-586952000000.0,277750000000.0,1848352000000.0,462877000000.0,1385475000000.0,MSN,income_statement,,,,,,,,,,,,,,,,,,
MSN,2014,3,0.0,4056217000000.0,28024000000.0,-1.0,80324000000.0,0.0,4056217000000.0,-62296000000.0,3993921000000.0,-2362782000000.0,1631139000000.0,-404682000000.0,0.0,-641790000000.0,-258302000000.0,406689000000.0,32559000000.0,-48552000000.0,-44828000000.0,-12269000000.0,345868000000.0,-42237000000.0,-70919000000.0,232712000000.0,204688000000.0,28024000000.0,MSN,income_statement,,,,,,,,,,,,,,,,,,
MSN,2014,2,1.0,4189433000000.0,-226723000000.0,-3.0,79159000000.0,-484015000000.0,4189433000000.0,-65493000000.0,4123940000000.0,-2578841000000.0,1545099000000.0,-564851000000.0,0.0,-721649000000.0,-257180000000.0,80578000000.0,84400000000.0,2178000000.0,-68672000000.0,15728000000.0,98484000000.0,-212481000000.0,47079000000.0,-66918000000.0,159805000000.0,-226723000000.0,MSN,income_statement,,,,,,,,,,,,,,,,,,
MSN,2014,1,1.0,2753803000000.0,-106607000000.0,-173.0,193308000000.0,-255839000000.0,2753803000000.0,-38790000000.0,2715013000000.0,-1632394000000.0,1082619000000.0,-316912000000.0,0.0,-618254000000.0,-248676000000.0,92085000000.0,12252000000.0,39316000000.0,-5828000000.0,6424000000.0,137825000000.0,-117007000000.0,2078000000.0,22896000000.0,129503000000.0,-106607000000.0,MSN,income_statement,,,,,,,,,,,,,,,,,,
MSN,2013,4,1.0,4477016000000.0,178602000000.0,-1.0,344655000000.0,0.0,4477016000000.0,-39576000000.0,4437440000000.0,-2450158000000.0,1987282000000.0,-327937000000.0,0.0,-658349000000.0,-325815000000.0,1019836000000.0,6881000000.0,-59500000000.0,-25916000000.0,-19035000000.0,941301000000.0,-271884000000.0,17809000000.0,687226000000.0,508624000000.0,178602000000.0,MSN,income_statement,,,,,,,,,,,,,,,,,,
MSN,2013,3,0.0,3274033000000.0,114648000000.0,0.0,92349000000.0,0.0,3274033000000.0,-39019000000.0,3235014000000.0,-1840616000000.0,1394398000000.0,-121927000000.0,0.0,-591193000000.0,-216852000000.0,556775000000.0,23471000000.0,-62097000000.0,-25428000000.0,-1957000000.0,492721000000.0,-229735000000.0,45675000000.0,308661000000.0,194013000000.0,114648000000.0,MSN,income_statement,,,,,,,,,,,,,,,,,,
MSN,2013,2,0.0,2779714000000.0,135858000000.0,0.0,87361000000.0,-50593000000.0,2779714000000.0,-43621000000.0,2736093000000.0,-1624772000000.0,1111321000000.0,-83825000000.0,0.0,-386078000000.0,-216026000000.0,512753000000.0,27244000000.0,-58053000000.0,-17479000000.0,9765000000.0,464465000000.0,-176792000000.0,-21318000000.0,266355000000.0,130497000000.0,135858000000.0,MSN,income_statement,,,,,,,,,,,,,,,,,,
MSN,2013,1,0.0,1575226000000.0,619000000.0,0.0,139756000000.0,-64602000000.0,1575226000000.0,-41240000000.0,1533986000000.0,-1026687000000.0,507299000000.0,-73096000000.0,0.0,-345967000000.0,-176442000000.0,51550000000.0,96431000000.0,-14900000000.0,-16266000000.0,80165000000.0,116815000000.0,-119505000000.0,37821000000.0,35131000000.0,34512000000.0,619000000.0,MSN,income_statement,,,,,,,,,,,,,,,,,,
MSN,2010,4,0.0,2150839000000.0,2061765000000.0,0.0,1772924000000.0,0.0,2150839000000.0,-50404000000.0,2100435000000.0,-1166754000000.0,933681000000.0,-85964000000.0,0.0,-352969000000.0,-126499000000.0,2141173000000.0,11922000000.0,139854000000.0,-10496000000.0,1426000000.0,2282453000000.0,-73559000000.0,18161000000.0,2227055000000.0,165290000000.0,2061765000000.0,MSN,income_statement,,,,,,,,,,,,,,,,,,
SAB,2025,4,0.0,6972989928134.0,1062388614644.0,0.0,256707772369.0,-7381678847.0,6972989928134.0,-136438233828.0,6836551694306.0,-4242463707346.0,2594087986960.0,1785166234.0,130379884424.0,-1325820629983.0,-263704092762.0,1393436087242.0,7020911523.0,0.0,-27989842553.0,-20968931030.0,1372467156212.0,-317557614028.0,64179016536.0,1119088558720.0,56699944076.0,1062388614644.0,SAB,income_statement,,,,,,,,,,,,,,,,,,
SAB,2025,3,0.0,6509183599271.0,1360541153913.0,0.0,251611132941.0,-7297682237.0,6509183599271.0,-72606021283.0,6436577577988.0,-4050234333036.0,2386343244952.0,78186630167.0,61285151083.0,-981288337744.0,-233280188525.0,1562857632874.0,139404397215.0,0.0,-6473444837.0,132930952378.0,1695788585252.0,-306674578977.0,14610985986.0,1403724992261.0,43183838348.0,1360541153913.0,SAB,income_statement,,,,,,,,,,,,,,,,,,
SAB,2025,2,0.0,6867333006980.0,1207496669486.0,0.0,255243028080.0,-8765781329.0,6867333006980.0,-62998692205.0,6804334314775.0,-4356268929121.0,2448065385654.0,-15117680647.0,33710120832.0,-916441248237.0,-239298328912.0,1566161276770.0,4927803618.0,0.0,-9588962064.0,-4661158446.0,1561500118324.0,-289648060008.0,-21175769550.0,1250676288766.0,43179619280.0,1207496669486.0,SAB,income_statement,,,,,,,,,,,,,,,,,,
SAB,2025,1,0.0,5899500354875.0,793113384493.0,0.0,243085541738.0,-10901060239.0,5899500354875.0,-88771713823.0,5810728641052.0,-3938664433825.0,1872064207227.0,-91111026238.0,52888632292.0,-798819252172.0,-247276682656.0,1030831420191.0,1250245672.0,0.0,-9871737223.0,-8621491551.0,1022209928640.0,-143258083584.0,-79316607744.0,799635237312.0,6521852819.0,793113384493.0,SAB,income_statement,,,,,,,,,,,,,,,,,,
SAB,2024,4,0.0,9048632840427.0,965458506669.0,0.0,268487039624.0,-4881451450.0,9048632840427.0,-116121473511.0,8932511366916.0,-6433184640631.0,2499326726285.0,4487618119.0,130073647925.0,-1429400492822.0,-229906607275.0,1243067931856.0,15921152086.0,0.0,-19852335352.0,-3931183266.0,1239136748590.0,-314714975240.0,66348789509.0,990770562859.0,25312056190.0,965458506669.0,SAB,income_statement,,,,,,,,,,,,,,,,,,
SAB,2024,3,0.0,7737388215882.0,1119097179306.0,0.0,253590755449.0,-6169631263.0,7737388215882.0,-67279614677.0,7670108601205.0,-5391899712720.0,2278208888485.0,-12464565152.0,50860754308.0,-867894877500.0,-224468201063.0,1477832754527.0,4485921047.0,0.0,-11260561181.0,-6774640134.0,1471058114393.0,-295901232943.0,-13797158364.0,1161359723086.0,42262543780.0,1119097179306.0,SAB,income_statement,,,,,,,,,,,,,,,,,,
SAB,2024,2,0.0,8135104562722.0,1248288726219.0,0.0,266344194542.0,-7599673429.0,8135104562722.0,-48818635505.0,8086285927217.0,-5645843203726.0,2440442723491.0,-8220884069.0,27875972006.0,-902281014716.0,-176489145552.0,1647671845702.0,7045833707.0,0.0,-20447022925.0,-13401189218.0,1634270656484.0,-300336107111.0,-15013044550.0,1318921504823.0,70632778604.0,1248288726219.0,SAB,income_statement,,,,,,,,,,,,,,,,,,
SAB,2024,1,0.0,7243134635043.0,997268619176.0,0.0,278656181876.0,-8798792489.0,7243134635043.0,-59623043725.0,7183511591318.0,-5083293361314.0,2100218230004.0,-8590131912.0,-11365617585.0,-841980122799.0,-208549883706.0,1308388655878.0,860274298.0,0.0,-6355821478.0,-5495547180.0,1302893108698.0,-235304820116.0,-43866652439.0,1023721636143.0,26453016967.0,997268619176.0,SAB,income_statement,,,,,,,,,,,,,,,,,,
SAB,2023,4,0.0,8580952917995.0,946647653441.0,0.0,346613696066.0,-7723006840.0,8580952917995.0,-60565784936.0,8520387133059.0,-6064659377808.0,2455727755251.0,-15528556143.0,32841390356.0,-1338740891061.0,-214018287934.0,1266895106535.0,7730992456.0,0.0,-25696125218.0,-17965132762.0,1248929973773.0,-344621238286.0,62210201436.0,966518936923.0,19871283482.0,946647653441.0,SAB,income_statement,,,,,,,,,,,,,,,,,,
SAB,2023,3,0.0,7504075941598.0,1044408963102.0,0.0,373131633964.0,-10637821704.0,7504075941598.0,-89172067650.0,7414903873948.0,-5182137916658.0,2232765957290.0,-19396559741.0,76646778693.0,-1112062729381.0,-204452640392.0,1346632440433.0,4938700211.0,0.0,-6672787709.0,-1734087498.0,1344898352935.0,-261348321589.0,-9503202735.0,1074046828611.0,29637865509.0,1044408963102.0,SAB,income_statement,,,,,,,,,,,,,,,,,,
SAB,2023,2,0.0,8381589764258.0,1159244592128.0,0.0,354413768251.0,-14330165656.0,8381589764258.0,-69447936430.0,8312141827828.0,-5824262761534.0,2487879066294.0,-17219852644.0,78103889404.0,-1167073474371.0,-200013094048.0,1536090302886.0,2921952020.0,0.0,-14652516866.0,-11730564846.0,1524359738040.0,-306141670985.0,-7778306770.0,1210439760285.0,51195168157.0,1159244592128.0,SAB,income_statement,,,,,,,,,,,,,,,,,,
SAB,2023,1,0.0,6240141466838.0,967303860017.0,0.0,358409422073.0,-17523731719.0,6240141466838.0,-26207019458.0,6213934447380.0,-4298944721980.0,1914989725400.0,-21288714153.0,44461836204.0,-861350744768.0,-182207597561.0,1253013927195.0,1893047782.0,0.0,-2684635430.0,-791587648.0,1252222339547.0,-186971581113.0,-61203288544.0,1004047469890.0,36743609873.0,967303860017.0,SAB,income_statement,,,,,,,,,,,,,,,,,,
SAB,2022,4,0.0,10131946421601.0,1043337169730.0,0.0,324044164085.0,-13730253818.0,10131946421601.0,-102742147183.0,10029204274418.0,-7215615568862.0,2813588705556.0,-31503508249.0,65213973010.0,-1612396044064.0,-200308163933.0,1358639126405.0,7391710650.0,0.0,-6064269289.0,1327441361.0,1359966567766.0,-342596036213.0,58512170863.0,1075882702416.0,32545532686.0,1043337169730.0,SAB,income_statement,,,,,,,,,,,,,,,,,,
SAB,2022,3,1.0,8679384682954.0,1341941071312.0,2.0,284273475636.0,-10570350223.0,8679384682954.0,-44306485418.0,8635078197536.0,-5940919284814.0,2694158912722.0,-13226929386.0,128914815087.0,-1152713360551.0,-210066739331.0,1731340174177.0,5913514109.0,0.0,-20126976588.0,-14213462479.0,1717126711698.0,-320873799856.0,-1656354438.0,1394596557404.0,52655486092.0,1341941071312.0,SAB,income_statement,,,,,,,,,,,,,,,,,,
SAB,2022,2,0.0,9066250399834.0,1667877287817.0,1.0,253439018467.0,-10218965015.0,9066250399834.0,-57805206662.0,9008445193172.0,-5922532171779.0,3085913021393.0,-26529346987.0,73980377944.0,-1011692726370.0,-165365631116.0,2209744713331.0,3877697611.0,0.0,-8994070516.0,-5116372905.0,2204628340426.0,-383630888396.0,-27903220456.0,1793094231574.0,125216943757.0,1667877287817.0,SAB,income_statement,,,,,,,,,,,,,,,,,,
SAB,2022,1,0.0,7358317619392.0,1170695898236.0,0.0,228804104459.0,-10997727944.0,7358317619392.0,-51961290683.0,7306356328709.0,-5129310041296.0,2177046287413.0,-10733332408.0,55010195235.0,-755266142154.0,-164925126088.0,1529935986457.0,3807243948.0,0.0,-2047531333.0,1759712615.0,1531695699072.0,-276881494261.0,-18589718921.0,1236224485890.0,65528587654.0,1170695898236.0,SAB,income_statement,,,,,,,,,,,,,,,,,,
SAB,2021,4,0.0,9090471438991.0,1313729469068.0,0.0,262381331690.0,-10758586829.0,9090471438991.0,-86624343072.0,9003847095919.0,-6511805224558.0,2492041871361.0,-10044816873.0,96993285475.0,-946942340208.0,-170807966554.0,1723621364891.0,5836160199.0,0.0,-6475439208.0,-639279009.0,1722982085882.0,-381960964172.0,59070487689.0,1400091609399.0,86362140331.0,1313729469068.0,SAB,income_statement,,,,,,,,,,,,,,,,,,
SAB,2021,3,0.0,4322481442367.0,443965141857.0,-1.0,222929704799.0,-11108422977.0,4322481442367.0,-40144769697.0,4282336672670.0,-3140769580677.0,1141567091993.0,-2723463678.0,3605064993.0,-608094954216.0,-159503041402.0,597780402489.0,3564827277.0,0.0,-2432794386.0,1132032891.0,598912435380.0,-109014305548.0,-17973607547.0,471924522285.0,27959380428.0,443965141857.0,SAB,income_statement,,,,,,,,,,,,,,,,,,
SAB,2021,2,0.0,7271859632895.0,998721516151.0,0.0,216904379300.0,-40953029703.0,7271859632895.0,-45590113781.0,7226269519114.0,-4963084978792.0,2263184540322.0,7343976541.0,12661763629.0,-1100553991152.0,-96338600667.0,1303202067973.0,8721028870.0,0.0,-8038323723.0,682705147.0,1303884773120.0,-205257357164.0,-27682017453.0,1070945398503.0,72223882352.0,998721516151.0,SAB,income_statement,,,,,,,,,,,,,,,,,,
SAB,2021,1,0.0,5893194879260.0,920836214228.0,0.0,417381706068.0,14080239135.0,5893194879260.0,-31901873105.0,5861293006155.0,-4149521698338.0,1711771307817.0,-17359863597.0,59679849465.0,-844777343793.0,-171066646789.0,1155629009171.0,77807340480.0,0.0,-2321394290.0,75485946190.0,1231114955361.0,-258731621712.0,13960683402.0,986344017051.0,65507802823.0,920836214228.0,SAB,income_statement,,,,,,,,,,,,,,,,,,
SAB,2020,4,0.0,7905320305131.0,1465792116422.0,0.0,239953417054.0,-16349094162.0,7905320305131.0,-39958208887.0,7865362096244.0,-5397087868646.0,2468274227598.0,-42250549725.0,90438304308.0,-754295011022.0,-139733278845.0,1862387109368.0,17659319730.0,0.0,-8442499722.0,9216820008.0,1871603929376.0,-333797687102.0,-4049751803.0,1533756490471.0,67964374049.0,1465792116422.0,SAB,income_statement,,,,,,,,,,,,,,,,,,
SAB,2020,3,0.0,8106584370341.0,1393014190798.0,0.0,238673205859.0,-12786266446.0,8106584370341.0,-54466296230.0,8052118074111.0,-5579652554380.0,2472465519731.0,-24013836212.0,78499797946.0,-750027856987.0,-209279647616.0,1806317182721.0,23394526327.0,0.0,-7370854399.0,16023671928.0,1822340854649.0,-343388101315.0,-8536945438.0,1470415807896.0,77401617098.0,1393014190798.0,SAB,income_statement,,,,,,,,,,,,,,,,,,
SAB,2020,2,0.0,7184968541392.0,1164460451724.0,0.0,226730792757.0,-16505453910.0,7184968541392.0,-49944475416.0,7135024065976.0,-4927884582852.0,2207139483124.0,-19105894502.0,57548990273.0,-794505301726.0,-211607411214.0,1466200658712.0,8967181772.0,0.0,-2588951449.0,6378230323.0,1472578889035.0,-223471270627.0,-33415883786.0,1215691734622.0,51231282898.0,1164460451724.0,SAB,income_statement,,,,,,,,,,,,,,,,,,
SAB,2020,1,0.0,4938749407435.0,700230101246.0,0.0,269044219200.0,-18040511955.0,4938749407435.0,-29929806755.0,4908819600680.0,-3555604046684.0,1353215553996.0,-20079097127.0,40918827464.0,-560208611348.0,-141385006840.0,941505885345.0,5931223157.0,0.0,-2142455597.0,3788767560.0,945294652905.0,-224285763426.0,-4026952214.0,716981937265.0,16751836019.0,700230101246.0,SAB,income_statement,,,,,,,,,,,,,,,,,,
SAB,2019,4,0.0,9812095732754.0,1008415600410.0,0.0,267743284104.0,-17744056606.0,9812095732754.0,-83012735777.0,9729082996977.0,-7181884978097.0,2547198018880.0,-98302533226.0,122373098445.0,-903901753854.0,-517138474052.0,1417971640297.0,34573998268.0,0.0,-23207031752.0,11366966516.0,1429338606813.0,-367620724593.0,29122952766.0,1090840834986.0,82425234576.0,1008415600410.0,SAB,income_statement,,,,,,,,,,,,,,,,,,
SAB,2019,3,0.0,9804331840294.0,1386489843709.0,0.0,251070983705.0,-5792155363.0,9804331840294.0,-58897471761.0,9745434368533.0,-7346798519028.0,2398635849505.0,14319721967.0,88839463031.0,-763534225029.0,-181277264334.0,1808054528845.0,20092101094.0,0.0,-26958201665.0,-6866100571.0,1801188428274.0,-343965448685.0,2084949429.0,1459307929018.0,72818085309.0,1386489843709.0,SAB,income_statement,,,,,,,,,,,,,,,,,,
SAB,2019,2,0.0,9179377757847.0,1437739381337.0,0.0,198779893800.0,-5970927556.0,9179377757847.0,-91611628993.0,9087766128854.0,-6674203727429.0,2413562401425.0,-12800748500.0,91368677569.0,-644166172570.0,-183283817366.0,1863460234358.0,12435493600.0,0.0,-4316718275.0,8118775325.0,1871579009683.0,-287202507070.0,-54310769354.0,1530065733259.0,92326351922.0,1437739381337.0,SAB,income_statement,,,,,,,,,,,,,,,,,,
SAB,2019,1,0.0,9337984767378.0,1220719093709.0,0.0,172258343686.0,-7860067347.0,9337984767378.0,-1208760447.0,9336776006931.0,-7145543584727.0,2191232422204.0,3773973299.0,75686042224.0,-691688565982.0,-166142369393.0,1585119846038.0,7402638487.0,0.0,-8451904331.0,-1049265844.0,1584070580194.0,-348382972646.0,54245603731.0,1289933211279.0,69214117570.0,1220719093709.0,SAB,income_statement,,,,,,,,,,,,,,,,,,
SAB,2018,4,0.0,10405394201218.0,863114997960.0,0.0,173865200456.0,-7912058821.0,10405394201218.0,632957140.0,10406027158358.0,-8221930686119.0,2184096472239.0,-36858948263.0,87073719996.0,-934070403000.0,-350337425936.0,1123768615492.0,19829019290.0,0.0,-11002153751.0,8826865539.0,1132595481031.0,-266164447857.0,52350944875.0,918781978049.0,55666980089.0,863114997960.0,SAB,income_statement,,,,,,,,,,,,,,,,,,
SAB,2018,3,0.0,8563388540570.0,974874396940.0,0.0,173942627626.0,-8997534676.0,8563388540570.0,-672367396.0,8562716173174.0,-6703128018595.0,1859588154579.0,-22523224988.0,107487615111.0,-663930244122.0,-182732215708.0,1271832712498.0,21987509794.0,0.0,-18036268209.0,3951241585.0,1275783954083.0,-249664944034.0,8638244000.0,1034757254049.0,59882857109.0,974874396940.0,SAB,income_statement,,,,,,,,,,,,,,,,,,
SAB,2018,2,0.0,9238772645055.0,1223472439101.0,0.0,144806678085.0,-8237820920.0,9238772645055.0,-68865701582.0,9169906943473.0,-7073446579438.0,2096460364035.0,25310265657.0,70655044440.0,-576565408967.0,-204043334644.0,1556623608606.0,22952779072.0,0.0,-9681567640.0,13271211432.0,1569894820038.0,-269371738761.0,-9486791857.0,1291036289420.0,67563850319.0,1223472439101.0,SAB,income_statement,,,,,,,,,,,,,,,,,,
SAB,2018,1,0.0,7827060217282.0,1113529905722.0,0.0,137735877257.0,-10097393936.0,7827060217282.0,-17157930340.0,7809902286942.0,-5865908105398.0,1943994181544.0,-5373050591.0,89748644393.0,-593817038296.0,-176764136578.0,1395524477729.0,16968545414.0,0.0,-3709799626.0,13258745788.0,1408783223517.0,-211585044961.0,-41464249306.0,1155733929250.0,42204023528.0,1113529905722.0,SAB,income_statement,,,,,,,,,,,,,,,,,,
SAB,2017,4,0.0,10581308794495.0,1171388228976.0,0.0,154126408491.0,-9091446772.0,10581308794495.0,-85511828476.0,10495796966019.0,-8039571462683.0,2456225503336.0,38434457052.0,137749506378.0,-869800186180.0,-388993631711.0,1527742057366.0,48693275458.0,0.0,-23827066191.0,24866209267.0,1552608266633.0,-357179081988.0,34690298064.0,1230119482709.0,58731253733.0,1171388228976.0,SAB,income_statement,,,,,,,,,,,,,,,,,,
SAB,2017,3,0.0,8105659445798.0,1098207039530.0,0.0,134375469804.0,-10612968434.0,8105659445798.0,-50547338028.0,8055112107770.0,-5929708007307.0,2125404100463.0,-11520583789.0,82972789276.0,-711469159954.0,-195255225997.0,1424507389803.0,14044904887.0,0.0,-27299895184.0,-13254990297.0,1411252399506.0,-266133871475.0,6600185719.0,1151718713750.0,53511674220.0,1098207039530.0,SAB,income_statement,,,,,,,,,,,,,,,,,,
SAB,2017,2,0.0,8271690012852.0,1315106255475.0,0.0,72257965702.0,-12649087025.0,8271690012852.0,-93933348291.0,8177756664561.0,-6009723068863.0,2168033595698.0,10759687158.0,162303719470.0,-549408412512.0,-189115285530.0,1674831269986.0,25481248227.0,0.0,-35521336010.0,-10040087783.0,1664791182203.0,-285125133648.0,-870613672.0,1378795434883.0,63689179408.0,1315106255475.0,SAB,income_statement,,,,,,,,,,,,,,,,,,
SAB,2017,1,0.0,7479512795447.0,1126780680605.0,0.0,145347786557.0,-11103567434.0,7479512795447.0,-14787979558.0,7464724815889.0,-5348869950808.0,2115854865081.0,-11867885743.0,28847919267.0,-680437115854.0,-162610654298.0,1435134915010.0,17920034645.0,0.0,-4618142862.0,13301891783.0,1448436806793.0,-232102371834.0,-28371814432.0,1187962620527.0,61181939922.0,1126780680605.0,SAB,income_statement,,,,,,,,,,,,,,,,,,
SAB,2016,4,2.0,8844060044253.0,927245745400.0,1.0,172208247504.0,-19476239321.0,8844060044253.0,-10553691946.0,8833506352307.0,-6575385836236.0,2258120516071.0,-31051130379.0,118743266153.0,-1122079154668.0,-290164049331.0,1105777695350.0,130900292863.0,0.0,-40308112320.0,90592180543.0,1196369875893.0,578217882406.0,-777814905344.0,996772852955.0,69527107555.0,927245745400.0,SAB,income_statement,,,,,,,,,,,,,,,,,,
SAB,2016,3,0.0,7077499036344.0,1228453462520.0,0.0,381868081563.0,-62461694903.0,7077499036344.0,-4443768129.0,7073055268215.0,-5119230107585.0,1953825160630.0,-15844864450.0,1684845834.0,-663862270917.0,-170736243946.0,1486934708714.0,79222753994.0,0.0,-40184310532.0,39038443462.0,1525973152176.0,-259256985999.0,6240265566.0,1272956431743.0,44502969223.0,1228453462520.0,SAB,income_statement,,,,,,,,,,,,,,,,,,
SAB,2016,2,0.0,7611729033339.0,1370298360582.0,1.0,177692300116.0,-30789908633.0,7611729033339.0,-6624751558.0,7605104281781.0,-5451072376255.0,2154031905526.0,-16652829870.0,126608339776.0,-486749179374.0,-168470024930.0,1786460511244.0,3057719389.0,0.0,-30865684792.0,-27807965403.0,1758652545841.0,-338819219822.0,-17914157014.0,1401919169005.0,31620808423.0,1370298360582.0,SAB,income_statement,,,,,,,,,,,,,,,,,,
SAB,2016,1,0.0,7132989484007.0,948923588580.0,0.0,98898610242.0,-16149227628.0,7132989484007.0,-2318995718.0,7130670488289.0,-5227120166455.0,1903550321834.0,-21088923254.0,6359376741.0,-619465779904.0,-148417613456.0,1219835992203.0,22224199040.0,0.0,-16525324786.0,5698874254.0,1225534866457.0,-240399999106.0,-1653508220.0,983481359131.0,34557770551.0,948923588580.0,SAB,income_statement,,,,,,,,,,,,,,,,,,
SAB,2015,4,-1.0,3183581334753.0,514553537667.0,1.0,116365127308.0,-18053845235.0,3183581334753.0,-9256980450.0,3174324354303.0,-1343748393012.0,1830575961291.0,-61147043774.0,140637377828.0,-1021110701004.0,-298933885310.0,706386836339.0,74060645475.0,0.0,-36055346476.0,38005298999.0,744392135338.0,-245759158251.0,162759145812.0,661392122899.0,146838585232.0,514553537667.0,SAB,income_statement,,,,,,,,,,,,,,,,,,
SAB,2015,3,0.0,9690306706093.0,1045796226714.0,0.0,109243858502.0,-17904747471.0,9690306706093.0,-5862623105.0,9684444082988.0,-7707884504472.0,1976559578516.0,-25823056081.0,121532531362.0,-528926038232.0,-281640127534.0,1370946746533.0,-24741533815.0,0.0,-19492205200.0,-44233739015.0,1326713007518.0,-314889139031.0,51548684653.0,1063372553140.0,17576326426.0,1045796226714.0,SAB,income_statement,,,,,,,,,,,,,,,,,,
SAB,2015,2,0.0,8547569610430.0,895442003964.0,0.0,98045314226.0,-19542399686.0,8547569610430.0,-4614360328.0,8542955250102.0,-6517771546978.0,2025183703124.0,-12595197780.0,86373084858.0,-682231756722.0,-401318580439.0,1113456567267.0,62894897498.0,0.0,-29859341810.0,33035555688.0,1146492122955.0,-227975143211.0,-23643686310.0,894873293434.0,-568710530.0,895442003964.0,SAB,income_statement,,,,,,,,,,,,,,,,,,
SAB,2015,1,0.0,5744233903311.0,954504117079.0,0.0,94992783393.0,-21090499909.0,5744233903311.0,-1656003360.0,5742577899951.0,-4017153520703.0,1725424379248.0,-22229836671.0,23410581953.0,-450613304293.0,-128530335713.0,1242454267917.0,20436015915.0,0.0,-10477995719.0,9958020196.0,1252412288113.0,-297259082939.0,25305051532.0,980458256706.0,25954139627.0,954504117079.0,SAB,income_statement,,,,,,,,,,,,,,,,,,
SAB,2014,4,0.0,8173245180339.0,331174051518.0,13.0,108428677363.0,-22631394493.0,8173245180339.0,-1408538728839.0,6764706451500.0,-4352387926945.0,2412318524555.0,20562177514.0,0.0,-1433835107826.0,-661251526324.0,446222745282.0,62226738871.0,56244059436.0,-30188292290.0,32038446581.0,534505251299.0,-311804738378.0,94222493179.0,316923006100.0,-14251045418.0,331174051518.0,SAB,income_statement,,,,,,,,,,,,,,,,,,
SAB,2014,3,0.0,7532733477152.0,978222662057.0,0.0,95969767001.0,-23781210231.0,7532733477152.0,-1228832977915.0,6303900499237.0,-4292732981032.0,2011167518205.0,-56021423406.0,0.0,-880564153103.0,-139358723388.0,1031192985309.0,20809475904.0,170924978995.0,-21696756923.0,-887281019.0,1201230683285.0,-165962585082.0,-7276935369.0,1027991162834.0,49768500777.0,978222662057.0,SAB,income_statement,,,,,,,,,,,,,,,,,,
SAB,2014,2,0.0,8488911136015.0,795115893074.0,0.0,79276388019.0,-28389985600.0,8488911136015.0,-1326405229576.0,7162505906439.0,-5566660224845.0,1595845681594.0,-14855554547.0,0.0,-546089131889.0,-122650074488.0,991527308689.0,91758159919.0,86137983494.0,-91766065862.0,-7905943.0,1077657386240.0,-269875721062.0,11064016902.0,818845682080.0,23729789006.0,795115893074.0,SAB,income_statement,,,,,,,,,,,,,,,,,,
SAB,2014,1,0.0,5915035332112.0,835464281698.0,0.0,83535251137.0,-32413790071.0,5915035332112.0,-1038982917573.0,4876052414539.0,-3424304414850.0,1451747999689.0,-38742708009.0,0.0,-316822831250.0,-118434073943.0,1061283637624.0,22054719256.0,30514469336.0,-9688319845.0,12366399411.0,1104164506371.0,-223876611614.0,5045348975.0,885333243732.0,49868962034.0,835464281698.0,SAB,income_statement,,,,,,,,,,,,,,,,,,
SAB,2013,4,0.0,8463036106212.0,23741469936.0,0.0,113450732488.0,-20770203316.0,8463036106212.0,-1201720432129.0,7261315674083.0,-5549589678659.0,1711725995424.0,-52176423251.0,0.0,-906217415750.0,-663654267101.0,203128621810.0,120473640613.0,61254045087.0,-86383682055.0,34089958558.0,298472625455.0,-470617565692.0,134269874531.0,-37875065706.0,-61616535642.0,23741469936.0,SAB,income_statement,,,,,,,,,,,,,,,,,,
SAB,2013,3,0.0,6928135572693.0,758623367796.0,0.0,89404048286.0,-30102274849.0,6928135572693.0,-1041251254112.0,5886884318581.0,-4438275760657.0,1448608557924.0,-36705476179.0,0.0,-466952926020.0,-105212688546.0,929141515465.0,33305675438.0,45455203184.0,-32205143633.0,1100531805.0,975697250454.0,-222371514432.0,21810618190.0,775136354212.0,16512986416.0,758623367796.0,SAB,income_statement,,,,,,,,,,,,,,,,,,
DGC,2025,4,0.0,2741641306852.0,621753115035.0,0.0,186452528442.0,-11965996629.0,2741641306852.0,-1068749556.0,2740572557296.0,-2024506889759.0,716065667537.0,-29235949880.0,0.0,-86794233691.0,-42247519407.0,744240493001.0,3335142677.0,0.0,-7490246254.0,-4155103577.0,740085389424.0,-86896056882.0,3743298374.0,656932630916.0,35179515881.0,621753115035.0,DGC,income_statement,,,,,,,,,,,,,,,,,,
DGC,2025,3,0.0,2818109455903.0,751640144097.0,0.0,192088828547.0,-11932581651.0,2818109455903.0,-1393549629.0,2816715906274.0,-1941202787562.0,875513118712.0,-18814153121.0,0.0,-98843279123.0,-45512998842.0,904431516173.0,2154101314.0,0.0,-5293340529.0,-3139239215.0,901292276958.0,-96819621957.0,-78169485.0,804394485516.0,52754341419.0,751640144097.0,DGC,income_statement,,,,,,,,,,,,,,,,,,
DGC,2025,2,0.0,2895497270172.0,842247304534.0,0.0,185567728224.0,-9878436346.0,2895497270172.0,-1099911686.0,2894397358486.0,-1913548105201.0,980849253285.0,-44602938295.0,0.0,-86532031160.0,-42799605771.0,992482406283.0,2553113709.0,0.0,-8710210228.0,-6157096519.0,986325309764.0,-96652485025.0,1183819847.0,890856644586.0,48609340052.0,842247304534.0,DGC,income_statement,,,,,,,,,,,,,,,,,,
DGC,2025,1,0.0,2811403662097.0,809334908466.0,0.0,164569313746.0,-6994545308.0,2811403662097.0,-1092626114.0,2810311035983.0,-1830140384169.0,980170651814.0,-15224216267.0,0.0,-110102503710.0,-41548800896.0,977864444687.0,1097856820.0,0.0,-1049489088.0,48367732.0,977912812419.0,-142758261694.0,1635532809.0,836790083534.0,27455175068.0,809334908466.0,DGC,income_statement,,,,,,,,,,,,,,,,,,
DGC,2024,4,0.0,2419380980878.0,747306714111.0,0.0,168426534592.0,-5919463593.0,2419380980878.0,-1766723180.0,2417614257698.0,-1599095433371.0,818518824327.0,-13018128310.0,0.0,-57069230397.0,-49905327867.0,866952672345.0,480137913.0,0.0,-2479024843.0,-1998886930.0,864953785415.0,-77997452694.0,-1779393774.0,785176938947.0,37870224836.0,747306714111.0,DGC,income_statement,,,,,,,,,,,,,,,,,,
DGC,2024,3,0.0,2559433743806.0,705979959210.0,0.0,150535047731.0,-3920315833.0,2559433743806.0,-1348694887.0,2558085048919.0,-1676667038077.0,881418010842.0,-22194062584.0,0.0,-168189693429.0,-39885184962.0,801684117598.0,976946975.0,0.0,-2636471601.0,-1659524626.0,800024592972.0,-64969959495.0,2974325307.0,738028958784.0,32048999574.0,705979959210.0,DGC,income_statement,,,,,,,,,,,,,,,,,,
DGC,2024,2,0.0,2506024984767.0,860744592370.0,0.0,165098026387.0,-5305560974.0,2506024984767.0,-1517088597.0,2504507896170.0,-1521109650925.0,983398245245.0,-15946754654.0,0.0,-116868588325.0,-40494095169.0,975186833484.0,1598794081.0,0.0,-10749620595.0,-9150826514.0,966036006970.0,-86057398689.0,312265309.0,880290873590.0,19546281220.0,860744592370.0,DGC,income_statement,,,,,,,,,,,,,,,,,,
DGC,2024,1,0.0,2385815720760.0,672615401348.0,0.0,165183455227.0,-6509031647.0,2385815720760.0,-1053163074.0,2384762557686.0,-1618610243469.0,766152314217.0,-17968525053.0,0.0,-104997195027.0,-40366460757.0,768003588607.0,2709166568.0,0.0,-1451629003.0,1257537565.0,769261126172.0,-67132606130.0,1776528530.0,703905048572.0,31289647224.0,672615401348.0,DGC,income_statement,,,,,,,,,,,,,,,,,,
DGC,2023,4,0.0,2389054634514.0,719520191761.0,0.0,194309455157.0,-7717012159.0,2389054634514.0,-1340782689.0,2387713851825.0,-1603224510803.0,784489341022.0,-35600279585.0,0.0,-95400814899.0,-49298432901.0,798499268794.0,330551602.0,0.0,-202962448.0,127589154.0,798626857948.0,-52815912407.0,-96942582.0,745714002959.0,26193811198.0,719520191761.0,DGC,income_statement,,,,,,,,,,,,,,,,,,
DGC,2023,3,0.0,2464367912843.0,761358150351.0,0.0,203310841428.0,-8371478082.0,2464367912843.0,-831840755.0,2463536072088.0,-1623745636594.0,839790435494.0,-21866210011.0,0.0,-117709005379.0,-39073505160.0,864452556372.0,769107181.0,0.0,-1661588035.0,-892480854.0,863560075518.0,-58932205189.0,-1769518089.0,802858352240.0,41500201889.0,761358150351.0,DGC,income_statement,,,,,,,,,,,,,,,,,,
DGC,2023,2,0.0,2424454117764.0,840738495575.0,-1.0,181224828047.0,-8856891003.0,2424454117764.0,-10870468841.0,2413583648923.0,-1473449634571.0,940134014352.0,-24789741234.0,0.0,-107883352073.0,-39062662723.0,949623086369.0,1377980612.0,0.0,-875931088.0,502049524.0,950125135893.0,-70418437303.0,-601438686.0,879105259904.0,38366764329.0,840738495575.0,DGC,income_statement,,,,,,,,,,,,,,,,,,
DGC,2023,1,0.0,2483107691448.0,787136421151.0,0.0,164220555012.0,-6814237231.0,2483107691448.0,0.0,2483107691448.0,-1592800072270.0,890307619178.0,-19972884225.0,0.0,-114698091599.0,-34043014273.0,885814184093.0,270259179.0,0.0,-1390129793.0,-1119870614.0,884694313479.0,-64507786162.0,2568305766.0,822754833083.0,35618411932.0,787136421151.0,DGC,income_statement,,,,,,,,,,,,,,,,,,
DGC,2022,4,0.0,3111501552174.0,1032401859858.0,0.0,197521012102.0,-6275057440.0,3111501552174.0,0.0,3111501552174.0,-1822136539718.0,1289365012456.0,-75260998323.0,0.0,-156924739542.0,-54574911064.0,1200125375629.0,89700586.0,0.0,-5580906851.0,-5491206265.0,1194634169364.0,-59943052983.0,-11092053387.0,1123599062994.0,91197203136.0,1032401859858.0,DGC,income_statement,,,,,,,,,,,,,,,,,,
DGC,2022,3,1.0,3695880596672.0,1413948988515.0,2.0,143573106736.0,-5189258363.0,3695880596672.0,0.0,3695880596672.0,-2049958593480.0,1645922003192.0,-14696546563.0,0.0,-144842597657.0,-33696911795.0,1596259053913.0,5076912326.0,0.0,-5328842800.0,-251930474.0,1596007123439.0,-86246966347.0,3936177448.0,1513696334540.0,99747346025.0,1413948988515.0,DGC,income_statement,,,,,,,,,,,,,,,,,,
DGC,2022,2,1.0,4002463736625.0,1785502124387.0,5.0,107767440464.0,-3398265462.0,4002463736625.0,-113190000.0,4002350546625.0,-1874464100394.0,2127886446231.0,-46992598940.0,0.0,-174103613368.0,-16902871385.0,1997654803002.0,2547221008.0,0.0,-1450810712.0,1096410296.0,1998751213298.0,-108123429351.0,5628316142.0,1896256100089.0,110753975702.0,1785502124387.0,DGC,income_statement,,,,,,,,,,,,,,,,,,
DGC,2022,1,1.0,3635149719259.0,1335829989962.0,4.0,84323702638.0,-2735393968.0,3635149719259.0,-771753825.0,3634377965434.0,-1928029684130.0,1706348281304.0,-12803394159.0,0.0,-148562234294.0,-42468005550.0,1586838349939.0,545839534.0,0.0,-1011842335.0,-466002801.0,1586372347138.0,-80856644225.0,1240025112.0,1506755728025.0,170925738063.0,1335829989962.0,DGC,income_statement,,,,,,,,,,,,,,,,,,
DGC,2021,4,1.0,3456268502564.0,1304063239014.0,5.0,64807397882.0,-2567417807.0,3456268502564.0,0.0,3456268502564.0,-1840302348258.0,1615966154306.0,-26925092333.0,0.0,-143384247879.0,-49093574539.0,1461370637437.0,5673130912.0,0.0,-10199414717.0,-4526283805.0,1456844353632.0,-55380978565.0,-974367686.0,1400489007381.0,96425768367.0,1304063239014.0,DGC,income_statement,,,,,,,,,,,,,,,,,,
DGC,2021,3,0.0,2106391057325.0,478399262390.0,1.0,40455878426.0,-3170009943.0,2106391057325.0,0.0,2106391057325.0,-1466197580844.0,640193476481.0,-10641943613.0,0.0,-122810001613.0,-30246423715.0,516950985966.0,285765909.0,0.0,-1293888883.0,-1008122974.0,515942862992.0,-28389351571.0,527978837.0,488081490258.0,9682227868.0,478399262390.0,DGC,income_statement,,,,,,,,,,,,,,,,,,
DGC,2021,2,0.0,2038543324066.0,321607907513.0,0.0,32520922828.0,-3539833008.0,2038543324066.0,0.0,2038543324066.0,-1543593253080.0,494950070986.0,-20764402175.0,0.0,-122299422162.0,-28500478964.0,355906690513.0,522809077.0,0.0,-1980906377.0,-1458097300.0,354448593213.0,-22147988650.0,827628076.0,333128232639.0,11520325126.0,321607907513.0,DGC,income_statement,,,,,,,,,,,,,,,,,,
DGC,2021,1,0.0,1949381011046.0,283952981561.0,0.0,32873658727.0,-4386371578.0,1949381011046.0,-195888680.0,1949185122366.0,-1518562195196.0,430622927170.0,-9782634485.0,0.0,-114698442561.0,-28748640584.0,310266868267.0,829195447.0,0.0,-1213089827.0,-383894380.0,309882973887.0,-17933050711.0,0.0,291949923176.0,7996941615.0,283952981561.0,DGC,income_statement,,,,,,,,,,,,,,,,,,
DGC,2020,4,0.0,1583902795134.0,236244801738.0,0.0,30639509918.0,-4555074333.0,1583902795134.0,0.0,1583902795134.0,-1203697691155.0,380205103979.0,-19955306333.0,0.0,-94317914725.0,-28352494328.0,268218898511.0,1501937343.0,0.0,-10256736454.0,-8754799111.0,259464099400.0,-16341702752.0,0.0,243122396648.0,6877594910.0,236244801738.0,DGC,income_statement,,,,,,,,,,,,,,,,,,
DGC,2020,3,0.0,1556106054157.0,225521153230.0,1.0,32751449844.0,-3773865993.0,1556106054157.0,-2067176.0,1556103986981.0,-1199480538076.0,356623448905.0,-19069297496.0,0.0,-92611387170.0,-27465316042.0,250228898041.0,274091592.0,0.0,-2394685704.0,-2120594112.0,248108303929.0,-12605037245.0,0.0,235503266684.0,9982113454.0,225521153230.0,DGC,income_statement,,,,,,,,,,,,,,,,,,
DGC,2020,2,0.0,1575970017644.0,255238321505.0,1.0,35658729949.0,-4861014457.0,1575970017644.0,0.0,1575970017644.0,-1139700203034.0,436269814610.0,-36391504436.0,0.0,-110500252001.0,-32015093893.0,293021694229.0,1286120126.0,0.0,-10851335735.0,-9565215609.0,283456478620.0,-13673268748.0,0.0,269783209872.0,14544888367.0,255238321505.0,DGC,income_statement,,,,,,,,,,,,,,,,,,
DGC,2020,1,0.0,1520435458294.0,189561262096.0,1.0,23059386470.0,-4977245527.0,1520435458294.0,-4678393.0,1520430779901.0,-1214481495518.0,305949284383.0,-9428728921.0,0.0,-80531431540.0,-27109274904.0,211939235488.0,548887544.0,0.0,-2363940672.0,-1815053128.0,210124182360.0,-10571135528.0,0.0,199553046832.0,9991784736.0,189561262096.0,DGC,income_statement,,,,,,,,,,,,,,,,,,
DGC,2019,4,0.0,1449695602093.0,168393157677.0,0.0,22075151045.0,-8758866807.0,1449695602093.0,-207753101.0,1449487848992.0,-1131556998357.0,317930850635.0,-16674331166.0,0.0,-104311900874.0,-33043808793.0,185975960847.0,3923069417.0,0.0,-6963446463.0,-3040377046.0,182935583801.0,-8926478758.0,0.0,174009105043.0,5615947366.0,168393157677.0,DGC,income_statement,,,,,,,,,,,,,,,,,,
DGC,2019,3,0.0,1154741758841.0,118226027069.0,-1.0,18248215867.0,-5359678333.0,1154741758841.0,-292065517.0,1154449693324.0,-965274601085.0,189175092239.0,-8603465578.0,0.0,-54282205905.0,-23026083732.0,121511552891.0,1315584020.0,0.0,-963420409.0,352163611.0,121863716502.0,-5275232921.0,0.0,116588483581.0,-1637543488.0,118226027069.0,DGC,income_statement,,,,,,,,,,,,,,,,,,
DGC,2019,2,10.0,1322558032424.0,158565023733.0,14.0,13562419809.0,-8630777840.0,1322558032424.0,-138685573.0,1322419346851.0,-1076724317506.0,245695029345.0,-25485187945.0,0.0,-44710016659.0,-23031325147.0,166030919403.0,5647420877.0,0.0,-2905907377.0,2741513500.0,168772432903.0,-8378508703.0,0.0,160393924200.0,1828900467.0,158565023733.0,DGC,income_statement,,,,,,,,,,,,,,,,,,
DGC,2019,1,6.0,1165179689487.0,120960575662.0,10.0,11878899243.0,-8819411873.0,1165179689487.0,-654804970.0,1164524884517.0,-967328348681.0,197196535836.0,-10426017041.0,0.0,-50434077786.0,-21672048951.0,126543291301.0,579778926.0,0.0,-1671377397.0,-1091598471.0,125451692830.0,-5457447428.0,0.0,119994245402.0,-966330260.0,120960575662.0,DGC,income_statement,,,,,,,,,,,,,,,,,,
DGC,2018,4,5.0,1735119054599.0,259510937293.0,2.0,10983658344.0,-10166554925.0,1735119054599.0,-8876431.0,1735110178168.0,-1272663909817.0,462446268351.0,-19332158676.0,0.0,-148948440819.0,-31656407544.0,273492919656.0,618327905.0,0.0,-2090355763.0,-1472027858.0,272020891798.0,-9440424911.0,0.0,262580466887.0,3069529594.0,259510937293.0,DGC,income_statement,,,,,,,,,,,,,,,,,,
DGC,2018,3,1.0,1502626367969.0,246089821483.0,3.0,16267133267.0,-5714595254.0,1502626367969.0,-214464343.0,1502411903626.0,-1149223997718.0,353187905908.0,-14238129707.0,0.0,-76529043139.0,-23914085061.0,254773781268.0,1675438342.0,0.0,-2807083598.0,-1131645256.0,253642136012.0,-9136978736.0,0.0,244505157276.0,-1584664207.0,246089821483.0,DGC,income_statement,,,,,,,,,,,,,,,,,,
DGC,2018,2,-1.0,125632473315.0,10560055656.0,-1.0,1178157798.0,0.0,125632473315.0,-202176514.0,125430296801.0,-100212672455.0,25217624346.0,-107825968.0,0.0,-8721228729.0,-3952499025.0,13614228422.0,0.0,0.0,0.0,0.0,13614228422.0,-3054172766.0,0.0,10560055656.0,0.0,10560055656.0,DGC,income_statement,,,,,,,,,,,,,,,,,,
DGC,2018,1,-1.0,164410377637.0,10732622844.0,-1.0,930716165.0,0.0,164410377637.0,-153390702.0,164256986935.0,-135692279520.0,28564707415.0,-236208923.0,0.0,-11909878016.0,-3886133843.0,13463202798.0,0.0,0.0,0.0,0.0,13463202798.0,-2730579954.0,0.0,10732622844.0,0.0,10732622844.0,DGC,income_statement,,,,,,,,,,,,,,,,,,
DGC,2017,4,-1.0,275931166903.0,97264112854.0,1.0,85190858710.0,0.0,275931166903.0,-130915789.0,275800251114.0,-235135304515.0,40664946599.0,-206870659.0,0.0,-20697083149.0,-4111254482.0,100840597019.0,0.0,0.0,0.0,0.0,100840597019.0,-3576484165.0,0.0,97264112854.0,0.0,97264112854.0,DGC,income_statement,,,,,,,,,,,,,,,,,,
DGC,2017,3,0.0,950113782699.0,61739056227.0,0.0,7454510261.0,-1077762273.0,950113782699.0,-195983111.0,949917799588.0,-839616582083.0,110301217505.0,-1403361969.0,25130688177.0,-53231684570.0,-5204730774.0,83046638630.0,424282623.0,0.0,-879781504.0,-455498881.0,82591139749.0,-6433127481.0,98275000.0,76256287268.0,14517231041.0,61739056227.0,DGC,income_statement,,,,,,,,,,,,,,,,,,
DGC,2017,2,1.0,963659563524.0,63706659158.0,0.0,5219639602.0,-1705420660.0,963659563524.0,-148703341.0,963510860183.0,-836612623835.0,126898236348.0,-3636240935.0,22176145036.0,-48674751538.0,-13289623728.0,88693404785.0,-1314105819.0,0.0,1258644397.0,-55461422.0,88637943363.0,-7367737324.0,94846983.0,81365053022.0,17658393864.0,63706659158.0,DGC,income_statement,,,,,,,,,,,,,,,,,,
DGC,2017,1,0.0,822332456736.0,35018048679.0,0.0,7315419810.0,-1299831005.0,822332456736.0,-67703992.0,822264752744.0,-747870667841.0,74394084903.0,-2573810558.0,14403107794.0,-38988807819.0,-7177942270.0,47372051860.0,2810901713.0,0.0,-2675746080.0,135155633.0,47507207493.0,-1970483478.0,-44718983.0,45492005032.0,10473956353.0,35018048679.0,DGC,income_statement,,,,,,,,,,,,,,,,,,
DGC,2016,4,0.0,796870562123.0,46217843518.0,0.0,9110783416.0,-1693051605.0,796870562123.0,-181425025.0,796689137098.0,-705089991165.0,91599145933.0,-10089180437.0,24380624404.0,-39502290097.0,-12111710511.0,63387372708.0,287084751.0,0.0,-534705411.0,-247620660.0,63139752048.0,-7579545883.0,0.0,55560206165.0,9342362647.0,46217843518.0,DGC,income_statement,,,,,,,,,,,,,,,,,,
DGC,2016,3,0.0,636922473313.0,61807547520.0,0.0,6536121321.0,-1423554308.0,636922473313.0,0.0,636922473313.0,-537115890092.0,99806583221.0,-1632652073.0,23470751754.0,-32171476058.0,-11810673420.0,84198654745.0,1954519066.0,0.0,-1339308836.0,615210230.0,84813864975.0,-4989644685.0,-25766318.0,79798453972.0,17990906452.0,61807547520.0,DGC,income_statement,,,,,,,,,,,,,,,,,,
DGC,2016,2,0.0,590049460090.0,68941548400.0,0.0,7912395873.0,-1422512601.0,590049460090.0,-92029635.0,589957430455.0,-471919725647.0,118037704808.0,-4778464235.0,20710496449.0,-31879545947.0,-10090547686.0,99912039262.0,64863200.0,0.0,0.0,64863200.0,99976902462.0,-5603671448.0,23475961.0,94396706975.0,25455158575.0,68941548400.0,DGC,income_statement,,,,,,,,,,,,,,,,,,
DGC,2016,1,0.0,598495165914.0,59422551457.0,0.0,7780027840.0,-1241156049.0,598495165914.0,0.0,598495165914.0,-488578758215.0,109916407699.0,-2485936948.0,10758401316.0,-27261899430.0,-8972946506.0,89734053971.0,0.0,0.0,0.0,0.0,89734053971.0,-5118227185.0,-42428627.0,84573398159.0,25150846702.0,59422551457.0,DGC,income_statement,,,,,,,,,,,,,,,,,,
DGC,2015,4,0.0,653397049330.0,61988104812.0,0.0,6623633964.0,-1478360027.0,653397049330.0,0.0,653397049330.0,-525726727643.0,127670321687.0,-12054512717.0,16469037953.0,-37434359064.0,-9099068655.0,92175053168.0,0.0,0.0,-120242403.0,-120242403.0,92054810765.0,-6018204198.0,-8327075.0,86028279492.0,24040174680.0,61988104812.0,DGC,income_statement,,,,,,,,,,,,,,,,,,
DGC,2015,3,0.0,561180066747.0,84724623188.0,1.0,9181468644.0,-1901596697.0,561180066747.0,0.0,561180066747.0,-443370239033.0,117809827714.0,-6306625749.0,39651712887.0,-30073069303.0,-10152421208.0,120110892985.0,173626582.0,0.0,-51513479.0,122113103.0,120233006088.0,-7925953543.0,4409740.0,112311462285.0,27586839097.0,84724623188.0,DGC,income_statement,,,,,,,,,,,,,,,,,,
DGC,2015,2,0.0,575972855645.0,65127853113.0,1.0,6452301464.0,-1863902416.0,575972855645.0,17417772248.0,593390627893.0,-484369678021.0,109020949872.0,-7608180660.0,29012962484.0,-32461845751.0,-12355780570.0,92060406839.0,-82945921.0,0.0,-49097400.0,-132043321.0,91928363518.0,-9561927326.0,-42653058.0,82323783134.0,17195930021.0,65127853113.0,DGC,income_statement,,,,,,,,,,,,,,,,,,
DGC,2015,1,0.0,647655648664.0,52437761268.0,0.0,4237821364.0,-2855039831.0,647655648664.0,-17417772248.0,630237876416.0,-509382650660.0,120855225756.0,-4399682580.0,0.0,-35194491975.0,-12371831841.0,73127040724.0,206280494.0,10364047405.0,-29194974.0,177085520.0,83668173649.0,-9636230059.0,18476549.0,74050420139.0,21612658871.0,52437761268.0,DGC,income_statement,,,,,,,,,,,,,,,,,,
DGC,2014,4,0.0,584032521492.0,44654286168.0,0.0,8654923935.0,-2834281325.0,584032521492.0,-13102036945.0,570930484547.0,-476968469871.0,93962014676.0,-5499401661.0,0.0,-24062940332.0,-7174335023.0,65880261595.0,9942527641.0,6216377092.0,-9695395740.0,247131901.0,72343770588.0,-11248420177.0,0.0,61095350411.0,16441064243.0,44654286168.0,DGC,income_statement,,,,,,,,,,,,,,,,,,
DGC,2014,3,0.0,555888956297.0,37552959247.0,0.0,8256071124.0,-3298430495.0,555888956297.0,-15659254090.0,540229702207.0,-448215164548.0,92014537659.0,-4629769296.0,0.0,-22086689394.0,-7456797738.0,66097352355.0,0.0,139551341.0,-45644365.0,-45644365.0,66191259331.0,-8815946836.0,0.0,57375312495.0,19822353248.0,37552959247.0,DGC,income_statement,,,,,,,,,,,,,,,,,,
DGC,2014,2,0.0,486694922395.0,26386646551.0,0.0,10772881872.0,-2079472516.0,486694922395.0,-17944705555.0,468750216840.0,-398960438534.0,69789778306.0,-8300524711.0,0.0,-16502755105.0,-8344413391.0,47414966971.0,291520.0,-1476138100.0,-60000000.0,-59708480.0,45879120391.0,-6171648911.0,0.0,39707471480.0,13320824929.0,26386646551.0,DGC,income_statement,,,,,,,,,,,,,,,,,,
DGC,2014,1,0.0,475979140335.0,42532473588.0,0.0,6944707976.0,-1497593764.0,475979140335.0,-19243832835.0,456735307500.0,-359084248801.0,97651058699.0,-1815219924.0,0.0,-19934086617.0,-5338503805.0,77507956329.0,60700000.0,0.0,-116490348.0,-55790348.0,77452165981.0,-11449384733.0,0.0,66002781248.0,23470307660.0,42532473588.0,DGC,income_statement,,,,,,,,,,,,,,,,,,
DGC,2013,3,0.0,499283612379.0,56212264321.0,0.0,8761582748.0,-1216142855.0,499283612379.0,-21625554426.0,477658057953.0,-359446618961.0,118211438992.0,-3068818428.0,0.0,-22673267472.0,-4116820702.0,97114115138.0,0.0,44549049.0,-170500000.0,-170500000.0,96988164187.0,-8237017819.0,-1126903.0,88750019465.0,32537755144.0,56212264321.0,DGC,income_statement,,,,,,,,,,,,,,,,,,
